scope,subset,a,b,a_kind,b_kind,n_a,n_b,pooled_diff,pooled_lo,pooled_hi,clientmean_diff,clientmean_lo,clientmean_hi,pooled_verdict,pooled_stable,clientmean_verdict,clientmean_stable,stable,verdict_flip,direction_flip,ttest_p_pooled,ttest_p_clientmean,n_common_seeds,ttest_flip,protocol,power_config,distribution
partition,full,Centralized,FedAvg,centralized,fl,3,3,0.05963842534945352,-0.054691241924473735,0.1370669209302871,-0.08949342319261855,-0.16417031197107818,0.09094115425213582,n.s.,True,n.s.,True,True,False,True,0.061894804646621115,0.1732030737962776,3,True,group,heterogeneous,dirichlet_0.1
partition,full,Centralized,FedProx(mu=0.01),centralized,fl,3,3,0.06081562382100969,-0.044932183457280575,0.16916376611093442,-0.03187407473806525,-0.12933686536777728,0.120558491715502,n.s.,True,n.s.,True,True,False,True,0.21559454871461628,0.6291644161264884,3,True,group,heterogeneous,dirichlet_0.1
partition,full,Centralized,Local-only,centralized,local,3,3,-0.009716908951797887,-0.09999587966802317,0.0757961955142959,0.2296129908265644,0.0927381046208356,0.3762684587038635,n.s.,True,A>B,True,True,True,True,0.631398853766455,0.05452477175080851,3,True,group,heterogeneous,dirichlet_0.1
partition,full,FedAvg,FedProx(mu=0.01),fl,fl,3,3,0.0011771984715561734,-0.07032170895483324,0.08890301404400883,0.0576193484545533,-0.04775415816075454,0.12141326491443116,n.s.,True,n.s.,True,True,False,False,0.9810107038720836,0.21842980947742321,3,False,group,heterogeneous,dirichlet_0.1
partition,full,FedAvg,Local-only,fl,local,3,3,-0.0693553343012514,-0.17180655293309985,0.0500703368818891,0.31910641401918294,0.15634787966752012,0.391029177573357,n.s.,True,A>B,True,True,True,True,0.000993484282266178,0.008438248561160856,3,True,group,heterogeneous,dirichlet_0.1
partition,full,FedProx(mu=0.01),Local-only,fl,local,3,3,-0.07053253277280758,-0.1928297240066437,0.05476789002406542,0.26148706556462964,0.11549585241141415,0.36752907961485026,n.s.,True,A>B,True,True,True,True,0.2516927800364112,0.00018638648097544038,3,True,group,heterogeneous,dirichlet_0.1
partition,full,Centralized,FedAvg,centralized,fl,3,3,0.013150176041313966,-0.06476806837833737,0.09193812822789443,0.017974115433456728,-0.014944414319707703,0.05188532894808835,n.s.,True,n.s.,True,True,False,False,0.7114410745420312,0.04796516103777374,3,True,group,heterogeneous,dirichlet_0.5
partition,full,Centralized,FedProx(mu=0.01),centralized,fl,3,3,0.15225397572584365,-0.025460272168293736,0.26301215839839664,0.09721128620676955,0.011180948373225284,0.1601901649738156,n.s.,True,A>B,True,True,True,False,0.026045532316852974,0.030538410299146626,3,False,group,heterogeneous,dirichlet_0.5
partition,full,Centralized,Local-only,centralized,local,3,3,0.02912971726030711,-0.07376485313977034,0.1639386677784457,0.13060567084348373,0.07233442296693018,0.1785454931536837,n.s.,True,A>B,True,True,True,False,0.6825049671189318,0.02307538019305093,3,True,group,heterogeneous,dirichlet_0.5
partition,full,FedAvg,FedProx(mu=0.01),fl,fl,3,3,0.13910379968452968,-0.028025855914623445,0.2749343997031437,0.07923717077331283,-0.0071067862503793565,0.1460656389676655,n.s.,True,n.s.,True,True,False,False,0.05326747318504162,0.045639478657776726,3,True,group,heterogeneous,dirichlet_0.5
partition,full,FedAvg,Local-only,fl,local,3,3,0.015979541218993143,-0.10630292318488375,0.16860932887995736,0.112631555410027,0.05269363075135808,0.16328387194225077,n.s.,True,A>B,True,True,True,False,0.6542938657858238,0.023999851140534524,3,True,group,heterogeneous,dirichlet_0.5
partition,full,FedProx(mu=0.01),Local-only,fl,local,3,3,-0.12312425846553654,-0.28832592426417336,0.03501934163623572,0.03339438463671418,-0.04285648599635006,0.12441455963139597,n.s.,True,n.s.,True,True,False,True,0.17381824925338044,0.4366046932752618,3,True,group,heterogeneous,dirichlet_0.5
partition,full,Centralized,FedAvg,centralized,fl,3,3,0.19305082009247754,0.03986251801008281,0.30104672329792953,0.15952745101513754,0.08729553441133564,0.24757868723268509,A>B,True,A>B,True,True,False,False,0.06869435705083755,0.05117143384841361,3,False,group,heterogeneous,dirichlet_1
partition,full,Centralized,FedProx(mu=0.01),centralized,fl,3,3,0.17227274759026734,0.021207342271238026,0.28092565127650587,0.13208197502223762,0.0719609305454872,0.19993965099625663,A>B,True,A>B,True,True,False,False,0.06750239348322516,0.04003105304212594,3,True,group,heterogeneous,dirichlet_1
partition,full,Centralized,Local-only,centralized,local,3,3,-0.0666625766357839,-0.17698363332649902,0.07361560781743569,-0.022061059114024784,-0.06636695803580299,0.03544645507134826,n.s.,True,n.s.,True,True,False,False,0.23266921747918548,0.4765967717616349,3,False,group,heterogeneous,dirichlet_1
partition,full,FedAvg,FedProx(mu=0.01),fl,fl,3,3,-0.0207780725022102,-0.06310309184833865,0.018204420653414766,-0.027445475992899926,-0.07320396482118201,0.009176966228751809,n.s.,True,n.s.,True,True,False,False,0.08303228449231284,0.2375799376854882,3,False,group,heterogeneous,dirichlet_1
partition,full,FedAvg,Local-only,fl,local,3,3,-0.25971339672826144,-0.38532697313285214,-0.016647560492571968,-0.18158851012916233,-0.248183327792644,-0.1198912755360941,A<B,True,A<B,True,True,False,False,0.00634834168570272,0.010621365399675266,3,False,group,heterogeneous,dirichlet_1
partition,full,FedProx(mu=0.01),Local-only,fl,local,3,3,-0.23893532422605124,-0.36494720325862917,0.003075853042602265,-0.1541430341362624,-0.2023526486805499,-0.1037483105922554,n.s.,True,A<B,True,True,True,False,0.00407082238069219,0.0002755935308446364,3,False,group,heterogeneous,dirichlet_1
partition,full,Centralized,FedAvg,centralized,fl,5,5,0.07343522285163928,-0.01957544810958607,0.19542135789166953,0.07289038394552139,-0.01523096856808194,0.1556553032160953,n.s.,True,n.s.,True,True,False,False,0.19208797930457397,0.19784766746419138,5,False,group,heterogeneous,iid
partition,full,Centralized,FedProx(mu=0.01),centralized,fl,5,5,0.00802989227123363,-0.03845888065946575,0.0641439571318673,0.008156418221738848,-0.04472945605271966,0.06704998266051139,n.s.,True,n.s.,True,True,False,False,0.27020614868044857,0.2697193991825411,5,False,group,heterogeneous,iid
partition,full,Centralized,Local-only,centralized,local,5,5,0.08490754198848338,0.031212228415498058,0.2005578448754581,0.09195424927736373,-0.015049770580680072,0.17017783211855067,A>B,True,n.s.,True,True,True,False,0.0002893258604521055,0.0002902623076087236,5,False,group,heterogeneous,iid
partition,full,FedAvg,FedProx(mu=0.01),fl,fl,5,5,-0.06540533058040565,-0.18401854031441642,0.02838503552332008,-0.06473396572378254,-0.15069546027109904,0.012763802508689658,n.s.,True,n.s.,True,True,False,False,0.23240029902039613,0.23592262532233677,5,False,group,heterogeneous,iid
partition,full,FedAvg,Local-only,fl,local,5,5,0.0114723191368441,-0.12242717133453114,0.1739224002183885,0.019063865331842345,-0.125412730126294,0.14173336273093814,n.s.,True,n.s.,True,True,False,False,0.7944004066064425,0.6671376649656218,5,False,group,heterogeneous,iid
partition,full,FedProx(mu=0.01),Local-only,fl,local,5,5,0.07687764971724975,0.022903584365815004,0.19383065756989012,0.08379783105562488,-0.061706311422093575,0.17167546567006736,A>B,True,n.s.,True,True,True,False,0.0022287712421952058,0.0017413989868303806,5,False,group,heterogeneous,iid
partition,full,Centralized,FedAvg,centralized,fl,3,5,0.06694485956072105,-0.014304702536469252,0.20965267791619943,0.0730340070736264,-0.0920796897851661,0.1651585261425491,n.s.,True,n.s.,True,True,False,False,0.07870702922424924,0.07071043030861594,3,False,group,heterogeneous,iid_sub0.01
partition,full,Centralized,FedProx(mu=0.01),centralized,fl,3,5,0.0754029958559862,-0.009124676671521718,0.22523812393217416,0.08230408942902057,-0.08546588644528855,0.17736390594974133,n.s.,True,n.s.,True,True,False,False,0.012212949059951728,0.010453342270939008,3,False,group,heterogeneous,iid_sub0.01
partition,full,Centralized,Local-only,centralized,local,3,3,0.12346183578552528,0.03236948256653098,0.2595874852133564,0.12863136711255263,-0.013726922635712678,0.2387678010795025,A>B,True,n.s.,True,True,True,False,0.06178807423952599,0.053471702120423514,3,False,group,heterogeneous,iid_sub0.01
partition,full,FedAvg,FedProx(mu=0.01),fl,fl,5,5,0.00845813629526515,-0.015053927155004304,0.04885714908147558,0.009270082355394171,-0.009906405734139015,0.04375877181361145,n.s.,True,n.s.,True,True,False,False,0.5041744042588989,0.48339570469629584,5,False,group,heterogeneous,iid_sub0.01
partition,full,FedAvg,Local-only,fl,local,5,3,0.05651697622480423,2.5606831970218377e-05,0.1317716504898869,0.055597360038926236,0.010243140224067982,0.12567750625946097,A>B,True,A>B,True,True,False,False,0.3150038091820287,0.31498178605213506,3,False,group,heterogeneous,iid_sub0.01
partition,full,FedProx(mu=0.01),Local-only,fl,local,5,3,0.04805883992953908,-0.0012431168688630638,0.11835397189168247,0.046327277683532064,0.008269421062924663,0.10619202517497076,n.s.,True,A>B,True,True,True,False,0.1948198188608051,0.18779407122025799,3,False,group,heterogeneous,iid_sub0.01
partition,full,Centralized,FedAvg,centralized,fl,3,5,0.026933255801635747,-0.029238073507554904,0.12249291649218716,0.028958562068632787,-0.034691495883147065,0.09737051962121442,n.s.,True,n.s.,True,True,False,False,0.7224230475069044,0.7035096264539181,3,False,group,heterogeneous,iid_sub0.05
partition,full,Centralized,FedProx(mu=0.01),centralized,fl,3,5,0.027980153055239487,-0.026868865947576013,0.11412884977363262,0.03114784398707704,-0.04908869294739844,0.10244091673499707,n.s.,True,n.s.,True,True,False,False,0.3924368598785728,0.3698971985582254,3,False,group,heterogeneous,iid_sub0.05
partition,full,Centralized,Local-only,centralized,local,3,3,0.11601480413498055,0.04462854001200795,0.24591636482313745,0.12323299850135383,-0.01239933339452031,0.21627180754860043,A>B,True,n.s.,True,True,True,False,0.024381699121360567,0.02327053936492287,3,False,group,heterogeneous,iid_sub0.05
partition,full,FedAvg,FedProx(mu=0.01),fl,fl,5,5,0.0010468972536037402,-0.07559622705200564,0.06833126962825359,0.0021892819184442525,-0.05881403838744029,0.06370646711782509,n.s.,True,n.s.,True,True,False,False,0.9482333456428803,0.8971071690544548,5,False,group,heterogeneous,iid_sub0.05
partition,full,FedAvg,Local-only,fl,local,5,3,0.0890815483333448,0.02926012892889238,0.18672840599157187,0.09427443643272104,0.008072263894374713,0.17422918835301862,A>B,True,A>B,True,True,False,False,0.046016118611884704,0.04522033410451216,3,False,group,heterogeneous,iid_sub0.05
partition,full,FedProx(mu=0.01),Local-only,fl,local,5,3,0.08803465107974107,0.03067036750933339,0.1859765972749032,0.09208515451427679,0.017850413326073563,0.1699158712956338,A>B,True,A>B,True,True,False,False,0.06028666469045092,0.061970687799356584,3,False,group,heterogeneous,iid_sub0.05
partition,full,Centralized,FedAvg,centralized,fl,5,5,0.023072271155335167,-0.01956185487930184,0.08567702350331916,0.04355636274797736,-0.007394580699259956,0.10544978009225288,n.s.,True,n.s.,True,True,False,False,0.23719037215351263,0.09151703745294325,5,False,group,heterogeneous,non_iid_label
partition,full,Centralized,FedAvg (E=1),centralized,fl,5,3,0.007182936899092995,-0.028458166383291367,0.05381470301506609,0.03684189154604567,-0.013940768249546608,0.08042579782803187,n.s.,True,n.s.,True,True,False,False,0.22090353542598562,0.19016970348767426,3,False,group,heterogeneous,non_iid_label
partition,full,Centralized,FedAvg (E=2),centralized,fl,5,3,0.00708834316513185,-0.03148943877558316,0.06369208624068008,0.027243927108992483,-0.021767546207519035,0.09239014271241737,n.s.,True,n.s.,True,True,False,False,0.7348632188969091,0.5287510713165963,3,False,group,heterogeneous,non_iid_label
partition,full,Centralized,FedAvg (R=10),centralized,fl,5,3,-0.0208808808709543,-0.06615690432866946,0.019186158264925143,-0.017233955894539243,-0.06321633981179413,0.027674549025013505,n.s.,True,n.s.,True,True,False,False,0.34397748450006493,0.3448487718895363,3,False,group,heterogeneous,non_iid_label
partition,full,Centralized,FedAvg (lr=0.0001),centralized,fl,5,3,-0.020521016997783192,-0.06770809044792238,0.03229197666937465,0.016952013859483084,-0.0315706697530737,0.06543905276491654,n.s.,True,n.s.,True,True,False,True,0.12902319733551815,0.43367593791189657,3,True,group,heterogeneous,non_iid_label
partition,full,Centralized,FedBN (R=10),centralized,fl,5,3,0.004901751433009638,-0.03805192377187932,0.06536184994268111,0.03966721442301424,-0.018556844417249942,0.1241324408703027,n.s.,True,n.s.,True,True,False,False,0.326446744330642,0.3886465607308393,3,False,group,heterogeneous,non_iid_label
partition,full,Centralized,FedProx(mu=0.001),centralized,fl,5,3,-0.005306989446710708,-0.03677190686457188,0.022834687472936814,-0.005467967897465509,-0.037726706696073926,0.028169054131414285,n.s.,True,n.s.,True,True,False,False,0.4420104204710782,0.7728836021498371,3,False,group,heterogeneous,non_iid_label
partition,full,Centralized,FedProx(mu=0.01),centralized,fl,5,5,-0.010908717983298954,-0.045377568960316014,0.024618534823923427,-0.011734358139026568,-0.04374308759901613,0.01517323187508725,n.s.,True,n.s.,True,True,False,False,0.27782678286184526,0.29699991787474544,5,False,group,heterogeneous,non_iid_label
partition,full,Centralized,FedProx(mu=0.01) (E=1),centralized,fl,5,3,0.0027802238824883307,-0.03965981749132126,0.06035344370637132,0.019624358381862606,-0.04264659204141039,0.0786229075792372,n.s.,True,n.s.,True,True,False,False,0.7945088186190972,0.5015360989549285,3,False,group,heterogeneous,non_iid_label
partition,full,Centralized,FedProx(mu=0.01) (E=2),centralized,fl,5,3,-0.010845571018903932,-0.037792492031644996,0.012581718475106899,-0.009806834665516129,-0.03835140118504147,0.014538381840280282,n.s.,True,n.s.,True,True,False,False,0.27354532121023134,0.6518895341487387,3,False,group,heterogeneous,non_iid_label
partition,full,Centralized,FedProx(mu=0.01) (lr=0.0001),centralized,fl,5,3,-0.016271047794461868,-0.05038836511690763,0.018111005064861487,0.0068375285616827375,-0.02425921515379592,0.039264273653893456,n.s.,True,n.s.,True,True,False,True,0.1562464553899714,0.6301924714961873,3,True,group,heterogeneous,non_iid_label
partition,full,Centralized,FedProx(mu=0.05),centralized,fl,5,3,-0.009213842881185097,-0.03617043492139608,0.020105586744747366,-0.0008830992906911916,-0.0330937923707018,0.03466122569413713,n.s.,True,n.s.,True,True,False,False,0.320538125878054,0.9187831316286589,3,False,group,heterogeneous,non_iid_label
partition,full,Centralized,FedProx(mu=0.1),centralized,fl,5,3,0.008147495486275802,-0.02190628279998496,0.0519517695246523,0.018138017335452172,-0.025852811953521897,0.06834394853525791,n.s.,True,n.s.,True,True,False,False,0.5186168023783793,0.5621604394235108,3,False,group,heterogeneous,non_iid_label
partition,full,Centralized,FedProx(mu=0.5),centralized,fl,5,3,0.06226990363449292,-0.006317528639847925,0.16906210113927733,0.07504957932464296,0.015379110440594151,0.1618633497486081,n.s.,True,A>B,True,True,True,False,0.011754095752047137,0.009632561153822569,3,False,group,heterogeneous,non_iid_label
partition,full,Centralized,Local-only,centralized,local,5,5,-0.0056699880801976965,-0.05531978743209827,0.06688068121803216,0.05114686704617388,0.008313626866476463,0.1285019758961588,n.s.,True,A>B,True,True,True,True,0.32508874671567656,0.00998747122639343,5,True,group,heterogeneous,non_iid_label
partition,full,FedAvg,FedAvg (E=1),fl,fl,5,3,-0.01588933425624217,-0.0686732716691328,0.021812309377659243,-0.006714471201931693,-0.06568794017212166,0.043622412933383016,n.s.,True,n.s.,True,True,False,False,0.703490102715827,0.9896740431395828,3,False,group,heterogeneous,non_iid_label
partition,full,FedAvg,FedAvg (E=2),fl,fl,5,3,-0.015983927990203317,-0.06931447495188275,0.026089742651944022,-0.01631243563898488,-0.07623244315465107,0.042677308176453564,n.s.,True,n.s.,True,True,False,False,0.6958343985620734,0.7937841810690118,3,False,group,heterogeneous,non_iid_label
partition,full,FedAvg,FedAvg (R=10),fl,fl,5,3,-0.043953152026289466,-0.11674414498956326,-0.004034644328826659,-0.060790318642516605,-0.12988390195394775,-0.006688251096499114,A<B,True,A<B,True,True,False,False,0.061891703910948295,0.0861028721624939,3,False,group,heterogeneous,non_iid_label
partition,full,FedAvg,FedAvg (lr=0.0001),fl,fl,5,3,-0.04359328815311836,-0.12222702967451231,0.021092527160210445,-0.026604348888494278,-0.10067840559800473,0.03886683837910304,n.s.,True,n.s.,True,True,False,False,0.0990962551122777,0.36481600732941305,3,False,group,heterogeneous,non_iid_label
partition,full,FedAvg,FedBN (R=10),fl,fl,5,3,-0.01817051972232553,-0.08187637175817447,0.03637359554778304,-0.003889148324963121,-0.06961617757751737,0.08051082081423747,n.s.,True,n.s.,True,True,False,False,0.6125412867668384,0.9566112145582734,3,False,group,heterogeneous,non_iid_label
partition,full,FedAvg,FedProx(mu=0.001),fl,fl,5,3,-0.028379260602045875,-0.07922698878575293,-0.003201452123865863,-0.04902433064544287,-0.10053320885737296,-0.009264363431418746,A<B,True,A<B,True,True,False,False,0.2314618166448772,0.16890394337520628,3,False,group,heterogeneous,non_iid_label
partition,full,FedAvg,FedProx(mu=0.01),fl,fl,5,5,-0.03398098913863412,-0.09211805145947763,-0.0020859916318017114,-0.05529072088700393,-0.11130986928852127,-0.015449982586350887,A<B,True,A<B,True,True,False,False,0.17906965808987885,0.08486317146197725,5,False,group,heterogeneous,non_iid_label
partition,full,FedAvg,FedProx(mu=0.01) (E=1),fl,fl,5,3,-0.020292047272846836,-0.08195782106628799,0.02282664115383375,-0.023932004366114756,-0.09867757965231362,0.036769956811446375,n.s.,True,n.s.,True,True,False,False,0.7038761169176195,0.7541928485054321,3,False,group,heterogeneous,non_iid_label
partition,full,FedAvg,FedProx(mu=0.01) (E=2),fl,fl,5,3,-0.0339178421742391,-0.08800316895052875,-0.006094372750606505,-0.05336319741349349,-0.1078685863829375,-0.014433290553615962,A<B,True,A<B,True,True,False,False,0.17022797818643012,0.13901332573227404,3,False,group,heterogeneous,non_iid_label
partition,full,FedAvg,FedProx(mu=0.01) (lr=0.0001),fl,fl,5,3,-0.039343318949797035,-0.1090762764636808,0.015002536288397796,-0.036718834186294624,-0.10159460050846968,0.021854531076381262,n.s.,True,n.s.,True,True,False,False,0.1775778018033553,0.31490497955049346,3,False,group,heterogeneous,non_iid_label
partition,full,FedAvg,FedProx(mu=0.05),fl,fl,5,3,-0.032286114036520264,-0.09429593190484943,0.01732802397776504,-0.044439462038668553,-0.10637189089680772,0.008472729901521552,n.s.,True,n.s.,True,True,False,False,0.1735374553082502,0.16219946875753505,3,False,group,heterogeneous,non_iid_label
partition,full,FedAvg,FedProx(mu=0.1),fl,fl,5,3,-0.014924775669059365,-0.0729026587491845,0.03761059132295852,-0.02541834541252519,-0.09146730045825385,0.03804709799683807,n.s.,True,n.s.,True,True,False,False,0.8003718233695243,0.6852683743527772,3,False,group,heterogeneous,non_iid_label
partition,full,FedAvg,FedProx(mu=0.5),fl,fl,5,3,0.03919763247915775,-0.06789299270939464,0.17430722660227307,0.031493216576665595,-0.05525376139894084,0.1441130121621201,n.s.,True,n.s.,True,True,False,False,0.03776267673546731,0.09221116978033253,3,True,group,heterogeneous,non_iid_label
partition,full,FedAvg,Local-only,fl,local,5,5,-0.028742259235532863,-0.11082509139787633,0.05953575715885475,0.007590504298196521,-0.0568964880880006,0.10106174803181582,n.s.,True,n.s.,True,True,False,True,0.0920283824539904,0.7581816360538344,5,True,group,heterogeneous,non_iid_label
partition,full,FedAvg (E=1),FedAvg (E=2),fl,fl,3,3,-9.459373396114579e-05,-0.040591440535164974,0.04618250699684077,-0.009597964437053186,-0.06216156658530165,0.05370268149633515,n.s.,True,n.s.,True,True,False,False,0.9975464364032416,0.806862652571704,3,False,group,heterogeneous,non_iid_label
partition,full,FedAvg (E=1),FedAvg (R=10),fl,fl,3,3,-0.028063817770047295,-0.08385917638603414,0.00907749034698133,-0.05407584744058491,-0.11074255985007066,0.0006717906852650317,n.s.,True,n.s.,True,True,False,False,0.26526230138543877,0.23578990269481134,3,False,group,heterogeneous,non_iid_label
partition,full,FedAvg (E=1),FedAvg (lr=0.0001),fl,fl,3,3,-0.027703953896876188,-0.08481991966752242,0.01945194350293782,-0.019889877686562585,-0.06845653007654728,0.029810081525994795,n.s.,True,n.s.,True,True,False,False,0.15169477889046185,0.4470914961788078,3,False,group,heterogeneous,non_iid_label
partition,full,FedAvg (E=1),FedBN (R=10),fl,fl,3,3,-0.0022811854660833575,-0.05036880809314374,0.04597440466766283,0.0028253228769685723,-0.05995401662852502,0.07944778778101363,n.s.,True,n.s.,True,True,False,True,0.4596736812895238,0.9017731545138624,3,True,group,heterogeneous,non_iid_label
partition,full,FedAvg (E=1),FedProx(mu=0.001),fl,fl,3,3,-0.012489926345803704,-0.05494052157865631,0.01696832301743751,-0.04230985944351118,-0.08423593157690704,0.004370370111665337,n.s.,True,n.s.,True,True,False,False,0.290322352386178,0.09489319353263433,3,False,group,heterogeneous,non_iid_label
partition,full,FedAvg (E=1),FedProx(mu=0.01),fl,fl,3,5,-0.01809165488239195,-0.06226627454901569,0.017642677909889114,-0.04857624968507224,-0.09260015398896353,-0.0035251097141267298,n.s.,True,A<B,True,True,True,False,0.3264468096667167,0.002641328998519525,3,True,group,heterogeneous,non_iid_label
partition,full,FedAvg (E=1),FedProx(mu=0.01) (E=1),fl,fl,3,3,-0.004402713016604665,-0.053388594071045646,0.043295018327232676,-0.017217533164183063,-0.08340318024260537,0.04180178566909026,n.s.,True,n.s.,True,True,False,False,0.7080201695091355,0.5459277678320587,3,False,group,heterogeneous,non_iid_label
partition,full,FedAvg (E=1),FedProx(mu=0.01) (E=2),fl,fl,3,3,-0.018028507917996928,-0.05705480588239651,0.00764608772265886,-0.0466487262115618,-0.08760920509516808,-0.0020301931330795565,n.s.,True,A<B,True,True,True,False,0.23793994281479316,0.09657829851500668,3,False,group,heterogeneous,non_iid_label
partition,full,FedAvg (E=1),FedProx(mu=0.01) (lr=0.0001),fl,fl,3,3,-0.023453984693554863,-0.07219492693521999,0.012702877971630432,-0.03000436298436293,-0.07231004813764189,0.020814212147718218,n.s.,True,n.s.,True,True,False,False,0.1503019919494519,0.1413429135739158,3,False,group,heterogeneous,non_iid_label
partition,full,FedAvg (E=1),FedProx(mu=0.05),fl,fl,3,3,-0.016396779780278092,-0.06101950202607584,0.025768807616469186,-0.03772499083673686,-0.08552247024130152,0.024876994259985522,n.s.,True,n.s.,True,True,False,False,0.26204256062004294,0.15644671053490367,3,False,group,heterogeneous,non_iid_label
partition,full,FedAvg (E=1),FedProx(mu=0.1),fl,fl,3,3,0.0009645585871828066,-0.04437101148780707,0.05175411420193986,-0.018703874210593496,-0.07350925548712596,0.05322681881921457,n.s.,True,n.s.,True,True,False,True,0.9397884652311459,0.22057458368874205,3,True,group,heterogeneous,non_iid_label
partition,full,FedAvg (E=1),FedProx(mu=0.5),fl,fl,3,3,0.05508696673539992,-0.03326887889543923,0.1789832349018555,0.03820768777859729,-0.031629775456804884,0.1451191668215884,n.s.,True,n.s.,True,True,False,False,0.044863559009980784,0.25323369395608447,3,True,group,heterogeneous,non_iid_label
partition,full,FedAvg (E=1),Local-only,fl,local,3,5,-0.012852924979290692,-0.07440793773144162,0.055506514802142096,0.014304975500128214,-0.03522344821742276,0.09992860442155971,n.s.,True,n.s.,True,True,False,True,0.1960734356891928,0.0012249947888319968,3,True,group,heterogeneous,non_iid_label
partition,full,FedAvg (E=2),FedAvg (R=10),fl,fl,3,3,-0.02796922403608615,-0.09230787637982937,0.011771656480561117,-0.044477883003531726,-0.11447857170175472,0.012116858832555638,n.s.,True,n.s.,True,True,False,False,0.42739228129440565,0.4187860353522191,3,False,group,heterogeneous,non_iid_label
partition,full,FedAvg (E=2),FedAvg (lr=0.0001),fl,fl,3,3,-0.027609360162915042,-0.0928917548774498,0.028945495977389074,-0.010291913249509399,-0.08619995208258768,0.05334307216236435,n.s.,True,n.s.,True,True,False,False,0.2112539608885575,0.6453809547016507,3,False,group,heterogeneous,non_iid_label
partition,full,FedAvg (E=2),FedBN (R=10),fl,fl,3,3,-0.0021865917321222117,-0.057515959882706046,0.05052637465097433,0.012423287314021758,-0.05964674336042913,0.09992653851185707,n.s.,True,n.s.,True,True,False,True,0.9445808450607595,0.8274206324032367,3,True,group,heterogeneous,non_iid_label
partition,full,FedAvg (E=2),FedProx(mu=0.001),fl,fl,3,3,-0.012395332611842558,-0.06348388831798253,0.017022088223990307,-0.03271189500645799,-0.08984074956732502,0.004307802589146806,n.s.,True,n.s.,True,True,False,False,0.5830910342998324,0.3694037546436768,3,False,group,heterogeneous,non_iid_label
partition,full,FedAvg (E=2),FedProx(mu=0.01),fl,fl,3,5,-0.017997061148430804,-0.07180668036120465,0.01769243986254304,-0.03897828524801905,-0.09912613845817907,-0.0010415086615938529,n.s.,True,A<B,True,True,True,False,0.625719262892017,0.34875821936464824,3,False,group,heterogeneous,non_iid_label
partition,full,FedAvg (E=2),FedProx(mu=0.01) (E=1),fl,fl,3,3,-0.004308119282643519,-0.060860668681151094,0.04535635620423585,-0.007619568727129877,-0.08547727785223896,0.05751125511277615,n.s.,True,n.s.,True,True,False,False,0.9161276447744534,0.9066654000033781,3,False,group,heterogeneous,non_iid_label
partition,full,FedAvg (E=2),FedProx(mu=0.01) (E=2),fl,fl,3,3,-0.017933914184035782,-0.06670307682152797,0.005267034455001746,-0.03705076177450861,-0.09554626936620973,-0.002177118172176168,n.s.,True,A<B,True,True,True,False,0.3932230141671714,0.261725717908895,3,False,group,heterogeneous,non_iid_label
partition,full,FedAvg (E=2),FedProx(mu=0.01) (lr=0.0001),fl,fl,3,3,-0.023359390959593718,-0.08245154311159261,0.022545751631644243,-0.020406398547309745,-0.08687281719362043,0.03395228851646727,n.s.,True,n.s.,True,True,False,False,0.30586970910139116,0.5019084882271005,3,False,group,heterogeneous,non_iid_label
partition,full,FedAvg (E=2),FedProx(mu=0.05),fl,fl,3,3,-0.016302186046316947,-0.07011403567789957,0.02659263996109627,-0.028127026399683674,-0.09062128072726247,0.021449345338340954,n.s.,True,n.s.,True,True,False,False,0.44025350590592843,0.44848955732059953,3,False,group,heterogeneous,non_iid_label
partition,full,FedAvg (E=2),FedProx(mu=0.1),fl,fl,3,3,0.0010591523211439524,-0.05549051518000273,0.05608311596792958,-0.00910590977354031,-0.07913852493632029,0.05569227456770812,n.s.,True,n.s.,True,True,False,True,0.9709885040877108,0.7906857471662603,3,True,group,heterogeneous,non_iid_label
partition,full,FedAvg (E=2),FedProx(mu=0.5),fl,fl,3,3,0.05518156046936107,-0.04032321124228159,0.18505812406876485,0.047805652215650474,-0.03822645183962656,0.15822027394710633,n.s.,True,n.s.,True,True,False,False,0.08310648478123825,0.2986149637167899,3,False,group,heterogeneous,non_iid_label
partition,full,FedAvg (E=2),Local-only,fl,local,3,5,-0.012758331245329546,-0.08280830795860657,0.06751402124901618,0.0239029399371814,-0.04150969496863016,0.11642011576279475,n.s.,True,n.s.,True,True,False,True,0.5356088117671303,0.5732322704242694,3,True,group,heterogeneous,non_iid_label
partition,full,FedAvg (R=10),FedAvg (lr=0.0001),fl,fl,3,3,0.0003598638731711068,-0.051997899748156086,0.05280286440074734,0.03418596975402233,-0.021326625470542943,0.09234928727942,n.s.,True,n.s.,True,True,False,False,0.9854735633638723,0.31571196655103817,3,False,group,heterogeneous,non_iid_label
partition,full,FedAvg (R=10),FedBN (R=10),fl,fl,3,3,0.025782632303963937,-0.019675152419426304,0.08830935035848382,0.056901170317553484,-0.010399655288431967,0.14688286159023847,n.s.,True,n.s.,True,True,False,False,0.25103589521301317,0.3761590724362415,3,False,group,heterogeneous,non_iid_label
partition,full,FedAvg (R=10),FedProx(mu=0.001),fl,fl,3,3,0.015573891424243591,-0.019963794903190887,0.06217462595692936,0.011765987997073735,-0.03177222799518274,0.05657252871309468,n.s.,True,n.s.,True,True,False,False,0.4148240479248576,0.6331336698502303,3,False,group,heterogeneous,non_iid_label
partition,full,FedAvg (R=10),FedProx(mu=0.01),fl,fl,3,5,0.009972162887655345,-0.028275449970615655,0.058689019474226084,0.005499597755512675,-0.035558599004832735,0.04471949496080376,n.s.,True,n.s.,True,True,False,False,0.7407610323609087,0.8945755082943496,3,False,group,heterogeneous,non_iid_label
partition,full,FedAvg (R=10),FedProx(mu=0.01) (E=1),fl,fl,3,3,0.02366110475344263,-0.019993397302118365,0.09076205359580479,0.03685831427640185,-0.027282475837668227,0.10561965494994821,n.s.,True,n.s.,True,True,False,False,0.47220735626591,0.40940729338041804,3,False,group,heterogeneous,non_iid_label
partition,full,FedAvg (R=10),FedProx(mu=0.01) (E=2),fl,fl,3,3,0.010035309852050367,-0.02294877134161019,0.04966119942112997,0.007427121229023115,-0.030705039783299297,0.043891899383216686,n.s.,True,n.s.,True,True,False,False,0.61517673063904,0.7863589100970547,3,False,group,heterogeneous,non_iid_label
partition,full,FedAvg (R=10),FedProx(mu=0.01) (lr=0.0001),fl,fl,3,3,0.004609833076492431,-0.03912141968723311,0.04592740278708076,0.02407148445622198,-0.020402480481836065,0.06870928296517725,n.s.,True,n.s.,True,True,False,False,0.8368015938585488,0.44554668906502465,3,False,group,heterogeneous,non_iid_label
partition,full,FedAvg (R=10),FedProx(mu=0.05),fl,fl,3,3,0.011667037989769202,-0.025739641200843287,0.056777035789285044,0.016350856603848052,-0.02648735756162777,0.0616984305602586,n.s.,True,n.s.,True,True,False,False,0.5459401492366592,0.45210433749644896,3,False,group,heterogeneous,non_iid_label
partition,full,FedAvg (R=10),FedProx(mu=0.1),fl,fl,3,3,0.0290283763572301,-0.011417701920510687,0.0943561473287296,0.035371973229991416,-0.015072736413838285,0.09788795292591439,n.s.,True,n.s.,True,True,False,False,0.41280898080772926,0.4788401857244292,3,False,group,heterogeneous,non_iid_label
partition,full,FedAvg (R=10),FedProx(mu=0.5),fl,fl,3,3,0.08315078450544722,0.0019366464230336864,0.20885997774871468,0.0922835352191822,0.02632402431956224,0.19542683409073203,A>B,False,A>B,True,False,False,False,0.027084229583516212,0.012507983696114444,3,False,group,heterogeneous,non_iid_label
partition,full,FedAvg (R=10),Local-only,fl,local,3,5,0.015210892790756603,-0.04108906167813289,0.09212836399266332,0.06838082294071313,0.010567463810641558,0.1597579365779474,n.s.,True,A>B,True,True,True,False,0.5314938024074376,0.16859980661105028,3,False,group,heterogeneous,non_iid_label
partition,full,FedAvg (lr=0.0001),FedBN (R=10),fl,fl,3,3,0.02542276843079283,-0.024458830486893585,0.07888628749894187,0.022715200563531157,-0.05029406712053762,0.10190242550404102,n.s.,True,n.s.,True,True,False,False,0.18207408748438242,0.6340540407587303,3,False,group,heterogeneous,non_iid_label
partition,full,FedAvg (lr=0.0001),FedProx(mu=0.001),fl,fl,3,3,0.015214027551072484,-0.047444711409079215,0.06982269104494941,-0.022419981756948593,-0.07950498446221592,0.036840165101281325,n.s.,True,n.s.,True,True,False,True,0.061229283246768074,0.15653156648538796,3,True,group,heterogeneous,non_iid_label
partition,full,FedAvg (lr=0.0001),FedProx(mu=0.01),fl,fl,3,5,0.009612299014484238,-0.05018488684699392,0.06882284584708534,-0.028686371998509652,-0.08274640709717537,0.023825301938580724,n.s.,True,n.s.,True,True,False,True,0.5924658243436867,0.25594164898987104,3,True,group,heterogeneous,non_iid_label
partition,full,FedAvg (lr=0.0001),FedProx(mu=0.01) (E=1),fl,fl,3,3,0.023301240880271523,-0.03335465453718793,0.09539202018720012,0.0026723445223795217,-0.06642866914060054,0.06898149412096587,n.s.,True,n.s.,True,True,False,False,0.3977787874009348,0.9538039316185742,3,False,group,heterogeneous,non_iid_label
partition,full,FedAvg (lr=0.0001),FedProx(mu=0.01) (E=2),fl,fl,3,3,0.00967544597887926,-0.04560654989818797,0.05454965433275113,-0.026758848524999213,-0.0784837733723242,0.02183430295553662,n.s.,True,n.s.,True,True,False,True,0.020471680631755352,0.04709812259782331,3,True,group,heterogeneous,non_iid_label
partition,full,FedAvg (lr=0.0001),FedProx(mu=0.01) (lr=0.0001),fl,fl,3,3,0.004249969203321324,-0.026557255798416786,0.028713299698757983,-0.010114485297800346,-0.04052333572114834,0.026089752229356417,n.s.,True,n.s.,True,True,False,True,0.3556476696450615,0.3627710038381603,3,True,group,heterogeneous,non_iid_label
partition,full,FedAvg (lr=0.0001),FedProx(mu=0.05),fl,fl,3,3,0.011307174116598095,-0.035555316316199743,0.051002144753854506,-0.017835113150174275,-0.07076895179650831,0.03840460744208791,n.s.,True,n.s.,True,True,False,True,0.02763823967279647,0.246411956134508,3,True,group,heterogeneous,non_iid_label
partition,full,FedAvg (lr=0.0001),FedProx(mu=0.1),fl,fl,3,3,0.028668512484058994,-0.0265620717922256,0.09518604331272948,0.0011860034759690885,-0.05955590169547397,0.07560386077753795,n.s.,True,n.s.,True,True,False,False,0.19264021625577343,0.9638623837680385,3,False,group,heterogeneous,non_iid_label
partition,full,FedAvg (lr=0.0001),FedProx(mu=0.5),fl,fl,3,3,0.08279092063227611,0.01359614851243017,0.19371176097135911,0.05809756546515987,0.0033968881192500996,0.14790603540323446,A>B,True,A>B,True,True,False,False,0.0018506661762712775,0.06481888698403286,3,True,group,heterogeneous,non_iid_label
partition,full,FedAvg (lr=0.0001),Local-only,fl,local,3,5,0.014851028917585496,-0.01751193848176143,0.06124049735415008,0.0341948531866908,-0.002563178772784703,0.115199897300047,n.s.,True,n.s.,True,True,False,False,0.11175201093456483,0.2568691438190852,3,False,group,heterogeneous,non_iid_label
partition,full,FedBN (R=10),FedProx(mu=0.001),fl,fl,3,3,-0.010208740879720346,-0.07136627623819382,0.032399883265637384,-0.04513518232047975,-0.12837754211425317,0.0005017904097543214,n.s.,True,n.s.,True,True,False,False,0.3671548169391384,0.3184642505277167,3,False,group,heterogeneous,non_iid_label
partition,full,FedBN (R=10),FedProx(mu=0.01),fl,fl,3,5,-0.015810469416308592,-0.07752192754530382,0.028711559961711847,-0.05140157256204081,-0.1362510107295236,-0.0016007257057804177,n.s.,True,A<B,True,True,True,False,0.4511938056689025,0.14830733957150558,3,False,group,heterogeneous,non_iid_label
partition,full,FedBN (R=10),FedProx(mu=0.01) (E=1),fl,fl,3,3,-0.002121527550521307,-0.06253480834200892,0.05696304806015387,-0.020042856041151635,-0.11858904814737738,0.056916932395682025,n.s.,True,n.s.,True,True,False,False,0.8695172134094609,0.5113800799014661,3,False,group,heterogeneous,non_iid_label
partition,full,FedBN (R=10),FedProx(mu=0.01) (E=2),fl,fl,3,3,-0.01574732245191357,-0.0732932991661963,0.021105606376251283,-0.04947404908853037,-0.13339807352172478,0.000619304044135158,n.s.,True,n.s.,True,True,False,False,0.29636229805542197,0.30014290304257096,3,False,group,heterogeneous,non_iid_label
partition,full,FedBN (R=10),FedProx(mu=0.01) (lr=0.0001),fl,fl,3,3,-0.021172799227471506,-0.07288576908723898,0.014887186932626775,-0.0328296858613315,-0.11052543960696094,0.028842680512038914,n.s.,True,n.s.,True,True,False,False,0.20350053339235072,0.4206735399308783,3,False,group,heterogeneous,non_iid_label
partition,full,FedBN (R=10),FedProx(mu=0.05),fl,fl,3,3,-0.014115594314194735,-0.07132099627838223,0.029580559206676328,-0.04055031371370543,-0.12655145495827974,0.020950766628139716,n.s.,True,n.s.,True,True,False,False,0.32257158971225536,0.3877568817273512,3,False,group,heterogeneous,non_iid_label
partition,full,FedBN (R=10),FedProx(mu=0.1),fl,fl,3,3,0.003245744053266164,-0.060763173692458414,0.06271515121248837,-0.02152919708756207,-0.11639241465771281,0.0516022239065412,n.s.,True,n.s.,True,True,False,True,0.8359131881887447,0.3954778225590833,3,True,group,heterogeneous,non_iid_label
partition,full,FedBN (R=10),FedProx(mu=0.5),fl,fl,3,3,0.05736815220148328,-0.03016465817749045,0.17981584410039933,0.035382364901628716,-0.059731717169121366,0.14863051085659704,n.s.,True,n.s.,True,True,False,False,0.039591709007938215,0.5024416580053037,3,True,group,heterogeneous,non_iid_label
partition,full,FedBN (R=10),Local-only,fl,local,3,5,-0.010571739513207334,-0.06697010066223512,0.04940722735364879,0.011479652623159642,-0.05193305066672767,0.09296884673450108,n.s.,True,n.s.,True,True,False,True,0.2849541821921207,0.6463060283521018,3,True,group,heterogeneous,non_iid_label
partition,full,FedProx(mu=0.001),FedProx(mu=0.01),fl,fl,3,5,-0.005601728536588246,-0.030974092952657867,0.01567026617777211,-0.0062663902415610595,-0.032472324461288844,0.007084832273435495,n.s.,True,n.s.,True,True,False,False,0.8346945228305477,0.593049290633747,3,False,group,heterogeneous,non_iid_label
partition,full,FedProx(mu=0.001),FedProx(mu=0.01) (E=1),fl,fl,3,3,0.008087213329199039,-0.03152512580781199,0.056849645608337725,0.025092326279328114,-0.03939419877157317,0.08172718002134126,n.s.,True,n.s.,True,True,False,False,0.7088040184957046,0.5018424098114673,3,False,group,heterogeneous,non_iid_label
partition,full,FedProx(mu=0.001),FedProx(mu=0.01) (E=2),fl,fl,3,3,-0.005538581572193224,-0.017678482257848148,0.006185847151603599,-0.00433886676805062,-0.028241397253384693,0.008342217364715273,n.s.,True,n.s.,True,True,False,False,0.17095413984162525,0.4395096704513604,3,False,group,heterogeneous,non_iid_label
partition,full,FedProx(mu=0.001),FedProx(mu=0.01) (lr=0.0001),fl,fl,3,3,-0.01096405834775116,-0.05134600518989422,0.0337266532510871,0.012305496459148246,-0.030931681427406408,0.05313296602978936,n.s.,True,n.s.,True,True,False,True,0.1360606171932932,0.11542439863193381,3,True,group,heterogeneous,non_iid_label
partition,full,FedProx(mu=0.001),FedProx(mu=0.05),fl,fl,3,3,-0.003906853434474389,-0.03392924072795887,0.03577518727012098,0.004584868606774317,-0.02562627024996056,0.038758996066054596,n.s.,True,n.s.,True,True,False,True,0.19654631513104423,0.3218484202381259,3,True,group,heterogeneous,non_iid_label
partition,full,FedProx(mu=0.001),FedProx(mu=0.1),fl,fl,3,3,0.01345448493298651,-0.01489626786006468,0.059313071176174424,0.02360598523291768,-0.02661081125368118,0.07447400246248005,n.s.,True,n.s.,True,True,False,False,0.4412357782047123,0.3668753926601305,3,False,group,heterogeneous,non_iid_label
partition,full,FedProx(mu=0.001),FedProx(mu=0.5),fl,fl,3,3,0.06757689308120363,-0.017050400723029775,0.19844968337678423,0.08051754722210847,0.0025195161193171567,0.18389774668508152,n.s.,True,A>B,True,True,True,False,0.0026714447577631884,0.018802774780922463,3,False,group,heterogeneous,non_iid_label
partition,full,FedProx(mu=0.001),Local-only,fl,local,3,5,-0.00036299863348698835,-0.05728873336443834,0.08121231248211139,0.05661483494363939,0.010304727736180712,0.13905854868938888,n.s.,True,A>B,True,True,True,True,0.5360856448673742,0.057433972305238196,3,True,group,heterogeneous,non_iid_label
partition,full,FedProx(mu=0.01),FedProx(mu=0.01) (E=1),fl,fl,5,3,0.013688941865787285,-0.02845465684557404,0.06747338876667527,0.031358716520889174,-0.026451837376949842,0.08904632892909121,n.s.,True,n.s.,True,True,False,False,0.42752694802054025,0.32248676415573335,3,False,group,heterogeneous,non_iid_label
partition,full,FedProx(mu=0.01),FedProx(mu=0.01) (E=2),fl,fl,5,3,6.314696439502221e-05,-0.02543707035664646,0.019672219036611416,0.0019275234735104396,-0.014861876144573636,0.017121154453406246,n.s.,True,n.s.,True,True,False,False,0.9356534357424952,0.8458499248607264,3,False,group,heterogeneous,non_iid_label
partition,full,FedProx(mu=0.01),FedProx(mu=0.01) (lr=0.0001),fl,fl,5,3,-0.005362329811162914,-0.05064806799497228,0.0375532628320706,0.018571886700709306,-0.016076594640273268,0.057317769953749535,n.s.,True,n.s.,True,True,False,True,0.6725157268538131,0.19632355988384764,3,True,group,heterogeneous,non_iid_label
partition,full,FedProx(mu=0.01),FedProx(mu=0.05),fl,fl,5,3,0.0016948751021138575,-0.035142947051251434,0.04020282208837525,0.010851258848335377,-0.01570709404831273,0.04416738837135742,n.s.,True,n.s.,True,True,False,False,0.9965421405625411,0.4995342497858581,3,False,group,heterogeneous,non_iid_label
partition,full,FedProx(mu=0.01),FedProx(mu=0.1),fl,fl,5,3,0.019056213469574756,-0.013668363978986381,0.06958610151741408,0.02987237547447874,-0.01093473645086944,0.08173512661248108,n.s.,True,n.s.,True,True,False,False,0.028949757953402922,0.11833489342925223,3,True,group,heterogeneous,non_iid_label
partition,full,FedProx(mu=0.01),FedProx(mu=0.5),fl,fl,5,3,0.07317862161779187,-0.011839960796380118,0.2029395737788148,0.08678393746366952,0.018316136025592004,0.188472822032321,n.s.,True,A>B,True,True,True,False,0.07030145418804244,0.055830031638908185,3,False,group,heterogeneous,non_iid_label
partition,full,FedProx(mu=0.01),Local-only,fl,local,5,5,0.005238729903101258,-0.05558995485131764,0.08787168143521261,0.06288122518520045,0.017423826113331972,0.15064529974416535,n.s.,True,A>B,True,True,True,False,0.5681448242863795,8.913655569749839e-05,5,True,group,heterogeneous,non_iid_label
partition,full,FedProx(mu=0.01) (E=1),FedProx(mu=0.01) (E=2),fl,fl,3,3,-0.013625794901392263,-0.06335280921158801,0.021568790856294758,-0.029431193047378734,-0.08476054905008717,0.028303547593351908,n.s.,True,n.s.,True,True,False,False,0.5748547596148582,0.487749459663627,3,False,group,heterogeneous,non_iid_label
partition,full,FedProx(mu=0.01) (E=1),FedProx(mu=0.01) (lr=0.0001),fl,fl,3,3,-0.0190512716769502,-0.08263517197332995,0.026915861042125344,-0.012786829820179868,-0.07309602727916423,0.04940630044115387,n.s.,True,n.s.,True,True,False,False,0.4246449944321007,0.734419950851246,3,False,group,heterogeneous,non_iid_label
partition,full,FedProx(mu=0.01) (E=1),FedProx(mu=0.05),fl,fl,3,3,-0.011994066763673428,-0.06859730102339114,0.03472559348887543,-0.020507457672553797,-0.08036091662855718,0.04503899677149343,n.s.,True,n.s.,True,True,False,False,0.6168642645896425,0.5803595530544288,3,False,group,heterogeneous,non_iid_label
partition,full,FedProx(mu=0.01) (E=1),FedProx(mu=0.1),fl,fl,3,3,0.005367271603787471,-0.04680218251432824,0.063413009968738,-0.0014863410464104332,-0.06468150295369342,0.07372260119026502,n.s.,True,n.s.,True,True,False,True,0.7243403558034865,0.9681869976669514,3,True,group,heterogeneous,non_iid_label
partition,full,FedProx(mu=0.01) (E=1),FedProx(mu=0.5),fl,fl,3,3,0.05948967975200459,-0.03657344380480236,0.18857581357829595,0.05542522094278035,-0.02074744724886182,0.16581448745942265,n.s.,True,n.s.,True,True,False,False,0.11561140581197124,0.2446788371123086,3,False,group,heterogeneous,non_iid_label
partition,full,FedProx(mu=0.01) (E=1),Local-only,fl,local,3,5,-0.008450211962686027,-0.08426551777392859,0.07134253687821454,0.03152250866431128,-0.03689175998695521,0.1363074476746465,n.s.,True,n.s.,True,True,False,True,0.609649297273646,0.31852448626097307,3,True,group,heterogeneous,non_iid_label
partition,full,FedProx(mu=0.01) (E=2),FedProx(mu=0.01) (lr=0.0001),fl,fl,3,3,-0.005425476775557936,-0.03658642907642974,0.03321443875533563,0.016644363227198866,-0.013562714998085448,0.05284837524862953,n.s.,True,n.s.,True,True,False,True,0.21427437092779192,0.03195355449156747,3,True,group,heterogeneous,non_iid_label
partition,full,FedProx(mu=0.01) (E=2),FedProx(mu=0.05),fl,fl,3,3,0.0016317281377188353,-0.020924846032255615,0.03494832727245162,0.008923735374824937,-0.01365998656253327,0.04033897977527026,n.s.,True,n.s.,True,True,False,False,0.19084395116238656,0.32038785068932096,3,False,group,heterogeneous,non_iid_label
partition,full,FedProx(mu=0.01) (E=2),FedProx(mu=0.1),fl,fl,3,3,0.018993066505179734,-0.004268271078907609,0.06512922760974524,0.0279448520009683,-0.012227399188875184,0.07855287276948951,n.s.,True,n.s.,True,True,False,False,0.30903135148239136,0.2895710914401835,3,False,group,heterogeneous,non_iid_label
partition,full,FedProx(mu=0.01) (E=2),FedProx(mu=0.5),fl,fl,3,3,0.07311547465339685,-0.005687422946799863,0.199405438198705,0.08485641399015909,0.01995675558500879,0.18355110993863188,n.s.,True,A>B,True,True,True,False,0.0021855004514956694,0.024899202185946503,3,False,group,heterogeneous,non_iid_label
partition,full,FedProx(mu=0.01) (E=2),Local-only,fl,local,3,5,0.005175582938706236,-0.04362559661983839,0.08421560564951079,0.06095370171169001,0.017112540053552987,0.14794193639942876,n.s.,True,A>B,True,True,True,False,0.43319929598601725,0.06201113958752398,3,False,group,heterogeneous,non_iid_label
partition,full,FedProx(mu=0.01) (lr=0.0001),FedProx(mu=0.05),fl,fl,3,3,0.007057204913276771,-0.024421171005548546,0.03685191590940197,-0.007720627852373929,-0.045558388524007315,0.030468343715365054,n.s.,True,n.s.,True,True,False,True,0.19892251218804885,0.4314442238459961,3,True,group,heterogeneous,non_iid_label
partition,full,FedProx(mu=0.01) (lr=0.0001),FedProx(mu=0.1),fl,fl,3,3,0.02441854328073767,-0.013824469211689524,0.07719209984795213,0.011300488773769435,-0.036425124073417636,0.06705654822263492,n.s.,True,n.s.,True,True,False,False,0.1621637161074885,0.5705328736158994,3,False,group,heterogeneous,non_iid_label
partition,full,FedProx(mu=0.01) (lr=0.0001),FedProx(mu=0.5),fl,fl,3,3,0.07854095142895479,0.012705257375731693,0.19118622476416705,0.06821205076296022,0.019653386475223113,0.14904217513404774,A>B,True,A>B,True,True,False,False,0.006650940986568967,0.0474478094356712,3,False,group,heterogeneous,non_iid_label
partition,full,FedProx(mu=0.01) (lr=0.0001),Local-only,fl,local,3,5,0.010601059714264172,-0.016425650132529078,0.05897895454757701,0.044309338484491145,0.01209710624420449,0.11710444644189494,n.s.,True,A>B,True,True,True,False,0.090798890813385,0.07615266250083805,3,False,group,heterogeneous,non_iid_label
partition,full,FedProx(mu=0.05),FedProx(mu=0.1),fl,fl,3,3,0.0173613383674609,-0.013521197853065804,0.06251260670121025,0.019021116626143364,-0.024357706243750332,0.06403794237323843,n.s.,True,n.s.,True,True,False,False,0.3547975725113878,0.5094180273676587,3,False,group,heterogeneous,non_iid_label
partition,full,FedProx(mu=0.05),FedProx(mu=0.5),fl,fl,3,3,0.07148374651567801,-6.905810255680085e-05,0.1869610740038395,0.07593267861533415,0.010951961795966766,0.16852349414255163,n.s.,False,A>B,True,False,False,False,0.0014669672609791192,0.01009686902961641,3,False,group,heterogeneous,non_iid_label
partition,full,FedProx(mu=0.05),Local-only,fl,local,3,5,0.0035438548009874005,-0.04050173184068622,0.07477871810351974,0.052029966336865074,0.001136585855116107,0.1385895926254807,n.s.,True,A>B,True,True,True,False,0.6744799008252913,0.09321534808173133,3,False,group,heterogeneous,non_iid_label
partition,full,FedProx(mu=0.1),FedProx(mu=0.5),fl,fl,3,3,0.054122408148217116,-0.029829333552560438,0.17344970632863083,0.056911561989190784,-0.011279120979113861,0.15079100683226698,n.s.,True,n.s.,True,True,False,False,0.08805689309377036,0.2131318677620343,3,False,group,heterogeneous,non_iid_label
partition,full,FedProx(mu=0.1),Local-only,fl,local,3,5,-0.013817483566473499,-0.07954768532434504,0.061819378639764444,0.03300884971072171,-0.028920965441026705,0.1280503856225808,n.s.,True,n.s.,True,True,False,True,0.2995638190628194,0.10015277212150991,3,True,group,heterogeneous,non_iid_label
partition,full,FedProx(mu=0.5),Local-only,fl,local,3,5,-0.06793989171469061,-0.1742669127285941,0.00748912414536764,-0.023902712278469074,-0.1005887422608145,0.060899521286561585,n.s.,True,n.s.,True,True,False,False,0.007532216067186286,0.4122368140276746,3,True,group,heterogeneous,non_iid_label
partition,full,Centralized,FedAvg,centralized,fl,3,5,0.10129919562821588,0.0061105190738056855,0.24521999930844765,0.11620965057612842,0.03331929013313815,0.21202079201914528,A>B,True,A>B,True,True,False,False,0.26467112804837534,0.16898892068636578,3,False,group,heterogeneous,non_iid_label_sub0.01
partition,full,Centralized,FedProx(mu=0.01),centralized,fl,3,5,0.06581357112115549,-0.020696779208840475,0.21025904829197303,0.0681585443255307,0.00827512741569135,0.16554049032913293,n.s.,True,A>B,True,True,True,False,0.2100965948761638,0.0239410273391662,3,True,group,heterogeneous,non_iid_label_sub0.01
partition,full,Centralized,Local-only,centralized,local,3,3,0.08944647405024475,-0.01460556841887095,0.27139963779825665,0.20792357848002896,0.07345747980255084,0.33947369813050693,n.s.,True,A>B,True,True,True,False,0.24905805839426087,0.05779793936938103,3,False,group,heterogeneous,non_iid_label_sub0.01
partition,full,FedAvg,FedProx(mu=0.01),fl,fl,5,5,-0.03548562450706039,-0.1357941506943697,0.06273889279045448,-0.04805110625059772,-0.11143515757459962,0.027720442171614453,n.s.,True,n.s.,True,True,False,False,0.5937305334595091,0.31186391377869627,5,False,group,heterogeneous,non_iid_label_sub0.01
partition,full,FedAvg,Local-only,fl,local,5,3,-0.011852721577971126,-0.15939477130857843,0.15834310808371008,0.09171392790390054,-0.038016769699456575,0.20923338020462798,n.s.,True,n.s.,True,True,False,True,0.8962231164068405,0.48335734955418425,3,True,group,heterogeneous,non_iid_label_sub0.01
partition,full,FedProx(mu=0.01),Local-only,fl,local,5,3,0.02363290292908926,-0.1277327258465989,0.19497336534774745,0.13976503415449826,0.0015266039940593536,0.24811718895157914,n.s.,True,A>B,True,True,True,False,0.645419474706524,0.12023517402554647,3,False,group,heterogeneous,non_iid_label_sub0.01
partition,full,Centralized,FedAvg,centralized,fl,3,5,-0.026643754819211884,-0.08139328676083771,0.028757268124279714,-0.014976985601345305,-0.07505043316221578,0.0552187093780766,n.s.,True,n.s.,True,True,False,False,0.21931907558195526,0.5249563502886072,3,False,group,heterogeneous,non_iid_label_sub0.05
partition,full,Centralized,FedProx(mu=0.01),centralized,fl,3,5,-0.01597363121159101,-0.06933578305969454,0.037058714203230245,-0.006419660283875195,-0.063389293679865,0.06149263389973026,n.s.,True,n.s.,True,True,False,False,0.781110152612947,0.8686573588284023,3,False,group,heterogeneous,non_iid_label_sub0.05
partition,full,Centralized,Local-only,centralized,local,3,3,-0.01665262911080556,-0.08610350984218743,0.06535988827854138,0.012340062640294636,-0.04140220291227371,0.10836161966347052,n.s.,True,n.s.,True,True,False,True,0.3082924098044937,0.6580158159254157,3,True,group,heterogeneous,non_iid_label_sub0.05
partition,full,FedAvg,FedProx(mu=0.01),fl,fl,5,5,0.010670123607620874,-0.018312264227552062,0.04686848635305484,0.00855732531747011,-0.038138043040207244,0.057913297983261815,n.s.,True,n.s.,True,True,False,False,0.3603318082363288,0.6606140392377635,5,False,group,heterogeneous,non_iid_label_sub0.05
partition,full,FedAvg,Local-only,fl,local,5,3,0.009991125708406323,-0.026125259639503618,0.06146790745480553,0.02731704824163994,-0.01613924610713222,0.11772941933013387,n.s.,True,n.s.,True,True,False,False,0.2836100230481072,0.11485482499392477,3,False,group,heterogeneous,non_iid_label_sub0.05
partition,full,FedProx(mu=0.01),Local-only,fl,local,5,3,-0.0006789978992145507,-0.048490878757565074,0.054846907603573254,0.01875972292416983,-0.027272496377950303,0.1005164596183439,n.s.,True,n.s.,True,True,False,True,0.694285298354824,0.8197315263696114,3,True,group,heterogeneous,non_iid_label_sub0.05
rho,full,Centralized @rho=0.01,Centralized @rho=0.05,centralized,centralized,3,3,-0.006064109550403818,-0.060522535430119276,0.04668945190500869,-0.005858533080710271,-0.06413725572335754,0.04191787193129296,n.s.,True,n.s.,True,True,False,False,0.6664870342278914,0.6730918460852695,3,False,group,heterogeneous,iid (across rho)
rho,full,Centralized @rho=0.01,Centralized @rho=1.00,centralized,centralized,3,5,-0.021333629682487087,-0.06992732823119967,0.004611135695792567,-0.02139643836804883,-0.0835078127881617,0.00389048509206445,n.s.,True,n.s.,True,True,False,False,0.4378438851000998,0.4672921090956944,3,False,group,heterogeneous,iid (across rho)
rho,full,Centralized @rho=0.05,Centralized @rho=1.00,centralized,centralized,3,5,-0.01526952013208327,-0.06983361131619398,0.019253219131384985,-0.01553790528733856,-0.07055232024048362,0.020164222387659577,n.s.,True,n.s.,True,True,False,False,0.7876425998353602,0.7961751807642089,3,False,group,heterogeneous,iid (across rho)
rho,full,FedAvg @rho=0.01,FedAvg @rho=0.05,fl,fl,5,5,-0.04607571330948912,-0.14174926237916913,0.00374170719291803,-0.04993397808570388,-0.12141588003518076,0.04124653737591894,n.s.,True,n.s.,True,True,False,False,0.014079325275643081,0.013579632744439948,5,False,group,heterogeneous,iid (across rho)
rho,full,FedAvg @rho=0.01,FedAvg @rho=1.00,fl,fl,5,5,-0.014843266391568855,-0.20124224080911782,0.12856361281813122,-0.02154006149615384,-0.14950903940573437,0.14203609983735077,n.s.,True,n.s.,True,True,False,False,0.723994794868178,0.6093331378624094,5,False,group,heterogeneous,iid (across rho)
rho,full,FedAvg @rho=0.05,FedAvg @rho=1.00,fl,fl,5,5,0.031232446917920265,-0.10570172676009708,0.1588888990747638,0.02839391658955004,-0.0758411306630987,0.1316485953253204,n.s.,True,n.s.,True,True,False,False,0.4595191905556579,0.4972172373633221,5,False,group,heterogeneous,iid (across rho)
rho,full,FedProx(mu=0.01) @rho=0.01,FedProx(mu=0.01) @rho=0.05,fl,fl,5,5,-0.05348695235115053,-0.15755780907351374,-0.001034802142612298,-0.0570147785226538,-0.12871668017687363,0.022968579855256865,A<B,False,n.s.,True,False,False,False,0.043043109327918626,0.04239692794273563,5,False,group,heterogeneous,iid (across rho)
rho,full,FedProx(mu=0.01) @rho=0.01,FedProx(mu=0.01) @rho=1.00,fl,fl,5,5,-0.08870673326723966,-0.2284029502088901,-0.025993596189398456,-0.09554410957533055,-0.18780878176062057,0.0606604571093703,A<B,True,n.s.,True,True,True,False,0.0003720026275808564,0.00031103919405652106,5,False,group,heterogeneous,iid (across rho)
rho,full,FedProx(mu=0.01) @rho=0.05,FedProx(mu=0.01) @rho=1.00,fl,fl,5,5,-0.03521978091608913,-0.12621461882315385,0.016870178725781074,-0.03852933105267675,-0.11977422036497307,0.053512477548072604,n.s.,True,n.s.,True,True,False,False,0.16940454110171616,0.15719764156271318,5,False,group,heterogeneous,iid (across rho)
rho,full,Local-only @rho=0.01,Local-only @rho=0.05,local,local,3,3,-0.01351114120094854,-0.09490092849807319,0.05706139734172802,-0.011256901691909071,-0.07320159727218635,0.044523201545961656,n.s.,True,n.s.,True,True,False,False,0.7318562039495393,0.761808185907171,3,False,group,heterogeneous,iid (across rho)
rho,full,Local-only @rho=0.01,Local-only @rho=1.00,local,local,3,5,-0.05988792347952898,-0.1406400304879996,0.00691474517713611,-0.05807355620323773,-0.1280798372413864,-0.001038781644222713,n.s.,True,A<B,True,True,True,False,0.21629824761536784,0.2142980002615502,3,False,group,heterogeneous,iid (across rho)
rho,full,Local-only @rho=0.05,Local-only @rho=1.00,local,local,3,5,-0.04637678227858044,-0.11040333483014207,0.0015785213828077547,-0.04681665451132866,-0.09254605772107952,-0.00831687272252874,n.s.,True,A<B,True,True,True,False,0.01914412938456024,0.01709216723156446,3,False,group,heterogeneous,iid (across rho)
rho,full,Centralized @rho=0.01,Centralized @rho=0.05,centralized,centralized,3,3,0.01397210603224841,-0.03209954390797235,0.06517569700025869,0.02322317355106618,-0.051110765331363196,0.08088001903103205,n.s.,True,n.s.,True,True,False,False,0.4214669081666074,0.5786404146597028,3,False,group,heterogeneous,non_iid_label (across rho)
rho,full,Centralized @rho=0.01,Centralized @rho=1.00,centralized,centralized,3,5,-0.004998879419598978,-0.04205593686561282,0.022041185001331804,-0.020477696750247798,-0.06661631867306665,0.020235211613604562,n.s.,True,n.s.,True,True,False,False,0.3224598860738195,0.14561992328057935,3,False,group,heterogeneous,non_iid_label (across rho)
rho,full,Centralized @rho=0.05,Centralized @rho=1.00,centralized,centralized,3,5,-0.01897098545184739,-0.06770331282686215,0.020131417816062397,-0.04370087030131398,-0.09682983705199576,0.010783851975613152,n.s.,True,n.s.,True,True,False,False,0.3910779775017731,0.32003563685942643,3,False,group,heterogeneous,non_iid_label (across rho)
rho,full,FedAvg @rho=0.01,FedAvg @rho=0.05,fl,fl,5,5,-0.11397084441517935,-0.2485679642624402,-0.03016717950630564,-0.10796346262640755,-0.20438213282648335,-0.05112314676286154,A<B,True,A<B,True,True,False,False,0.04917918618621112,0.052619332969320476,5,True,group,heterogeneous,non_iid_label (across rho)
rho,full,FedAvg @rho=0.01,FedAvg @rho=1.00,fl,fl,5,5,-0.08322580389247969,-0.24292290262560368,0.03619358069659964,-0.09313098457839886,-0.20712279113320914,0.005899464810678452,n.s.,True,n.s.,True,True,False,False,0.09213335274153085,0.039484700034198454,5,True,group,heterogeneous,non_iid_label (across rho)
rho,full,FedAvg @rho=0.05,FedAvg @rho=1.00,fl,fl,5,5,0.030745040522699663,-0.032204543818233324,0.10316171420669767,0.01483247804800869,-0.057120236348386706,0.10167332230211812,n.s.,True,n.s.,True,True,False,False,0.13109824986192625,0.6249031977330964,5,False,group,heterogeneous,non_iid_label (across rho)
rho,full,FedProx(mu=0.01) @rho=0.01,FedProx(mu=0.01) @rho=0.05,fl,fl,5,5,-0.06781509630049809,-0.20463538951096907,0.02024503911466545,-0.05135503105833972,-0.16349035150342117,0.009711682568594488,n.s.,True,n.s.,True,True,False,False,0.02763548457852041,0.019398675595430126,5,False,group,heterogeneous,non_iid_label (across rho)
rho,full,FedProx(mu=0.01) @rho=0.01,FedProx(mu=0.01) @rho=1.00,fl,fl,5,5,-0.08172116852405342,-0.2378043170031028,0.019927030850716704,-0.10037059921480507,-0.214721610294567,-0.03276734704738818,n.s.,True,A<B,True,True,True,False,0.019086890317822947,0.0018909952188983553,5,False,group,heterogeneous,non_iid_label (across rho)
rho,full,FedProx(mu=0.01) @rho=0.05,FedProx(mu=0.01) @rho=1.00,fl,fl,5,5,-0.013906072223555332,-0.07138205530670735,0.03694486158600765,-0.04901556815646535,-0.1090301255025133,0.014351519041929765,n.s.,True,n.s.,True,True,False,False,0.09559327367493087,0.035753360994970965,5,True,group,heterogeneous,non_iid_label (across rho)
rho,full,Local-only @rho=0.01,Local-only @rho=0.05,local,local,3,3,-0.0921269971288019,-0.2504712148072217,-0.0012407845193713723,-0.17236034228866814,-0.2874132663113194,-0.02501358979043521,A<B,True,A<B,True,True,False,False,0.2559771698333262,0.0884049481063076,3,False,group,heterogeneous,non_iid_label (across rho)
rho,full,Local-only @rho=0.01,Local-only @rho=1.00,local,local,3,5,-0.10011534155004143,-0.26465592846852537,-0.006969545002556353,-0.17725440818410287,-0.29630196455025165,-0.02168237154809021,A<B,True,A<B,True,True,False,False,0.21812724533633426,0.10838636664879962,3,False,group,heterogeneous,non_iid_label (across rho)
rho,full,Local-only @rho=0.05,Local-only @rho=1.00,local,local,3,5,-0.007988344421239524,-0.028114908532270888,0.009534423990936652,-0.004894065895434729,-0.033594722900435456,0.03604447193552678,n.s.,True,n.s.,True,True,False,False,0.18367871483775386,0.7390206473802051,3,False,group,heterogeneous,non_iid_label (across rho)
partition,clean,Centralized,FedAvg,centralized,fl,3,3,0.057943356077953534,-0.06551841078522037,0.14619707681465585,-0.08364307452906916,-0.15857654345360117,0.09331609110529898,n.s.,True,n.s.,True,True,False,True,0.08973403124986772,0.1531206495147578,3,True,group,heterogeneous,dirichlet_0.1
partition,clean,Centralized,FedProx(mu=0.01),centralized,fl,3,3,0.05648974999015932,-0.05158516536729092,0.16525917674714044,-0.01931170295056739,-0.12064339534597451,0.13381439191989922,n.s.,True,n.s.,True,True,False,True,0.20748144080935546,0.7615125373466722,3,True,group,heterogeneous,dirichlet_0.1
partition,clean,Centralized,Local-only,centralized,local,3,3,-0.016967466189604097,-0.11556601594858645,0.06937412557630293,0.22701673569213332,0.08911427026634074,0.3794123764803393,n.s.,True,A>B,True,True,True,True,0.46093127681216717,0.056517231592403204,3,True,group,heterogeneous,dirichlet_0.1
partition,clean,FedAvg,FedProx(mu=0.01),fl,fl,3,3,-0.0014536060877942125,-0.06917715941435733,0.0808899938386933,0.06433137157850177,-0.044886408038893856,0.12855305881765944,n.s.,True,n.s.,True,True,False,True,0.9760911270780509,0.2265640121213033,3,True,group,heterogeneous,dirichlet_0.1
partition,clean,FedAvg,Local-only,fl,local,3,3,-0.07491082226755763,-0.19036562430909437,0.052562120844660346,0.3106598102212025,0.14490555012846437,0.38993988169168003,n.s.,True,A>B,True,True,True,True,0.0034241901762252502,0.012342639253263357,3,True,group,heterogeneous,dirichlet_0.1
partition,clean,FedProx(mu=0.01),Local-only,fl,local,3,3,-0.07345721617976342,-0.2031738132135289,0.048584459231512674,0.2463284386427007,0.10086762752469326,0.3568249814720548,n.s.,True,A>B,True,True,True,True,0.20805233318069838,0.00036584004081864456,3,True,group,heterogeneous,dirichlet_0.1
partition,clean,Centralized,FedAvg,centralized,fl,3,3,0.012170684257865494,-0.06751446584974147,0.09459348730372885,0.02495473475869847,-0.015312941900130831,0.06859718657146893,n.s.,True,n.s.,True,True,False,False,0.7404901399235548,0.0023207230555673222,3,True,group,heterogeneous,dirichlet_0.5
partition,clean,Centralized,FedProx(mu=0.01),centralized,fl,3,3,0.15176855092414465,-0.02720882053751177,0.26340057996277233,0.12446316084259801,0.01784245109614592,0.233321446539373,n.s.,True,A>B,True,True,True,False,0.027851150488040387,0.04625751497083806,3,False,group,heterogeneous,dirichlet_0.5
partition,clean,Centralized,Local-only,centralized,local,3,3,0.027177415868192334,-0.07721715678372225,0.16088732436605147,0.13713622661174973,0.06411343615823725,0.20129208429958492,n.s.,True,A>B,True,True,True,False,0.706782450371761,0.019250496942974194,3,True,group,heterogeneous,dirichlet_0.5
partition,clean,FedAvg,FedProx(mu=0.01),fl,fl,3,3,0.13959786666627916,-0.029847446760078555,0.2732965620031045,0.09950842608389954,-0.005043456198697366,0.19841185788220975,n.s.,True,n.s.,True,True,False,False,0.055096558085085734,0.07049795662292403,3,False,group,heterogeneous,dirichlet_0.5
partition,clean,FedAvg,Local-only,fl,local,3,3,0.01500673161032684,-0.1068910415288211,0.16762678412757112,0.11218149185305126,0.03520752738554995,0.18121301913772,n.s.,True,A>B,True,True,True,False,0.6726970922990477,0.02506629016383822,3,True,group,heterogeneous,dirichlet_0.5
partition,clean,FedProx(mu=0.01),Local-only,fl,local,3,3,-0.12459113505595232,-0.2886187457543349,0.03403307824858319,0.012673065769151726,-0.10321455566081186,0.12736691456009,n.s.,True,n.s.,True,True,False,True,0.17323782033502758,0.7546692548551016,3,True,group,heterogeneous,dirichlet_0.5
partition,clean,Centralized,FedAvg,centralized,fl,3,3,0.20031415708848188,0.04075788283934369,0.31086545267530064,0.16494766249723203,0.08933332077160912,0.25321164386892303,A>B,True,A>B,True,True,False,False,0.06881536380071471,0.04983651705716004,3,True,group,heterogeneous,dirichlet_1
partition,clean,Centralized,FedProx(mu=0.01),centralized,fl,3,3,0.17907915748839098,0.021571819059083973,0.2900261183908242,0.13705103302577204,0.07382880447816385,0.2054571737106386,A>B,True,A>B,True,True,False,False,0.06806447236377705,0.03846087190143222,3,True,group,heterogeneous,dirichlet_1
partition,clean,Centralized,Local-only,centralized,local,3,3,-0.0722055286197909,-0.18235775348255237,0.07618548662646259,-0.02427534665678399,-0.07023821860491143,0.03529946339609457,n.s.,True,n.s.,True,True,False,False,0.22427177436635423,0.4581774377781092,3,False,group,heterogeneous,dirichlet_1
partition,clean,FedAvg,FedProx(mu=0.01),fl,fl,3,3,-0.021234999600090898,-0.06440068145311863,0.018306907694752312,-0.02789662947145999,-0.07379002970845078,0.010205952117505869,n.s.,True,n.s.,True,True,False,False,0.07874537497905434,0.24247585942235994,3,False,group,heterogeneous,dirichlet_1
partition,clean,FedAvg,Local-only,fl,local,3,3,-0.2725196857082728,-0.3954164477186228,-0.021418369340899853,-0.18922300915401602,-0.2569800586509236,-0.12471938584083529,A<B,True,A<B,True,True,False,False,0.005894542176757612,0.010407396999786595,3,False,group,heterogeneous,dirichlet_1
partition,clean,FedProx(mu=0.01),Local-only,fl,local,3,3,-0.2512846861081819,-0.378003718340797,-0.0002416824032855348,-0.16132637968255603,-0.21052478929912205,-0.10820193061436208,A<B,False,A<B,True,False,False,False,0.0038698661116624614,0.00023211715298549577,3,False,group,heterogeneous,dirichlet_1
partition,clean,Centralized,FedAvg,centralized,fl,5,5,0.07772825187446397,-0.02080479030994068,0.2055733797164733,0.07405211721018168,-0.01669314083886853,0.1625865935343988,n.s.,True,n.s.,True,True,False,False,0.19247217185115656,0.20728618478690652,5,False,group,heterogeneous,iid
partition,clean,Centralized,FedProx(mu=0.01),centralized,fl,5,5,0.008564218227558262,-0.04088143201376764,0.06433482372599267,0.0088806866672142,-0.049526064918799864,0.06332786001929853,n.s.,True,n.s.,True,True,False,False,0.2725984468986143,0.26555536472209257,5,False,group,heterogeneous,iid
partition,clean,Centralized,Local-only,centralized,local,5,5,0.08669568505709646,0.030860620731341753,0.20021452449394347,0.09445102707752928,-0.007656747732252422,0.17749677498170052,A>B,True,n.s.,True,True,True,False,0.00032011029758778365,0.0003089671199075764,5,False,group,heterogeneous,iid
partition,clean,FedAvg,FedProx(mu=0.01),fl,fl,5,5,-0.06916403364690571,-0.19183002952816422,0.028041226017267367,-0.06517143054296748,-0.15581207376011527,0.015511787377614297,n.s.,True,n.s.,True,True,False,False,0.23325740766525518,0.24851158607754376,5,False,group,heterogeneous,iid
partition,clean,FedAvg,Local-only,fl,local,5,5,0.00896743318263249,-0.127355014262232,0.17345906368422226,0.020398909867347603,-0.11975705516237925,0.14901313065805424,n.s.,True,n.s.,True,True,False,False,0.8480869218419873,0.6627027536899738,5,False,group,heterogeneous,iid
partition,clean,FedProx(mu=0.01),Local-only,fl,local,5,5,0.0781314668295382,0.022904679748979227,0.19316287292343098,0.08557034041031508,-0.055153667441516764,0.18191189877331299,A>B,True,n.s.,True,True,True,False,0.00260672153971022,0.0019946129228210667,5,False,group,heterogeneous,iid
partition,clean,Centralized,FedAvg,centralized,fl,3,5,0.0675247755969437,-0.014039998149671263,0.20752277349935674,0.0739600884479763,-0.09290989294603033,0.16367194300590873,n.s.,True,n.s.,True,True,False,False,0.07864724832376219,0.07066155164468607,3,False,group,heterogeneous,iid_sub0.01
partition,clean,Centralized,FedProx(mu=0.01),centralized,fl,3,5,0.07602892319718602,-0.009259240030414057,0.22580579813732912,0.0833500998144262,-0.08480725478480337,0.17770891528850455,n.s.,True,n.s.,True,True,False,False,0.012013831352240803,0.010138346356074085,3,False,group,heterogeneous,iid_sub0.01
partition,clean,Centralized,Local-only,centralized,local,3,3,0.12324389167689898,0.031087785495365068,0.2539376593710112,0.12876650011200286,-0.01591334702075591,0.2402295134508848,A>B,True,n.s.,True,True,True,False,0.06291177114297578,0.05381065755600817,3,False,group,heterogeneous,iid_sub0.01
partition,clean,FedAvg,FedProx(mu=0.01),fl,fl,5,5,0.008504147600242318,-0.015079770139925952,0.050950460002476716,0.009390011366449902,-0.009895477700733141,0.044015164071155397,n.s.,True,n.s.,True,True,False,False,0.5048459425379468,0.4841693402582268,5,False,group,heterogeneous,iid_sub0.01
partition,clean,FedAvg,Local-only,fl,local,5,3,0.05571911607995528,0.00043318830960697497,0.13246878410232996,0.054806411664026555,0.009610802609074787,0.12529414850316165,A>B,True,A>B,True,True,False,False,0.3243579543476544,0.32404446886710997,3,False,group,heterogeneous,iid_sub0.01
partition,clean,FedProx(mu=0.01),Local-only,fl,local,5,3,0.04721496847971296,-0.002094328855225538,0.11842325599548531,0.04541640029757665,0.00856578739773706,0.1059350669604385,n.s.,True,A>B,True,True,True,False,0.20416049616056353,0.1955374280902136,3,False,group,heterogeneous,iid_sub0.01
partition,clean,Centralized,FedAvg,centralized,fl,3,5,0.026926849860120394,-0.02982532175256945,0.12447066553394252,0.029194432143906934,-0.03507000880606076,0.09677876218341164,n.s.,True,n.s.,True,True,False,False,0.72651377845781,0.7065333007803606,3,False,group,heterogeneous,iid_sub0.05
partition,clean,Centralized,FedProx(mu=0.01),centralized,fl,3,5,0.02799085580264493,-0.028855831057216366,0.11698871937117165,0.03139166938147242,-0.048189250973151604,0.10277474534185667,n.s.,True,n.s.,True,True,False,False,0.39625505081801654,0.3719994281650019,3,False,group,heterogeneous,iid_sub0.05
partition,clean,Centralized,Local-only,centralized,local,3,3,0.11389202694082057,0.04072207068679491,0.2463623482800008,0.12188649827058362,-0.014578401726258832,0.21344075942537735,A>B,True,n.s.,True,True,True,False,0.03498388599425857,0.030881261505294615,3,False,group,heterogeneous,iid_sub0.05
partition,clean,FedAvg,FedProx(mu=0.01),fl,fl,5,5,0.0010640059425245374,-0.07453393458929809,0.06889024345335909,0.002197237237565486,-0.05898518211139646,0.0644531725686636,n.s.,True,n.s.,True,True,False,False,0.9478860572497889,0.8984384519776949,5,False,group,heterogeneous,iid_sub0.05
partition,clean,FedAvg,Local-only,fl,local,5,3,0.08696517708070017,0.026363568952070735,0.18451823424237812,0.09269206612667669,0.0057321353966417535,0.17213227444018,A>B,True,A>B,True,True,False,False,0.039683840298504705,0.04143595799526791,3,False,group,heterogeneous,iid_sub0.05
partition,clean,FedProx(mu=0.01),Local-only,fl,local,5,3,0.08590117113817564,0.029493420740431767,0.1830100079787154,0.0904948288891112,0.015104071416995626,0.16679359942538666,A>B,True,A>B,True,True,False,False,0.061260204919475106,0.06508260002107792,3,False,group,heterogeneous,iid_sub0.05
partition,clean,Centralized,FedAvg,centralized,fl,5,5,0.021483978572530815,-0.022647483208822317,0.08685269807870581,0.043893169723647874,-0.01235162001015513,0.107811944540686,n.s.,True,n.s.,True,True,False,False,0.2655017226596974,0.09410221056235649,5,False,group,heterogeneous,non_iid_label
partition,clean,Centralized,FedAvg (E=1),centralized,fl,5,3,0.005787143627929425,-0.03147915548147521,0.05697573778262327,0.03810330827739905,-0.017828954515682213,0.08446214695611777,n.s.,True,n.s.,True,True,False,False,0.26058022416226995,0.20133651951481338,3,False,group,heterogeneous,non_iid_label
partition,clean,Centralized,FedAvg (E=2),centralized,fl,5,3,0.005139110323592377,-0.035802789665925434,0.06395781263207129,0.027249109952565798,-0.024422723119643976,0.09482995135098242,n.s.,True,n.s.,True,True,False,False,0.7877583781046307,0.5441768591343039,3,False,group,heterogeneous,non_iid_label
partition,clean,Centralized,FedAvg (R=10),centralized,fl,5,3,-0.023187212648961397,-0.0706172397715171,0.018046281563653805,-0.019548827460320273,-0.06748890062328647,0.029847295538780693,n.s.,True,n.s.,True,True,False,False,0.3190163031982295,0.30930005877260963,3,False,group,heterogeneous,non_iid_label
partition,clean,Centralized,FedAvg (lr=0.0001),centralized,fl,5,3,-0.02159667903762652,-0.07181628111852006,0.03536966455144679,0.019451421675196756,-0.03435804270354086,0.06972441382224898,n.s.,True,n.s.,True,True,False,True,0.11204098467650576,0.4011424760226339,3,True,group,heterogeneous,non_iid_label
partition,clean,Centralized,FedBN (R=10),centralized,fl,5,3,0.003116045125097777,-0.041124001624170944,0.06917916430226613,0.040421216310782326,-0.022290926281404097,0.12665094198423843,n.s.,True,n.s.,True,True,False,False,0.45520602442598157,0.40981316080457836,3,False,group,heterogeneous,non_iid_label
partition,clean,Centralized,FedProx(mu=0.001),centralized,fl,5,3,-0.007434273584842721,-0.04167268323693463,0.022575412917056368,-0.00787544269893492,-0.04365309234482514,0.026770490299504752,n.s.,True,n.s.,True,True,False,False,0.2729234546134632,0.6629531970622013,3,False,group,heterogeneous,non_iid_label
partition,clean,Centralized,FedProx(mu=0.01),centralized,fl,5,5,-0.013087596067326124,-0.050258758774402335,0.02394736989027445,-0.013994192383844917,-0.04935843423802667,0.013789760982789922,n.s.,True,n.s.,True,True,False,False,0.21715672332528083,0.24273811838974665,5,False,group,heterogeneous,non_iid_label
partition,clean,Centralized,FedProx(mu=0.01) (E=1),centralized,fl,5,3,0.0012247066984150123,-0.04499676163474497,0.06144171794698117,0.019432467461328096,-0.049107214588686485,0.08074555307252591,n.s.,True,n.s.,True,True,False,False,0.8619176008114889,0.5238550964882845,3,False,group,heterogeneous,non_iid_label
partition,clean,Centralized,FedProx(mu=0.01) (E=2),centralized,fl,5,3,-0.012973361015097495,-0.04234802241786859,0.01139421016069421,-0.011823946776142291,-0.04485115260978988,0.014459869858948418,n.s.,True,n.s.,True,True,False,False,0.19759672813197063,0.5961238398741434,3,False,group,heterogeneous,non_iid_label
partition,clean,Centralized,FedProx(mu=0.01) (lr=0.0001),centralized,fl,5,3,-0.017463492188195318,-0.05395015241669088,0.019102854830280923,0.007592279951466496,-0.027281018253964298,0.04161200268726748,n.s.,True,n.s.,True,True,False,True,0.1393063341562326,0.6173894398673556,3,True,group,heterogeneous,non_iid_label
partition,clean,Centralized,FedProx(mu=0.05),centralized,fl,5,3,-0.010384895364481839,-0.03977999798563928,0.018884138335359266,-0.0011941053268824664,-0.0366618698316704,0.03836133185920893,n.s.,True,n.s.,True,True,False,False,0.23522473229859397,0.9372675432012496,3,False,group,heterogeneous,non_iid_label
partition,clean,Centralized,FedProx(mu=0.1),centralized,fl,5,3,0.007881951579175372,-0.024866385609427295,0.05473354430206712,0.01822019765626981,-0.029633134653676965,0.07463596054421696,n.s.,True,n.s.,True,True,False,False,0.5461598532279837,0.5861720831446711,3,False,group,heterogeneous,non_iid_label
partition,clean,Centralized,FedProx(mu=0.5),centralized,fl,5,3,0.057301930726163186,-0.01052630359112057,0.16538937161330874,0.07588285555455243,0.01354984211085371,0.16564149331501898,n.s.,True,A>B,True,True,True,False,0.007316068249386728,0.00820935960680991,3,False,group,heterogeneous,non_iid_label
partition,clean,Centralized,Local-only,centralized,local,5,5,-0.005535072409831643,-0.058135969518578495,0.07070488067871074,0.055729515378307726,0.009495949290440174,0.1419624334749558,n.s.,True,A>B,True,True,True,True,0.3092972803676391,0.008424023607610017,5,True,group,heterogeneous,non_iid_label
partition,clean,FedAvg,FedAvg (E=1),fl,fl,5,3,-0.01569683494460139,-0.07060742801018187,0.024204687209641695,-0.005789861446248823,-0.06998744053777832,0.04705660647044925,n.s.,True,n.s.,True,True,False,False,0.7106209852567974,0.9711215902569199,3,False,group,heterogeneous,non_iid_label
partition,clean,FedAvg,FedAvg (E=2),fl,fl,5,3,-0.016344868248938438,-0.07175749274686413,0.02554928341533059,-0.016644059771082076,-0.07867445586257366,0.045463390359323445,n.s.,True,n.s.,True,True,False,False,0.6916475362777066,0.796849216282828,3,False,group,heterogeneous,non_iid_label
partition,clean,FedAvg,FedAvg (R=10),fl,fl,5,3,-0.04467119122149221,-0.12047342569268576,-0.00401737857320646,-0.06344199718396815,-0.13758794037682012,-0.006334406521099697,A<B,True,A<B,True,True,False,False,0.06179843983626542,0.0849699686747895,3,False,group,heterogeneous,non_iid_label
partition,clean,FedAvg,FedAvg (lr=0.0001),fl,fl,5,3,-0.043080657610157336,-0.12538695909550285,0.024008659641921597,-0.024441748048451117,-0.10250202065022428,0.04421594932221193,n.s.,True,n.s.,True,True,False,False,0.10497248206503379,0.4273590311744772,3,False,group,heterogeneous,non_iid_label
partition,clean,FedAvg,FedBN (R=10),fl,fl,5,3,-0.018367933447433038,-0.08333385318498403,0.04066015276228824,-0.003471953412865547,-0.07406054959686563,0.08506261638217133,n.s.,True,n.s.,True,True,False,False,0.612895978156214,0.9537861447315967,3,False,group,heterogeneous,non_iid_label
partition,clean,FedAvg,FedProx(mu=0.001),fl,fl,5,3,-0.028918252157373536,-0.08262943895183839,-0.002978607152821705,-0.051768612422582794,-0.10636174336438267,-0.011120793834567056,A<B,True,A<B,True,True,False,False,0.22844259322587757,0.1626006371609165,3,False,group,heterogeneous,non_iid_label
partition,clean,FedAvg,FedProx(mu=0.01),fl,fl,5,5,-0.03457157463985694,-0.09588243480114648,-0.0017498774034979511,-0.05788736210749279,-0.11760447887186921,-0.016829778279666866,A<B,True,A<B,True,True,False,False,0.18152667619901455,0.08278638256708644,5,False,group,heterogeneous,non_iid_label
partition,clean,FedAvg,FedProx(mu=0.01) (E=1),fl,fl,5,3,-0.020259271874115803,-0.08477309613676015,0.0253290480910839,-0.024460702262319778,-0.10544880910550358,0.039293061226809194,n.s.,True,n.s.,True,True,False,False,0.7107537963618118,0.7581856574969856,3,False,group,heterogeneous,non_iid_label
partition,clean,FedAvg,FedProx(mu=0.01) (E=2),fl,fl,5,3,-0.03445733958762831,-0.09113449167096795,-0.005671345662980691,-0.055717116499790165,-0.11369818490885529,-0.01468601864705263,A<B,True,A<B,True,True,False,False,0.17323430942834803,0.13995277148218774,3,False,group,heterogeneous,non_iid_label
partition,clean,FedAvg,FedProx(mu=0.01) (lr=0.0001),fl,fl,5,3,-0.03894747076072613,-0.11143237216474021,0.01785547828330188,-0.03630088977218138,-0.10378444887208249,0.025585393735372917,n.s.,True,n.s.,True,True,False,False,0.18250752393204342,0.3328449959116556,3,False,group,heterogeneous,non_iid_label
partition,clean,FedAvg,FedProx(mu=0.05),fl,fl,5,3,-0.031868873937012654,-0.09686097785610452,0.017666937109689328,-0.04508727505053034,-0.11010204975808563,0.013471279692292924,n.s.,True,n.s.,True,True,False,False,0.200687798880264,0.1805990616353812,3,False,group,heterogeneous,non_iid_label
partition,clean,FedAvg,FedProx(mu=0.1),fl,fl,5,3,-0.013602026993355443,-0.07519397807031362,0.04222623869645457,-0.025672972067378064,-0.09625089727544739,0.04636924589642055,n.s.,True,n.s.,True,True,False,False,0.8420601503371106,0.7004226089751048,3,False,group,heterogeneous,non_iid_label
partition,clean,FedAvg,FedProx(mu=0.5),fl,fl,5,3,0.03581795215363237,-0.07059736796638437,0.1738685280232176,0.03198968583090456,-0.05652722016500654,0.15133592956300881,n.s.,True,n.s.,True,True,False,False,0.056731706501591254,0.10648772553233624,3,False,group,heterogeneous,non_iid_label
partition,clean,FedAvg,Local-only,fl,local,5,5,-0.027019050982362458,-0.1125783101840007,0.06574185625917459,0.011836345654659852,-0.05706106135048185,0.11317314544528362,n.s.,True,n.s.,True,True,False,True,0.11074299719518836,0.6446865607512319,5,True,group,heterogeneous,non_iid_label
partition,clean,FedAvg (E=1),FedAvg (E=2),fl,fl,3,3,-0.0006480333043370479,-0.04451065920582729,0.04759184058355041,-0.010854198324833253,-0.0671851222281545,0.05812169184576063,n.s.,True,n.s.,True,True,False,False,0.9832568703560416,0.78768160135944,3,False,group,heterogeneous,non_iid_label
partition,clean,FedAvg (E=1),FedAvg (R=10),fl,fl,3,3,-0.028974356276890822,-0.08805845858811055,0.009194135438100454,-0.05765213573771932,-0.11618151552018209,0.0024288480040056707,n.s.,True,n.s.,True,True,False,False,0.2618042248836779,0.23423722450942264,3,False,group,heterogeneous,non_iid_label
partition,clean,FedAvg (E=1),FedAvg (lr=0.0001),fl,fl,3,3,-0.027383822665555946,-0.08705532088546018,0.022731308168554298,-0.018651886602202294,-0.07107783256893471,0.035114044791057106,n.s.,True,n.s.,True,True,False,False,0.1475956858455288,0.4831888705291006,3,False,group,heterogeneous,non_iid_label
partition,clean,FedAvg (E=1),FedBN (R=10),fl,fl,3,3,-0.002671098502831648,-0.05039175533601097,0.04807450279446368,0.0023179080333832758,-0.06434315488329219,0.08331377323913454,n.s.,True,n.s.,True,True,False,True,0.4070580974001958,0.9265178006503509,3,True,group,heterogeneous,non_iid_label
partition,clean,FedAvg (E=1),FedProx(mu=0.001),fl,fl,3,3,-0.013221417212772146,-0.05875765050627585,0.017096815686394585,-0.04597875097633397,-0.08989796424404412,0.004429486746919894,n.s.,True,n.s.,True,True,False,False,0.2644822075664523,0.09001760927418942,3,False,group,heterogeneous,non_iid_label
partition,clean,FedAvg (E=1),FedProx(mu=0.01),fl,fl,3,5,-0.01887473969525555,-0.06697301817377826,0.017829325831798876,-0.05209750066124397,-0.09653199849036079,-0.0028274676266128967,n.s.,True,A<B,True,True,True,False,0.3241908851047587,0.003192208315672397,3,True,group,heterogeneous,non_iid_label
partition,clean,FedAvg (E=1),FedProx(mu=0.01) (E=1),fl,fl,3,3,-0.004562436929514413,-0.056701064263773165,0.045875918164940015,-0.018670840816070955,-0.08963155379732855,0.04248370060398722,n.s.,True,n.s.,True,True,False,False,0.7162414726494084,0.5494052049514031,3,False,group,heterogeneous,non_iid_label
partition,clean,FedAvg (E=1),FedProx(mu=0.01) (E=2),fl,fl,3,3,-0.01876050464302692,-0.06137005747057049,0.008191209530624067,-0.04992725505354134,-0.0922540108722029,-0.0007469088243804685,n.s.,True,A<B,True,True,True,False,0.2148563642746313,0.08853925650890918,3,False,group,heterogeneous,non_iid_label
partition,clean,FedAvg (E=1),FedProx(mu=0.01) (lr=0.0001),fl,fl,3,3,-0.023250635816124743,-0.07580353465881,0.014160292784657937,-0.030511028325932554,-0.0745394317972155,0.02473889678447217,n.s.,True,n.s.,True,True,False,False,0.15258496380881575,0.14854694608213934,3,False,group,heterogeneous,non_iid_label
partition,clean,FedAvg (E=1),FedProx(mu=0.05),fl,fl,3,3,-0.016172038992411264,-0.0642776881461658,0.02545468968849682,-0.03929741360428152,-0.08996925954115582,0.028851738827546825,n.s.,True,n.s.,True,True,False,False,0.23912800788291794,0.15039208339153987,3,False,group,heterogeneous,non_iid_label
partition,clean,FedAvg (E=1),FedProx(mu=0.1),fl,fl,3,3,0.002094807951245947,-0.04656918705601331,0.0577386737325435,-0.01988311062112924,-0.07911818098717643,0.06209645760546803,n.s.,True,n.s.,True,True,False,True,0.8767646517998666,0.21294461612884247,3,True,group,heterogeneous,non_iid_label
partition,clean,FedAvg (E=1),FedProx(mu=0.5),fl,fl,3,3,0.05151478709823376,-0.03659450883829564,0.17801259754312027,0.03777954727715338,-0.034776924737473125,0.1544570081320095,n.s.,True,n.s.,True,True,False,False,0.03581492554018442,0.2758946653818214,3,True,group,heterogeneous,non_iid_label
partition,clean,FedAvg (E=1),Local-only,fl,local,3,5,-0.011322216037761068,-0.07604120546694872,0.06106102843370177,0.017626207100908675,-0.03424874706414967,0.1116027272353475,n.s.,True,n.s.,True,True,False,True,0.20140277845472693,0.006100504861360651,3,True,group,heterogeneous,non_iid_label
partition,clean,FedAvg (E=2),FedAvg (R=10),fl,fl,3,3,-0.028326322972553775,-0.0932967347704139,0.012330527583744108,-0.04679793741288607,-0.12071957534630728,0.013437330969989803,n.s.,True,n.s.,True,True,False,False,0.43141644707636884,0.41710046211373325,3,False,group,heterogeneous,non_iid_label
partition,clean,FedAvg (E=2),FedAvg (lr=0.0001),fl,fl,3,3,-0.026735789361218898,-0.09575118027008063,0.03282455628796089,-0.0077976882773690415,-0.0869871761544237,0.060352627310163796,n.s.,True,n.s.,True,True,False,False,0.2303339319403458,0.7355359922724216,3,False,group,heterogeneous,non_iid_label
partition,clean,FedAvg (E=2),FedBN (R=10),fl,fl,3,3,-0.0020230651984946,-0.05754444009959576,0.0541351996273473,0.013172106358216529,-0.06387264473132673,0.10292491934559116,n.s.,True,n.s.,True,True,False,True,0.949586024603924,0.8269855753307362,3,True,group,heterogeneous,non_iid_label
partition,clean,FedAvg (E=2),FedProx(mu=0.001),fl,fl,3,3,-0.012573383908435098,-0.06280319708249886,0.01688814064244928,-0.03512455265150072,-0.09483609761018941,0.0033521055661509813,n.s.,True,n.s.,True,True,False,False,0.5832492258786717,0.3558833201806029,3,False,group,heterogeneous,non_iid_label
partition,clean,FedAvg (E=2),FedProx(mu=0.01),fl,fl,3,5,-0.0182267063909185,-0.07213041268144166,0.0191322951047777,-0.041243302336410714,-0.10393487088944346,-0.002317035026878225,n.s.,True,A<B,True,True,True,False,0.6334953637874212,0.3426229138720967,3,False,group,heterogeneous,non_iid_label
partition,clean,FedAvg (E=2),FedProx(mu=0.01) (E=1),fl,fl,3,3,-0.003914403625177365,-0.06183711538255824,0.04859234139100673,-0.007816642491237702,-0.09155507716905048,0.06043133022163283,n.s.,True,n.s.,True,True,False,False,0.9255617691431168,0.9088621592741051,3,False,group,heterogeneous,non_iid_label
partition,clean,FedAvg (E=2),FedProx(mu=0.01) (E=2),fl,fl,3,3,-0.018112471338689873,-0.06757429233327801,0.005815198903433313,-0.03907305672870809,-0.10138677115925175,-0.0021547846830837266,n.s.,True,A<B,True,True,True,False,0.39965624166734665,0.26033758679650437,3,False,group,heterogeneous,non_iid_label
partition,clean,FedAvg (E=2),FedProx(mu=0.01) (lr=0.0001),fl,fl,3,3,-0.022602602511787695,-0.08335725070896735,0.025751349260062433,-0.0196568300010993,-0.09001147998295607,0.03801818059185347,n.s.,True,n.s.,True,True,False,False,0.3191900098825949,0.5290377969954696,3,False,group,heterogeneous,non_iid_label
partition,clean,FedAvg (E=2),FedProx(mu=0.05),fl,fl,3,3,-0.015524005688074216,-0.07052464722614762,0.026553341759953445,-0.028443215279448264,-0.09465779367700888,0.02552713043928532,n.s.,True,n.s.,True,True,False,False,0.4758089877001129,0.468975461573852,3,False,group,heterogeneous,non_iid_label
partition,clean,FedAvg (E=2),FedProx(mu=0.1),fl,fl,3,3,0.002742841255582995,-0.05390634169566064,0.06203751923808952,-0.009028912296295988,-0.08276844862292085,0.06234960298476532,n.s.,True,n.s.,True,True,False,True,0.9283556167827378,0.8034748819981449,3,True,group,heterogeneous,non_iid_label
partition,clean,FedAvg (E=2),FedProx(mu=0.5),fl,fl,3,3,0.05216282040257081,-0.04300184376534079,0.18470148358278196,0.04863374560198663,-0.043169435305781975,0.16492032062577675,n.s.,True,n.s.,True,True,False,False,0.10976499662738981,0.31828812604787526,3,False,group,heterogeneous,non_iid_label
partition,clean,FedAvg (E=2),Local-only,fl,local,3,5,-0.01067418273342402,-0.08279552123217458,0.07473065445558293,0.028480405425741928,-0.042107885164149095,0.1290506268747582,n.s.,True,n.s.,True,True,False,True,0.5998143456397387,0.5267980741511518,3,True,group,heterogeneous,non_iid_label
partition,clean,FedAvg (R=10),FedAvg (lr=0.0001),fl,fl,3,3,0.0015905336113348767,-0.05217305069216761,0.059171326851077025,0.03900024913551703,-0.021465301901171522,0.09932626085211835,n.s.,True,n.s.,True,True,False,False,0.9373729354693097,0.28485568452078563,3,False,group,heterogeneous,non_iid_label
partition,clean,FedAvg (R=10),FedBN (R=10),fl,fl,3,3,0.026303257774059174,-0.019689009635971515,0.09343071488230556,0.0599700437711026,-0.012462984825720197,0.15278251077220834,n.s.,True,n.s.,True,True,False,False,0.25539997070024495,0.3813879137005843,3,False,group,heterogeneous,non_iid_label
partition,clean,FedAvg (R=10),FedProx(mu=0.001),fl,fl,3,3,0.015752939064118676,-0.021691570559536712,0.0617248155770524,0.011673384761385353,-0.03432977749786572,0.05816853559417968,n.s.,True,n.s.,True,True,False,False,0.42265351979038585,0.6521126441557477,3,False,group,heterogeneous,non_iid_label
partition,clean,FedAvg (R=10),FedProx(mu=0.01),fl,fl,3,5,0.010099616581635273,-0.029906799171769135,0.0614394758824508,0.005554635076475356,-0.039402991252970095,0.04676970508392024,n.s.,True,n.s.,True,True,False,False,0.7438043439027657,0.9007179127667401,3,False,group,heterogeneous,non_iid_label
partition,clean,FedAvg (R=10),FedProx(mu=0.01) (E=1),fl,fl,3,3,0.02441191934737641,-0.020922324923310587,0.0936278269089925,0.03898129492164837,-0.0303632219997327,0.10995723478150397,n.s.,True,n.s.,True,True,False,False,0.4705895637375997,0.4063566151113657,3,False,group,heterogeneous,non_iid_label
partition,clean,FedAvg (R=10),FedProx(mu=0.01) (E=2),fl,fl,3,3,0.010213851633863902,-0.024239678611472158,0.05025012604810872,0.007724880684177982,-0.03440569809156528,0.04588861075910772,n.s.,True,n.s.,True,True,False,False,0.6202239459045671,0.7884193195365021,3,False,group,heterogeneous,non_iid_label
partition,clean,FedAvg (R=10),FedProx(mu=0.01) (lr=0.0001),fl,fl,3,3,0.00572372046076608,-0.03812759014290976,0.05055816371419263,0.02714110741178677,-0.020417922630707797,0.07476021373152564,n.s.,True,n.s.,True,True,False,False,0.8032422468878873,0.4165721177598197,3,False,group,heterogeneous,non_iid_label
partition,clean,FedAvg (R=10),FedProx(mu=0.05),fl,fl,3,3,0.012802317284479559,-0.026592624034328004,0.05833965439060729,0.018354722133437806,-0.029993369800409002,0.06757016489621331,n.s.,True,n.s.,True,True,False,False,0.5331854807329881,0.4282807543741691,3,False,group,heterogeneous,non_iid_label
partition,clean,FedAvg (R=10),FedProx(mu=0.1),fl,fl,3,3,0.03106916422813677,-0.011321769492694232,0.0987814609314288,0.03776902511659008,-0.016870838745764383,0.11022963925740224,n.s.,True,n.s.,True,True,False,False,0.4055734753912342,0.4794463837872543,3,False,group,heterogeneous,non_iid_label
partition,clean,FedAvg (R=10),FedProx(mu=0.5),fl,fl,3,3,0.08048914337512458,-0.00030896745823622126,0.21084977410791905,0.0954316830148727,0.027857747530587104,0.2032283703787626,n.s.,False,A>B,True,False,False,False,0.030436648266297262,0.011382701353897568,3,False,group,heterogeneous,non_iid_label
partition,clean,FedAvg (R=10),Local-only,fl,local,3,5,0.017652140239129754,-0.0396406956320918,0.1004844129623043,0.075278342838628,0.012964601206756552,0.17361479413227598,n.s.,True,A>B,True,True,True,False,0.479051860135076,0.15600869942198858,3,False,group,heterogeneous,non_iid_label
partition,clean,FedAvg (lr=0.0001),FedBN (R=10),fl,fl,3,3,0.024712724162724298,-0.02548794069458971,0.08073571772964935,0.02096979463558557,-0.05567376636422704,0.10614618721943221,n.s.,True,n.s.,True,True,False,False,0.1902664324012168,0.6784382658106083,3,False,group,heterogeneous,non_iid_label
partition,clean,FedAvg (lr=0.0001),FedProx(mu=0.001),fl,fl,3,3,0.0141624054527838,-0.053518035728033764,0.0715607057127071,-0.027326864374131676,-0.08733448213047365,0.036371573974050206,n.s.,True,n.s.,True,True,False,True,0.06408646032175215,0.11711049158393308,3,True,group,heterogeneous,non_iid_label
partition,clean,FedAvg (lr=0.0001),FedProx(mu=0.01),fl,fl,3,5,0.008509082970300397,-0.05472531229069212,0.0707245292700688,-0.03344561405904167,-0.09135690808481142,0.021745859592199678,n.s.,True,n.s.,True,True,False,True,0.6340876344176893,0.21891206011940323,3,True,group,heterogeneous,non_iid_label
partition,clean,FedAvg (lr=0.0001),FedProx(mu=0.01) (E=1),fl,fl,3,3,0.022821385736041533,-0.038747399940223644,0.09556658294820132,-1.8954213868660474e-05,-0.07292904187312267,0.06660764631272977,n.s.,True,n.s.,True,True,False,True,0.4135270203255121,0.9996883556868112,3,True,group,heterogeneous,non_iid_label
partition,clean,FedAvg (lr=0.0001),FedProx(mu=0.01) (E=2),fl,fl,3,3,0.008623318022529025,-0.05073520010327261,0.05576040969319862,-0.03127536845133905,-0.08643252667670927,0.02090004761541439,n.s.,True,n.s.,True,True,False,True,0.02585237343842827,0.04051013606726743,3,True,group,heterogeneous,non_iid_label
partition,clean,FedAvg (lr=0.0001),FedProx(mu=0.01) (lr=0.0001),fl,fl,3,3,0.004133186849431203,-0.028628429164885626,0.029941324464808225,-0.01185914172373026,-0.04436552529776385,0.0281984232299516,n.s.,True,n.s.,True,True,False,True,0.3376315627264203,0.30820756072670996,3,True,group,heterogeneous,non_iid_label
partition,clean,FedAvg (lr=0.0001),FedProx(mu=0.05),fl,fl,3,3,0.011211783673144682,-0.04051972833203513,0.053260985444959934,-0.020645527002079223,-0.07721301543842463,0.04259703634610584,n.s.,True,n.s.,True,True,False,True,0.03510797891756722,0.23253257310242667,3,True,group,heterogeneous,non_iid_label
partition,clean,FedAvg (lr=0.0001),FedProx(mu=0.1),fl,fl,3,3,0.029478630616801893,-0.03146187351340878,0.10026954177421504,-0.0012312240189269463,-0.06691370394996876,0.08064225989959337,n.s.,True,n.s.,True,True,False,True,0.20397104282803363,0.9654117253449584,3,True,group,heterogeneous,non_iid_label
partition,clean,FedAvg (lr=0.0001),FedProx(mu=0.5),fl,fl,3,3,0.0788986097637897,0.01237193681600918,0.18865191221118716,0.056431433879355675,-0.0006979970553359575,0.1546193458219596,A>B,True,n.s.,True,True,True,False,0.0024407109497738134,0.0810427901249276,3,True,group,heterogeneous,non_iid_label
partition,clean,FedAvg (lr=0.0001),Local-only,fl,local,3,5,0.016061606627794878,-0.019956489150761137,0.06594975982224378,0.03627809370311097,-0.002532232065666308,0.1278814800523426,n.s.,True,n.s.,True,True,False,False,0.1053293198330705,0.2516347042117325,3,False,group,heterogeneous,non_iid_label
partition,clean,FedBN (R=10),FedProx(mu=0.001),fl,fl,3,3,-0.010550318709940498,-0.07761844355759774,0.03147693744575404,-0.04829665900971725,-0.13327594886842678,0.00032834051497220745,n.s.,True,n.s.,True,True,False,False,0.36366016216500363,0.32146871280662537,3,False,group,heterogeneous,non_iid_label
partition,clean,FedBN (R=10),FedProx(mu=0.01),fl,fl,3,5,-0.0162036411924239,-0.08334696751305647,0.03134378649143393,-0.05441540869462724,-0.14217690083641352,-0.0005143644040588601,n.s.,True,A<B,True,True,True,False,0.4539225609445031,0.15706798073105405,3,False,group,heterogeneous,non_iid_label
partition,clean,FedBN (R=10),FedProx(mu=0.01) (E=1),fl,fl,3,3,-0.0018913384266827649,-0.06569343205284772,0.058237354894626225,-0.02098874884945423,-0.12413932590905775,0.05993356568433344,n.s.,True,n.s.,True,True,False,False,0.8864551309095658,0.5263715945835814,3,False,group,heterogeneous,non_iid_label
partition,clean,FedBN (R=10),FedProx(mu=0.01) (E=2),fl,fl,3,3,-0.016089406140195273,-0.07870204311520049,0.02066289237932613,-0.05224516308692462,-0.13822707009110036,0.0013803477198845952,n.s.,True,n.s.,True,True,False,False,0.2898163568234642,0.30382318546963816,3,False,group,heterogeneous,non_iid_label
partition,clean,FedBN (R=10),FedProx(mu=0.01) (lr=0.0001),fl,fl,3,3,-0.020579537313293095,-0.0760241171105132,0.017269926346286626,-0.03282893635931583,-0.11478014390931053,0.033681321288789486,n.s.,True,n.s.,True,True,False,False,0.22052774996206134,0.45174823730644453,3,False,group,heterogeneous,non_iid_label
partition,clean,FedBN (R=10),FedProx(mu=0.05),fl,fl,3,3,-0.013500940489579616,-0.07523448640115296,0.030060099263114422,-0.04161532163766479,-0.1326835116246563,0.02480036950551946,n.s.,True,n.s.,True,True,False,False,0.3275526760058523,0.3979367980672356,3,False,group,heterogeneous,non_iid_label
partition,clean,FedBN (R=10),FedProx(mu=0.1),fl,fl,3,3,0.004765906454077595,-0.06455304363599497,0.06894028969921655,-0.022201018654512517,-0.12002520047202878,0.05984359827679311,n.s.,True,n.s.,True,True,False,True,0.7733726519391242,0.4043444162263257,3,True,group,heterogeneous,non_iid_label
partition,clean,FedBN (R=10),FedProx(mu=0.5),fl,fl,3,3,0.05418588560106541,-0.03450835763478503,0.1781512508917988,0.035461639243770104,-0.06667187163858887,0.1565046762924342,n.s.,True,n.s.,True,True,False,False,0.032885491337445616,0.5254398307564865,3,True,group,heterogeneous,non_iid_label
partition,clean,FedBN (R=10),Local-only,fl,local,3,5,-0.00865111753492942,-0.06670474143730143,0.055670461445753515,0.0153082990675254,-0.052384586796684236,0.10718164037768241,n.s.,True,n.s.,True,True,False,True,0.33097903927054984,0.5878671695429405,3,True,group,heterogeneous,non_iid_label
partition,clean,FedProx(mu=0.001),FedProx(mu=0.01),fl,fl,3,5,-0.005653322482483403,-0.03214312143110432,0.01765318799896333,-0.0061187496849099965,-0.03291441493123537,0.007565613143848938,n.s.,True,n.s.,True,True,False,False,0.8435792886673137,0.6043481856266242,3,False,group,heterogeneous,non_iid_label
partition,clean,FedProx(mu=0.001),FedProx(mu=0.01) (E=1),fl,fl,3,3,0.008658980283257733,-0.03249575749629099,0.06061829414515427,0.027307910160263016,-0.04349745966793295,0.08471842860391506,n.s.,True,n.s.,True,True,False,False,0.6988164427212264,0.49298652389087344,3,False,group,heterogeneous,non_iid_label
partition,clean,FedProx(mu=0.001),FedProx(mu=0.01) (E=2),fl,fl,3,3,-0.005539087430254774,-0.018303159726378738,0.0064812768883432854,-0.003948504077207371,-0.028933641850042435,0.008958050110457376,n.s.,True,n.s.,True,True,False,False,0.16202405344128346,0.46138413316521826,3,False,group,heterogeneous,non_iid_label
partition,clean,FedProx(mu=0.001),FedProx(mu=0.01) (lr=0.0001),fl,fl,3,3,-0.010029218603352597,-0.05090986646147048,0.03729775540946286,0.015467722650401416,-0.031106108261745556,0.05936709426883291,n.s.,True,n.s.,True,True,False,True,0.15703238626329927,0.07880798256223517,3,True,group,heterogeneous,non_iid_label
partition,clean,FedProx(mu=0.001),FedProx(mu=0.05),fl,fl,3,3,-0.0029506217796391176,-0.0340620917869837,0.036609202101000125,0.006681337372052454,-0.02540063270220764,0.04508159770188069,n.s.,True,n.s.,True,True,False,True,0.24203515996606112,0.20907796740850443,3,True,group,heterogeneous,non_iid_label
partition,clean,FedProx(mu=0.001),FedProx(mu=0.1),fl,fl,3,3,0.015316225164018094,-0.014428329686433459,0.0667333771214196,0.02609564035520473,-0.028514853955295308,0.08437597151449,n.s.,True,n.s.,True,True,False,False,0.4199372946874036,0.36149483798909476,3,False,group,heterogeneous,non_iid_label
partition,clean,FedProx(mu=0.001),FedProx(mu=0.5),fl,fl,3,3,0.06473620431100591,-0.02017287124498648,0.20013938636317935,0.08375829825348735,0.0005101274688289731,0.1927527244074431,n.s.,True,A>B,True,True,True,False,0.0008198665154631093,0.020462176341196302,3,False,group,heterogeneous,non_iid_label
partition,clean,FedProx(mu=0.001),Local-only,fl,local,3,5,0.0018992011750110782,-0.05567735233234744,0.08995917739429142,0.06360495807724265,0.014078257267631521,0.15313338384579264,n.s.,True,A>B,True,True,True,False,0.9954208054725846,0.050063873407217976,3,False,group,heterogeneous,non_iid_label
partition,clean,FedProx(mu=0.01),FedProx(mu=0.01) (E=1),fl,fl,5,3,0.014312302765741136,-0.031267688141194586,0.07191169516235772,0.03342665984517301,-0.02922267548776212,0.09258292343249773,n.s.,True,n.s.,True,True,False,False,0.42217848286529713,0.31924194089531766,3,False,group,heterogeneous,non_iid_label
partition,clean,FedProx(mu=0.01),FedProx(mu=0.01) (E=2),fl,fl,5,3,0.0001142350522286284,-0.028737331418437765,0.02011888415449722,0.0021702456077026255,-0.014946387554472605,0.01769268613928174,n.s.,True,n.s.,True,True,False,False,0.9348473871875755,0.8280692573385776,3,False,group,heterogeneous,non_iid_label
partition,clean,FedProx(mu=0.01),FedProx(mu=0.01) (lr=0.0001),fl,fl,5,3,-0.004375896120869194,-0.05295244953574245,0.040875880426331314,0.021586472335311413,-0.013978178978044861,0.0635237076523468,n.s.,True,n.s.,True,True,False,True,0.7260077078243823,0.17085984931913759,3,True,group,heterogeneous,non_iid_label
partition,clean,FedProx(mu=0.01),FedProx(mu=0.05),fl,fl,5,3,0.002702700702844285,-0.037295862678149355,0.04053836734790134,0.01280008705696245,-0.013914638564243633,0.05206160178684791,n.s.,True,n.s.,True,True,False,False,0.9600250827669369,0.4310714477980118,3,False,group,heterogeneous,non_iid_label
partition,clean,FedProx(mu=0.01),FedProx(mu=0.1),fl,fl,5,3,0.020969547646501496,-0.01378273293125025,0.07681077977681862,0.032214390040114727,-0.01062218114173373,0.09235980462025178,n.s.,True,n.s.,True,True,False,False,0.018793722676350127,0.12769942530197695,3,True,group,heterogeneous,non_iid_label
partition,clean,FedProx(mu=0.01),FedProx(mu=0.5),fl,fl,5,3,0.07038952679348931,-0.016239659993274837,0.20512522051475834,0.08987704793839735,0.02113746823120825,0.1981064309668681,n.s.,True,A>B,True,True,True,False,0.0712957908364303,0.05574642660414026,3,False,group,heterogeneous,non_iid_label
partition,clean,FedProx(mu=0.01),Local-only,fl,local,5,5,0.007552523657494481,-0.056717972689427,0.09580392167218427,0.06972370776215264,0.020401945018355926,0.16486580080802313,n.s.,True,A>B,True,True,True,False,0.437540532839039,7.848627941727462e-05,5,True,group,heterogeneous,non_iid_label
partition,clean,FedProx(mu=0.01) (E=1),FedProx(mu=0.01) (E=2),fl,fl,3,3,-0.014198067713512508,-0.06683246786634243,0.02302107126254318,-0.03125641423747039,-0.08736618149997119,0.031249586708667957,n.s.,True,n.s.,True,True,False,False,0.5670944489559209,0.48302028891838383,3,False,group,heterogeneous,non_iid_label
partition,clean,FedProx(mu=0.01) (E=1),FedProx(mu=0.01) (lr=0.0001),fl,fl,3,3,-0.01868819888661033,-0.08391527565123397,0.030309682866295908,-0.0118401875098616,-0.07260894173284167,0.05517042999719134,n.s.,True,n.s.,True,True,False,False,0.448494924535548,0.7666544054439504,3,False,group,heterogeneous,non_iid_label
partition,clean,FedProx(mu=0.01) (E=1),FedProx(mu=0.05),fl,fl,3,3,-0.011609602062896851,-0.07104204407585117,0.03429266787945638,-0.020626572788210562,-0.08199207402576049,0.05040196031450846,n.s.,True,n.s.,True,True,False,False,0.6247670835907106,0.5865867432767381,3,False,group,heterogeneous,non_iid_label
partition,clean,FedProx(mu=0.01) (E=1),FedProx(mu=0.1),fl,fl,3,3,0.00665724488076036,-0.050411063967759615,0.06839029846619969,-0.0012122698050582859,-0.06836494122673406,0.08438464270687054,n.s.,True,n.s.,True,True,False,True,0.6716769089242389,0.9756662328793052,3,True,group,heterogeneous,non_iid_label
partition,clean,FedProx(mu=0.01) (E=1),FedProx(mu=0.5),fl,fl,3,3,0.056077224027748174,-0.039761035668333077,0.18649586130743492,0.056450388093224335,-0.02342321431558659,0.17790880940726808,n.s.,True,n.s.,True,True,False,False,0.11531893695789773,0.24815701647956512,3,False,group,heterogeneous,non_iid_label
partition,clean,FedProx(mu=0.01) (E=1),Local-only,fl,local,3,5,-0.006759779108246655,-0.08393788223095823,0.0787891339525385,0.03629704791697963,-0.0324231272015474,0.14902650410605778,n.s.,True,n.s.,True,True,False,True,0.6666706620890168,0.29313915236475424,3,True,group,heterogeneous,non_iid_label
partition,clean,FedProx(mu=0.01) (E=2),FedProx(mu=0.01) (lr=0.0001),fl,fl,3,3,-0.004490131173097822,-0.03618677689790337,0.03662393591835382,0.019416226727608787,-0.013890850332905125,0.05845771646187056,n.s.,True,n.s.,True,True,False,True,0.24339663699317138,0.018775271216240712,3,True,group,heterogeneous,non_iid_label
partition,clean,FedProx(mu=0.01) (E=2),FedProx(mu=0.05),fl,fl,3,3,0.0025884656506156567,-0.02023987218968739,0.035721853615144135,0.010629841449259825,-0.01266649596033323,0.0471449014253204,n.s.,True,n.s.,True,True,False,False,0.08150070246759704,0.2900341703873316,3,False,group,heterogeneous,non_iid_label
partition,clean,FedProx(mu=0.01) (E=2),FedProx(mu=0.1),fl,fl,3,3,0.020855312594272868,-0.00403816340597094,0.07258260488898635,0.0300441444324121,-0.012320679366299537,0.08804846648715961,n.s.,True,n.s.,True,True,False,False,0.29792582742015167,0.2924471939167469,3,False,group,heterogeneous,non_iid_label
partition,clean,FedProx(mu=0.01) (E=2),FedProx(mu=0.5),fl,fl,3,3,0.07027529174126068,-0.008118561174352081,0.200928095521203,0.08770680233069472,0.01971365637097282,0.19246078349841275,n.s.,True,A>B,True,True,True,False,0.0021218648256735085,0.02789459299590182,3,False,group,heterogeneous,non_iid_label
partition,clean,FedProx(mu=0.01) (E=2),Local-only,fl,local,3,5,0.0074382886052658526,-0.04222841124881543,0.09207137904966262,0.06755346215445002,0.020202774483712174,0.1601294657112241,n.s.,True,A>B,True,True,True,False,0.26578416167885954,0.053438565170530285,3,False,group,heterogeneous,non_iid_label
partition,clean,FedProx(mu=0.01) (lr=0.0001),FedProx(mu=0.05),fl,fl,3,3,0.007078596823713479,-0.02786047291186734,0.037789980028766865,-0.008786385278348963,-0.050404047859629555,0.03388400397135061,n.s.,True,n.s.,True,True,False,True,0.1443372113557447,0.3984946583989426,3,True,group,heterogeneous,non_iid_label
partition,clean,FedProx(mu=0.01) (lr=0.0001),FedProx(mu=0.1),fl,fl,3,3,0.02534544376737069,-0.01558582013178374,0.08280960584016178,0.010627917704803314,-0.04058059981516215,0.07331371059600797,n.s.,True,n.s.,True,True,False,False,0.18119061694586386,0.6272395241552394,3,False,group,heterogeneous,non_iid_label
partition,clean,FedProx(mu=0.01) (lr=0.0001),FedProx(mu=0.5),fl,fl,3,3,0.0747654229143585,0.011334181670575415,0.18556810678703364,0.06829057560308593,0.017943516961429012,0.15502047751418746,A>B,True,A>B,True,True,False,False,0.005990313358276317,0.05384916212274562,3,True,group,heterogeneous,non_iid_label
partition,clean,FedProx(mu=0.01) (lr=0.0001),Local-only,fl,local,3,5,0.011928419778363675,-0.01667233470550612,0.06415145974416867,0.04813723542684123,0.013704391393236074,0.12920954208673427,n.s.,True,A>B,True,True,True,False,0.09948200899475551,0.07261026940649362,3,False,group,heterogeneous,non_iid_label
partition,clean,FedProx(mu=0.05),FedProx(mu=0.1),fl,fl,3,3,0.01826684694365721,-0.012757797380568182,0.06920747435458073,0.019414302983152276,-0.027346500665435234,0.07317955293694876,n.s.,True,n.s.,True,True,False,False,0.3424485700756462,0.5265861017620145,3,False,group,heterogeneous,non_iid_label
partition,clean,FedProx(mu=0.05),FedProx(mu=0.5),fl,fl,3,3,0.06768682609064502,-0.002301419290037604,0.18395338328112174,0.0770769608814349,0.009690065685999219,0.1761500098918652,n.s.,True,A>B,True,True,True,False,0.0016893071007502661,0.012423838782551157,3,False,group,heterogeneous,non_iid_label
partition,clean,FedProx(mu=0.05),Local-only,fl,local,3,5,0.004849822954650196,-0.04293787264813506,0.07937633026465782,0.05692362070519019,0.001029718326946261,0.15104290420197108,n.s.,True,A>B,True,True,True,False,0.4361350277510032,0.07936573014340269,3,False,group,heterogeneous,non_iid_label
partition,clean,FedProx(mu=0.1),FedProx(mu=0.5),fl,fl,3,3,0.049419979146987814,-0.034945188427118724,0.16695449072162424,0.05766265789828262,-0.012469947810169234,0.154508209622556,n.s.,True,n.s.,True,True,False,False,0.10127791506343001,0.23386071562474264,3,False,group,heterogeneous,non_iid_label
partition,clean,FedProx(mu=0.1),Local-only,fl,local,3,5,-0.013417023989007015,-0.08508525577181746,0.0656174867364811,0.037509317722037916,-0.0310055726334194,0.14048259217511957,n.s.,True,n.s.,True,True,False,True,0.33768461456930965,0.09695707981953998,3,True,group,heterogeneous,non_iid_label
partition,clean,FedProx(mu=0.5),Local-only,fl,local,3,5,-0.06283700313599483,-0.1666613503377619,0.01031493569731378,-0.020153340176244705,-0.10128824517237972,0.0713448694430566,n.s.,True,n.s.,True,True,False,False,0.005516207215264286,0.4839228322104732,3,True,group,heterogeneous,non_iid_label
partition,clean,Centralized,FedAvg,centralized,fl,3,5,0.10090133047332706,0.00589334821527314,0.24133287591092323,0.11564627504039349,0.0323714980792279,0.21090659224763095,A>B,True,A>B,True,True,False,False,0.266135705730297,0.1705926161303224,3,False,group,heterogeneous,non_iid_label_sub0.01
partition,clean,Centralized,FedProx(mu=0.01),centralized,fl,3,5,0.06548171703324424,-0.021026894486907827,0.20996255036729866,0.06775428925362426,0.007361623418920118,0.16511075654209195,n.s.,True,A>B,True,True,True,False,0.21160522599129625,0.02249013393688292,3,True,group,heterogeneous,non_iid_label_sub0.01
partition,clean,Centralized,Local-only,centralized,local,3,3,0.08894021877101799,-0.015277861800657981,0.2712068199400557,0.20707398728295068,0.0695491775404235,0.33601751651993106,n.s.,True,A>B,True,True,True,False,0.2523663435268374,0.05885805515936552,3,False,group,heterogeneous,non_iid_label_sub0.01
partition,clean,FedAvg,FedProx(mu=0.01),fl,fl,5,5,-0.03541961344008282,-0.13555369148518934,0.061403828275697174,-0.04789198578676923,-0.11433318982904114,0.029848125483314433,n.s.,True,n.s.,True,True,False,False,0.5944722805558964,0.31305455885184846,5,False,group,heterogeneous,non_iid_label_sub0.01
partition,clean,FedAvg,Local-only,fl,local,5,3,-0.011961111702309069,-0.16373863660769195,0.15839221757445338,0.09142771224255719,-0.04063518276232953,0.2100895574164989,n.s.,True,n.s.,True,True,False,True,0.895698089785233,0.48519349595595107,3,True,group,heterogeneous,non_iid_label_sub0.01
partition,clean,FedProx(mu=0.01),Local-only,fl,local,5,3,0.02345850173777375,-0.12383024643997398,0.19287098346562448,0.13931969802932642,0.0014901538168844146,0.24785979285933613,n.s.,True,A>B,True,True,True,False,0.6473032778032228,0.12067936559585724,3,False,group,heterogeneous,non_iid_label_sub0.01
partition,clean,Centralized,FedAvg,centralized,fl,3,5,-0.02702554461972695,-0.08156327157930666,0.029051819145716275,-0.015463290376264927,-0.0768760610300614,0.05615398469400998,n.s.,True,n.s.,True,True,False,False,0.21704854806349289,0.5205213841472971,3,False,group,heterogeneous,non_iid_label_sub0.05
partition,clean,Centralized,FedProx(mu=0.01),centralized,fl,3,5,-0.01635365555523438,-0.0692147973078693,0.037125668063010236,-0.00714738945904414,-0.06601070620192719,0.06350151967414802,n.s.,True,n.s.,True,True,False,False,0.774376840732746,0.8827141324903106,3,False,group,heterogeneous,non_iid_label_sub0.05
partition,clean,Centralized,Local-only,centralized,local,3,3,-0.016870836742143402,-0.08587883020523844,0.0658735751672187,0.012603200746309384,-0.04252944425905034,0.11076756075804266,n.s.,True,n.s.,True,True,False,True,0.30840460330211494,0.6566230238659487,3,True,group,heterogeneous,non_iid_label_sub0.05
partition,clean,FedAvg,FedProx(mu=0.01),fl,fl,5,5,0.010671889064492568,-0.01971689587300077,0.047304311127419986,0.008315900917220787,-0.03746955871673303,0.058049907269955604,n.s.,True,n.s.,True,True,False,False,0.36315230537852144,0.6693303794224337,5,False,group,heterogeneous,non_iid_label_sub0.05
partition,clean,FedAvg,Local-only,fl,local,5,3,0.010154707877583546,-0.026240545617861884,0.061333175107377694,0.02806649112257431,-0.014045390598528325,0.11761568786766156,n.s.,True,n.s.,True,True,False,False,0.27386626007927517,0.1101483113487336,3,False,group,heterogeneous,non_iid_label_sub0.05
partition,clean,FedProx(mu=0.01),Local-only,fl,local,5,3,-0.0005171811869090215,-0.050166481087636404,0.056692209130929413,0.019750590205353524,-0.025811030104889887,0.1026811618848815,n.s.,True,n.s.,True,True,False,True,0.7010152781558512,0.7773751267235826,3,True,group,heterogeneous,non_iid_label_sub0.05
