config_id,label,power_config,kind,strategy,distribution,round,n_seeds,accuracy_mean,accuracy_std,accuracy_ci95,accuracy_ci_low,accuracy_ci_high,loss_mean,loss_std,loss_ci95,loss_ci_low,loss_ci_high,elapsed_s_mean,cumulative_mb_mean
group_final_epoch|centralized|centralized|dirichlet_0.1|3|15|0.001|3,Centralized dirichlet_0.1 {group_final_epoch},desktop_gpu,centralized,centralized,dirichlet_0.1,1,3,0.8410193333333332,0.13730088208869354,0.3410742990531091,0.49994503428022413,1.1820936323864424,0.717766,0.6690538482454158,1.6620218956181199,-0.9442558956181198,2.37978789561812,893.8333333333334,0.0
group_final_epoch|centralized|centralized|dirichlet_0.1|3|15|0.001|3,Centralized dirichlet_0.1 {group_final_epoch},desktop_gpu,centralized,centralized,dirichlet_0.1,2,3,0.8717626666666667,0.048363997863424525,0.12014283098354525,0.7516198356831214,0.991905497650212,0.31136800000000003,0.09697585169515141,0.24090137032503278,0.07046662967496725,0.5522693703250328,1792.2666666666664,0.0
group_final_epoch|centralized|centralized|dirichlet_0.1|3|15|0.001|3,Centralized dirichlet_0.1 {group_final_epoch},desktop_gpu,centralized,centralized,dirichlet_0.1,3,3,0.8272313333333333,0.13109030589762669,0.32564637252518114,0.5015849608081522,1.1528777058585145,0.6368686666666666,0.5779969602431603,1.4358240462170906,-0.798955379550424,2.0726927128837573,2686.3999999999996,0.0
group|centralized|centralized|dirichlet_0.1|3|15|0.001|3,Centralized dirichlet_0.1 {group},desktop_gpu,centralized,centralized,dirichlet_0.1,1,3,0.8410193333333332,0.13730088208869354,0.3410742990531091,0.49994503428022413,1.1820936323864424,0.717766,0.6690538482454158,1.6620218956181199,-0.9442558956181198,2.37978789561812,1195.9666666666665,0.0
group|centralized|centralized|dirichlet_0.1|3|15|0.001|3,Centralized dirichlet_0.1 {group},desktop_gpu,centralized,centralized,dirichlet_0.1,2,3,0.8717626666666667,0.048363997863424525,0.12014283098354525,0.7516198356831214,0.991905497650212,0.31136800000000003,0.09697585169515141,0.24090137032503278,0.07046662967496725,0.5522693703250328,2441.0333333333333,0.0
group|centralized|centralized|dirichlet_0.1|3|15|0.001|3,Centralized dirichlet_0.1 {group},desktop_gpu,centralized,centralized,dirichlet_0.1,3,3,0.8272313333333333,0.13109030589762669,0.32564637252518114,0.5015849608081522,1.1528777058585145,0.6368686666666666,0.5779969602431603,1.4358240462170906,-0.798955379550424,2.0726927128837573,3610.2000000000003,0.0
group|fl|fedavg|dirichlet_0.1|3|5|0.001|3,FedAvg dirichlet_0.1 [3N] {group},heterogeneous,fl,fedavg,dirichlet_0.1,1,3,0.37632755729457795,0.01093482401313003,0.027163608702369394,0.34916394859220856,0.40349116599694734,2.2163772722117288,1.9553667734326732,4.857400342187667,-2.641023069975938,7.073777614399395,1160.2593333333332,55.15509599999999
group|fl|fedavg|dirichlet_0.1|3|5|0.001|3,FedAvg dirichlet_0.1 [3N] {group},heterogeneous,fl,fedavg,dirichlet_0.1,2,3,0.5392677473448854,0.05660690394631577,0.14061934483847158,0.39864840250641376,0.679887092183357,1.4072877384233058,0.42744890834548993,1.061841953067542,0.34544578535576376,2.469129691490848,2312.498666666667,110.31019199999999
group|fl|fedavg|dirichlet_0.1|3|5|0.001|3,FedAvg dirichlet_0.1 [3N] {group},heterogeneous,fl,fedavg,dirichlet_0.1,3,3,0.6559996273523384,0.008119930766652165,0.020171026234242412,0.635828601118096,0.6761706535865808,0.7624178202973827,0.06820439643204372,0.16942911328400947,0.5929887070133733,0.9318469335813921,3456.607666666667,165.465288
group|fl|fedprox_0.01|dirichlet_0.1|3|5|0.001|3,FedProx(mu=0.01) dirichlet_0.1 [3N] {group},heterogeneous,fl,fedprox_0.01,dirichlet_0.1,1,3,0.7068660331656419,0.11816078710030758,0.293527667285976,0.4133383658796659,1.000393700451618,0.509183071854951,0.13787083607056255,0.34249014323343213,0.1666929286215189,0.8516732150883832,1883.1946666666665,55.15509599999999
group|fl|fedprox_0.01|dirichlet_0.1|3|5|0.001|3,FedProx(mu=0.01) dirichlet_0.1 [3N] {group},heterogeneous,fl,fedprox_0.01,dirichlet_0.1,2,3,0.6443543879262158,0.004208557950356495,0.010454637516567243,0.6338997504096485,0.6548090254427831,0.6561011023405062,0.15003678048656482,0.3727120245562817,0.2833890777842245,1.028813126896788,3760.921333333333,110.31019199999999
group|fl|fedprox_0.01|dirichlet_0.1|3|5|0.001|3,FedProx(mu=0.01) dirichlet_0.1 [3N] {group},heterogeneous,fl,fedprox_0.01,dirichlet_0.1,3,3,0.7405906465436929,0.11862065642101209,0.2946700460080151,0.4459206005356778,1.035260692551708,0.5995900573700705,0.2618892016549381,0.6505688421312188,-0.050978784761148255,1.2501588995012893,5632.910666666667,165.465288
group_final_epoch|local|local_only|dirichlet_0.1|3|15||3,Local-only dirichlet_0.1 {group_final_epoch},desktop_gpu,local,local_only,dirichlet_0.1,1,3,0.9523536666666667,0.007712767690294024,0.019159577081428875,0.9331940895852378,0.9715132437480956,0.5029685555555555,0.07256480408062344,0.18026096636245093,0.3227075891931046,0.6832295219180065,302.23333333333335,0.0
group_final_epoch|local|local_only|dirichlet_0.1|3|15||3,Local-only dirichlet_0.1 {group_final_epoch},desktop_gpu,local,local_only,dirichlet_0.1,2,3,0.9114898888888888,0.049928915786271545,0.12403030261148353,0.7874595862774053,1.0355201915003724,0.8015376666666666,0.2855985213397375,0.7094660572801733,0.09207160938649328,1.51100372394684,603.6444444444445,0.0
group_final_epoch|local|local_only|dirichlet_0.1|3|15||3,Local-only dirichlet_0.1 {group_final_epoch},desktop_gpu,local,local_only,dirichlet_0.1,3,3,0.9505297777777778,0.00032243213469112153,0.0008009658252663768,0.9497288119525115,0.9513307436030441,0.6977438888888888,0.38772458669500803,0.9631612675818797,-0.26541737869299087,1.6609051564707684,905.9,0.0
group|local|local_only|dirichlet_0.1|3|15||3,Local-only dirichlet_0.1 {group},desktop_gpu,local,local_only,dirichlet_0.1,1,3,0.9523536666666667,0.007712767690294024,0.019159577081428875,0.9331940895852378,0.9715132437480956,0.5029685555555555,0.07256480408062344,0.18026096636245093,0.3227075891931046,0.6832295219180065,395.4777777777778,0.0
group|local|local_only|dirichlet_0.1|3|15||3,Local-only dirichlet_0.1 {group},desktop_gpu,local,local_only,dirichlet_0.1,2,3,0.9114898888888888,0.049928915786271545,0.12403030261148353,0.7874595862774053,1.0355201915003724,0.8015376666666666,0.2855985213397375,0.7094660572801733,0.09207160938649328,1.51100372394684,794.2777777777777,0.0
group|local|local_only|dirichlet_0.1|3|15||3,Local-only dirichlet_0.1 {group},desktop_gpu,local,local_only,dirichlet_0.1,3,3,0.9505297777777778,0.00032243213469112153,0.0008009658252663768,0.9497288119525115,0.9513307436030441,0.6977438888888888,0.38772458669500803,0.9631612675818797,-0.26541737869299087,1.6609051564707684,1187.0444444444445,0.0
group_final_epoch|centralized|centralized|dirichlet_0.5|3|15|0.001|3,Centralized dirichlet_0.5 {group_final_epoch},desktop_gpu,centralized,centralized,dirichlet_0.5,1,3,0.9709683333333334,0.014939978792934515,0.037112964732278805,0.9338553686010547,1.0080812980656122,0.10158199999999999,0.07383006712715355,0.18340405401162047,-0.08182205401162047,0.28498605401162047,897.5,0.0
group_final_epoch|centralized|centralized|dirichlet_0.5|3|15|0.001|3,Centralized dirichlet_0.5 {group_final_epoch},desktop_gpu,centralized,centralized,dirichlet_0.5,2,3,0.9467056666666666,0.03151167790412517,0.07827934744216695,0.8684263192244996,1.0249850141088335,0.17658133333333334,0.12071252563977497,0.29986653722239365,-0.12328520388906031,0.476447870555727,1794.2333333333336,0.0
group_final_epoch|centralized|centralized|dirichlet_0.5|3|15|0.001|3,Centralized dirichlet_0.5 {group_final_epoch},desktop_gpu,centralized,centralized,dirichlet_0.5,3,3,0.9719403333333334,0.011433641866585345,0.028402740943432092,0.9435375923899013,1.0003430742767656,0.09534266666666667,0.026889755099913676,0.06679785470342633,0.028544811963240338,0.162140521370093,2689.1333333333337,0.0
group|centralized|centralized|dirichlet_0.5|3|15|0.001|3,Centralized dirichlet_0.5 {group},desktop_gpu,centralized,centralized,dirichlet_0.5,1,3,0.9709683333333334,0.014939978792934515,0.037112964732278805,0.9338553686010547,1.0080812980656122,0.10158199999999999,0.07383006712715355,0.18340405401162047,-0.08182205401162047,0.28498605401162047,1181.5333333333333,0.0
group|centralized|centralized|dirichlet_0.5|3|15|0.001|3,Centralized dirichlet_0.5 {group},desktop_gpu,centralized,centralized,dirichlet_0.5,2,3,0.9467056666666666,0.03151167790412517,0.07827934744216695,0.8684263192244996,1.0249850141088335,0.17658133333333334,0.12071252563977497,0.29986653722239365,-0.12328520388906031,0.476447870555727,2436.2999999999997,0.0
group|centralized|centralized|dirichlet_0.5|3|15|0.001|3,Centralized dirichlet_0.5 {group},desktop_gpu,centralized,centralized,dirichlet_0.5,3,3,0.9719403333333334,0.011433641866585345,0.028402740943432092,0.9435375923899013,1.0003430742767656,0.09534266666666667,0.026889755099913676,0.06679785470342633,0.028544811963240338,0.162140521370093,3598.566666666667,0.0
group|fl|fedavg|dirichlet_0.5|3|5|0.001|3,FedAvg dirichlet_0.5 [3N] {group},heterogeneous,fl,fedavg,dirichlet_0.5,1,3,0.9357781173311107,0.008004213589828925,0.019883568831398524,0.9158945484997122,0.9556616861625092,0.2085805215808442,0.0901648038039662,0.22398178940200206,-0.01540126782115786,0.43256231098284625,2404.1883333333335,55.15509599999999
group|fl|fedavg|dirichlet_0.5|3|5|0.001|3,FedAvg dirichlet_0.5 [3N] {group},heterogeneous,fl,fedavg,dirichlet_0.5,2,3,0.9605037736722691,0.01906452591866335,0.047358907791193235,0.9131448658810759,1.0078626814634624,0.13802383640000046,0.053302674508717514,0.13241118388425818,0.005612652515742278,0.27043502028425864,4762.392666666667,110.31019199999999
group|fl|fedavg|dirichlet_0.5|3|5|0.001|3,FedAvg dirichlet_0.5 [3N] {group},heterogeneous,fl,fedavg,dirichlet_0.5,3,3,0.970273649117933,0.005006479036238391,0.012436783377007234,0.9578368657409257,0.9827104324949403,0.11502871767993905,0.029642331968353697,0.07363563470680981,0.04139308297312924,0.18866435238674886,7166.704666666667,165.465288
group|fl|fedprox_0.01|dirichlet_0.5|3|5|0.001|3,FedProx(mu=0.01) dirichlet_0.5 [3N] {group},heterogeneous,fl,fedprox_0.01,dirichlet_0.5,1,3,0.9327684400611197,0.01759205078692938,0.04370107678683834,0.8890673632742814,0.976469516847958,0.17659268245429538,0.017674985288184848,0.043907097509012255,0.13268558494528312,0.22049977996330763,3911.727666666666,55.15509599999999
group|fl|fedprox_0.01|dirichlet_0.5|3|5|0.001|3,FedProx(mu=0.01) dirichlet_0.5 [3N] {group},heterogeneous,fl,fedprox_0.01,dirichlet_0.5,2,3,0.9331388618789647,0.04346657266766896,0.1079769523642926,0.825161909514672,1.0411158142432573,0.18044533214576775,0.09594651608790841,0.23834435892503303,-0.057899026779265284,0.4187896910708008,7818.369,110.31019199999999
group|fl|fedprox_0.01|dirichlet_0.5|3|5|0.001|3,FedProx(mu=0.01) dirichlet_0.5 [3N] {group},heterogeneous,fl,fedprox_0.01,dirichlet_0.5,3,3,0.8490994119553642,0.1605409237583888,0.39880576298744813,0.45029364896791607,1.2479051749428123,0.5338464587083217,0.6090966624695549,1.5130799893418831,-0.9792335306335614,2.046926448050205,11746.786333333332,165.465288
group_final_epoch|local|local_only|dirichlet_0.5|3|15||3,Local-only dirichlet_0.5 {group_final_epoch},desktop_gpu,local,local_only,dirichlet_0.5,1,3,0.7182482222222223,0.06934294505678394,0.17225742485938814,0.5459907973628342,0.8905056470816104,0.8080764444444445,0.5314759301125846,1.3202594008802542,-0.5121829564358097,2.1283358453246985,298.22222222222223,0.0
group_final_epoch|local|local_only|dirichlet_0.5|3|15||3,Local-only dirichlet_0.5 {group_final_epoch},desktop_gpu,local,local_only,dirichlet_0.5,2,3,0.8118025555555555,0.026709327693051604,0.06634964817780693,0.7454529073777485,0.8781522037333624,0.512355,0.09560980306491126,0.23750791740656838,0.2748470825934316,0.7498629174065684,596.888888888889,0.0
group_final_epoch|local|local_only|dirichlet_0.5|3|15||3,Local-only dirichlet_0.5 {group_final_epoch},desktop_gpu,local,local_only,dirichlet_0.5,3,3,0.8420562222222222,0.14349725836495716,0.35646695103717063,0.4855892711850516,1.1985231732593928,0.5181073333333334,0.42297407828389566,1.0507258589578614,-0.532618525624528,1.5688331922911947,894.6222222222224,0.0
group|local|local_only|dirichlet_0.5|3|15||3,Local-only dirichlet_0.5 {group},desktop_gpu,local,local_only,dirichlet_0.5,1,3,0.7182482222222223,0.06934294505678394,0.17225742485938814,0.5459907973628342,0.8905056470816104,0.8080764444444445,0.5314759301125846,1.3202594008802542,-0.5121829564358097,2.1283358453246985,392.4222222222222,0.0
group|local|local_only|dirichlet_0.5|3|15||3,Local-only dirichlet_0.5 {group},desktop_gpu,local,local_only,dirichlet_0.5,2,3,0.8118025555555555,0.026709327693051604,0.06634964817780693,0.7454529073777485,0.8781522037333624,0.512355,0.09560980306491126,0.23750791740656838,0.2748470825934316,0.7498629174065684,786.5888888888888,0.0
group|local|local_only|dirichlet_0.5|3|15||3,Local-only dirichlet_0.5 {group},desktop_gpu,local,local_only,dirichlet_0.5,3,3,0.8420562222222222,0.14349725836495716,0.35646695103717063,0.4855892711850516,1.1985231732593928,0.5181073333333334,0.42297407828389566,1.0507258589578614,-0.532618525624528,1.5688331922911947,1187.4777777777779,0.0
group_final_epoch|centralized|centralized|dirichlet_1|3|15|0.001|3,Centralized dirichlet_1 {group_final_epoch},desktop_gpu,centralized,centralized,dirichlet_1,1,3,0.9154393333333334,0.02967786140093879,0.07372389471017153,0.8417154386231619,0.9891632280435049,0.26435666666666663,0.1377155261411484,0.3421043319807652,-0.07774766531409855,0.6064609986474319,895.6333333333332,0.0
group_final_epoch|centralized|centralized|dirichlet_1|3|15|0.001|3,Centralized dirichlet_1 {group_final_epoch},desktop_gpu,centralized,centralized,dirichlet_1,2,3,0.9641103333333333,0.01578384535952287,0.03920924549402621,0.9249010878393071,1.0033195788273594,0.11134433333333334,0.023363915603625454,0.05803918384511796,0.053305149488215374,0.1693835171784513,1791.6333333333332,0.0
group_final_epoch|centralized|centralized|dirichlet_1|3|15|0.001|3,Centralized dirichlet_1 {group_final_epoch},desktop_gpu,centralized,centralized,dirichlet_1,3,3,0.9355376666666665,0.014349184274143714,0.03564534978825518,0.8998923168784113,0.9711830164549217,0.20047299999999998,0.08598984254550067,0.2136106106947512,-0.013137610694751223,0.4140836106947512,2688.233333333333,0.0
group|centralized|centralized|dirichlet_1|3|15|0.001|3,Centralized dirichlet_1 {group},desktop_gpu,centralized,centralized,dirichlet_1,1,3,0.9154393333333334,0.02967786140093879,0.07372389471017153,0.8417154386231619,0.9891632280435049,0.26435666666666663,0.1377155261411484,0.3421043319807652,-0.07774766531409855,0.6064609986474319,1181.7333333333333,0.0
group|centralized|centralized|dirichlet_1|3|15|0.001|3,Centralized dirichlet_1 {group},desktop_gpu,centralized,centralized,dirichlet_1,2,3,0.9641103333333333,0.01578384535952287,0.03920924549402621,0.9249010878393071,1.0033195788273594,0.11134433333333334,0.023363915603625454,0.05803918384511796,0.053305149488215374,0.1693835171784513,2429.9,0.0
group|centralized|centralized|dirichlet_1|3|15|0.001|3,Centralized dirichlet_1 {group},desktop_gpu,centralized,centralized,dirichlet_1,3,3,0.9355376666666665,0.014349184274143714,0.03564534978825518,0.8998923168784113,0.9711830164549217,0.20047299999999998,0.08598984254550067,0.2136106106947512,-0.013137610694751223,0.4140836106947512,3596.066666666667,0.0
group|fl|fedavg|dirichlet_1|3|5|0.001|3,FedAvg dirichlet_1 [3N] {group},heterogeneous,fl,fedavg,dirichlet_1,1,3,0.38487542835972954,0.008796790315384129,0.021852438564805798,0.36302298979492376,0.40672786692453533,1.6406387410293881,0.8166099160871171,2.02857148834128,-0.3879327473118921,3.6692102293706683,1220.3403333333333,55.15509599999999
group|fl|fedavg|dirichlet_1|3|5|0.001|3,FedAvg dirichlet_1 [3N] {group},heterogeneous,fl,fedavg,dirichlet_1,2,3,0.6980179679540613,0.1094489637741085,0.2718862984232586,0.4261316695308027,0.96990426637732,0.7789871051279671,0.32833557796579765,0.8156307913341786,-0.0366436862062115,1.5946178964621458,2429.1479999999997,110.31019199999999
group|fl|fedavg|dirichlet_1|3|5|0.001|3,FedAvg dirichlet_1 [3N] {group},heterogeneous,fl,fedavg,dirichlet_1,3,3,0.8716310086135038,0.023913693282336168,0.05940490730988181,0.812226101303622,0.9310359159233856,0.3244072651474439,0.09772730105178222,0.2427680740103099,0.081639191137134,0.5671753391577538,3636.5713333333333,165.465288
group|fl|fedprox_0.01|dirichlet_1|3|5|0.001|3,FedProx(mu=0.01) dirichlet_1 [3N] {group},heterogeneous,fl,fedprox_0.01,dirichlet_1,1,3,0.8619060850236177,0.03388890909641016,0.08418471709647128,0.7777213679271464,0.9460908021200889,0.2940411973246106,0.06985870777927308,0.17353865048863842,0.12050254683597217,0.467579847813249,1984.213,55.15509599999999
group|fl|fedprox_0.01|dirichlet_1|3|5|0.001|3,FedProx(mu=0.01) dirichlet_1 [3N] {group},heterogeneous,fl,fedprox_0.01,dirichlet_1,2,3,0.9207650273224045,0.015490465919901589,0.0384804505642108,0.8822845767581937,0.9592454778866153,0.1800543985740998,0.044355490939755694,0.1101851477666472,0.0698692508074526,0.290239546340747,3962.2433333333333,110.31019199999999
group|fl|fedprox_0.01|dirichlet_1|3|5|0.001|3,FedProx(mu=0.01) dirichlet_1 [3N] {group},heterogeneous,fl,fedprox_0.01,dirichlet_1,3,3,0.9165972029267389,0.04139720317712187,0.10283635357327901,0.8137608493534598,1.0194335565000179,0.19746925335304036,0.09738870285519079,0.24192694946102647,-0.04445769610798611,0.4393962028140668,5926.017,165.465288
group_final_epoch|local|local_only|dirichlet_1|3|15||3,Local-only dirichlet_1 {group_final_epoch},desktop_gpu,local,local_only,dirichlet_1,1,3,0.9433326666666666,0.001747151236855156,0.004340164275603127,0.9389925023910635,0.9476728309422697,0.22831088888888887,0.05120327072271558,0.12719597576725936,0.10111491312162951,0.3555068646561482,297.77777777777777,0.0
group_final_epoch|local|local_only|dirichlet_1|3|15||3,Local-only dirichlet_1 {group_final_epoch},desktop_gpu,local,local_only,dirichlet_1,2,3,0.9151436666666667,0.03565447917785986,0.08857063631853858,0.8265730303481281,1.0037143029852054,0.31826266666666664,0.0751255332323468,0.18662217021782537,0.13164049644884127,0.504884836884492,588.9333333333334,0.0
group_final_epoch|local|local_only|dirichlet_1|3|15||3,Local-only dirichlet_1 {group_final_epoch},desktop_gpu,local,local_only,dirichlet_1,3,3,0.8598427777777777,0.11373284027263844,0.28252803758573786,0.5773147401920399,1.1423708153635155,0.5170714444444444,0.27730501496473625,0.688863845331391,-0.17179240088694658,1.2059352897758355,878.6111111111112,0.0
group|local|local_only|dirichlet_1|3|15||3,Local-only dirichlet_1 {group},desktop_gpu,local,local_only,dirichlet_1,1,3,0.9433326666666666,0.001747151236855156,0.004340164275603127,0.9389925023910635,0.9476728309422697,0.22831088888888887,0.05120327072271558,0.12719597576725936,0.10111491312162951,0.3555068646561482,443.0888888888889,0.0
group|local|local_only|dirichlet_1|3|15||3,Local-only dirichlet_1 {group},desktop_gpu,local,local_only,dirichlet_1,2,3,0.9151436666666667,0.03565447917785986,0.08857063631853858,0.8265730303481281,1.0037143029852054,0.31826266666666664,0.0751255332323468,0.18662217021782537,0.13164049644884127,0.504884836884492,885.4444444444445,0.0
group|local|local_only|dirichlet_1|3|15||3,Local-only dirichlet_1 {group},desktop_gpu,local,local_only,dirichlet_1,3,3,0.8598427777777777,0.11373284027263844,0.28252803758573786,0.5773147401920399,1.1423708153635155,0.5170714444444444,0.27730501496473625,0.688863845331391,-0.17179240088694658,1.2059352897758355,1334.988888888889,0.0
group_final_epoch|centralized|centralized|iid|3|15|0.001|3,Centralized iid {group_final_epoch},desktop_gpu,centralized,centralized,iid,1,5,0.9202378,0.02436690826100019,0.030255512735217826,0.8899822872647821,0.9504933127352179,0.2294448,0.10298643844798207,0.12787455292408725,0.10157024707591275,0.35731935292408723,931.9799999999999,0.0
group_final_epoch|centralized|centralized|iid|3|15|0.001|3,Centralized iid {group_final_epoch},desktop_gpu,centralized,centralized,iid,2,5,0.8581942000000001,0.09515893141844334,0.11815541924982213,0.740038780750178,0.9763496192498222,0.5016396,0.35477942854582195,0.4405168437286519,0.061122756271348055,0.9421564437286518,1860.0,0.0
group_final_epoch|centralized|centralized|iid|3|15|0.001|3,Centralized iid {group_final_epoch},desktop_gpu,centralized,centralized,iid,3,5,0.9055759999999999,0.06002545721191967,0.07453144919576114,0.8310445508042388,0.9801074491957611,0.2579372,0.1604734168536957,0.1992540643759791,0.05868313562402089,0.45719126437597907,2782.3599999999997,0.0
group|centralized|centralized|iid|3|15|0.001|3,Centralized iid {group},desktop_gpu,centralized,centralized,iid,1,5,0.9202378,0.02436690826100019,0.030255512735217826,0.8899822872647821,0.9504933127352179,0.2294448,0.10298643844798207,0.12787455292408725,0.10157024707591275,0.35731935292408723,1343.1599999999999,0.0
group|centralized|centralized|iid|3|15|0.001|3,Centralized iid {group},desktop_gpu,centralized,centralized,iid,2,5,0.8581942000000001,0.09515893141844334,0.11815541924982213,0.740038780750178,0.9763496192498222,0.5016396,0.35477942854582195,0.4405168437286519,0.061122756271348055,0.9421564437286518,2674.48,0.0
group|centralized|centralized|iid|3|15|0.001|3,Centralized iid {group},desktop_gpu,centralized,centralized,iid,3,5,0.9055759999999999,0.06002545721191967,0.07453144919576114,0.8310445508042388,0.9801074491957611,0.2579372,0.1604734168536957,0.1992540643759791,0.05868313562402089,0.45719126437597907,3952.4,0.0
image|centralized|centralized|iid|3|15|0.001|3,Centralized iid {image},desktop_gpu,centralized,centralized,iid,1,3,0.9915556666666667,0.0028511250995586403,0.0070825873807315335,0.9844730792859352,0.9986382540473983,0.028140333333333333,0.012450067563404358,0.03092768234809231,-0.0027873490147589768,0.05906801568142564,5478.599999999999,0.0
image|centralized|centralized|iid|3|15|0.001|3,Centralized iid {image},desktop_gpu,centralized,centralized,iid,2,3,0.9908586666666667,0.012144909482302992,0.03016962765078304,0.9606890390158837,1.0210282943174498,0.03244566666666667,0.04315183032425546,0.10719508903953445,-0.07474942237286777,0.13964075570620113,10419.699999999999,0.0
image|centralized|centralized|iid|3|15|0.001|3,Centralized iid {image},desktop_gpu,centralized,centralized,iid,3,3,0.9965126666666667,0.0009006455092506019,0.002237327474448001,0.9942753391922187,0.9987499941411148,0.012343,0.0008258014289161765,0.0020514044719879836,0.010291595528012017,0.014394404471987983,15276.233333333332,0.0
group|fl|fedavg|iid|10|5|0.001|3|pc=maxn,FedAvg (R=10) iid [3N] {group} [pc:maxn],maxn,fl,fedavg,iid,1,5,0.368185677894141,0.018860692252899457,0.023418642551625898,0.34476703534251507,0.3916043204457669,3.03563491251085,1.759250401208346,2.184397887005931,0.8512370255049189,5.2200327995167815,981.9102,55.155096
group|fl|fedavg|iid|10|5|0.001|3|pc=maxn,FedAvg (R=10) iid [3N] {group} [pc:maxn],maxn,fl,fedavg,iid,2,5,0.7852816303424851,0.06206354232980576,0.07706206611191517,0.70821956423057,0.8623436964544002,0.517209696013084,0.13213192510631147,0.16406345441786302,0.35314624159522096,0.681273150430947,1902.6188000000002,110.310192
group|fl|fedavg|iid|10|5|0.001|3|pc=maxn,FedAvg (R=10) iid [3N] {group} [pc:maxn],maxn,fl,fedavg,iid,3,5,0.8371638833852251,0.04657224365748507,0.05782707826507281,0.7793368051201522,0.8949909616502979,0.4678696588135174,0.13948346349617005,0.1731915949679633,0.29467806384555406,0.6410612537814807,2822.377,165.465288
group|fl|fedavg|iid|10|5|0.001|3|pc=maxn,FedAvg (R=10) iid [3N] {group} [pc:maxn],maxn,fl,fedavg,iid,4,5,0.7045287291253892,0.20702482025032892,0.25705526603943896,0.44747346308595026,0.9615839951648282,0.5791465494746048,0.16381228403714143,0.20339981555244765,0.3757467339221571,0.7825463650270524,3741.2332,220.620384
group|fl|fedavg|iid|10|5|0.001|3|pc=maxn,FedAvg (R=10) iid [3N] {group} [pc:maxn],maxn,fl,fedavg,iid,5,5,0.8007642230399095,0.11030892696834886,0.13696662329708706,0.6637975997428224,0.9377308463369965,0.7261070048490096,0.5216826109086712,0.6477545164542393,0.07835248839477027,1.3738615213032488,4664.8216,275.77548
group|fl|fedavg|iid|10|5|0.001|3|pc=maxn,FedAvg (R=10) iid [3N] {group} [pc:maxn],maxn,fl,fedavg,iid,6,5,0.7996320407585621,0.236482316924721,0.29363157913723875,0.5060004616213234,1.0932636198958008,0.5816144260647605,0.5913115068357402,0.7342102097615576,-0.15259578369679705,1.3158246358263181,5583.026199999999,330.930576
group|fl|fedavg|iid|10|5|0.001|3|pc=maxn,FedAvg (R=10) iid [3N] {group} [pc:maxn],maxn,fl,fedavg,iid,7,5,0.89054627795075,0.02961270859610615,0.036769034153084135,0.8537772437976658,0.9273153121038342,0.512901388626369,0.2038258720442002,0.25308324721977044,0.2598181414065986,0.7659846358461395,6502.684200000001,386.085672
group|fl|fedavg|iid|10|5|0.001|3|pc=maxn,FedAvg (R=10) iid [3N] {group} [pc:maxn],maxn,fl,fedavg,iid,8,5,0.8936314746674213,0.0440886748299539,0.05474332026486622,0.8388881544025552,0.9483747949322875,0.4588532189563125,0.3935917533898042,0.4887087101740142,-0.029855491217701702,0.9475619291303267,7422.590200000001,441.240768
group|fl|fedavg|iid|10|5|0.001|3|pc=maxn,FedAvg (R=10) iid [3N] {group} [pc:maxn],maxn,fl,fedavg,iid,9,5,0.8892725728842346,0.05639772660778452,0.07002702670942454,0.81924554617481,0.9592995995936591,0.49997962483513997,0.3968760238744745,0.49278667059519254,0.0071929542399474244,0.9927662954303325,8341.9298,496.39586399999996
group|fl|fedavg|iid|10|5|0.001|3|pc=maxn,FedAvg (R=10) iid [3N] {group} [pc:maxn],maxn,fl,fedavg,iid,10,5,0.897594112652137,0.07116433533671594,0.08836219314370013,0.8092319195084369,0.985956305795837,0.7434446415379939,1.16770778461992,1.4499007165848297,-0.7064560750468357,2.1933453581228237,9259.944599999999,551.55096
group|fl|fedavg|iid|3|5|0.001|3,FedAvg iid [3N] {group},heterogeneous,fl,fedavg,iid,1,5,0.35989244268327203,0.00024512465434033706,0.00030436245836653854,0.3595880802249055,0.36019680514163854,2.952444001977735,1.6025985778073224,1.9898889576359058,0.9625550443418294,4.9423329596136405,1392.2359999999999,55.155096
group|fl|fedavg|iid|3|5|0.001|3,FedAvg iid [3N] {group},heterogeneous,fl,fedavg,iid,2,5,0.7325785451457685,0.1673677800444705,0.2078145469405054,0.5247639982052631,0.9403930920862739,0.7271960508219316,0.5815609604728784,0.7221033073799754,0.0050927434419562045,1.4492993582019071,2760.4762,110.310192
group|fl|fedavg|iid|3|5|0.001|3,FedAvg iid [3N] {group},heterogeneous,fl,fedavg,iid,3,5,0.7525049532974809,0.16278600767412374,0.2021255251402811,0.5503794281571999,0.9546304784377619,0.6184905296130647,0.24286847661668245,0.3015610437135273,0.3169294858995374,0.920051573326592,4128.567999999999,165.465288
image|fl|fedavg|iid|3|||3,FedAvg iid [3N] {image},unrecorded,fl,fedavg,iid,1,2,0.6823344791510985,0.16929981519367046,1.521098489564479,-0.8387640104133806,2.2034329687155774,0.819446206560514,0.3625278302939697,3.2571833256546965,-2.4377371190941823,4.07662953221521,2035.7399999999998,36.770064
image|fl|fedavg|iid|3|||3,FedAvg iid [3N] {image},unrecorded,fl,fedavg,iid,2,2,0.9852040053803617,0.012681634096904112,0.11393996176512912,0.8712640436152326,1.0991439671454908,0.13122816238022852,0.09571418381364734,0.8599578225309191,-0.7287296601506906,0.9911859849111476,4071.4799999999996,73.540128
image|fl|fedavg|iid|3|||3,FedAvg iid [3N] {image},unrecorded,fl,fedavg,iid,3,2,0.9931998206546107,0.00031704085242257533,0.0028484990441279816,0.9903513216104827,0.9960483196987386,0.051974863257688395,0.008646789361022844,0.07768832010589097,-0.025713456848202573,0.12966318336357935,6107.219999999999,110.310192
group|fl|fedbn|iid|10|5|0.001|3|pc=maxn,FedBN (R=10) iid [3N] {group} [pc:maxn],maxn,fl,fedbn,iid,1,5,0.4026606283611661,0.06731498212816138,0.08358258984826777,0.31907803851289834,0.4862432182094339,3.1916072279005854,1.603291706874549,1.9907495910447897,1.2008576368557957,5.182356818945375,950.8137999999999,55.155096
group|fl|fedbn|iid|10|5|0.001|3|pc=maxn,FedBN (R=10) iid [3N] {group} [pc:maxn],maxn,fl,fedbn,iid,2,5,0.5616190206623266,0.10005523791502761,0.12423498675080204,0.4373840339115246,0.6858540074131286,1.5332182943295276,0.7412957460286093,0.920440239865325,0.6127780544642026,2.4536585341948527,1867.9470000000001,110.310192
group|fl|fedbn|iid|10|5|0.001|3|pc=maxn,FedBN (R=10) iid [3N] {group} [pc:maxn],maxn,fl,fedbn,iid,3,5,0.5376733654118313,0.15935309758176555,0.19786300426952957,0.33981036114230173,0.7355363696813608,2.6423070377341094,1.5852863776077493,1.9683930219184,0.6739140158157093,4.610700059652509,2786.1638000000003,165.465288
group|fl|fedbn|iid|10|5|0.001|3|pc=maxn,FedBN (R=10) iid [3N] {group} [pc:maxn],maxn,fl,fedbn,iid,4,5,0.6104160769883951,0.18654046322144402,0.2316205773903204,0.3787954995980747,0.8420366543787154,3.1096027244187345,2.46821415433635,3.064692655296395,0.044910069122339635,6.174295379715129,3703.7441999999996,220.620384
group|fl|fedbn|iid|10|5|0.001|3|pc=maxn,FedBN (R=10) iid [3N] {group} [pc:maxn],maxn,fl,fedbn,iid,5,5,0.5431927540333994,0.09547337292426458,0.11854584994714135,0.42464690408625805,0.6617386039805407,4.682319070889131,3.2865025738721068,4.080731925981002,0.6015871449081285,8.763050996870133,4619.4048,275.77548
group|fl|fedbn|iid|10|5|0.001|3|pc=maxn,FedBN (R=10) iid [3N] {group} [pc:maxn],maxn,fl,fedbn,iid,6,5,0.5155392018114917,0.11481521235388481,0.14256191562593884,0.37297728618555287,0.6581011174374305,6.446591841056434,7.411450569565605,9.202531346696393,-2.755939505639959,15.649123187752828,5538.5160000000005,330.930576
group|fl|fedbn|iid|10|5|0.001|3|pc=maxn,FedBN (R=10) iid [3N] {group} [pc:maxn],maxn,fl,fedbn,iid,7,5,0.5991508632889896,0.09813590359169541,0.12185181842100366,0.4772990448679859,0.7210026817099933,4.569569876888023,3.8520613968318864,4.782965955316657,-0.21339607842863373,9.35253583220468,6453.2946,386.085672
group|fl|fedbn|iid|10|5|0.001|3|pc=maxn,FedBN (R=10) iid [3N] {group} [pc:maxn],maxn,fl,fedbn,iid,8,5,0.5387206340220776,0.13476613015653366,0.16733425199261043,0.37138638202946717,0.706054886014688,8.363942271218162,7.307827624144446,9.073866465979107,-0.7099241947609443,17.43780873719727,7370.4118,441.240768
group|fl|fedbn|iid|10|5|0.001|3|pc=maxn,FedBN (R=10) iid [3N] {group} [pc:maxn],maxn,fl,fedbn,iid,9,5,0.60837814888197,0.11329786860707682,0.14067788452262772,0.4677002643593422,0.7490560334045977,5.144572558500999,4.598099401677188,5.709294487224833,-0.5647219287238334,10.853867045725831,8283.441200000001,496.39586399999996
group|fl|fedbn|iid|10|5|0.001|3|pc=maxn,FedBN (R=10) iid [3N] {group} [pc:maxn],maxn,fl,fedbn,iid,10,5,0.53973959807529,0.08485087072934021,0.1053562714008633,0.43438332667442675,0.6450958694761534,8.283002389059153,6.356333372150855,7.8924303087808445,0.39057208027830814,16.175432697839998,9196.2116,551.55096
image|fl|fedbn|iid|3|||3,FedBN iid [3N] {image},unrecorded,fl,fedbn,iid,1,3,0.5708165197030838,0.07123236596696934,0.1769510065957493,0.3938655131073345,0.747767526298833,2.7611513937237624,0.9870430257915357,2.4519508034889075,0.3092005902348549,5.21310219721267,2107.536666666667,36.770064
image|fl|fedbn|iid|3|||3,FedBN iid [3N] {image},unrecorded,fl,fedbn,iid,2,3,0.8648184127933044,0.07684697204591373,0.19089846129307772,0.6739199515002267,1.055716874086382,0.3282328434019401,0.12036642837442697,0.299006783953609,0.029226059448331065,0.6272396273555492,4215.073333333334,73.540128
image|fl|fedbn|iid|3|||3,FedBN iid [3N] {image},unrecorded,fl,fedbn,iid,3,3,0.9568574702336471,0.03121956697538345,0.07755370366806522,0.8793037665655818,1.0344111739017123,0.17069846895509774,0.10329649564788634,0.2566027203305683,-0.08590425137547056,0.42730118928566607,6322.610000000001,110.31019199999999
group|fl|fedprox_0.01|iid|10|5|0.001|3|pc=maxn,FedProx(mu=0.01) (R=10) iid [3N] {group} [pc:maxn],maxn,fl,fedprox_0.01,iid,1,5,0.9081800169827343,0.024407736898813318,0.030306208184886087,0.8778738087978483,0.9384862251676204,0.3010708476161859,0.02553320744507431,0.03170366444321708,0.2693671831729688,0.332774512059403,1510.9494,55.155096
group|fl|fedprox_0.01|iid|10|5|0.001|3|pc=maxn,FedProx(mu=0.01) (R=10) iid [3N] {group} [pc:maxn],maxn,fl,fedprox_0.01,iid,2,5,0.9026889329181997,0.09716374593553392,0.12064472525876978,0.78204420765943,1.0233336581769694,0.2256750641646001,0.13413756638320518,0.16655378698469336,0.05912127717990673,0.39222885114929346,3001.3462,110.310192
group|fl|fedprox_0.01|iid|10|5|0.001|3|pc=maxn,FedProx(mu=0.01) (R=10) iid [3N] {group} [pc:maxn],maxn,fl,fedprox_0.01,iid,3,5,0.9464477780922728,0.017054699394828166,0.021176206238745658,0.9252715718535272,0.9676239843310184,0.14485224975293476,0.025810562401543048,0.03204804610738769,0.11280420364554707,0.17690029586032247,4486.4454,165.465288
group|fl|fedprox_0.01|iid|10|5|0.001|3|pc=maxn,FedProx(mu=0.01) (R=10) iid [3N] {group} [pc:maxn],maxn,fl,fedprox_0.01,iid,4,5,0.9544579677328049,0.023994561151393253,0.02979318273438366,0.9246647849984212,0.9842511504671886,0.1267825169116153,0.032279807998381975,0.04008067546052081,0.08670184145109448,0.1668631923721361,5971.8168,220.620384
group|fl|fedprox_0.01|iid|10|5|0.001|3|pc=maxn,FedProx(mu=0.01) (R=10) iid [3N] {group} [pc:maxn],maxn,fl,fedprox_0.01,iid,5,5,0.9377299745258986,0.018534622749781945,0.023013773788692696,0.9147162007372058,0.9607437483145913,0.14725384687989615,0.0304882394647779,0.037856149312029914,0.10939769756786624,0.18510999619192606,7455.784600000001,275.77548
group|fl|fedprox_0.01|iid|10|5|0.001|3|pc=maxn,FedProx(mu=0.01) (R=10) iid [3N] {group} [pc:maxn],maxn,fl,fedprox_0.01,iid,6,5,0.9214548542315313,0.049074441474753296,0.0609339672111588,0.8605208870203724,0.9823888214426901,0.18252092123877275,0.10691155126736065,0.13274822420079774,0.04977269703797502,0.3152691454395705,8946.831999999999,330.930576
group|fl|fedprox_0.01|iid|10|5|0.001|3|pc=maxn,FedProx(mu=0.01) (R=10) iid [3N] {group} [pc:maxn],maxn,fl,fedprox_0.01,iid,7,5,0.9410982168129068,0.026295718017628936,0.0326504463694079,0.9084477704434989,0.9737486631823148,0.16195301718508526,0.053489785553202905,0.06641634099305187,0.09553667619203339,0.22836935817813714,10435.300200000001,386.085672
group|fl|fedprox_0.01|iid|10|5|0.001|3|pc=maxn,FedProx(mu=0.01) (R=10) iid [3N] {group} [pc:maxn],maxn,fl,fedprox_0.01,iid,8,5,0.9160769883951317,0.05300259762002154,0.06581141727606125,0.8502655711190705,0.981888405671193,0.18006809321005107,0.05014627748898658,0.062264827402010496,0.11780326580804057,0.24233292061206158,11925.0252,441.240768
group|fl|fedprox_0.01|iid|10|5|0.001|3|pc=maxn,FedProx(mu=0.01) (R=10) iid [3N] {group} [pc:maxn],maxn,fl,fedprox_0.01,iid,9,5,0.9318426266628927,0.018335968623286923,0.02276711211172921,0.9090755145511635,0.954609738774622,0.14975994463193873,0.03274522409819035,0.04065856587583727,0.10910137875610146,0.190418510507776,13410.1554,496.39586399999996
group|fl|fedprox_0.01|iid|10|5|0.001|3|pc=maxn,FedProx(mu=0.01) (R=10) iid [3N] {group} [pc:maxn],maxn,fl,fedprox_0.01,iid,10,5,0.9549957543164449,0.01711197169566019,0.021247319192783075,0.9337484351236618,0.976243073509228,0.11774983072835203,0.02946201450066875,0.03658192272003763,0.0811679080083144,0.15433175344838967,14896.8842,551.55096
group|fl|fedprox_0.01|iid|3|5|0.001|3,FedProx(mu=0.01) iid [3N] {group},heterogeneous,fl,fedprox_0.01,iid,1,5,0.8549674497594113,0.04735321515473864,0.05879678245683585,0.7961706673025755,0.9137642322162471,0.35451174846096684,0.04827314531099205,0.059939026612717675,0.2945727218482492,0.4144507750736845,2132.7248,55.155096
group|fl|fedprox_0.01|iid|3|5|0.001|3,FedProx(mu=0.01) iid [3N] {group},heterogeneous,fl,fedprox_0.01,iid,2,5,0.9356071327483724,0.015283150345852049,0.018976537563579893,0.9166305951847925,0.9545836703119522,0.19773652804572173,0.008146382532830801,0.010115069906612,0.18762145813910971,0.20785159795233374,4250.3841999999995,110.310192
group|fl|fedprox_0.01|iid|3|5|0.001|3,FedProx(mu=0.01) iid [3N] {group},heterogeneous,fl,fedprox_0.01,iid,3,5,0.9393433342768185,0.021270502674758534,0.02641081739494454,0.9129325168818739,0.965754151671763,0.17589828277846595,0.01342994877895944,0.016675483896554537,0.1592227988819114,0.1925737666750205,6368.6906,165.465288
image|fl|fedprox_0.01|iid|3|||3,FedProx(mu=0.01) iid [3N] {image},unrecorded,fl,fedprox_0.01,iid,1,3,0.9824141882130224,0.0024298806154051944,0.006036158071779143,0.9763780301412432,0.9884503462848016,0.05315635032056931,0.0064673413117857514,0.016065766447367836,0.03709058387320148,0.06922211676793714,3451.7511111111107,36.770064
image|fl|fedprox_0.01|iid|3|||3,FedProx(mu=0.01) iid [3N] {image},unrecorded,fl,fedprox_0.01,iid,2,3,0.9889901858217506,0.002018096856526627,0.005013230507262589,0.983976955314488,0.9940034163290131,0.031130435049247295,0.0017724876068898755,0.004403103307885234,0.026727331741362062,0.03553353835713253,6903.5022222222215,73.540128
image|fl|fedprox_0.01|iid|3|||3,FedProx(mu=0.01) iid [3N] {image},unrecorded,fl,fedprox_0.01,iid,3,3,0.9918298211527924,0.0011584731683588112,0.002877806885571012,0.9889520142672213,0.9947076280383634,0.02615311438625958,0.0022190200777405466,0.00551235145824644,0.020640762928013142,0.031665465844506024,10355.253333333332,110.31019199999999
image|fl|fedprox_0.1|iid|3|||3,FedProx(mu=0.1) iid [3N] {image},unrecorded,fl,fedprox_0.1,iid,1,3,0.9705574652518308,0.018300853476671312,0.04546184027861635,0.9250956249732145,1.0160193055304472,0.10273565014305834,0.020487925313375142,0.05089482790647939,0.05184082223657895,0.15363047804953772,3515.6622222222218,36.770064
image|fl|fedprox_0.1|iid|3|||3,FedProx(mu=0.1) iid [3N] {image},unrecorded,fl,fedprox_0.1,iid,2,3,0.9781298261346087,0.002046944627514725,0.00508489234307406,0.9730449337915347,0.9832147184776828,0.05703843763745913,0.005041680240759305,0.012524228016656673,0.04451420962080246,0.0695626656541158,7031.3244444444435,73.540128
image|fl|fedprox_0.1|iid|3|||3,FedProx(mu=0.1) iid [3N] {image},unrecorded,fl,fedprox_0.1,iid,3,3,0.9829372789318985,0.00475052175130432,0.011800950232905283,0.9711363286989932,0.9947382291648038,0.04543230275971522,0.01115001827474956,0.027698180883010733,0.01773412187670449,0.07313048364272595,10546.986666666668,110.31019199999999
group_final_epoch|local|local_only|iid|3|15||3,Local-only iid {group_final_epoch},desktop_gpu,local,local_only,iid,1,5,0.8144765333333334,0.03897012635525371,0.048387802900770195,0.7660887304325632,0.8628643362341035,1.1756048,0.5898994021811214,0.7324568502502213,0.44314794974977856,1.9080616502502212,294.55333333333334,0.0
group_final_epoch|local|local_only|iid|3|15||3,Local-only iid {group_final_epoch},desktop_gpu,local,local_only,iid,2,5,0.7979303333333333,0.07302782240047663,0.09067601794189022,0.7072543153914431,0.8886063512752235,0.9790936,0.5659016208739328,0.7026596691643181,0.2764339308356819,1.681753269164318,588.64,0.0
group_final_epoch|local|local_only|iid|3|15||3,Local-only iid {group_final_epoch},desktop_gpu,local,local_only,iid,3,5,0.7851409333333332,0.08105286635633424,0.10064042610588132,0.6845005072274519,0.8857813594392145,1.4614862,0.4306239032792098,0.5346901974677747,0.9267960025322253,1.9961763974677746,883.3799999999999,0.0
group|local|local_only|iid|3|15||3,Local-only iid {group},desktop_gpu,local,local_only,iid,1,5,0.8144765333333334,0.03897012635525371,0.048387802900770195,0.7660887304325632,0.8628643362341035,1.1756048,0.5898994021811214,0.7324568502502213,0.44314794974977856,1.9080616502502212,423.2866666666667,0.0
group|local|local_only|iid|3|15||3,Local-only iid {group},desktop_gpu,local,local_only,iid,2,5,0.7979303333333333,0.07302782240047663,0.09067601794189022,0.7072543153914431,0.8886063512752235,0.9790936,0.5659016208739328,0.7026596691643181,0.2764339308356819,1.681753269164318,842.8533333333332,0.0
group|local|local_only|iid|3|15||3,Local-only iid {group},desktop_gpu,local,local_only,iid,3,5,0.7851409333333332,0.08105286635633424,0.10064042610588132,0.6845005072274519,0.8857813594392145,1.4614862,0.4306239032792098,0.5346901974677747,0.9267960025322253,1.9961763974677746,1262.8866666666668,0.0
image|local|local_only|iid|3|15||3,Local-only iid {image},desktop_gpu,local,local_only,iid,1,3,0.993639111111111,0.0005585128401322676,0.0013874228086693493,0.9922516883024417,0.9950265339197804,0.020339,0.0015710178229415487,0.0039026246198010043,0.016436375380198993,0.024241624619801005,1775.6888888888889,0.0
image|local|local_only|iid|3|15||3,Local-only iid {image},desktop_gpu,local,local_only,iid,2,3,0.9933604444444445,0.0008364099429063326,0.0020777574816565614,0.991282686962788,0.995438201926101,0.02108888888888889,0.001319280836640148,0.003277275278687318,0.01781161361020157,0.02436616416757621,3468.866666666667,0.0
image|local|local_only|iid|3|15||3,Local-only iid {image},desktop_gpu,local,local_only,iid,3,3,0.994549,0.001478812173483954,0.0036735730887469615,0.9908754269112531,0.998222573088747,0.017458333333333336,0.002695955736530803,0.006697125314325804,0.010761208019007533,0.02415545864765914,5163.944444444445,0.0
group_final_epoch|centralized|centralized|iid_sub0.01|3|15|0.001|3,Centralized iid_sub0.01 {group_final_epoch},desktop_gpu,centralized,centralized,iid_sub0.01,1,3,0.7492216666666667,0.03256488563365964,0.08089566048141046,0.6683260061852562,0.8301173271480772,1.4174373333333332,0.473398076899699,1.175986015496625,0.24145131783670815,2.5934233488299583,85.89999999999999,0.0
group_final_epoch|centralized|centralized|iid_sub0.01|3|15|0.001|3,Centralized iid_sub0.01 {group_final_epoch},desktop_gpu,centralized,centralized,iid_sub0.01,2,3,0.801915,0.02586909262034523,0.06426238854696174,0.7376526114530383,0.8661773885469618,0.8106756666666667,0.4155868939780624,1.0323750758400911,-0.22169940917342446,1.8430507425067577,171.53333333333333,0.0
group_final_epoch|centralized|centralized|iid_sub0.01|3|15|0.001|3,Centralized iid_sub0.01 {group_final_epoch},desktop_gpu,centralized,centralized,iid_sub0.01,3,3,0.8548446666666667,0.04457480154003309,0.11072994549938289,0.7441147211672838,0.9655746121660496,0.5889576666666667,0.18263354313031693,0.4536868719206007,0.13527079474606601,1.0426445385872674,256.43333333333334,0.0
group|centralized|centralized|iid_sub0.01|3|15|0.001|3,Centralized iid_sub0.01 {group},desktop_gpu,centralized,centralized,iid_sub0.01,1,3,0.7492216666666667,0.03256488563365964,0.08089566048141046,0.6683260061852562,0.8301173271480772,1.4174373333333332,0.473398076899699,1.175986015496625,0.24145131783670815,2.5934233488299583,155.83333333333334,0.0
group|centralized|centralized|iid_sub0.01|3|15|0.001|3,Centralized iid_sub0.01 {group},desktop_gpu,centralized,centralized,iid_sub0.01,2,3,0.801915,0.02586909262034523,0.06426238854696174,0.7376526114530383,0.8661773885469618,0.8106756666666667,0.4155868939780624,1.0323750758400911,-0.22169940917342446,1.8430507425067577,310.1333333333334,0.0
group|centralized|centralized|iid_sub0.01|3|15|0.001|3,Centralized iid_sub0.01 {group},desktop_gpu,centralized,centralized,iid_sub0.01,3,3,0.8548446666666667,0.04457480154003309,0.11072994549938289,0.7441147211672838,0.9655746121660496,0.5889576666666667,0.18263354313031693,0.4536868719206007,0.13527079474606601,1.0426445385872674,482.1333333333334,0.0
group|fl|fedavg|iid_sub0.01|3|5|0.001|3,FedAvg iid_sub0.01 [3N] {group},heterogeneous,fl,fedavg,iid_sub0.01,1,5,0.7249363147466743,0.011620218631454264,0.014428407125933374,0.7105079076207409,0.7393647218726077,3.4344252738067524,1.3473900186569785,1.6730056777054683,1.7614195961012842,5.107430951512221,46.1552,55.155096
group|fl|fedavg|iid_sub0.01|3|5|0.001|3,FedAvg iid_sub0.01 [3N] {group},heterogeneous,fl,fedavg,iid_sub0.01,2,5,0.7363430512312481,0.011496494372865167,0.014274783168338837,0.7220682680629092,0.750617834399587,2.2661903985381118,1.022841743386952,1.2700257686235514,0.9961646299145603,3.536216167161663,83.1606,110.310192
group|fl|fedavg|iid_sub0.01|3|5|0.001|3,FedAvg iid_sub0.01 [3N] {group},heterogeneous,fl,fedavg,iid_sub0.01,3,5,0.7434474950467025,0.015592702765203092,0.01936089765824496,0.7240865973884575,0.7628083927049475,1.4989600939278678,0.5908438765547219,0.7336295700771472,0.7653305238507205,2.232589664005015,120.11179999999999,165.465288
group|fl|fedprox_0.01|iid_sub0.01|3|5|0.001|3,FedProx(mu=0.01) iid_sub0.01 [3N] {group},heterogeneous,fl,fedprox_0.01,iid_sub0.01,1,5,0.7251627512029437,0.00938915956963721,0.011658181411008871,0.7135045697919349,0.7368209326139525,1.9123420771365012,0.6344730079797096,0.7878022918404549,1.1245397852960464,2.700144368976956,54.209799999999994,55.155096
group|fl|fedprox_0.01|iid_sub0.01|3|5|0.001|3,FedProx(mu=0.01) iid_sub0.01 [3N] {group},heterogeneous,fl,fedprox_0.01,iid_sub0.01,2,5,0.7320690631191622,0.00961699132201801,0.011941071895587786,0.7201279912235744,0.74401013501475,1.7395237022571108,0.6717710631860019,0.8341139441931246,0.9054097580639863,2.5736376464502353,98.92379999999999,110.310192
group|fl|fedprox_0.01|iid_sub0.01|3|5|0.001|3,FedProx(mu=0.01) iid_sub0.01 [3N] {group},heterogeneous,fl,fedprox_0.01,iid_sub0.01,3,5,0.7412114350410416,0.008276118890451963,0.010276158871128283,0.7309352761699133,0.7514875939121699,1.5160270680470969,0.3421585451204072,0.4248459471537878,1.091181120893309,1.9408730152008846,143.592,165.465288
group_final_epoch|local|local_only|iid_sub0.01|3|15||3,Local-only iid_sub0.01 {group_final_epoch},desktop_gpu,local,local_only,iid_sub0.01,1,3,0.6942834444444443,0.05940042761007073,0.14755884232027225,0.5467246021241721,0.8418422867647166,5.634585,1.799412618956654,4.469988745749651,1.1645962542503492,10.10457374574965,28.755555555555556,0.0
group_final_epoch|local|local_only|iid_sub0.01|3|15||3,Local-only iid_sub0.01 {group_final_epoch},desktop_gpu,local,local_only,iid_sub0.01,2,3,0.6802265555555556,0.06353409215822928,0.15782743431207827,0.5223991212434773,0.8380539898676338,4.435201,1.9955034879070823,4.957105468239302,-0.5219044682393017,9.392306468239301,57.23333333333334,0.0
group_final_epoch|local|local_only|iid_sub0.01|3|15||3,Local-only iid_sub0.01 {group_final_epoch},desktop_gpu,local,local_only,iid_sub0.01,3,3,0.7149407777777778,0.04720414451829096,0.1172615955487992,0.5976791822289785,0.832202373326577,2.234684111111111,0.16900264313657393,0.41982583920104644,1.8148582719100648,2.6545099503121574,85.67777777777779,0.0
group|local|local_only|iid_sub0.01|3|15||3,Local-only iid_sub0.01 {group},desktop_gpu,local,local_only,iid_sub0.01,1,3,0.6942834444444443,0.05940042761007073,0.14755884232027225,0.5467246021241721,0.8418422867647166,5.634585,1.799412618956654,4.469988745749651,1.1645962542503492,10.10457374574965,50.17777777777778,0.0
group|local|local_only|iid_sub0.01|3|15||3,Local-only iid_sub0.01 {group},desktop_gpu,local,local_only,iid_sub0.01,2,3,0.6802265555555556,0.06353409215822928,0.15782743431207827,0.5223991212434773,0.8380539898676338,4.435201,1.9955034879070823,4.957105468239302,-0.5219044682393017,9.392306468239301,100.74444444444445,0.0
group|local|local_only|iid_sub0.01|3|15||3,Local-only iid_sub0.01 {group},desktop_gpu,local,local_only,iid_sub0.01,3,3,0.7149407777777778,0.04720414451829096,0.1172615955487992,0.5976791822289785,0.832202373326577,2.234684111111111,0.16900264313657393,0.41982583920104644,1.8148582719100648,2.6545099503121574,148.03333333333333,0.0
group_final_epoch|centralized|centralized|iid_sub0.05|3|15|0.001|3,Centralized iid_sub0.05 {group_final_epoch},desktop_gpu,centralized,centralized,iid_sub0.05,1,3,0.7999810000000002,0.05452288477327666,0.1354423542187144,0.6645386457812857,0.9354233542187146,0.5831813333333334,0.25360987953219283,0.6300018658183784,-0.04682053248504492,1.213183199151712,116.03333333333332,0.0
group_final_epoch|centralized|centralized|iid_sub0.05|3|15|0.001|3,Centralized iid_sub0.05 {group_final_epoch},desktop_gpu,centralized,centralized,iid_sub0.05,2,3,0.843334,0.08747054120674001,0.2172888700788741,0.6260451299211259,1.0606228700788742,0.5072683333333333,0.3747537774343753,0.9309399911456216,-0.4236716578122883,1.438208324478955,231.66666666666666,0.0
group_final_epoch|centralized|centralized|iid_sub0.05|3|15|0.001|3,Centralized iid_sub0.05 {group_final_epoch},desktop_gpu,centralized,centralized,iid_sub0.05,3,3,0.8409283333333333,0.03578510729805531,0.08889513455813115,0.7520331987752021,0.9298234678914644,0.5706726666666667,0.25337938767061013,0.6294292922927692,-0.05875662562610251,1.200101958959436,346.8,0.0
group|centralized|centralized|iid_sub0.05|3|15|0.001|3,Centralized iid_sub0.05 {group},desktop_gpu,centralized,centralized,iid_sub0.05,1,3,0.7999810000000002,0.05452288477327666,0.1354423542187144,0.6645386457812857,0.9354233542187146,0.5831813333333334,0.25360987953219283,0.6300018658183784,-0.04682053248504492,1.213183199151712,183.5,0.0
group|centralized|centralized|iid_sub0.05|3|15|0.001|3,Centralized iid_sub0.05 {group},desktop_gpu,centralized,centralized,iid_sub0.05,2,3,0.843334,0.08747054120674001,0.2172888700788741,0.6260451299211259,1.0606228700788742,0.5072683333333333,0.3747537774343753,0.9309399911456216,-0.4236716578122883,1.438208324478955,368.6333333333334,0.0
group|centralized|centralized|iid_sub0.05|3|15|0.001|3,Centralized iid_sub0.05 {group},desktop_gpu,centralized,centralized,iid_sub0.05,3,3,0.8409283333333333,0.03578510729805531,0.08889513455813115,0.7520331987752021,0.9298234678914644,0.5706726666666667,0.25337938767061013,0.6294292922927692,-0.05875662562610251,1.200101958959436,567.3,0.0
group|fl|fedavg|iid_sub0.05|3|5|0.001|3,FedAvg iid_sub0.05 [3N] {group},heterogeneous,fl,fedavg,iid_sub0.05,1,5,0.7660345315595812,0.0274983178200803,0.03414367124835872,0.7318908603112225,0.8001782028079399,0.5266498305860993,0.11988430442305051,0.1488560247518021,0.37779380583429717,0.6755058553379014,100.56679999999999,55.155096
group|fl|fedavg|iid_sub0.05|3|5|0.001|3,FedAvg iid_sub0.05 [3N] {group},heterogeneous,fl,fedavg,iid_sub0.05,2,5,0.8567223322954997,0.05973809029479787,0.07417463604049619,0.7825476962550034,0.9308969683359959,0.3528651003893928,0.18690551579444994,0.23207385002767347,0.12079125036171931,0.5849389504170662,191.6802,110.310192
group|fl|fedavg|iid_sub0.05|3|5|0.001|3,FedAvg iid_sub0.05 [3N] {group},heterogeneous,fl,fedavg,iid_sub0.05,3,5,0.8801018964053211,0.049467871979445605,0.06142247570463038,0.8186794207006908,0.9415243721099514,0.30484554761894234,0.17759025818500487,0.2205074300200319,0.08433811759891044,0.5253529776389743,282.80199999999996,165.465288
group|fl|fedprox_0.01|iid_sub0.05|3|5|0.001|3,FedProx(mu=0.01) iid_sub0.05 [3N] {group},heterogeneous,fl,fedprox_0.01,iid_sub0.05,1,5,0.7685819416926125,0.02756451897098002,0.034225870834070554,0.7343560708585419,0.8028078125266831,0.42784187823835584,0.07619287619419023,0.09460595128992264,0.3332359269484332,0.5224478295282785,138.584,55.155096
group|fl|fedprox_0.01|iid_sub0.05|3|5|0.001|3,FedProx(mu=0.01) iid_sub0.05 [3N] {group},heterogeneous,fl,fedprox_0.01,iid_sub0.05,2,5,0.8053212567223322,0.07830742299028605,0.09723150791915193,0.7080897488031803,0.9025527646414842,0.46967066706002647,0.20068140649999522,0.24917887755993892,0.22049178950008755,0.7188495446199654,267.55060000000003,110.310192
group|fl|fedprox_0.01|iid_sub0.05|3|5|0.001|3,FedProx(mu=0.01) iid_sub0.05 [3N] {group},heterogeneous,fl,fedprox_0.01,iid_sub0.05,3,5,0.8442683272006792,0.08975661334399099,0.11144755538992918,0.73282077181075,0.9557158825906085,0.37089106112601167,0.1791401608384262,0.22243188834550567,0.148459172780506,0.5933229494715173,396.156,165.465288
group_final_epoch|local|local_only|iid_sub0.05|3|15||3,Local-only iid_sub0.05 {group_final_epoch},desktop_gpu,local,local_only,iid_sub0.05,1,3,0.8269194444444445,0.029380194981452144,0.07298445033200306,0.7539349941124415,0.8999038947764476,2.037168,0.5289247439101753,1.313921903025152,0.7232460969748478,3.351089903025152,38.55555555555556,0.0
group_final_epoch|local|local_only|iid_sub0.05|3|15||3,Local-only iid_sub0.05 {group_final_epoch},desktop_gpu,local,local_only,iid_sub0.05,2,3,0.8022971111111111,0.022099242250290738,0.05489756107505345,0.7473995500360577,0.8571946721861645,1.5264802222222222,0.4651463882771307,1.155487684603682,0.37099253761854034,2.6819679068259044,76.94444444444444,0.0
group_final_epoch|local|local_only|iid_sub0.05|3|15||3,Local-only iid_sub0.05 {group_final_epoch},desktop_gpu,local,local_only,iid_sub0.05,3,3,0.8341656666666667,0.007898723828006023,0.019621517735850687,0.8145441489308161,0.8537871844025173,1.386499888888889,0.38748124899913017,0.962556783234859,0.42394310565403004,2.3490566721237482,115.24444444444445,0.0
group|local|local_only|iid_sub0.05|3|15||3,Local-only iid_sub0.05 {group},desktop_gpu,local,local_only,iid_sub0.05,1,3,0.8269194444444445,0.029380194981452144,0.07298445033200306,0.7539349941124415,0.8999038947764476,2.037168,0.5289247439101753,1.313921903025152,0.7232460969748478,3.351089903025152,71.30000000000001,0.0
group|local|local_only|iid_sub0.05|3|15||3,Local-only iid_sub0.05 {group},desktop_gpu,local,local_only,iid_sub0.05,2,3,0.8022971111111111,0.022099242250290738,0.05489756107505345,0.7473995500360577,0.8571946721861645,1.5264802222222222,0.4651463882771307,1.155487684603682,0.37099253761854034,2.6819679068259044,144.1888888888889,0.0
group|local|local_only|iid_sub0.05|3|15||3,Local-only iid_sub0.05 {group},desktop_gpu,local,local_only,iid_sub0.05,3,3,0.8341656666666667,0.007898723828006023,0.019621517735850687,0.8145441489308161,0.8537871844025173,1.386499888888889,0.38748124899913017,0.962556783234859,0.42394310565403004,2.3490566721237482,215.52222222222224,0.0
group_final_epoch|centralized|centralized|non_iid_label|3|15|0.001|3,Centralized non_iid_label {group_final_epoch},desktop_gpu,centralized,centralized,non_iid_label,1,5,0.891318,0.07988389413079461,0.09918895537852863,0.7921290446214714,0.9905069553785287,0.5841882,0.6620846517169839,0.822086675800257,-0.23789847580025691,1.406274875800257,909.3399999999999,0.0
group_final_epoch|centralized|centralized|non_iid_label|3|15|0.001|3,Centralized non_iid_label {group_final_epoch},desktop_gpu,centralized,centralized,non_iid_label,2,5,0.8930686,0.024510609810855358,0.03043394177615907,0.8626346582238409,0.9235025417761591,0.5898045999999999,0.30598491192263055,0.37993044912788004,0.20987415087211986,0.96973504912788,1816.9999999999995,0.0
group_final_epoch|centralized|centralized|non_iid_label|3|15|0.001|3,Centralized non_iid_label {group_final_epoch},desktop_gpu,centralized,centralized,non_iid_label,3,5,0.916933,0.017110096390727917,0.021244990694163017,0.895688009305837,0.938177990694163,0.2765162,0.06369588732171018,0.07908889012101111,0.19742730987898888,0.3556050901210111,2719.16,0.0
group|centralized|centralized|non_iid_label|3|15|0.001|3,Centralized non_iid_label {group},desktop_gpu,centralized,centralized,non_iid_label,1,5,0.891318,0.07988389413079461,0.09918895537852863,0.7921290446214714,0.9905069553785287,0.5841882,0.6620846517169839,0.822086675800257,-0.23789847580025691,1.406274875800257,1254.22,0.0
group|centralized|centralized|non_iid_label|3|15|0.001|3,Centralized non_iid_label {group},desktop_gpu,centralized,centralized,non_iid_label,2,5,0.8930686,0.024510609810855358,0.03043394177615907,0.8626346582238409,0.9235025417761591,0.5898045999999999,0.30598491192263055,0.37993044912788004,0.20987415087211986,0.96973504912788,2482.34,0.0
group|centralized|centralized|non_iid_label|3|15|0.001|3,Centralized non_iid_label {group},desktop_gpu,centralized,centralized,non_iid_label,3,5,0.916933,0.017110096390727917,0.021244990694163017,0.895688009305837,0.938177990694163,0.2765162,0.06369588732171018,0.07908889012101111,0.19742730987898888,0.3556050901210111,3682.28,0.0
image|centralized|centralized|non_iid_label|3|15|0.001|3,Centralized non_iid_label {image},desktop_gpu,centralized,centralized,non_iid_label,1,3,0.996657,0.001299664956825407,0.0032285467318903583,0.9934284532681097,0.9998855467318903,0.011175,0.0038804596377233457,0.009639596124993587,0.0015354038750064122,0.020814596124993586,5350.666666666667,0.0
image|centralized|centralized|non_iid_label|3|15|0.001|3,Centralized non_iid_label {image},desktop_gpu,centralized,centralized,non_iid_label,2,3,0.9965843333333333,0.002545312227082009,0.006322906091473639,0.9902614272418596,1.0029072394248069,0.017574000000000003,0.01850765660476766,0.04597556772802842,-0.028401567728028414,0.06354956772802842,10498.0,0.0
image|centralized|centralized|non_iid_label|3|15|0.001|3,Centralized non_iid_label {image},desktop_gpu,centralized,centralized,non_iid_label,3,3,0.9979076666666667,0.0005726162181892445,0.0014224575419637577,0.996485209124703,0.9993301242086305,0.007192666666666667,0.0011135965756652333,0.0027663272492860357,0.004426339417380631,0.009958993915952702,15572.16666666667,0.0
group|fl|fedavg|non_iid_label|3|1|0.001|3,FedAvg (E=1) non_iid_label [3N] {group},heterogeneous,fl,fedavg,non_iid_label,1,3,0.7489003102282723,0.1609322076356652,0.39977776602299037,0.34912254420528194,1.1486780762512627,0.4886999246949602,0.17211873534253821,0.42756664136317357,0.061133283331786636,0.9162665660581337,300.9286666666667,55.15509599999999
group|fl|fedavg|non_iid_label|3|1|0.001|3,FedAvg (E=1) non_iid_label [3N] {group},heterogeneous,fl,fedavg,non_iid_label,2,3,0.8700745473908413,0.027965199005627776,0.06946940546648278,0.8006051419243585,0.9395439528573242,0.2754353180167138,0.10232473809022134,0.2541887407348943,0.0212465772818195,0.5296240587516081,591.7493333333333,110.31019199999999
group|fl|fedavg|non_iid_label|3|1|0.001|3,FedAvg (E=1) non_iid_label [3N] {group},heterogeneous,fl,fedavg,non_iid_label,3,3,0.8758623882946704,0.038011719053627255,0.09442634478957403,0.7814360435050964,0.9702887330842445,0.2743746646515679,0.12289879723720679,0.30529753694570266,-0.030922872294134762,0.5796722015972706,882.3986666666666,165.465288
group|fl|fedavg|non_iid_label|3|2|0.001|3,FedAvg (E=2) non_iid_label [3N] {group},heterogeneous,fl,fedavg,non_iid_label,1,3,0.5678103440292633,0.08517431667772477,0.21158473213170118,0.3562256118975622,0.7793950761609645,0.6603743141766206,0.10577320599186235,0.26275520989712126,0.39761910427949937,0.9231295240737418,571.0616666666666,55.15509599999999
group|fl|fedavg|non_iid_label|3|2|0.001|3,FedAvg (E=2) non_iid_label [3N] {group},heterogeneous,fl,fedavg,non_iid_label,2,3,0.8227531601611334,0.07248385450252044,0.180059876462735,0.6426932836983984,1.0028130366238683,0.4651247886791416,0.29014231981826005,0.7207534784352649,-0.25562868975612335,1.1858782671144066,1130.023,110.31019199999999
group|fl|fedavg|non_iid_label|3|2|0.001|3,FedAvg (E=2) non_iid_label [3N] {group},heterogeneous,fl,fedavg,non_iid_label,3,3,0.8698430337546882,0.04006652336100856,0.09953076165980697,0.7703122720948812,0.9693737954144952,0.33676962325808685,0.17203220544567163,0.4273516891831734,-0.09058206592508655,0.7641213124412602,1687.7969999999998,165.465288
group|fl|fedavg|non_iid_label|10|5|0.001|3,FedAvg (R=10) non_iid_label [3N] {group},heterogeneous,fl,fedavg,non_iid_label,1,3,0.38472936055933693,0.014838055539183367,0.036859773333931284,0.3478695872254056,0.42158913389326824,1.850537549550279,0.5584703986094309,1.3873173780819263,0.4632201714683526,3.2378549276322053,1373.7646666666667,55.15509599999999
group|fl|fedavg|non_iid_label|10|5|0.001|3,FedAvg (R=10) non_iid_label [3N] {group},heterogeneous,fl,fedavg,non_iid_label,2,3,0.7257026438857249,0.2016837894528326,0.5010103072284949,0.22469233665722999,1.2267129511142199,0.6239525944947709,0.4154482721302303,1.0320307200802188,-0.40807812558544787,1.6559833145749896,2739.695333333333,110.31019199999999
group|fl|fedavg|non_iid_label|10|5|0.001|3,FedAvg (R=10) non_iid_label [3N] {group},heterogeneous,fl,fedavg,non_iid_label,3,3,0.856600453766727,0.032227097311490815,0.08005654777172201,0.776543905995005,0.936657001538449,0.5215980814497846,0.30330552885635736,0.7534527024144553,-0.2318546209646707,1.27505078386424,4104.100666666666,165.465288
group|fl|fedavg|non_iid_label|10|5|0.001|3,FedAvg (R=10) non_iid_label [3N] {group},heterogeneous,fl,fedavg,non_iid_label,4,3,0.9157290364402463,0.010200376259984316,0.025339139341469828,0.8903898970987765,0.9410681757817161,0.2442220674328833,0.02020423509970838,0.05019010234825528,0.19403196508462803,0.2944121697811386,5468.687666666666,220.62038399999997
group|fl|fedavg|non_iid_label|10|5|0.001|3,FedAvg (R=10) non_iid_label [3N] {group},heterogeneous,fl,fedavg,non_iid_label,5,3,0.9181367782562392,0.030227880028434195,0.07509021672489802,0.8430465615313412,0.9932269949811372,0.25130916342493986,0.16063289221282478,0.399034225293404,-0.14772506186846412,0.6503433887183439,6833.916333333334,275.77548
group|fl|fedavg|non_iid_label|10|5|0.001|3,FedAvg (R=10) non_iid_label [3N] {group},heterogeneous,fl,fedavg,non_iid_label,6,3,0.9082742973561143,0.030434948503455177,0.07560460333261228,0.832669694023502,0.9838789006887266,0.31827903601946056,0.1905712688857197,0.47340527581512865,-0.15512623979566809,0.7916843118345892,8199.207666666667,330.930576
group|fl|fedavg|non_iid_label|10|5|0.001|3,FedAvg (R=10) non_iid_label [3N] {group},heterogeneous,fl,fedavg,non_iid_label,7,3,0.8796592119275827,0.03272056842857749,0.08128239798333659,0.7983768139442461,0.9609416099109193,0.35769109135374405,0.14655568569847188,0.3640645057150025,-0.006373414361258434,0.7217555970687466,9564.087333333335,386.085672
group|fl|fedavg|non_iid_label|10|5|0.001|3,FedAvg (R=10) non_iid_label [3N] {group},heterogeneous,fl,fedavg,non_iid_label,8,3,0.8920220400981617,0.019217751567689637,0.04773954140434686,0.8442824986938148,0.9397615815025085,0.28798563422486007,0.08536650765902595,0.21206216099620975,0.07592347322865031,0.5000477952210698,10929.249000000002,441.24076799999995
group|fl|fedavg|non_iid_label|10|5|0.001|3,FedAvg (R=10) non_iid_label [3N] {group},heterogeneous,fl,fedavg,non_iid_label,9,3,0.9168403018937815,0.015503878960539669,0.0385137704042891,0.8783265314894925,0.9553540722980706,0.21262484793317613,0.025101254422156792,0.06235497272231943,0.1502698752108567,0.27497982065549553,12294.269333333335,496.395864
group|fl|fedavg|non_iid_label|10|5|0.001|3,FedAvg (R=10) non_iid_label [3N] {group},heterogeneous,fl,fedavg,non_iid_label,10,3,0.9000787146362921,0.021863076984744576,0.0543108940327047,0.8457678206035874,0.9543896086689968,0.3447333217806842,0.06973812848350151,0.17323911491275598,0.17149420686792824,0.5179724366934402,13660.695,551.55096
group|fl|fedavg|non_iid_label|10|5|0.001|3|pc=maxn,FedAvg (R=10) non_iid_label [3N] {group} [pc:maxn],maxn,fl,fedavg,non_iid_label,1,5,0.3835532712876789,0.011329918771167801,0.01406795224073209,0.3694853190469468,0.397621223528411,2.4623478479080405,1.8017054648053674,2.2371128110158036,0.2252350368922369,4.699460658923844,944.2284,55.155096
group|fl|fedavg|non_iid_label|10|5|0.001|3|pc=maxn,FedAvg (R=10) non_iid_label [3N] {group} [pc:maxn],maxn,fl,fedavg,non_iid_label,2,5,0.786998194193638,0.05987390601104656,0.07434327352575244,0.7126549206678856,0.8613414677193905,0.5232482246932971,0.13669945633536365,0.1697347935056485,0.35351343118764866,0.6929830181989456,1852.8824,110.310192
group|fl|fedavg|non_iid_label|10|5|0.001|3|pc=maxn,FedAvg (R=10) non_iid_label [3N] {group} [pc:maxn],maxn,fl,fedavg,non_iid_label,3,5,0.8847062091957216,0.04016560759169366,0.0498721889125858,0.8348340202831358,0.9345783981083075,0.2986835645090329,0.1590769514750184,0.19752012359053753,0.10116344091849536,0.4962036880995704,2763.3766,165.465288
group|fl|fedavg|non_iid_label|10|5|0.001|3|pc=maxn,FedAvg (R=10) non_iid_label [3N] {group} [pc:maxn],maxn,fl,fedavg,non_iid_label,4,5,0.9024308931796083,0.029691376075403154,0.03686671272995667,0.8655641804496517,0.939297605909565,0.2565392532984022,0.11451197954438361,0.142185402363307,0.1143538509350952,0.3987246556617092,3670.3502,220.620384
group|fl|fedavg|non_iid_label|10|5|0.001|3|pc=maxn,FedAvg (R=10) non_iid_label [3N] {group} [pc:maxn],maxn,fl,fedavg,non_iid_label,5,5,0.8955688290040283,0.019146012542231666,0.023772914482846783,0.8717959145211815,0.9193417434868751,0.29550292246026844,0.09307357518176618,0.11556610748731043,0.179936814972958,0.4110690299475789,4581.8644,275.77548
group|fl|fedavg|non_iid_label|10|5|0.001|3|pc=maxn,FedAvg (R=10) non_iid_label [3N] {group} [pc:maxn],maxn,fl,fedavg,non_iid_label,6,5,0.8965967495485483,0.02280202237149725,0.02831245026492495,0.8682842992836234,0.9249091998134732,0.3032922809918287,0.14680110753807846,0.1822776501264712,0.12101463086535749,0.48556993111829994,5493.7012,330.930576
group|fl|fedavg|non_iid_label|10|5|0.001|3|pc=maxn,FedAvg (R=10) non_iid_label [3N] {group} [pc:maxn],maxn,fl,fedavg,non_iid_label,7,5,0.9046534240866787,0.018051277214333406,0.022413621038633723,0.882239803048045,0.9270670451253125,0.3080886820527095,0.09061958134653672,0.11251907169029202,0.1955696103624175,0.4206077537430015,6403.568000000001,386.085672
group|fl|fedavg|non_iid_label|10|5|0.001|3|pc=maxn,FedAvg (R=10) non_iid_label [3N] {group} [pc:maxn],maxn,fl,fedavg,non_iid_label,8,5,0.8937074593693568,0.02622117760494372,0.03255789222256542,0.8611495671467914,0.9262653515919222,0.3253205400258173,0.1222245871612508,0.15176186957344312,0.17355867045237416,0.4770824095992604,7314.294800000001,441.240768
group|fl|fedavg|non_iid_label|10|5|0.001|3|pc=maxn,FedAvg (R=10) non_iid_label [3N] {group} [pc:maxn],maxn,fl,fedavg,non_iid_label,9,5,0.9015696624531184,0.01562781866507577,0.01940449980688139,0.882165162646237,0.9209741622599998,0.43256796072941456,0.19228240573924557,0.23875014069443004,0.19381782003498452,0.6713181014238446,8222.945000000002,496.39586399999996
group|fl|fedavg|non_iid_label|10|5|0.001|3|pc=maxn,FedAvg (R=10) non_iid_label [3N] {group} [pc:maxn],maxn,fl,fedavg,non_iid_label,10,5,0.9099319349909709,0.025377007936301328,0.031509717136636556,0.8784222178543344,0.9414416521276074,0.32668836116027855,0.10223189326321427,0.12693766133314308,0.19975069982713548,0.45362602249342165,9134.5124,551.55096
group|fl|fedavg|non_iid_label|3|5|0.0001|3,FedAvg (lr=0.0001) non_iid_label [3N] {group},heterogeneous,fl,fedavg,non_iid_label,1,3,0.9528175209519841,0.02019876538630766,0.050176514826924076,0.90264100612506,1.0029940357789082,0.11797930582618621,0.019170764678732032,0.04762281950152944,0.07035648632465677,0.16560212532771565,1370.2396666666666,55.15509599999999
group|fl|fedavg|non_iid_label|3|5|0.0001|3,FedAvg (lr=0.0001) non_iid_label [3N] {group},heterogeneous,fl,fedavg,non_iid_label,2,3,0.9648562300319489,0.02356408522713597,0.05853643275562731,0.9063197972763215,1.0233926627875762,0.09676839049839603,0.04731217587227259,0.11752996030927641,-0.020761569810880384,0.21429835080767246,2728.376,110.31019199999999
group|fl|fedavg|non_iid_label|3|5|0.0001|3,FedAvg (lr=0.0001) non_iid_label [3N] {group},heterogeneous,fl,fedavg,non_iid_label,3,3,0.9574940964022781,0.021106731394052034,0.05243202742774928,0.9050620689745288,1.0099261238300274,0.09513479919540264,0.025061317609637715,0.062255764180253685,0.03287903501514896,0.15739056337565632,4088.053,165.465288
group|fl|fedavg|non_iid_label|3|5|0.001|3,FedAvg non_iid_label [3N] {group},heterogeneous,fl,fedavg,non_iid_label,1,5,0.3936380052785109,0.02968711913312734,0.036861427037990356,0.35677657824052056,0.43049943231650123,2.241575893490777,1.4964696930098396,1.8581125422133569,0.38346335127742015,4.099688435704134,1382.214,55.155096
group|fl|fedavg|non_iid_label|3|5|0.001|3,FedAvg non_iid_label [3N] {group},heterogeneous,fl,fedavg,non_iid_label,2,5,0.7653562994860397,0.15308426565622446,0.19007922135679484,0.5752770781292449,0.9554355208428345,0.597293035283603,0.30154563144886076,0.37441835438567117,0.22287468089793183,0.9717113896692742,2745.2447999999995,110.310192
group|fl|fedavg|non_iid_label|3|5|0.001|3,FedAvg non_iid_label [3N] {group},heterogeneous,fl,fedavg,non_iid_label,3,5,0.8614251979441591,0.028059040100171087,0.03483989991653817,0.8265852980276209,0.8962650978606972,0.4814938995414787,0.22737373623552418,0.28232178242072903,0.19917211712074967,0.7638156819622077,4110.1268,165.465288
image|fl|fedavg|non_iid_label|3|||3,FedAvg non_iid_label [3N] {image},unrecorded,fl,fedavg,non_iid_label,1,3,0.49794357457248,0.0979731583401498,0.2433788173720525,0.2545647572004275,0.7413223919445325,1.1522526486292057,0.46283015434746255,1.1497338405497577,0.0025188080794480427,2.3019864891789634,2048.96,36.770064
image|fl|fedavg|non_iid_label|3|||3,FedAvg non_iid_label [3N] {image},unrecorded,fl,fedavg,non_iid_label,2,3,0.9563701084734348,0.06646101732379238,0.16509831949532464,0.7912717889781102,1.1214684279687595,0.1675515499763506,0.16906750455165365,0.41998696388828344,-0.2524354139119328,0.5875385138646341,4097.92,73.540128
image|fl|fedavg|non_iid_label|3|||3,FedAvg non_iid_label [3N] {image},unrecorded,fl,fedavg,non_iid_label,3,3,0.9931452485749332,0.0039382506815773665,0.009783157036432776,0.9833620915385005,1.002928405611366,0.05133095118921537,0.041326114835846264,0.1026597603438505,-0.051328809154635134,0.15399071153306587,6146.88,110.31019199999999
group|fl|fedbn|non_iid_label|10|5|0.001|3,FedBN (R=10) non_iid_label [3N] {group},heterogeneous,fl,fedbn,non_iid_label,1,3,0.4182062323470852,0.023976185259637118,0.059560145987376946,0.35864608635970824,0.47776637833446217,2.1346278315626583,0.5375609819811534,1.3353755077049227,0.7992523238577356,3.4700033392675813,1370.6303333333333,55.15509599999999
group|fl|fedbn|non_iid_label|10|5|0.001|3,FedBN (R=10) non_iid_label [3N] {group},heterogeneous,fl,fedbn,non_iid_label,2,3,0.550909848590082,0.08400316524305511,0.2086754306866678,0.34223441790341413,0.7595852792767498,1.452800517357698,0.11846684760072097,0.29428796371713006,1.158512553640568,1.7470884810748282,2727.9763333333335,110.31019199999999
group|fl|fedbn|non_iid_label|10|5|0.001|3,FedBN (R=10) non_iid_label [3N] {group},heterogeneous,fl,fedbn,non_iid_label,3,3,0.6992174839098023,0.1012611427028062,0.2515466233229726,0.4476708605868297,0.9507641072327749,0.8661141685762702,0.31749495196404287,0.7887011834642385,0.07741298511203176,1.6548153520405087,4087.9543333333336,165.465288
group|fl|fedbn|non_iid_label|10|5|0.001|3,FedBN (R=10) non_iid_label [3N] {group},heterogeneous,fl,fedbn,non_iid_label,4,3,0.6993100893642635,0.09222858211323949,0.22910849892876015,0.47020159043550336,0.9284185882930237,1.2414769599789652,0.8394222475522373,2.085240461226734,-0.8437635012477687,3.326717421205699,5451.580333333332,220.62038399999997
group|fl|fedbn|non_iid_label|10|5|0.001|3,FedBN (R=10) non_iid_label [3N] {group},heterogeneous,fl,fedbn,non_iid_label,5,3,0.70708894753901,0.16382489229952804,0.4069635930846938,0.30012535445431615,1.1140525406237038,1.4199377674367337,0.7988224659820593,1.9843850127394287,-0.564447245302695,3.4043227801761624,6810.115999999999,275.77548
group|fl|fedbn|non_iid_label|10|5|0.001|3,FedBN (R=10) non_iid_label [3N] {group},heterogeneous,fl,fedbn,non_iid_label,6,3,0.812566560170394,0.011389059142735006,0.028291991317822913,0.7842745688525711,0.8408585514882169,0.9111689806474107,0.21930401167967528,0.5447813657516163,0.3663876148957944,1.4559503463990269,8169.120666666667,330.930576
group|fl|fedbn|non_iid_label|10|5|0.001|3,FedBN (R=10) non_iid_label [3N] {group},heterogeneous,fl,fedbn,non_iid_label,7,3,0.8433115710515349,0.0529149017295152,0.13144790289985148,0.7118636681516834,0.9747594739513863,0.5331710720599289,0.23890656681486877,0.5934768122096156,-0.060305740149686704,1.1266478842695444,9528.628666666666,386.085672
group|fl|fedbn|non_iid_label|10|5|0.001|3,FedBN (R=10) non_iid_label [3N] {group},heterogeneous,fl,fedbn,non_iid_label,8,3,0.7856183729221651,0.11641602363060082,0.28919343455279306,0.496424938369372,1.0748118074749582,0.9097575134052537,0.568133512233894,1.4113218830493834,-0.5015643696441298,2.3210793964546372,10887.790333333332,441.24076799999995
group|fl|fedbn|non_iid_label|10|5|0.001|3,FedBN (R=10) non_iid_label [3N] {group},heterogeneous,fl,fedbn,non_iid_label,9,3,0.8465527619576793,0.09519440966349572,0.23647602299289977,0.6100767389647794,1.083028784950579,0.6663416900383278,0.6698319592871697,1.66395483060087,-0.9976131405625422,2.3302965206391977,12246.492,496.395864
group|fl|fedbn|non_iid_label|10|5|0.001|3,FedBN (R=10) non_iid_label [3N] {group},heterogeneous,fl,fedbn,non_iid_label,10,3,0.8156225401676158,0.13146001518001077,0.3265647812959356,0.48905775887168024,1.1421873214635514,0.6767892227435643,0.5751433841747435,1.4287353702921883,-0.751946147548624,2.105524593035753,13604.98666666667,551.55096
group|fl|fedbn|non_iid_label|10|5|0.001|3|pc=maxn,FedBN (R=10) non_iid_label [3N] {group} [pc:maxn],maxn,fl,fedbn,non_iid_label,1,5,0.42300319488817895,0.022717200489800134,0.028207129988161744,0.3947960649000172,0.4512103248763407,2.7703170247149296,1.5982708124671172,1.9845153272202993,0.7858016974946302,4.754832351935229,917.5446,55.155096
group|fl|fedbn|non_iid_label|10|5|0.001|3|pc=maxn,FedBN (R=10) non_iid_label [3N] {group} [pc:maxn],maxn,fl,fedbn,non_iid_label,2,5,0.4960133351854424,0.08709755671868956,0.10814590050910719,0.3878674346763352,0.6041592356945495,2.218866293867431,0.6770892936856368,0.8407173995386704,1.3781488943287608,3.0595836934061014,1823.6470000000002,110.310192
group|fl|fedbn|non_iid_label|10|5|0.001|3|pc=maxn,FedBN (R=10) non_iid_label [3N] {group} [pc:maxn],maxn,fl,fedbn,non_iid_label,3,5,0.6054452007223226,0.16608660592244404,0.20622375915775482,0.39922144156456774,0.8116689598800774,1.5553467377278747,1.202664028142024,1.4933046256786697,0.062042112049204956,3.0486513634065444,2729.0036,165.465288
group|fl|fedbn|non_iid_label|10|5|0.001|3|pc=maxn,FedBN (R=10) non_iid_label [3N] {group} [pc:maxn],maxn,fl,fedbn,non_iid_label,4,5,0.74579802750382,0.1441249870305554,0.17895480763742508,0.5668432198663949,0.9247528351412451,1.4695041855474371,1.4564264633767132,1.8083923056060975,-0.3388881200586604,3.277896491153535,3633.7444000000005,220.620384
group|fl|fedbn|non_iid_label|10|5|0.001|3|pc=maxn,FedBN (R=10) non_iid_label [3N] {group} [pc:maxn],maxn,fl,fedbn,non_iid_label,5,5,0.7561050145853592,0.11570519569406323,0.1436669758984395,0.6124380386869197,0.8997719904837986,1.0468966259664838,0.9050115544348701,1.1237202651002045,-0.0768236391337207,2.1706168910666883,4544.5246,275.77548
group|fl|fedbn|non_iid_label|10|5|0.001|3|pc=maxn,FedBN (R=10) non_iid_label [3N] {group} [pc:maxn],maxn,fl,fedbn,non_iid_label,6,5,0.8035838310876512,0.049011660959676365,0.06085601490579908,0.7427278161818521,0.8644398459934503,0.5466280274350052,0.15225691887833429,0.18905193464865871,0.35757609278634644,0.7356799620836638,5456.9668,330.930576
group|fl|fedbn|non_iid_label|10|5|0.001|3|pc=maxn,FedBN (R=10) non_iid_label [3N] {group} [pc:maxn],maxn,fl,fedbn,non_iid_label,7,5,0.8003055979997221,0.09701782382705826,0.12046353903013357,0.6798420589695886,0.9207691370298556,1.41907129161348,1.5324908242761461,1.9028386840813019,-0.48376739246782186,3.3219099756947816,6369.9008,386.085672
group|fl|fedbn|non_iid_label|10|5|0.001|3|pc=maxn,FedBN (R=10) non_iid_label [3N] {group} [pc:maxn],maxn,fl,fedbn,non_iid_label,8,5,0.8729545770245867,0.02150041100679775,0.02669628629372471,0.846258290730862,0.8996508633183113,0.6385561719346058,0.32590289183320537,0.40466188769978667,0.23389428423481912,1.0432180596343925,7274.8176,441.240768
group|fl|fedbn|non_iid_label|10|5|0.001|3|pc=maxn,FedBN (R=10) non_iid_label [3N] {group} [pc:maxn],maxn,fl,fedbn,non_iid_label,9,5,0.8540352826781497,0.11692593202872029,0.14518272025648238,0.7088525624216673,0.999218002934632,0.7769319938785761,0.9244491085945151,1.1478551763133713,-0.37092318243479516,1.9247871701919474,8182.7312,496.39586399999996
group|fl|fedbn|non_iid_label|10|5|0.001|3|pc=maxn,FedBN (R=10) non_iid_label [3N] {group} [pc:maxn],maxn,fl,fedbn,non_iid_label,10,5,0.8552854563133769,0.09593721499986288,0.11912178595326386,0.7361636703601131,0.9744072422666408,1.161409969045458,1.9685001543873788,2.4442157721613595,-1.2828058031159015,3.6056257412068176,9091.004200000001,551.55096
image|fl|fedbn|non_iid_label|3|||3,FedBN non_iid_label [3N] {image},unrecorded,fl,fedbn,non_iid_label,1,3,0.37590494744690567,0.013613147081815342,0.033816932041541445,0.3420880154053642,0.4097218794884471,2.7214454083019834,0.6493841812542126,1.6131597340677013,1.1082856742342821,4.334605142369685,2054.2533333333336,36.770064
image|fl|fedbn|non_iid_label|3|||3,FedBN non_iid_label [3N] {image},unrecorded,fl,fedbn,non_iid_label,2,3,0.6358323111335594,0.1406628423157656,0.34942587123858343,0.286406439894976,0.9852581823721429,1.1083933625229683,0.7875683034483627,1.9564281231753053,-0.8480347606523371,3.064821485698274,4108.506666666667,73.540128
image|fl|fedbn|non_iid_label|3|||3,FedBN non_iid_label [3N] {image},unrecorded,fl,fedbn,non_iid_label,3,3,0.7506313586838876,0.08358210290011901,0.20762945384158227,0.5430019048423054,0.9582608125254699,0.5774176179406493,0.12013806802682298,0.2984395054022575,0.2789781125383918,0.8758571233429068,6162.760000000001,110.31019199999999
group|fl|fedprox_0.001|non_iid_label|3|5|0.001|3,FedProx(mu=0.001) non_iid_label [3N] {group},heterogeneous,fl,fedprox_0.001,non_iid_label,1,3,0.643469000324119,0.09404651553477267,0.23362449589864204,0.409844504425477,0.877093496222761,0.604168742261739,0.13183499976207216,0.32749629463755925,0.27667244762417975,0.9316650368992982,2155.262666666667,55.15509599999999
group|fl|fedprox_0.001|non_iid_label|3|5|0.001|3,FedProx(mu=0.001) non_iid_label [3N] {group},heterogeneous,fl,fedprox_0.001,non_iid_label,2,3,0.8645645228503959,0.04171688144396937,0.10363047841158189,0.760934044438814,0.9681950012619778,0.34940938299894425,0.10036124323614481,0.24931114912105506,0.10009823387788919,0.5987205321199993,4295.0,110.31019199999999
group|fl|fedprox_0.001|non_iid_label|3|5|0.001|3,FedProx(mu=0.001) non_iid_label [3N] {group},heterogeneous,fl,fedprox_0.001,non_iid_label,3,3,0.8860026855581794,0.0040267403067550216,0.010002977451435241,0.8759997081067442,0.8960056630096146,0.33085552554993464,0.030977104009891593,0.07695139227178407,0.25390413327815053,0.40780691782171874,6436.692,165.465288
group|fl|fedprox_0.01|non_iid_label|3|1|0.001|3,FedProx(mu=0.01) (E=1) non_iid_label [3N] {group},heterogeneous,fl,fedprox_0.01,non_iid_label,1,3,0.8816039264712692,0.02722257793923614,0.06762463246991908,0.81397929400135,0.9492285589411883,0.2999715077182665,0.010977452082321494,0.02726950269662701,0.27270200502163944,0.3272410104148935,455.3143333333333,55.15509599999999
group|fl|fedprox_0.01|non_iid_label|3|1|0.001|3,FedProx(mu=0.01) (E=1) non_iid_label [3N] {group},heterogeneous,fl,fedprox_0.01,non_iid_label,2,3,0.8674815946659259,0.006376173033770504,0.01583929188983482,0.8516423027760911,0.8833208865557607,0.2517289955626452,0.03347035676562914,0.08314497546723716,0.16858402009540807,0.33487397102988237,896.7046666666666,110.31019199999999
group|fl|fedprox_0.01|non_iid_label|3|1|0.001|3,FedProx(mu=0.01) (E=1) non_iid_label [3N] {group},heterogeneous,fl,fedprox_0.01,non_iid_label,3,3,0.8884567301014029,0.06193108768290289,0.15384535044281544,0.7346113796585875,1.0423020805442182,0.26320294009101436,0.14247835092352618,0.35393584463712885,-0.09073290454611449,0.6171387847281432,1337.1476666666667,165.465288
group|fl|fedprox_0.01|non_iid_label|3|2|0.001|3,FedProx(mu=0.01) (E=2) non_iid_label [3N] {group},heterogeneous,fl,fedprox_0.01,non_iid_label,1,3,0.8634995601240912,0.018479139412690325,0.04590472709575588,0.8175948330283354,0.9094042872198471,0.3075218166440661,0.06563616466500921,0.16304927189900384,0.14447254474506224,0.47057108854306995,872.5676666666668,55.15509599999999
group|fl|fedprox_0.01|non_iid_label|3|2|0.001|3,FedProx(mu=0.01) (E=2) non_iid_label [3N] {group},heterogeneous,fl,fedprox_0.01,non_iid_label,2,3,0.8536370792239664,0.041754869038714004,0.10372484482826572,0.7499122343957006,0.9573619240522321,0.33559840123820966,0.13803580644418537,0.34289995235987014,-0.007301551121660477,0.6784983535980798,1730.4873333333335,110.31019199999999
group|fl|fedprox_0.01|non_iid_label|3|2|0.001|3,FedProx(mu=0.01) (E=2) non_iid_label [3N] {group},heterogeneous,fl,fedprox_0.01,non_iid_label,3,3,0.8972079455479927,0.03009502739266523,0.07476019248227891,0.8224477530657137,0.9719681380302716,0.20316529006586925,0.07705606792495857,0.19141788425158462,0.011747405814284628,0.3945831743174539,2591.641666666667,165.465288
group|fl|fedprox_0.01|non_iid_label|10|5|0.001|3|pc=maxn,FedProx(mu=0.01) (R=10) non_iid_label [3N] {group} [pc:maxn],maxn,fl,fedprox_0.01,non_iid_label,1,5,0.8172801778024728,0.05824673652184155,0.07232287575203099,0.7449573020504417,0.8896030535545038,0.35492945223806605,0.0745998072314054,0.0926278949121769,0.2623015573258891,0.447557347150243,1529.1398,55.155096
group|fl|fedprox_0.01|non_iid_label|10|5|0.001|3|pc=maxn,FedProx(mu=0.01) (R=10) non_iid_label [3N] {group} [pc:maxn],maxn,fl,fedprox_0.01,non_iid_label,2,5,0.8966800944575637,0.026524807366519954,0.03293489836629782,0.8637451960912659,0.9296149928238615,0.20336070921810728,0.06707114910305817,0.08327983115942401,0.12008087805868327,0.2866405403775313,3023.2984,110.310192
group|fl|fedprox_0.01|non_iid_label|10|5|0.001|3|pc=maxn,FedProx(mu=0.01) (R=10) non_iid_label [3N] {group} [pc:maxn],maxn,fl,fedprox_0.01,non_iid_label,3,5,0.8977913599110987,0.02413175365062538,0.02996352972150379,0.867827830189595,0.9277548896326024,0.20727466699382227,0.0646064061979289,0.08021944862929685,0.12705521836452544,0.2874941156231191,4520.277599999999,165.465288
group|fl|fedprox_0.01|non_iid_label|10|5|0.001|3|pc=maxn,FedProx(mu=0.01) (R=10) non_iid_label [3N] {group} [pc:maxn],maxn,fl,fedprox_0.01,non_iid_label,4,5,0.9149048478955409,0.029878759179931862,0.03709937958472161,0.8778054683108193,0.9520042274802626,0.19728294592733467,0.07419360022367041,0.0921235222948543,0.10515942363248038,0.28940646822218896,6011.122799999999,220.620384
group|fl|fedprox_0.01|non_iid_label|10|5|0.001|3|pc=maxn,FedProx(mu=0.01) (R=10) non_iid_label [3N] {group} [pc:maxn],maxn,fl,fedprox_0.01,non_iid_label,5,5,0.9053757466314766,0.030816084307313592,0.03826322245000326,0.8671125241814733,0.9436389690814798,0.24342672746580885,0.076684314680945,0.09521615276625776,0.14821057469955107,0.3386428802320666,7497.1449999999995,275.77548
group|fl|fedprox_0.01|non_iid_label|10|5|0.001|3|pc=maxn,FedProx(mu=0.01) (R=10) non_iid_label [3N] {group} [pc:maxn],maxn,fl,fedprox_0.01,non_iid_label,6,5,0.8997638560911237,0.04716404296205385,0.058561894155717886,0.8412019619354059,0.9583257502468416,0.24507402379411128,0.11111423783514664,0.13796654880775214,0.10710747498635914,0.3830405726018634,8988.512,330.930576
group|fl|fedprox_0.01|non_iid_label|10|5|0.001|3|pc=maxn,FedProx(mu=0.01) (R=10) non_iid_label [3N] {group} [pc:maxn],maxn,fl,fedprox_0.01,non_iid_label,7,5,0.900597305181275,0.024678515285772352,0.030642423959464805,0.8699548812218102,0.9312397291407398,0.2473725039258945,0.0813050952035045,0.10095360958472108,0.14641889434117342,0.3483261135106156,10481.0776,386.085672
group|fl|fedprox_0.01|non_iid_label|10|5|0.001|3|pc=maxn,FedProx(mu=0.01) (R=10) non_iid_label [3N] {group} [pc:maxn],maxn,fl,fedprox_0.01,non_iid_label,8,5,0.9096819002639256,0.016262761021017418,0.020192884871188813,0.8894890153927367,0.9298747851351145,0.21299013257362787,0.03433526871585044,0.042632867033123474,0.1703572655405044,0.25562299960675133,11980.6592,441.240768
group|fl|fedprox_0.01|non_iid_label|10|5|0.001|3|pc=maxn,FedProx(mu=0.01) (R=10) non_iid_label [3N] {group} [pc:maxn],maxn,fl,fedprox_0.01,non_iid_label,9,5,0.9346020280594528,0.025299485596990367,0.03141346043885761,0.9031885676205952,0.9660154884983104,0.16798917016657627,0.07284022666009432,0.09044308706484112,0.07754608310173515,0.2584322572314174,13476.7226,496.39586399999996
group|fl|fedprox_0.01|non_iid_label|10|5|0.001|3|pc=maxn,FedProx(mu=0.01) (R=10) non_iid_label [3N] {group} [pc:maxn],maxn,fl,fedprox_0.01,non_iid_label,10,5,0.9006250868176136,0.028560853103042235,0.0354629830560338,0.8651621037615798,0.9360880698736473,0.2467922063698403,0.07213020296735777,0.08956147620769846,0.15723073016214184,0.3363536825775388,14972.350999999999,551.55096
group|fl|fedprox_0.01|non_iid_label|3|5|0.0001|3,FedProx(mu=0.01) (lr=0.0001) non_iid_label [3N] {group},heterogeneous,fl,fedprox_0.01,non_iid_label,1,3,0.9428624345973978,0.02750814589971408,0.06833402260980995,0.8745284119875879,1.0111964572072079,0.1604204277229323,0.02685205996390005,0.06670421479450532,0.09371621292842698,0.22712464251743764,2139.087666666667,55.15509599999999
group|fl|fedprox_0.01|non_iid_label|3|5|0.0001|3,FedProx(mu=0.01) (lr=0.0001) non_iid_label [3N] {group},heterogeneous,fl,fedprox_0.01,non_iid_label,2,3,0.9645321109413344,0.024986617975729285,0.06207020000260781,0.9024619109387266,1.0266023109439422,0.11420429800506367,0.034328532307460795,0.08527680169400294,0.02892749631106073,0.1994810996990666,4261.975,110.31019199999999
group|fl|fedprox_0.01|non_iid_label|3|5|0.0001|3,FedProx(mu=0.01) (lr=0.0001) non_iid_label [3N] {group},heterogeneous,fl,fedprox_0.01,non_iid_label,3,3,0.9622169745798028,0.022033044621916652,0.05473311704998095,0.9074838575298219,1.0169500916297838,0.12095913666817787,0.05639411930087335,0.14009075847624664,-0.019131621808068766,0.2610498951444245,6385.437000000001,165.465288
group|fl|fedprox_0.01|non_iid_label|3|5|0.001|3,FedProx(mu=0.01) non_iid_label [3N] {group},heterogeneous,fl,fedprox_0.01,non_iid_label,1,5,0.788387276010557,0.0557431800559331,0.06921429982084222,0.7191729761897148,0.8576015758313993,0.37514435774208793,0.06585415770142172,0.08176873674988851,0.29337562099219944,0.4569130944919764,2121.2744,55.155096
group|fl|fedprox_0.01|non_iid_label|3|5|0.001|3,FedProx(mu=0.01) non_iid_label [3N] {group},heterogeneous,fl,fedprox_0.01,non_iid_label,2,5,0.8780663981108487,0.036494988927757724,0.04531451386644175,0.832751884244407,0.9233809119772904,0.24588059751714195,0.09296747680808684,0.11543436895644482,0.13044622856069713,0.36131496647358674,4229.5378,110.310192
group|fl|fedprox_0.01|non_iid_label|3|5|0.001|3,FedProx(mu=0.01) non_iid_label [3N] {group},heterogeneous,fl,fedprox_0.01,non_iid_label,3,5,0.8983192110015279,0.02063780130481605,0.02562521488227276,0.8726939961192551,0.9239444258838007,0.1994558493273047,0.035155127718739354,0.04365085644061388,0.1558049928866908,0.2431067057679186,6338.5338,165.465288
image|fl|fedprox_0.01|non_iid_label|3|||3,FedProx(mu=0.01) non_iid_label [3N] {image},unrecorded,fl,fedprox_0.01,non_iid_label,1,3,0.9701517666017269,0.019636092636716725,0.04877875823029099,0.9213730083714359,1.018930524832018,0.10155582017575655,0.04519684972477388,0.1122751988536233,-0.01071937867786675,0.21383101902937984,3499.9688888888886,36.770064
image|fl|fedprox_0.01|non_iid_label|3|||3,FedProx(mu=0.01) non_iid_label [3N] {image},unrecorded,fl,fedprox_0.01,non_iid_label,2,3,0.9907400726363133,0.002989296019214664,0.007425822972916286,0.983314249663397,0.9981658956092295,0.030104448340655243,0.005727937621950244,0.014228985857240105,0.015875462483415138,0.044333434197895344,6999.937777777777,73.540128
image|fl|fedprox_0.01|non_iid_label|3|||3,FedProx(mu=0.01) non_iid_label [3N] {image},unrecorded,fl,fedprox_0.01,non_iid_label,3,3,0.9922312817182576,0.002399999239405014,0.005961928618778104,0.9862693530994795,0.9981932103370357,0.024818889796823455,0.0035856444137939833,0.00890723450923254,0.015911655287590913,0.033726124306055996,10499.906666666668,110.31019199999999
group|fl|fedprox_0.05|non_iid_label|3|5|0.001|3,FedProx(mu=0.05) non_iid_label [3N] {group},heterogeneous,fl,fedprox_0.05,non_iid_label,1,3,0.7639023938509979,0.12308529534958841,0.3057608239398401,0.4581415699111578,1.069663217790838,0.41657447930096464,0.15636390575331652,0.388429475038388,0.028145004262576656,0.8050039543393526,2148.4953333333337,55.15509599999999
group|fl|fedprox_0.05|non_iid_label|3|5|0.001|3,FedProx(mu=0.05) non_iid_label [3N] {group},heterogeneous,fl,fedprox_0.05,non_iid_label,2,3,0.8844746955595685,0.05902769662122028,0.14663292721453083,0.7378417683450377,1.0311076227740994,0.22987000668605864,0.07157362147627566,0.1777987322757597,0.052071274410298934,0.4076687389618183,4285.408666666667,110.31019199999999
group|fl|fedprox_0.05|non_iid_label|3|5|0.001|3,FedProx(mu=0.05) non_iid_label [3N] {group},heterogeneous,fl,fedprox_0.05,non_iid_label,3,3,0.9074408482659629,0.011242412778886544,0.02792770155509589,0.879513146710867,0.9353685498210589,0.16813744129843533,0.01414463866565307,0.035137230328430656,0.13300021097000467,0.203274671626866,6423.576333333333,165.465288
group|fl|fedprox_0.1|non_iid_label|3|5|0.001|3,FedProx(mu=0.1) non_iid_label [3N] {group},heterogeneous,fl,fedprox_0.1,non_iid_label,1,3,0.9125341482613325,0.028551066602686432,0.07092478125842874,0.8416093670029038,0.9834589295197612,0.32803569133344523,0.04299759317689907,0.10681194272523366,0.2212237486082116,0.4348476340586789,2161.8216666666663,55.15509599999999
group|fl|fedprox_0.1|non_iid_label|3|5|0.001|3,FedProx(mu=0.1) non_iid_label [3N] {group},heterogeneous,fl,fedprox_0.1,non_iid_label,2,3,0.9235541973422235,0.03511227732370446,0.08722373224525021,0.8363304650969734,1.0107779295874737,0.21727050308601012,0.06257658332178839,0.15544885050214127,0.06182165258386885,0.3727193535881514,4308.079,110.31019199999999
group|fl|fedprox_0.1|non_iid_label|3|5|0.001|3,FedProx(mu=0.1) non_iid_label [3N] {group},heterogeneous,fl,fedprox_0.1,non_iid_label,3,3,0.9335555864240405,0.020666220052119884,0.05133773659080188,0.8822178498332386,0.9848933230148423,0.18093944807895757,0.03890089532508152,0.09663518109788712,0.08430426698107045,0.27757462917684467,6456.563666666666,165.465288
image|fl|fedprox_0.1|non_iid_label|3|||3,FedProx(mu=0.1) non_iid_label [3N] {image},unrecorded,fl,fedprox_0.1,non_iid_label,1,3,0.9702720253986579,0.007641990002063838,0.018983755556945762,0.9512882698417121,0.9892557809556036,0.10288526725180695,0.010472629872848062,0.026015454808344936,0.07686981244346201,0.12890072206015188,3283.463333333333,36.770064
image|fl|fedprox_0.1|non_iid_label|3|||3,FedProx(mu=0.1) non_iid_label [3N] {image},unrecorded,fl,fedprox_0.1,non_iid_label,2,3,0.9802294537845443,0.0019131356639819467,0.004752492450592062,0.9754769613339522,0.9849819462351364,0.05556575935834382,0.007020498169654612,0.01743988425851319,0.03812587509983063,0.073005643616857,6566.926666666666,73.540128
image|fl|fedprox_0.1|non_iid_label|3|||3,FedProx(mu=0.1) non_iid_label [3N] {image},unrecorded,fl,fedprox_0.1,non_iid_label,3,3,0.9833321307453641,0.0019212824815201869,0.004772730267269553,0.9785594004780945,0.9881048610126336,0.04653065046220484,0.0031536362163529104,0.007834066654183888,0.03869658380802095,0.054364717116388725,9850.39,110.31019199999999
group|fl|fedprox_0.5|non_iid_label|3|5|0.001|3,FedProx(mu=0.5) non_iid_label [3N] {group},heterogeneous,fl,fedprox_0.5,non_iid_label,1,3,0.8845673010140297,0.025035863633073117,0.062192532997155554,0.8223747680168741,0.9467598340111852,0.35978452054947657,0.03984134868772917,0.09897139676218257,0.260813123787294,0.45875591731165916,2125.366666666667,55.15509599999999
group|fl|fedprox_0.5|non_iid_label|3|5|0.001|3,FedProx(mu=0.5) non_iid_label [3N] {group},heterogeneous,fl,fedprox_0.5,non_iid_label,2,3,0.888595638283095,0.009950131806665527,0.024717497657824283,0.8638781406252707,0.9133131359409192,0.27885562941848047,0.023261700585443617,0.05778526766374522,0.22107036175473524,0.33664089708222567,4237.563,110.31019199999999
group|fl|fedprox_0.5|non_iid_label|3|5|0.001|3,FedProx(mu=0.5) non_iid_label [3N] {group},heterogeneous,fl,fedprox_0.5,non_iid_label,3,3,0.9007732555447516,0.01993530031074177,0.0495220312969817,0.8512512242477699,0.9502952868417334,0.23028833437485038,0.026020525742710084,0.06463856927703639,0.16564976509781398,0.2949269036518868,6349.495666666667,165.465288
group_final_epoch|local|local_only|non_iid_label|3|15||3,Local-only non_iid_label {group_final_epoch},desktop_gpu,local,local_only,non_iid_label,1,5,0.8455215333333335,0.11971311039745532,0.14864345929351297,0.6968780740398205,0.9941649926268464,2.1481985999999997,4.023373515400129,4.995678045398858,-2.847479445398858,7.143876645398858,294.97999999999996,0.0
group_final_epoch|local|local_only|non_iid_label|3|15||3,Local-only non_iid_label {group_final_epoch},desktop_gpu,local,local_only,non_iid_label,2,5,0.8822597333333333,0.05614344200221032,0.06971129066938561,0.8125484426639477,0.9519710240027189,0.6826930000000001,0.31648139721545165,0.3929635570236513,0.2897294429763488,1.0756565570236514,589.32,0.0
group_final_epoch|local|local_only|non_iid_label|3|15||3,Local-only non_iid_label {group_final_epoch},desktop_gpu,local,local_only,non_iid_label,3,5,0.9244060000000001,0.008666135352303504,0.010760428270516155,0.9136455717294839,0.9351664282705162,0.3478917333333334,0.06117133504092329,0.07595424444237484,0.2719374888909586,0.4238459777757082,884.6800000000001,0.0
group|local|local_only|non_iid_label|3|15||3,Local-only non_iid_label {group},desktop_gpu,local,local_only,non_iid_label,1,5,0.8455215333333335,0.11971311039745532,0.14864345929351297,0.6968780740398205,0.9941649926268464,2.1481985999999997,4.023373515400129,4.995678045398858,-2.847479445398858,7.143876645398858,392.9666666666667,0.0
group|local|local_only|non_iid_label|3|15||3,Local-only non_iid_label {group},desktop_gpu,local,local_only,non_iid_label,2,5,0.8822597333333333,0.05614344200221032,0.06971129066938561,0.8125484426639477,0.9519710240027189,0.6826930000000001,0.31648139721545165,0.3929635570236513,0.2897294429763488,1.0756565570236514,785.0466666666666,0.0
group|local|local_only|non_iid_label|3|15||3,Local-only non_iid_label {group},desktop_gpu,local,local_only,non_iid_label,3,5,0.9244060000000001,0.008666135352303504,0.010760428270516155,0.9136455717294839,0.9351664282705162,0.3478917333333334,0.06117133504092329,0.07595424444237484,0.2719374888909586,0.4238459777757082,1175.7533333333333,0.0
image|local|local_only|non_iid_label|3|15||3,Local-only non_iid_label {image},desktop_gpu,local,local_only,non_iid_label,1,3,0.9938016666666667,0.0011706736427278726,0.0029081145440524405,0.9908935521226142,0.9967097812107192,0.01998588888888889,0.0018376964546026804,0.004565091065628397,0.015420797823260493,0.024550979954517285,1897.8666666666668,0.0
image|local|local_only|non_iid_label|3|15||3,Local-only non_iid_label {image},desktop_gpu,local,local_only,non_iid_label,2,3,0.994603,0.0022111026660922317,0.00549268351739141,0.9891103164826086,1.0000956835173915,0.017496555555555557,0.006304592235764282,0.015661475330070382,0.001835080225485175,0.03315803088562594,3665.588888888889,0.0
image|local|local_only|non_iid_label|3|15||3,Local-only non_iid_label {image},desktop_gpu,local,local_only,non_iid_label,3,3,0.9953456666666666,0.0009094823313903573,0.0022592793575773977,0.9930863873090892,0.997604946024244,0.015101000000000002,0.002666451095453366,0.006623831722753686,0.008477168277246316,0.021724831722753687,5453.466666666667,0.0
group_final_epoch|centralized|centralized|non_iid_label_sub0.01|3|15|0.001|3,Centralized non_iid_label_sub0.01 {group_final_epoch},desktop_gpu,centralized,centralized,non_iid_label_sub0.01,1,3,0.8912810000000001,0.025858031266900422,0.06423491062172651,0.8270460893782736,0.9555159106217266,0.44588099999999997,0.16153934418277177,0.40128597681583966,0.04459502318416031,0.8471669768158396,78.4,0.0
group_final_epoch|centralized|centralized|non_iid_label_sub0.01|3|15|0.001|3,Centralized non_iid_label_sub0.01 {group_final_epoch},desktop_gpu,centralized,centralized,non_iid_label_sub0.01,2,3,0.9014676666666667,0.024778535738282287,0.06155329506942034,0.8399143715972464,0.963020961736087,0.37463566666666664,0.2554618183316899,0.6346023368300627,-0.2599666701633961,1.0092380034967294,156.50000000000003,0.0
group_final_epoch|centralized|centralized|non_iid_label_sub0.01|3|15|0.001|3,Centralized non_iid_label_sub0.01 {group_final_epoch},desktop_gpu,centralized,centralized,non_iid_label_sub0.01,3,3,0.8986896666666667,0.021959660979471763,0.054550821976358,0.8441388446903088,0.9532404886430247,0.26474333333333333,0.059838840081784125,0.14864791927455714,0.11609541405877619,0.41339125260789045,234.5333333333334,0.0
group|centralized|centralized|non_iid_label_sub0.01|3|15|0.001|3,Centralized non_iid_label_sub0.01 {group},desktop_gpu,centralized,centralized,non_iid_label_sub0.01,1,3,0.8912810000000001,0.025858031266900422,0.06423491062172651,0.8270460893782736,0.9555159106217266,0.44588099999999997,0.16153934418277177,0.40128597681583966,0.04459502318416031,0.8471669768158396,162.5666666666667,0.0
group|centralized|centralized|non_iid_label_sub0.01|3|15|0.001|3,Centralized non_iid_label_sub0.01 {group},desktop_gpu,centralized,centralized,non_iid_label_sub0.01,2,3,0.9014676666666667,0.024778535738282287,0.06155329506942034,0.8399143715972464,0.963020961736087,0.37463566666666664,0.2554618183316899,0.6346023368300627,-0.2599666701633961,1.0092380034967294,321.6333333333334,0.0
group|centralized|centralized|non_iid_label_sub0.01|3|15|0.001|3,Centralized non_iid_label_sub0.01 {group},desktop_gpu,centralized,centralized,non_iid_label_sub0.01,3,3,0.8986896666666667,0.021959660979471763,0.054550821976358,0.8441388446903088,0.9532404886430247,0.26474333333333333,0.059838840081784125,0.14864791927455714,0.11609541405877619,0.41339125260789045,507.2333333333334,0.0
group|fl|fedavg|non_iid_label_sub0.01|3|5|0.001|3,FedAvg non_iid_label_sub0.01 [3N] {group},heterogeneous,fl,fedavg,non_iid_label_sub0.01,1,5,0.8270037505209057,0.04014994355814426,0.04985273944606086,0.7771510110748449,0.8768564899669665,0.5506562033153194,0.12284311728020843,0.1525298761539575,0.39812632716136187,0.7031860794692769,45.923199999999994,55.155096
group|fl|fedavg|non_iid_label_sub0.01|3|5|0.001|3,FedAvg non_iid_label_sub0.01 [3N] {group},heterogeneous,fl,fedavg,non_iid_label_sub0.01,2,5,0.8754827059313793,0.00857278457827396,0.010644517975199214,0.8648381879561802,0.8861272239065785,0.5475855013288493,0.3238186743052699,0.4020739898309239,0.1455115114979254,0.9496594911597732,82.44559999999998,110.310192
group|fl|fedavg|non_iid_label_sub0.01|3|5|0.001|3,FedAvg non_iid_label_sub0.01 [3N] {group},heterogeneous,fl,fedavg,non_iid_label_sub0.01,3,5,0.8950409779135992,0.005972728761732689,0.007416122274479628,0.8876248556391195,0.9024571001880788,0.4798485475828908,0.1642167774720273,0.2039020604880552,0.2759464870948356,0.683750608070946,118.91860000000001,165.465288
group|fl|fedprox_0.01|non_iid_label_sub0.01|3|5|0.001|3,FedProx(mu=0.01) non_iid_label_sub0.01 [3N] {group},heterogeneous,fl,fedprox_0.01,non_iid_label_sub0.01,1,5,0.8473121266842616,0.022191728694650945,0.027554670578053494,0.8197574561062081,0.8748667972623151,0.4040750494287616,0.05346013830093139,0.06637952906726066,0.33769552036150097,0.47045457849602224,53.95739999999999,55.155096
group|fl|fedprox_0.01|non_iid_label_sub0.01|3|5|0.001|3,FedProx(mu=0.01) non_iid_label_sub0.01 [3N] {group},heterogeneous,fl,fedprox_0.01,non_iid_label_sub0.01,2,5,0.8765661897485761,0.012219815194323778,0.01517290459149517,0.861393285157081,0.8917390943400713,0.37846917274193626,0.11407741202285678,0.1416458155170385,0.23682335722489775,0.5201149882589747,98.2606,110.310192
group|fl|fedprox_0.01|non_iid_label_sub0.01|3|5|0.001|3,FedProx(mu=0.01) non_iid_label_sub0.01 [3N] {group},heterogeneous,fl,fedprox_0.01,non_iid_label_sub0.01,3,5,0.8932907348242811,0.014026081256753373,0.01741568013239127,0.8758750546918899,0.9107064149566724,0.3854466585103419,0.13965638117535004,0.17340630062485402,0.21204035788548786,0.5588529591351958,142.5,165.465288
group_final_epoch|local|local_only|non_iid_label_sub0.01|3|15||3,Local-only non_iid_label_sub0.01 {group_final_epoch},desktop_gpu,local,local_only,non_iid_label_sub0.01,1,3,0.861748,0.021489975903507506,0.05338405956650887,0.8083639404334911,0.9151320595665088,1.5410164444444445,0.7591160590927328,1.8857488299875496,-0.34473238554310504,3.426765274431994,25.944444444444443,0.0
group_final_epoch|local|local_only|non_iid_label_sub0.01|3|15||3,Local-only non_iid_label_sub0.01 {group_final_epoch},desktop_gpu,local,local_only,non_iid_label_sub0.01,2,3,0.8460061111111111,0.0032934918371663926,0.008181487276046912,0.8378246238350642,0.8541875983871581,1.5448175555555554,0.7679473219402874,1.9076869030695394,-0.3628693475139839,3.4525044586250946,51.5,0.0
group_final_epoch|local|local_only|non_iid_label_sub0.01|3|15||3,Local-only non_iid_label_sub0.01 {group_final_epoch},desktop_gpu,local,local_only,non_iid_label_sub0.01,3,3,0.8273951111111111,0.061844014335650566,0.1536290482572176,0.6737660628538935,0.9810241593683287,1.0697893333333335,0.32522071077056447,0.8078930322674059,0.26189630106592754,1.8776823656007395,76.8888888888889,0.0
group|local|local_only|non_iid_label_sub0.01|3|15||3,Local-only non_iid_label_sub0.01 {group},desktop_gpu,local,local_only,non_iid_label_sub0.01,1,3,0.861748,0.021489975903507506,0.05338405956650887,0.8083639404334911,0.9151320595665088,1.5410164444444445,0.7591160590927328,1.8857488299875496,-0.34473238554310504,3.426765274431994,41.47777777777778,0.0
group|local|local_only|non_iid_label_sub0.01|3|15||3,Local-only non_iid_label_sub0.01 {group},desktop_gpu,local,local_only,non_iid_label_sub0.01,2,3,0.8460061111111111,0.0032934918371663926,0.008181487276046912,0.8378246238350642,0.8541875983871581,1.5448175555555554,0.7679473219402874,1.9076869030695394,-0.3628693475139839,3.4525044586250946,82.33333333333336,0.0
group|local|local_only|non_iid_label_sub0.01|3|15||3,Local-only non_iid_label_sub0.01 {group},desktop_gpu,local,local_only,non_iid_label_sub0.01,3,3,0.8273951111111111,0.061844014335650566,0.1536290482572176,0.6737660628538935,0.9810241593683287,1.0697893333333335,0.32522071077056447,0.8078930322674059,0.26189630106592754,1.8776823656007395,121.0,0.0
group_final_epoch|centralized|centralized|non_iid_label_sub0.05|3|15|0.001|3,Centralized non_iid_label_sub0.05 {group_final_epoch},desktop_gpu,centralized,centralized,non_iid_label_sub0.05,1,3,0.9029959999999999,0.06191647598983648,0.15380905298503667,0.7491869470149632,1.0568050529850366,0.26605166666666663,0.11130630832227495,0.27650019805907283,-0.010448531392406202,0.5425518647257395,106.56666666666668,0.0
group_final_epoch|centralized|centralized|non_iid_label_sub0.05|3|15|0.001|3,Centralized non_iid_label_sub0.05 {group_final_epoch},desktop_gpu,centralized,centralized,non_iid_label_sub0.05,2,3,0.8968376666666668,0.0032170033157168615,0.00799147925539811,0.8888461874112686,0.9048291459220649,0.36089166666666667,0.08539123541870872,0.2121235881565648,0.14876807851010188,0.5730152548232315,212.46666666666667,0.0
group_final_epoch|centralized|centralized|non_iid_label_sub0.05|3|15|0.001|3,Centralized non_iid_label_sub0.05 {group_final_epoch},desktop_gpu,centralized,centralized,non_iid_label_sub0.05,3,3,0.9132283333333334,0.017461788405926024,0.043377487093765515,0.8698508462395679,0.956605820427099,0.332317,0.07432735165469033,0.18463937725994456,0.14767762274005541,0.5169563772599446,318.20000000000005,0.0
group|centralized|centralized|non_iid_label_sub0.05|3|15|0.001|3,Centralized non_iid_label_sub0.05 {group},desktop_gpu,centralized,centralized,non_iid_label_sub0.05,1,3,0.9029959999999999,0.06191647598983648,0.15380905298503667,0.7491869470149632,1.0568050529850366,0.26605166666666663,0.11130630832227495,0.27650019805907283,-0.010448531392406202,0.5425518647257395,221.69999999999996,0.0
group|centralized|centralized|non_iid_label_sub0.05|3|15|0.001|3,Centralized non_iid_label_sub0.05 {group},desktop_gpu,centralized,centralized,non_iid_label_sub0.05,2,3,0.8968376666666668,0.0032170033157168615,0.00799147925539811,0.8888461874112686,0.9048291459220649,0.36089166666666667,0.08539123541870872,0.2121235881565648,0.14876807851010188,0.5730152548232315,451.8666666666666,0.0
group|centralized|centralized|non_iid_label_sub0.05|3|15|0.001|3,Centralized non_iid_label_sub0.05 {group},desktop_gpu,centralized,centralized,non_iid_label_sub0.05,3,3,0.9132283333333334,0.017461788405926024,0.043377487093765515,0.8698508462395679,0.956605820427099,0.332317,0.07432735165469033,0.18463937725994456,0.14767762274005541,0.5169563772599446,679.3,0.0
group|fl|fedavg|non_iid_label_sub0.05|3|5|0.001|3,FedAvg non_iid_label_sub0.05 [3N] {group},heterogeneous,fl,fedavg,non_iid_label_sub0.05,1,5,0.9117933046256426,0.021628677454259653,0.02685555012371565,0.8849377545019269,0.9386488547493582,0.21462607565138808,0.04158235808015706,0.05163131698854841,0.16299475866283966,0.2662573926399365,100.5486,55.155096
group|fl|fedavg|non_iid_label_sub0.05|3|5|0.001|3,FedAvg non_iid_label_sub0.05 [3N] {group},heterogeneous,fl,fedavg,non_iid_label_sub0.05,2,5,0.9330462564245033,0.029733327927546092,0.03691880283442052,0.8961274535900828,0.9699650592589238,0.14333869030837126,0.02081154161620856,0.025840941971965545,0.11749774833640572,0.1691796322803368,191.0244,110.310192
group|fl|fedavg|non_iid_label_sub0.05|3|5|0.001|3,FedAvg non_iid_label_sub0.05 [3N] {group},heterogeneous,fl,fedavg,non_iid_label_sub0.05,3,5,0.9392137796916238,0.02592761305682905,0.03219338369202248,0.9070203959996013,0.9714071633836463,0.13235863281495291,0.03671554480219894,0.04558837015532777,0.08677026265962515,0.17794700297028068,281.6608,165.465288
group|fl|fedprox_0.01|non_iid_label_sub0.05|3|5|0.001|3,FedProx(mu=0.01) non_iid_label_sub0.05 [3N] {group},heterogeneous,fl,fedprox_0.01,non_iid_label_sub0.05,1,5,0.8975968884567301,0.025904122719194282,0.03216421658547574,0.8654326718712544,0.9297611050422059,0.25682208695884773,0.016137269441809335,0.020037066495208405,0.23678502046363933,0.27685915345405615,138.3284,55.155096
group|fl|fedprox_0.01|non_iid_label_sub0.05|3|5|0.001|3,FedProx(mu=0.01) non_iid_label_sub0.05 [3N] {group},heterogeneous,fl,fedprox_0.01,non_iid_label_sub0.05,2,5,0.9194332546186971,0.0285445328941903,0.035442718840259194,0.8839905357784379,0.9548759734589563,0.1890766935239055,0.029555354912553393,0.03669782014905231,0.15237887337485317,0.2257745136729578,267.2922,110.310192
group|fl|fedprox_0.01|non_iid_label_sub0.05|3|5|0.001|3,FedProx(mu=0.01) non_iid_label_sub0.05 [3N] {group},heterogeneous,fl,fedprox_0.01,non_iid_label_sub0.05,3,5,0.8975413251840534,0.04203396924609696,0.05219206631448281,0.8453492588695706,0.9497333914985362,0.19375222721118232,0.07019590287290975,0.0871597254187002,0.10659250179248211,0.28091195262988256,395.8352,165.465288
group_final_epoch|local|local_only|non_iid_label_sub0.05|3|15||3,Local-only non_iid_label_sub0.05 {group_final_epoch},desktop_gpu,local,local_only,non_iid_label_sub0.05,1,3,0.9103568888888889,0.009790884038699406,0.024321904271907575,0.8860349846169813,0.9346787931607965,0.3773956666666667,0.07088932074093467,0.17609883501292067,0.201296831653746,0.5534945016795874,35.11111111111111,0.0
group_final_epoch|local|local_only|non_iid_label_sub0.05|3|15||3,Local-only non_iid_label_sub0.05 {group_final_epoch},desktop_gpu,local,local_only,non_iid_label_sub0.05,2,3,0.9070244444444443,0.014483382114736898,0.035978715704908175,0.8710457287395361,0.9430031601493525,0.5156183333333333,0.14294094235849064,0.35508498546585676,0.16053334786747653,0.87070331879919,70.22222222222223,0.0
group_final_epoch|local|local_only|non_iid_label_sub0.05|3|15||3,Local-only non_iid_label_sub0.05 {group_final_epoch},desktop_gpu,local,local_only,non_iid_label_sub0.05,3,3,0.9079488888888888,0.01181142561878746,0.029341207809163907,0.8786076810797249,0.9372900966980527,0.446961,0.15254172519055603,0.37893465216131555,0.06802634783868444,0.8258956521613156,105.14444444444445,0.0
group|local|local_only|non_iid_label_sub0.05|3|15||3,Local-only non_iid_label_sub0.05 {group},desktop_gpu,local,local_only,non_iid_label_sub0.05,1,3,0.9103568888888889,0.009790884038699406,0.024321904271907575,0.8860349846169813,0.9346787931607965,0.3773956666666667,0.07088932074093467,0.17609883501292067,0.201296831653746,0.5534945016795874,58.800000000000004,0.0
group|local|local_only|non_iid_label_sub0.05|3|15||3,Local-only non_iid_label_sub0.05 {group},desktop_gpu,local,local_only,non_iid_label_sub0.05,2,3,0.9070244444444443,0.014483382114736898,0.035978715704908175,0.8710457287395361,0.9430031601493525,0.5156183333333333,0.14294094235849064,0.35508498546585676,0.16053334786747653,0.87070331879919,114.05555555555554,0.0
group|local|local_only|non_iid_label_sub0.05|3|15||3,Local-only non_iid_label_sub0.05 {group},desktop_gpu,local,local_only,non_iid_label_sub0.05,3,3,0.9079488888888888,0.01181142561878746,0.029341207809163907,0.8786076810797249,0.9372900966980527,0.446961,0.15254172519055603,0.37893465216131555,0.06802634783868444,0.8258956521613156,169.12222222222223,0.0
