config_id,label,protocol,power_config,kind,strategy,distribution,node,metric,n_seeds,mean,std,ci_low,ci_high
group|centralized|centralized|dirichlet_0.1|3|15|0.001|3,Centralized dirichlet_0.1 {group},group,desktop_gpu,centralized,centralized,dirichlet_0.1,node_a,selected_test_accuracy,3,0.9289763333333334,0.019965489859588532,0.8793793070395607,0.9785733596271061
group|centralized|centralized|dirichlet_0.1|3|15|0.001|3,Centralized dirichlet_0.1 {group},group,desktop_gpu,centralized,centralized,dirichlet_0.1,node_a,selected_test_balanced_accuracy,3,0.9215376666666667,0.07373639686296948,0.7383663024907755,1.104709030842558
group|centralized|centralized|dirichlet_0.1|3|15|0.001|3,Centralized dirichlet_0.1 {group},group,desktop_gpu,centralized,centralized,dirichlet_0.1,node_a,selected_test_f1,3,0.741118,0.08569499239162108,0.5282398376918165,0.9539961623081836
group|centralized|centralized|dirichlet_0.1|3|15|0.001|3,Centralized dirichlet_0.1 {group},group,desktop_gpu,centralized,centralized,dirichlet_0.1,node_a,selected_test_fn,3,26.333333333333332,43.01550108197432,-80.52309509423621,133.18976176090288
group|centralized|centralized|dirichlet_0.1|3|15|0.001|3,Centralized dirichlet_0.1 {group},group,desktop_gpu,centralized,centralized,dirichlet_0.1,node_a,selected_test_fp,3,161.66666666666666,15.30795000427338,123.63961077146253,199.6937225618708
group|centralized|centralized|dirichlet_0.1|3|15|0.001|3,Centralized dirichlet_0.1 {group},group,desktop_gpu,centralized,centralized,dirichlet_0.1,node_a,selected_test_loss,3,0.21946166666666667,0.12891836946817678,-0.10078931666659358,0.539712649999927
group|centralized|centralized|dirichlet_0.1|3|15|0.001|3,Centralized dirichlet_0.1 {group},group,desktop_gpu,centralized,centralized,dirichlet_0.1,node_a,selected_test_macro_f1,3,0.849973,0.048450572824271156,0.7296151048913223,0.9703308951086776
group|centralized|centralized|dirichlet_0.1|3|15|0.001|3,Centralized dirichlet_0.1 {group},group,desktop_gpu,centralized,centralized,dirichlet_0.1,node_a,selected_test_macro_precision,3,0.8068446666666667,0.03656391779245401,0.7160148595890927,0.8976744737442406
group|centralized|centralized|dirichlet_0.1|3|15|0.001|3,Centralized dirichlet_0.1 {group},group,desktop_gpu,centralized,centralized,dirichlet_0.1,node_a,selected_test_macro_recall,3,0.9215376666666667,0.07373639686296948,0.7383663024907755,1.104709030842558
group|centralized|centralized|dirichlet_0.1|3|15|0.001|3,Centralized dirichlet_0.1 {group},group,desktop_gpu,centralized,centralized,dirichlet_0.1,node_a,selected_test_macro_specificity,3,0.9215376666666667,0.07373639686296948,0.7383663024907755,1.104709030842558
group|centralized|centralized|dirichlet_0.1|3|15|0.001|3,Centralized dirichlet_0.1 {group},group,desktop_gpu,centralized,centralized,dirichlet_0.1,node_a,selected_test_mcc,3,0.7190276666666667,0.10538731468413708,0.4572310639197025,0.980824269413631
group|centralized|centralized|dirichlet_0.1|3|15|0.001|3,Centralized dirichlet_0.1 {group},group,desktop_gpu,centralized,centralized,dirichlet_0.1,node_a,selected_test_n_examples,3,2647.0,0.0,2647.0,2647.0
group|centralized|centralized|dirichlet_0.1|3|15|0.001|3,Centralized dirichlet_0.1 {group},group,desktop_gpu,centralized,centralized,dirichlet_0.1,node_a,selected_test_precision,3,0.6253906666666667,0.05487976939941836,0.48906176188940975,0.7617195714439235
group|centralized|centralized|dirichlet_0.1|3|15|0.001|3,Centralized dirichlet_0.1 {group},group,desktop_gpu,centralized,centralized,dirichlet_0.1,node_a,selected_test_recall,3,0.9119286666666667,0.14386491329136974,0.5545484101618838,1.2693089231714496
group|centralized|centralized|dirichlet_0.1|3|15|0.001|3,Centralized dirichlet_0.1 {group},group,desktop_gpu,centralized,centralized,dirichlet_0.1,node_a,selected_test_roc_auc,3,0.9851476666666666,0.019640465939822646,0.9363580445492053,1.033937288784128
group|centralized|centralized|dirichlet_0.1|3|15|0.001|3,Centralized dirichlet_0.1 {group},group,desktop_gpu,centralized,centralized,dirichlet_0.1,node_a,selected_test_specificity,3,0.9311470000000001,0.006519455575429604,0.9149517745449944,0.9473422254550057
group|centralized|centralized|dirichlet_0.1|3|15|0.001|3,Centralized dirichlet_0.1 {group},group,desktop_gpu,centralized,centralized,dirichlet_0.1,node_a,selected_test_tn,3,2186.3333333333335,15.307950004273378,2148.306277438129,2224.3603892285378
group|centralized|centralized|dirichlet_0.1|3|15|0.001|3,Centralized dirichlet_0.1 {group},group,desktop_gpu,centralized,centralized,dirichlet_0.1,node_a,selected_test_tp,3,272.6666666666667,43.015501081974314,165.81023823909715,379.5230950942362
group|centralized|centralized|dirichlet_0.1|3|15|0.001|3,Centralized dirichlet_0.1 {group},group,desktop_gpu,centralized,centralized,dirichlet_0.1,node_b,selected_test_accuracy,3,0.9537006666666666,0.0374484945803344,0.8606734490313801,1.0467278843019532
group|centralized|centralized|dirichlet_0.1|3|15|0.001|3,Centralized dirichlet_0.1 {group},group,desktop_gpu,centralized,centralized,dirichlet_0.1,node_b,selected_test_balanced_accuracy,3,0.5572316666666667,0.10527611880352224,0.29571128980012906,0.8187520435332043
group|centralized|centralized|dirichlet_0.1|3|15|0.001|3,Centralized dirichlet_0.1 {group},group,desktop_gpu,centralized,centralized,dirichlet_0.1,node_b,selected_test_f1,3,0.9760103333333333,0.019825105607116804,0.9267620408552615,1.0252586258114051
group|centralized|centralized|dirichlet_0.1|3|15|0.001|3,Centralized dirichlet_0.1 {group},group,desktop_gpu,centralized,centralized,dirichlet_0.1,node_b,selected_test_fn,3,90.0,104.88565202161828,-170.55040360842423,350.55040360842423
group|centralized|centralized|dirichlet_0.1|3|15|0.001|3,Centralized dirichlet_0.1 {group},group,desktop_gpu,centralized,centralized,dirichlet_0.1,node_b,selected_test_fp,3,47.0,10.392304845413264,21.184083621503227,72.81591637849678
group|centralized|centralized|dirichlet_0.1|3|15|0.001|3,Centralized dirichlet_0.1 {group},group,desktop_gpu,centralized,centralized,dirichlet_0.1,node_b,selected_test_loss,3,0.2509246666666667,0.19107511589511947,-0.22373223450546453,0.7255815678387979
group|centralized|centralized|dirichlet_0.1|3|15|0.001|3,Centralized dirichlet_0.1 {group},group,desktop_gpu,centralized,centralized,dirichlet_0.1,node_b,selected_test_macro_f1,3,0.5644856666666667,0.11391316405198013,0.2815096799803408,0.8474616533529925
group|centralized|centralized|dirichlet_0.1|3|15|0.001|3,Centralized dirichlet_0.1 {group},group,desktop_gpu,centralized,centralized,dirichlet_0.1,node_b,selected_test_macro_precision,3,0.5766576666666666,0.12143989952372876,0.2749842325486011,0.8783311007847321
group|centralized|centralized|dirichlet_0.1|3|15|0.001|3,Centralized dirichlet_0.1 {group},group,desktop_gpu,centralized,centralized,dirichlet_0.1,node_b,selected_test_macro_recall,3,0.5572316666666667,0.10527611880352224,0.29571128980012906,0.8187520435332043
group|centralized|centralized|dirichlet_0.1|3|15|0.001|3,Centralized dirichlet_0.1 {group},group,desktop_gpu,centralized,centralized,dirichlet_0.1,node_b,selected_test_macro_specificity,3,0.5572316666666667,0.10527611880352224,0.29571128980012906,0.8187520435332043
group|centralized|centralized|dirichlet_0.1|3|15|0.001|3,Centralized dirichlet_0.1 {group},group,desktop_gpu,centralized,centralized,dirichlet_0.1,node_b,selected_test_mcc,3,0.13441133333333333,0.2242869121490002,-0.4227482433880313,0.691570910054698
group|centralized|centralized|dirichlet_0.1|3|15|0.001|3,Centralized dirichlet_0.1 {group},group,desktop_gpu,centralized,centralized,dirichlet_0.1,node_b,selected_test_n_examples,3,2959.0,0.0,2959.0,2959.0
group|centralized|centralized|dirichlet_0.1|3|15|0.001|3,Centralized dirichlet_0.1 {group},group,desktop_gpu,centralized,centralized,dirichlet_0.1,node_b,selected_test_precision,3,0.9835186666666665,0.003915296966174272,0.9737925298202914,0.9932448035130417
group|centralized|centralized|dirichlet_0.1|3|15|0.001|3,Centralized dirichlet_0.1 {group},group,desktop_gpu,centralized,centralized,dirichlet_0.1,node_b,selected_test_recall,3,0.9690083333333334,0.03611735663546452,0.8792878456664399,1.0587288210002268
group|centralized|centralized|dirichlet_0.1|3|15|0.001|3,Centralized dirichlet_0.1 {group},group,desktop_gpu,centralized,centralized,dirichlet_0.1,node_b,selected_test_roc_auc,3,0.8585336666666666,0.11070536578835437,0.5835262926187008,1.1335410407146325
group|centralized|centralized|dirichlet_0.1|3|15|0.001|3,Centralized dirichlet_0.1 {group},group,desktop_gpu,centralized,centralized,dirichlet_0.1,node_b,selected_test_specificity,3,0.14545466666666668,0.18895057729822723,-0.3239245880568554,0.6148339213901888
group|centralized|centralized|dirichlet_0.1|3|15|0.001|3,Centralized dirichlet_0.1 {group},group,desktop_gpu,centralized,centralized,dirichlet_0.1,node_b,selected_test_tn,3,8.0,10.392304845413264,-17.815916378496773,33.81591637849677
group|centralized|centralized|dirichlet_0.1|3|15|0.001|3,Centralized dirichlet_0.1 {group},group,desktop_gpu,centralized,centralized,dirichlet_0.1,node_b,selected_test_tp,3,2814.0,104.88565202161828,2553.4495963915756,3074.5504036084244
group|centralized|centralized|dirichlet_0.1|3|15|0.001|3,Centralized dirichlet_0.1 {group},group,desktop_gpu,centralized,centralized,dirichlet_0.1,node_c,selected_test_accuracy,3,0.8218606666666667,0.10440306272487095,0.5625090813295797,1.0812122520037537
group|centralized|centralized|dirichlet_0.1|3|15|0.001|3,Centralized dirichlet_0.1 {group},group,desktop_gpu,centralized,centralized,dirichlet_0.1,node_c,selected_test_balanced_accuracy,3,0.8967106666666668,0.05951456742960784,0.74886828531627,1.0445530480170635
group|centralized|centralized|dirichlet_0.1|3|15|0.001|3,Centralized dirichlet_0.1 {group},group,desktop_gpu,centralized,centralized,dirichlet_0.1,node_c,selected_test_f1,3,0.882183,0.07790919079928887,0.6886458410435348,1.0757201589564653
group|centralized|centralized|dirichlet_0.1|3|15|0.001|3,Centralized dirichlet_0.1 {group},group,desktop_gpu,centralized,centralized,dirichlet_0.1,node_c,selected_test_fn,3,284.3333333333333,167.15362195696906,-130.89928262563154,699.5659492922982
group|centralized|centralized|dirichlet_0.1|3|15|0.001|3,Centralized dirichlet_0.1 {group},group,desktop_gpu,centralized,centralized,dirichlet_0.1,node_c,selected_test_fp,3,0.3333333333333333,0.5773502691896258,-1.100884243249821,1.7675509099164874
group|centralized|centralized|dirichlet_0.1|3|15|0.001|3,Centralized dirichlet_0.1 {group},group,desktop_gpu,centralized,centralized,dirichlet_0.1,node_c,selected_test_loss,3,1.4195589999999998,0.5222513255694043,0.12221478714144318,2.7169032128585564
group|centralized|centralized|dirichlet_0.1|3|15|0.001|3,Centralized dirichlet_0.1 {group},group,desktop_gpu,centralized,centralized,dirichlet_0.1,node_c,selected_test_macro_f1,3,0.7496286666666667,0.103090379601267,0.4935379669805024,1.005719366352831
group|centralized|centralized|dirichlet_0.1|3|15|0.001|3,Centralized dirichlet_0.1 {group},group,desktop_gpu,centralized,centralized,dirichlet_0.1,node_c,selected_test_macro_precision,3,0.7271646666666666,0.06422460293636181,0.5676219084902592,0.886707424843074
group|centralized|centralized|dirichlet_0.1|3|15|0.001|3,Centralized dirichlet_0.1 {group},group,desktop_gpu,centralized,centralized,dirichlet_0.1,node_c,selected_test_macro_recall,3,0.8967106666666668,0.05951456742960784,0.74886828531627,1.0445530480170635
group|centralized|centralized|dirichlet_0.1|3|15|0.001|3,Centralized dirichlet_0.1 {group},group,desktop_gpu,centralized,centralized,dirichlet_0.1,node_c,selected_test_macro_specificity,3,0.8967106666666668,0.05951456742960784,0.74886828531627,1.0445530480170635
group|centralized|centralized|dirichlet_0.1|3|15|0.001|3,Centralized dirichlet_0.1 {group},group,desktop_gpu,centralized,centralized,dirichlet_0.1,node_c,selected_test_mcc,3,0.599351,0.1309427497763813,0.2740711772002041,0.9246308227997959
group|centralized|centralized|dirichlet_0.1|3|15|0.001|3,Centralized dirichlet_0.1 {group},group,desktop_gpu,centralized,centralized,dirichlet_0.1,node_c,selected_test_n_examples,3,1598.0,0.0,1598.0,1598.0
group|centralized|centralized|dirichlet_0.1|3|15|0.001|3,Centralized dirichlet_0.1 {group},group,desktop_gpu,centralized,centralized,dirichlet_0.1,node_c,selected_test_precision,3,0.9997246666666667,0.0004768913223506271,0.9985400029484091,1.0009093303849244
group|centralized|centralized|dirichlet_0.1|3|15|0.001|3,Centralized dirichlet_0.1 {group},group,desktop_gpu,centralized,centralized,dirichlet_0.1,node_c,selected_test_recall,3,0.7950010000000001,0.12051456177989445,0.49562623226749924,1.094375767732501
group|centralized|centralized|dirichlet_0.1|3|15|0.001|3,Centralized dirichlet_0.1 {group},group,desktop_gpu,centralized,centralized,dirichlet_0.1,node_c,selected_test_roc_auc,3,0.939038,0.016489091151424905,0.8980768268382567,0.9799991731617433
group|centralized|centralized|dirichlet_0.1|3|15|0.001|3,Centralized dirichlet_0.1 {group},group,desktop_gpu,centralized,centralized,dirichlet_0.1,node_c,selected_test_specificity,3,0.9984203333333334,0.0027360629256896647,0.9916235762379058,1.005217090428761
group|centralized|centralized|dirichlet_0.1|3|15|0.001|3,Centralized dirichlet_0.1 {group},group,desktop_gpu,centralized,centralized,dirichlet_0.1,node_c,selected_test_tn,3,210.66666666666666,0.5773502691896258,209.2324490900835,212.10088424324982
group|centralized|centralized|dirichlet_0.1|3|15|0.001|3,Centralized dirichlet_0.1 {group},group,desktop_gpu,centralized,centralized,dirichlet_0.1,node_c,selected_test_tp,3,1102.6666666666667,167.15362195696906,687.4340507077019,1517.8992826256317
group|local|local_only|dirichlet_0.1|3|15||3,Local-only dirichlet_0.1 {group},group,desktop_gpu,local,local_only,dirichlet_0.1,node_a,selected_test_accuracy,3,0.916887,0.02454451376580926,0.8559150477377782,0.9778589522622219
group|local|local_only|dirichlet_0.1|3|15||3,Local-only dirichlet_0.1 {group},group,desktop_gpu,local,local_only,dirichlet_0.1,node_a,selected_test_balanced_accuracy,3,0.6345393333333333,0.11285597010939799,0.3541895619884098,0.9148891046782569
group|local|local_only|dirichlet_0.1|3|15||3,Local-only dirichlet_0.1 {group},group,desktop_gpu,local,local_only,dirichlet_0.1,node_a,selected_test_f1,3,0.39142499999999997,0.2559408743616385,-0.2443673779800994,1.0272173779800993
group|local|local_only|dirichlet_0.1|3|15||3,Local-only dirichlet_0.1 {group},group,desktop_gpu,local,local_only,dirichlet_0.1,node_a,selected_test_fn,3,218.33333333333334,67.85523806850384,49.77157750756635,386.89508915910034
group|local|local_only|dirichlet_0.1|3|15||3,Local-only dirichlet_0.1 {group},group,desktop_gpu,local,local_only,dirichlet_0.1,node_a,selected_test_fp,3,1.6666666666666667,2.8867513459481287,-5.504421216249103,8.837754549582437
group|local|local_only|dirichlet_0.1|3|15||3,Local-only dirichlet_0.1 {group},group,desktop_gpu,local,local_only,dirichlet_0.1,node_a,selected_test_loss,3,0.40854866666666667,0.27515925728627294,-0.2749848210953757,1.092082154428709
group|local|local_only|dirichlet_0.1|3|15||3,Local-only dirichlet_0.1 {group},group,desktop_gpu,local,local_only,dirichlet_0.1,node_a,selected_test_macro_f1,3,0.6733823333333334,0.13431350091980077,0.3397291005012437,1.0070355661654231
group|local|local_only|dirichlet_0.1|3|15||3,Local-only dirichlet_0.1 {group},group,desktop_gpu,local,local_only,dirichlet_0.1,node_a,selected_test_macro_precision,3,0.9525783333333333,0.003461429521647539,0.9439796657220427,0.9611770009446239
group|local|local_only|dirichlet_0.1|3|15||3,Local-only dirichlet_0.1 {group},group,desktop_gpu,local,local_only,dirichlet_0.1,node_a,selected_test_macro_recall,3,0.6345393333333333,0.11285597010939799,0.3541895619884098,0.9148891046782569
group|local|local_only|dirichlet_0.1|3|15||3,Local-only dirichlet_0.1 {group},group,desktop_gpu,local,local_only,dirichlet_0.1,node_a,selected_test_macro_specificity,3,0.6345393333333333,0.11285597010939799,0.3541895619884098,0.9148891046782569
group|local|local_only|dirichlet_0.1|3|15||3,Local-only dirichlet_0.1 {group},group,desktop_gpu,local,local_only,dirichlet_0.1,node_a,selected_test_mcc,3,0.46755166666666664,0.1974613022780244,-0.02296940093350508,0.9580727342668384
group|local|local_only|dirichlet_0.1|3|15||3,Local-only dirichlet_0.1 {group},group,desktop_gpu,local,local_only,dirichlet_0.1,node_a,selected_test_n_examples,3,2647.0,0.0,2647.0,2647.0
group|local|local_only|dirichlet_0.1|3|15||3,Local-only dirichlet_0.1 {group},group,desktop_gpu,local,local_only,dirichlet_0.1,node_a,selected_test_precision,3,0.9898373333333333,0.017602255007053286,0.9461109078584662,1.0335637588082005
group|local|local_only|dirichlet_0.1|3|15||3,Local-only dirichlet_0.1 {group},group,desktop_gpu,local,local_only,dirichlet_0.1,node_a,selected_test_recall,3,0.26978833333333335,0.22694083913067156,-0.29396396348743287,0.8335406301540995
group|local|local_only|dirichlet_0.1|3|15||3,Local-only dirichlet_0.1 {group},group,desktop_gpu,local,local_only,dirichlet_0.1,node_a,selected_test_roc_auc,3,0.9034266666666667,0.06577193401697519,0.7400401250003443,1.066813208332989
group|local|local_only|dirichlet_0.1|3|15||3,Local-only dirichlet_0.1 {group},group,desktop_gpu,local,local_only,dirichlet_0.1,node_a,selected_test_selected_epoch,3,5.666666666666667,5.686240703077327,-8.45873830193743,19.792071635270766
group|local|local_only|dirichlet_0.1|3|15||3,Local-only dirichlet_0.1 {group},group,desktop_gpu,local,local_only,dirichlet_0.1,node_a,selected_test_selected_val_loss,3,0.42134199764278546,0.03241314259929015,0.3408232877555477,0.5018607075300232
group|local|local_only|dirichlet_0.1|3|15||3,Local-only dirichlet_0.1 {group},group,desktop_gpu,local,local_only,dirichlet_0.1,node_a,selected_test_specificity,3,0.9992903333333333,0.0012291787231047408,0.9962368841127877,1.0023437825538788
group|local|local_only|dirichlet_0.1|3|15||3,Local-only dirichlet_0.1 {group},group,desktop_gpu,local,local_only,dirichlet_0.1,node_a,selected_test_tn,3,2346.3333333333335,2.8867513459481287,2339.1622454504177,2353.5044212162493
group|local|local_only|dirichlet_0.1|3|15||3,Local-only dirichlet_0.1 {group},group,desktop_gpu,local,local_only,dirichlet_0.1,node_a,selected_test_tp,3,80.66666666666667,67.85523806850384,-87.89508915910032,249.22842249243365
group|local|local_only|dirichlet_0.1|3|15||3,Local-only dirichlet_0.1 {group},group,desktop_gpu,local,local_only,dirichlet_0.1,node_b,selected_test_accuracy,3,0.9721753333333334,0.003140551756193969,0.9643737702800682,0.9799768963865986
group|local|local_only|dirichlet_0.1|3|15||3,Local-only dirichlet_0.1 {group},group,desktop_gpu,local,local_only,dirichlet_0.1,node_b,selected_test_balanced_accuracy,3,0.5012396666666666,0.004398988103340767,0.4903119744256168,0.5121673589077165
group|local|local_only|dirichlet_0.1|3|15||3,Local-only dirichlet_0.1 {group},group,desktop_gpu,local,local_only,dirichlet_0.1,node_b,selected_test_f1,3,0.9858863333333333,0.0016180980604812657,0.9818667549199818,0.9899059117466849
group|local|local_only|dirichlet_0.1|3|15||3,Local-only dirichlet_0.1 {group},group,desktop_gpu,local,local_only,dirichlet_0.1,node_b,selected_test_fn,3,28.0,9.643650760992955,4.043843465667631,51.956156534332365
group|local|local_only|dirichlet_0.1|3|15||3,Local-only dirichlet_0.1 {group},group,desktop_gpu,local,local_only,dirichlet_0.1,node_b,selected_test_fp,3,54.333333333333336,0.5773502691896258,52.899115756750184,55.76755090991649
group|local|local_only|dirichlet_0.1|3|15||3,Local-only dirichlet_0.1 {group},group,desktop_gpu,local,local_only,dirichlet_0.1,node_b,selected_test_loss,3,0.8221583333333333,0.41142795301526774,-0.19988536042013627,1.844202027086803
group|local|local_only|dirichlet_0.1|3|15||3,Local-only dirichlet_0.1 {group},group,desktop_gpu,local,local_only,dirichlet_0.1,node_b,selected_test_macro_f1,3,0.5006186666666667,0.006383410556538995,0.48476139577358296,0.5164759375597503
group|local|local_only|dirichlet_0.1|3|15||3,Local-only dirichlet_0.1 {group},group,desktop_gpu,local,local_only,dirichlet_0.1,node_b,selected_test_macro_precision,3,0.5015626666666666,0.010184378298812982,0.4762632684638536,0.5268620648694796
group|local|local_only|dirichlet_0.1|3|15||3,Local-only dirichlet_0.1 {group},group,desktop_gpu,local,local_only,dirichlet_0.1,node_b,selected_test_macro_recall,3,0.5012396666666666,0.004398988103340767,0.4903119744256168,0.5121673589077165
group|local|local_only|dirichlet_0.1|3|15||3,Local-only dirichlet_0.1 {group},group,desktop_gpu,local,local_only,dirichlet_0.1,node_b,selected_test_macro_specificity,3,0.5012396666666666,0.004398988103340767,0.4903119744256168,0.5121673589077165
group|local|local_only|dirichlet_0.1|3|15||3,Local-only dirichlet_0.1 {group},group,desktop_gpu,local,local_only,dirichlet_0.1,node_b,selected_test_mcc,3,0.002852333333333333,0.013341872594704736,-0.030290715524540934,0.0359953821912076
group|local|local_only|dirichlet_0.1|3|15||3,Local-only dirichlet_0.1 {group},group,desktop_gpu,local,local_only,dirichlet_0.1,node_b,selected_test_n_examples,3,2959.0,0.0,2959.0,2959.0
group|local|local_only|dirichlet_0.1|3|15||3,Local-only dirichlet_0.1 {group},group,desktop_gpu,local,local_only,dirichlet_0.1,node_b,selected_test_precision,3,0.9814586666666667,0.00016171064693867106,0.9810569551502148,0.9818603781831186
group|local|local_only|dirichlet_0.1|3|15||3,Local-only dirichlet_0.1 {group},group,desktop_gpu,local,local_only,dirichlet_0.1,node_b,selected_test_recall,3,0.9903583333333333,0.0033212007366814635,0.9821080133350499,0.9986086533316167
group|local|local_only|dirichlet_0.1|3|15||3,Local-only dirichlet_0.1 {group},group,desktop_gpu,local,local_only,dirichlet_0.1,node_b,selected_test_roc_auc,3,0.40249700000000005,0.24279008449481618,-0.20062700493262192,1.005621004932622
group|local|local_only|dirichlet_0.1|3|15||3,Local-only dirichlet_0.1 {group},group,desktop_gpu,local,local_only,dirichlet_0.1,node_b,selected_test_selected_epoch,3,3.6666666666666665,3.785938897200183,-5.738126922250766,13.071460255584098
group|local|local_only|dirichlet_0.1|3|15||3,Local-only dirichlet_0.1 {group},group,desktop_gpu,local,local_only,dirichlet_0.1,node_b,selected_test_selected_val_loss,3,0.11084844250369584,0.008072315606041564,0.09079569888557727,0.13090118612181442
group|local|local_only|dirichlet_0.1|3|15||3,Local-only dirichlet_0.1 {group},group,desktop_gpu,local,local_only,dirichlet_0.1,node_b,selected_test_specificity,3,0.012121333333333333,0.010497382594405776,-0.013955610644101576,0.03819827731076824
group|local|local_only|dirichlet_0.1|3|15||3,Local-only dirichlet_0.1 {group},group,desktop_gpu,local,local_only,dirichlet_0.1,node_b,selected_test_tn,3,0.6666666666666666,0.5773502691896258,-0.7675509099164876,2.100884243249821
group|local|local_only|dirichlet_0.1|3|15||3,Local-only dirichlet_0.1 {group},group,desktop_gpu,local,local_only,dirichlet_0.1,node_b,selected_test_tp,3,2876.0,9.643650760992955,2852.0438434656676,2899.9561565343324
group|local|local_only|dirichlet_0.1|3|15||3,Local-only dirichlet_0.1 {group},group,desktop_gpu,local,local_only,dirichlet_0.1,node_c,selected_test_accuracy,3,0.8806843333333334,0.023683323802484585,0.8218516955359872,0.9395169711306796
group|local|local_only|dirichlet_0.1|3|15||3,Local-only dirichlet_0.1 {group},group,desktop_gpu,local,local_only,dirichlet_0.1,node_c,selected_test_balanced_accuracy,3,0.5508623333333333,0.08903395961279795,0.32968971663272617,0.7720349500339405
group|local|local_only|dirichlet_0.1|3|15||3,Local-only dirichlet_0.1 {group},group,desktop_gpu,local,local_only,dirichlet_0.1,node_c,selected_test_f1,3,0.9357296666666667,0.012058731787934193,0.9057741162763768,0.9656852170569565
group|local|local_only|dirichlet_0.1|3|15||3,Local-only dirichlet_0.1 {group},group,desktop_gpu,local,local_only,dirichlet_0.1,node_c,selected_test_fn,3,1.3333333333333333,1.5275252316519468,-2.4612497002634264,5.127916366930093
group|local|local_only|dirichlet_0.1|3|15||3,Local-only dirichlet_0.1 {group},group,desktop_gpu,local,local_only,dirichlet_0.1,node_c,selected_test_fp,3,189.33333333333334,37.52776749732568,96.10919085542832,282.55747581123836
group|local|local_only|dirichlet_0.1|3|15||3,Local-only dirichlet_0.1 {group},group,desktop_gpu,local,local_only,dirichlet_0.1,node_c,selected_test_loss,3,0.5047796666666667,0.15421651598429184,0.12168460353533977,0.8878747297979936
group|local|local_only|dirichlet_0.1|3|15||3,Local-only dirichlet_0.1 {group},group,desktop_gpu,local,local_only,dirichlet_0.1,node_c,selected_test_macro_f1,3,0.546084,0.14150274543979705,0.19457169373679317,0.8975963062632069
group|local|local_only|dirichlet_0.1|3|15||3,Local-only dirichlet_0.1 {group},group,desktop_gpu,local,local_only,dirichlet_0.1,node_c,selected_test_macro_precision,3,0.6042033333333333,0.2949428556336521,-0.1284753371575551,1.3368820038242217
group|local|local_only|dirichlet_0.1|3|15||3,Local-only dirichlet_0.1 {group},group,desktop_gpu,local,local_only,dirichlet_0.1,node_c,selected_test_macro_recall,3,0.5508623333333333,0.08903395961279795,0.32968971663272617,0.7720349500339405
group|local|local_only|dirichlet_0.1|3|15||3,Local-only dirichlet_0.1 {group},group,desktop_gpu,local,local_only,dirichlet_0.1,node_c,selected_test_macro_specificity,3,0.5508623333333333,0.08903395961279795,0.32968971663272617,0.7720349500339405
group|local|local_only|dirichlet_0.1|3|15||3,Local-only dirichlet_0.1 {group},group,desktop_gpu,local,local_only,dirichlet_0.1,node_c,selected_test_mcc,3,0.16865066666666664,0.30687690921008265,-0.5936738363674819,0.9309751697008152
group|local|local_only|dirichlet_0.1|3|15||3,Local-only dirichlet_0.1 {group},group,desktop_gpu,local,local_only,dirichlet_0.1,node_c,selected_test_n_examples,3,1598.0,0.0,1598.0,1598.0
group|local|local_only|dirichlet_0.1|3|15||3,Local-only dirichlet_0.1 {group},group,desktop_gpu,local,local_only,dirichlet_0.1,node_c,selected_test_precision,3,0.880124,0.021283801540138425,0.8272521059447324,0.9329958940552676
group|local|local_only|dirichlet_0.1|3|15||3,Local-only dirichlet_0.1 {group},group,desktop_gpu,local,local_only,dirichlet_0.1,node_c,selected_test_recall,3,0.9990386666666667,0.0011013456920210708,0.9963027722994434,1.00177456103389
group|local|local_only|dirichlet_0.1|3|15||3,Local-only dirichlet_0.1 {group},group,desktop_gpu,local,local_only,dirichlet_0.1,node_c,selected_test_roc_auc,3,0.929286,0.027913858941393248,0.8599441303232058,0.9986278696767941
group|local|local_only|dirichlet_0.1|3|15||3,Local-only dirichlet_0.1 {group},group,desktop_gpu,local,local_only,dirichlet_0.1,node_c,selected_test_selected_epoch,3,8.333333333333334,5.686240703077327,-5.792071635270764,22.45873830193743
group|local|local_only|dirichlet_0.1|3|15||3,Local-only dirichlet_0.1 {group},group,desktop_gpu,local,local_only,dirichlet_0.1,node_c,selected_test_selected_val_loss,3,0.029524654758336825,0.016177476509674018,-0.010662424720299508,0.06971173423697316
group|local|local_only|dirichlet_0.1|3|15||3,Local-only dirichlet_0.1 {group},group,desktop_gpu,local,local_only,dirichlet_0.1,node_c,selected_test_specificity,3,0.10268566666666668,0.17785679187574857,-0.33913509732281005,0.5445064306561433
group|local|local_only|dirichlet_0.1|3|15||3,Local-only dirichlet_0.1 {group},group,desktop_gpu,local,local_only,dirichlet_0.1,node_c,selected_test_tn,3,21.666666666666668,37.52776749732567,-71.55747581123833,114.89080914457168
group|local|local_only|dirichlet_0.1|3|15||3,Local-only dirichlet_0.1 {group},group,desktop_gpu,local,local_only,dirichlet_0.1,node_c,selected_test_tp,3,1385.6666666666667,1.5275252316519465,1381.87208363307,1389.4612497002636
group|centralized|centralized|dirichlet_0.5|3|15|0.001|3,Centralized dirichlet_0.5 {group},group,desktop_gpu,centralized,centralized,dirichlet_0.5,node_a,selected_test_accuracy,3,0.9756810000000001,0.037784851342833145,0.8818182258463882,1.069543774153612
group|centralized|centralized|dirichlet_0.5|3|15|0.001|3,Centralized dirichlet_0.5 {group},group,desktop_gpu,centralized,centralized,dirichlet_0.5,node_a,selected_test_balanced_accuracy,3,0.987462,0.019479914604535624,0.939071209509197,1.0358527904908028
group|centralized|centralized|dirichlet_0.5|3|15|0.001|3,Centralized dirichlet_0.5 {group},group,desktop_gpu,centralized,centralized,dirichlet_0.5,node_a,selected_test_f1,3,0.9870373333333333,0.020212517417019942,0.9368266565683037,1.037248010098363
group|centralized|centralized|dirichlet_0.5|3|15|0.001|3,Centralized dirichlet_0.5 {group},group,desktop_gpu,centralized,centralized,dirichlet_0.5,node_a,selected_test_fn,3,19.333333333333332,30.03886371574886,-55.28734084108707,93.95400750775373
group|centralized|centralized|dirichlet_0.5|3|15|0.001|3,Centralized dirichlet_0.5 {group},group,desktop_gpu,centralized,centralized,dirichlet_0.5,node_a,selected_test_fp,3,0.0,0.0,0.0,0.0
group|centralized|centralized|dirichlet_0.5|3|15|0.001|3,Centralized dirichlet_0.5 {group},group,desktop_gpu,centralized,centralized,dirichlet_0.5,node_a,selected_test_loss,3,0.109676,0.17299458893560804,-0.32006638230369033,0.5394183823036903
group|centralized|centralized|dirichlet_0.5|3|15|0.001|3,Centralized dirichlet_0.5 {group},group,desktop_gpu,centralized,centralized,dirichlet_0.5,node_a,selected_test_macro_f1,3,0.892078,0.1518179547780828,0.5149412932149583,1.269214706785042
group|centralized|centralized|dirichlet_0.5|3|15|0.001|3,Centralized dirichlet_0.5 {group},group,desktop_gpu,centralized,centralized,dirichlet_0.5,node_a,selected_test_macro_precision,3,0.85943,0.17892636216052676,0.4149522761307382,1.3039077238692618
group|centralized|centralized|dirichlet_0.5|3|15|0.001|3,Centralized dirichlet_0.5 {group},group,desktop_gpu,centralized,centralized,dirichlet_0.5,node_a,selected_test_macro_recall,3,0.987462,0.019479914604535624,0.939071209509197,1.0358527904908028
group|centralized|centralized|dirichlet_0.5|3|15|0.001|3,Centralized dirichlet_0.5 {group},group,desktop_gpu,centralized,centralized,dirichlet_0.5,node_a,selected_test_macro_specificity,3,0.987462,0.019479914604535624,0.939071209509197,1.0358527904908028
group|centralized|centralized|dirichlet_0.5|3|15|0.001|3,Centralized dirichlet_0.5 {group},group,desktop_gpu,centralized,centralized,dirichlet_0.5,node_a,selected_test_mcc,3,0.8183516666666666,0.24619878899444922,0.20675997033829308,1.42994336299504
group|centralized|centralized|dirichlet_0.5|3|15|0.001|3,Centralized dirichlet_0.5 {group},group,desktop_gpu,centralized,centralized,dirichlet_0.5,node_a,selected_test_n_examples,3,795.0,0.0,795.0,795.0
group|centralized|centralized|dirichlet_0.5|3|15|0.001|3,Centralized dirichlet_0.5 {group},group,desktop_gpu,centralized,centralized,dirichlet_0.5,node_a,selected_test_precision,3,1.0,0.0,1.0,1.0
group|centralized|centralized|dirichlet_0.5|3|15|0.001|3,Centralized dirichlet_0.5 {group},group,desktop_gpu,centralized,centralized,dirichlet_0.5,node_a,selected_test_recall,3,0.9749243333333334,0.03896098326959078,0.8781398855064693,1.0717087811601975
group|centralized|centralized|dirichlet_0.5|3|15|0.001|3,Centralized dirichlet_0.5 {group},group,desktop_gpu,centralized,centralized,dirichlet_0.5,node_a,selected_test_roc_auc,3,0.9992433333333333,0.0011730888002761488,0.9963292192053353,1.0021574474613313
group|centralized|centralized|dirichlet_0.5|3|15|0.001|3,Centralized dirichlet_0.5 {group},group,desktop_gpu,centralized,centralized,dirichlet_0.5,node_a,selected_test_specificity,3,1.0,0.0,1.0,1.0
group|centralized|centralized|dirichlet_0.5|3|15|0.001|3,Centralized dirichlet_0.5 {group},group,desktop_gpu,centralized,centralized,dirichlet_0.5,node_a,selected_test_tn,3,24.0,0.0,24.0,24.0
group|centralized|centralized|dirichlet_0.5|3|15|0.001|3,Centralized dirichlet_0.5 {group},group,desktop_gpu,centralized,centralized,dirichlet_0.5,node_a,selected_test_tp,3,751.6666666666666,30.038863715748857,677.0459924922462,826.287340841087
group|centralized|centralized|dirichlet_0.5|3|15|0.001|3,Centralized dirichlet_0.5 {group},group,desktop_gpu,centralized,centralized,dirichlet_0.5,node_b,selected_test_accuracy,3,0.8825439999999999,0.033909218274681616,0.7983088321078898,0.9667791678921099
group|centralized|centralized|dirichlet_0.5|3|15|0.001|3,Centralized dirichlet_0.5 {group},group,desktop_gpu,centralized,centralized,dirichlet_0.5,node_b,selected_test_balanced_accuracy,3,0.893335,0.023739051708103254,0.8343639264107096,0.9523060735892904
group|centralized|centralized|dirichlet_0.5|3|15|0.001|3,Centralized dirichlet_0.5 {group},group,desktop_gpu,centralized,centralized,dirichlet_0.5,node_b,selected_test_f1,3,0.8884463333333333,0.038126735322255585,0.7937342722933949,0.9831583943732718
group|centralized|centralized|dirichlet_0.5|3|15|0.001|3,Centralized dirichlet_0.5 {group},group,desktop_gpu,centralized,centralized,dirichlet_0.5,node_b,selected_test_fn,3,638.3333333333334,323.81836472524736,-166.0760782379764,1442.7427449046431
group|centralized|centralized|dirichlet_0.5|3|15|0.001|3,Centralized dirichlet_0.5 {group},group,desktop_gpu,centralized,centralized,dirichlet_0.5,node_b,selected_test_fp,3,98.0,111.44954015158609,-178.85600564778758,374.8560056477876
group|centralized|centralized|dirichlet_0.5|3|15|0.001|3,Centralized dirichlet_0.5 {group},group,desktop_gpu,centralized,centralized,dirichlet_0.5,node_b,selected_test_loss,3,0.47434666666666664,0.034520961492017166,0.38859184437846583,0.5601014889548674
group|centralized|centralized|dirichlet_0.5|3|15|0.001|3,Centralized dirichlet_0.5 {group},group,desktop_gpu,centralized,centralized,dirichlet_0.5,node_b,selected_test_macro_f1,3,0.8818553333333333,0.032997351322997616,0.7998853685240003,0.9638252981426664
group|centralized|centralized|dirichlet_0.5|3|15|0.001|3,Centralized dirichlet_0.5 {group},group,desktop_gpu,centralized,centralized,dirichlet_0.5,node_b,selected_test_macro_precision,3,0.8890703333333333,0.024661807037063103,0.8278070084326552,0.9503336582340114
group|centralized|centralized|dirichlet_0.5|3|15|0.001|3,Centralized dirichlet_0.5 {group},group,desktop_gpu,centralized,centralized,dirichlet_0.5,node_b,selected_test_macro_recall,3,0.893335,0.023739051708103254,0.8343639264107096,0.9523060735892904
group|centralized|centralized|dirichlet_0.5|3|15|0.001|3,Centralized dirichlet_0.5 {group},group,desktop_gpu,centralized,centralized,dirichlet_0.5,node_b,selected_test_macro_specificity,3,0.893335,0.023739051708103254,0.8343639264107096,0.9523060735892904
group|centralized|centralized|dirichlet_0.5|3|15|0.001|3,Centralized dirichlet_0.5 {group},group,desktop_gpu,centralized,centralized,dirichlet_0.5,node_b,selected_test_mcc,3,0.7823889999999999,0.048302054904527617,0.6624000438566279,0.9023779561433719
group|centralized|centralized|dirichlet_0.5|3|15|0.001|3,Centralized dirichlet_0.5 {group},group,desktop_gpu,centralized,centralized,dirichlet_0.5,node_b,selected_test_n_examples,3,6269.0,0.0,6269.0,6269.0
group|centralized|centralized|dirichlet_0.5|3|15|0.001|3,Centralized dirichlet_0.5 {group},group,desktop_gpu,centralized,centralized,dirichlet_0.5,node_b,selected_test_precision,3,0.971045,0.030435611198068598,0.8954387504427072,1.0466512495572928
group|centralized|centralized|dirichlet_0.5|3|15|0.001|3,Centralized dirichlet_0.5 {group},group,desktop_gpu,centralized,centralized,dirichlet_0.5,node_b,selected_test_recall,3,0.823665,0.08945250070847656,0.6014526695797002,1.0458773304202997
group|centralized|centralized|dirichlet_0.5|3|15|0.001|3,Centralized dirichlet_0.5 {group},group,desktop_gpu,centralized,centralized,dirichlet_0.5,node_b,selected_test_roc_auc,3,0.9754693333333334,0.004129244644403304,0.9652117209911281,0.9857269456755388
group|centralized|centralized|dirichlet_0.5|3|15|0.001|3,Centralized dirichlet_0.5 {group},group,desktop_gpu,centralized,centralized,dirichlet_0.5,node_b,selected_test_specificity,3,0.9630046666666666,0.042072282162171015,0.8584913239282169,1.0675180094051164
group|centralized|centralized|dirichlet_0.5|3|15|0.001|3,Centralized dirichlet_0.5 {group},group,desktop_gpu,centralized,centralized,dirichlet_0.5,node_b,selected_test_tn,3,2551.0,111.44954015158609,2274.1439943522123,2827.8560056477877
group|centralized|centralized|dirichlet_0.5|3|15|0.001|3,Centralized dirichlet_0.5 {group},group,desktop_gpu,centralized,centralized,dirichlet_0.5,node_b,selected_test_tp,3,2981.6666666666665,323.81836472524736,2177.257255095357,3786.076078237976
group|centralized|centralized|dirichlet_0.5|3|15|0.001|3,Centralized dirichlet_0.5 {group},group,desktop_gpu,centralized,centralized,dirichlet_0.5,node_c,selected_test_accuracy,3,0.9635036666666666,0.025285055039159676,0.9006921079002074,1.0263152254331258
group|centralized|centralized|dirichlet_0.5|3|15|0.001|3,Centralized dirichlet_0.5 {group},group,desktop_gpu,centralized,centralized,dirichlet_0.5,node_c,selected_test_balanced_accuracy,3,0.9813433333333332,0.01292571782661732,0.9492340702287896,1.0134525964378769
group|centralized|centralized|dirichlet_0.5|3|15|0.001|3,Centralized dirichlet_0.5 {group},group,desktop_gpu,centralized,centralized,dirichlet_0.5,node_c,selected_test_f1,3,0.9808696666666666,0.013526162106574556,0.9472688172824765,1.0144705160508567
group|centralized|centralized|dirichlet_0.5|3|15|0.001|3,Centralized dirichlet_0.5 {group},group,desktop_gpu,centralized,centralized,dirichlet_0.5,node_c,selected_test_fn,3,5.0,3.4641016151377544,-3.605305459498924,13.605305459498924
group|centralized|centralized|dirichlet_0.5|3|15|0.001|3,Centralized dirichlet_0.5 {group},group,desktop_gpu,centralized,centralized,dirichlet_0.5,node_c,selected_test_fp,3,0.0,0.0,0.0,0.0
group|centralized|centralized|dirichlet_0.5|3|15|0.001|3,Centralized dirichlet_0.5 {group},group,desktop_gpu,centralized,centralized,dirichlet_0.5,node_c,selected_test_loss,3,0.15981433333333334,0.17453421909852904,-0.27375270232021737,0.5933813689868841
group|centralized|centralized|dirichlet_0.5|3|15|0.001|3,Centralized dirichlet_0.5 {group},group,desktop_gpu,centralized,centralized,dirichlet_0.5,node_c,selected_test_macro_f1,3,0.7793236666666666,0.08374350184541682,0.5712932756184333,0.9873540577148999
group|centralized|centralized|dirichlet_0.5|3|15|0.001|3,Centralized dirichlet_0.5 {group},group,desktop_gpu,centralized,centralized,dirichlet_0.5,node_c,selected_test_macro_precision,3,0.7083333333333334,0.07216878364870323,0.5290561362604391,0.8876105304062276
group|centralized|centralized|dirichlet_0.5|3|15|0.001|3,Centralized dirichlet_0.5 {group},group,desktop_gpu,centralized,centralized,dirichlet_0.5,node_c,selected_test_macro_recall,3,0.9813433333333332,0.01292571782661732,0.9492340702287896,1.0134525964378769
group|centralized|centralized|dirichlet_0.5|3|15|0.001|3,Centralized dirichlet_0.5 {group},group,desktop_gpu,centralized,centralized,dirichlet_0.5,node_c,selected_test_macro_specificity,3,0.9813433333333332,0.01292571782661732,0.9492340702287896,1.0134525964378769
group|centralized|centralized|dirichlet_0.5|3|15|0.001|3,Centralized dirichlet_0.5 {group},group,desktop_gpu,centralized,centralized,dirichlet_0.5,node_c,selected_test_mcc,3,0.6270703333333333,0.12484044870687276,0.31694946674875796,0.9371911999179086
group|centralized|centralized|dirichlet_0.5|3|15|0.001|3,Centralized dirichlet_0.5 {group},group,desktop_gpu,centralized,centralized,dirichlet_0.5,node_c,selected_test_n_examples,3,137.0,0.0,137.0,137.0
group|centralized|centralized|dirichlet_0.5|3|15|0.001|3,Centralized dirichlet_0.5 {group},group,desktop_gpu,centralized,centralized,dirichlet_0.5,node_c,selected_test_precision,3,1.0,0.0,1.0,1.0
group|centralized|centralized|dirichlet_0.5|3|15|0.001|3,Centralized dirichlet_0.5 {group},group,desktop_gpu,centralized,centralized,dirichlet_0.5,node_c,selected_test_recall,3,0.9626866666666668,0.025851435653234705,0.8984681404575794,1.0269051928757542
group|centralized|centralized|dirichlet_0.5|3|15|0.001|3,Centralized dirichlet_0.5 {group},group,desktop_gpu,centralized,centralized,dirichlet_0.5,node_c,selected_test_roc_auc,3,1.0,0.0,1.0,1.0
group|centralized|centralized|dirichlet_0.5|3|15|0.001|3,Centralized dirichlet_0.5 {group},group,desktop_gpu,centralized,centralized,dirichlet_0.5,node_c,selected_test_specificity,3,1.0,0.0,1.0,1.0
group|centralized|centralized|dirichlet_0.5|3|15|0.001|3,Centralized dirichlet_0.5 {group},group,desktop_gpu,centralized,centralized,dirichlet_0.5,node_c,selected_test_tn,3,3.0,0.0,3.0,3.0
group|centralized|centralized|dirichlet_0.5|3|15|0.001|3,Centralized dirichlet_0.5 {group},group,desktop_gpu,centralized,centralized,dirichlet_0.5,node_c,selected_test_tp,3,129.0,3.4641016151377544,120.39469454050108,137.60530545949894
group|local|local_only|dirichlet_0.5|3|15||3,Local-only dirichlet_0.5 {group},group,desktop_gpu,local,local_only,dirichlet_0.5,node_a,selected_test_accuracy,3,0.9215933333333334,0.08134711467737092,0.7195158980211975,1.1236707686454692
group|local|local_only|dirichlet_0.5|3|15||3,Local-only dirichlet_0.5 {group},group,desktop_gpu,local,local_only,dirichlet_0.5,node_a,selected_test_balanced_accuracy,3,0.6231623333333333,0.1078267004054809,0.35530596052247354,0.891018706144193
group|local|local_only|dirichlet_0.5|3|15||3,Local-only dirichlet_0.5 {group},group,desktop_gpu,local,local_only,dirichlet_0.5,node_a,selected_test_f1,3,0.9573213333333334,0.04607212320192478,0.8428718346270246,1.071770832039642
group|local|local_only|dirichlet_0.5|3|15||3,Local-only dirichlet_0.5 {group},group,desktop_gpu,local,local_only,dirichlet_0.5,node_a,selected_test_fn,3,45.666666666666664,68.96617528421693,-125.65481019204015,216.98814352537346
group|local|local_only|dirichlet_0.5|3|15||3,Local-only dirichlet_0.5 {group},group,desktop_gpu,local,local_only,dirichlet_0.5,node_a,selected_test_fp,3,16.666666666666668,6.429100507328636,0.6958956437784245,32.637437689554915
group|local|local_only|dirichlet_0.5|3|15||3,Local-only dirichlet_0.5 {group},group,desktop_gpu,local,local_only,dirichlet_0.5,node_a,selected_test_loss,3,0.268102,0.14859271251646225,-0.10102276085341916,0.6372267608534192
group|local|local_only|dirichlet_0.5|3|15||3,Local-only dirichlet_0.5 {group},group,desktop_gpu,local,local_only,dirichlet_0.5,node_a,selected_test_macro_f1,3,0.5759693333333334,0.11645064691247248,0.28668988978033844,0.8652487768863284
group|local|local_only|dirichlet_0.5|3|15||3,Local-only dirichlet_0.5 {group},group,desktop_gpu,local,local_only,dirichlet_0.5,node_a,selected_test_macro_precision,3,0.5792666666666667,0.12288077335504255,0.27401390352636035,0.8845194298069731
group|local|local_only|dirichlet_0.5|3|15||3,Local-only dirichlet_0.5 {group},group,desktop_gpu,local,local_only,dirichlet_0.5,node_a,selected_test_macro_recall,3,0.6231623333333333,0.1078267004054809,0.35530596052247354,0.891018706144193
group|local|local_only|dirichlet_0.5|3|15||3,Local-only dirichlet_0.5 {group},group,desktop_gpu,local,local_only,dirichlet_0.5,node_a,selected_test_macro_specificity,3,0.6231623333333333,0.1078267004054809,0.35530596052247354,0.891018706144193
group|local|local_only|dirichlet_0.5|3|15||3,Local-only dirichlet_0.5 {group},group,desktop_gpu,local,local_only,dirichlet_0.5,node_a,selected_test_mcc,3,0.19049133333333335,0.21169227982459193,-0.33538144226533906,0.7163641089320057
group|local|local_only|dirichlet_0.5|3|15||3,Local-only dirichlet_0.5 {group},group,desktop_gpu,local,local_only,dirichlet_0.5,node_a,selected_test_n_examples,3,795.0,0.0,795.0,795.0
group|local|local_only|dirichlet_0.5|3|15||3,Local-only dirichlet_0.5 {group},group,desktop_gpu,local,local_only,dirichlet_0.5,node_a,selected_test_precision,3,0.977821,0.0069371495587164924,0.9605881651691403,0.9950538348308599
group|local|local_only|dirichlet_0.5|3|15||3,Local-only dirichlet_0.5 {group},group,desktop_gpu,local,local_only,dirichlet_0.5,node_a,selected_test_recall,3,0.9407696666666667,0.08945027966604316,0.7185628536216352,1.1629764797116982
group|local|local_only|dirichlet_0.5|3|15||3,Local-only dirichlet_0.5 {group},group,desktop_gpu,local,local_only,dirichlet_0.5,node_a,selected_test_roc_auc,3,0.8713069999999999,0.02754949217317804,0.8028702675530378,0.9397437324469621
group|local|local_only|dirichlet_0.5|3|15||3,Local-only dirichlet_0.5 {group},group,desktop_gpu,local,local_only,dirichlet_0.5,node_a,selected_test_selected_epoch,3,7.0,5.0,-5.42068855875165,19.42068855875165
group|local|local_only|dirichlet_0.5|3|15||3,Local-only dirichlet_0.5 {group},group,desktop_gpu,local,local_only,dirichlet_0.5,node_a,selected_test_selected_val_loss,3,0.16442595254887185,0.12788551184642616,-0.153259270215329,0.4821111753130727
group|local|local_only|dirichlet_0.5|3|15||3,Local-only dirichlet_0.5 {group},group,desktop_gpu,local,local_only,dirichlet_0.5,node_a,selected_test_specificity,3,0.30555566666666667,0.26787925693553305,-0.3598932976825472,0.9710046310158805
group|local|local_only|dirichlet_0.5|3|15||3,Local-only dirichlet_0.5 {group},group,desktop_gpu,local,local_only,dirichlet_0.5,node_a,selected_test_tn,3,7.333333333333333,6.429100507328637,-8.637437689554915,23.30410435622158
group|local|local_only|dirichlet_0.5|3|15||3,Local-only dirichlet_0.5 {group},group,desktop_gpu,local,local_only,dirichlet_0.5,node_a,selected_test_tp,3,725.3333333333334,68.96617528421693,554.0118564746266,896.6548101920401
group|local|local_only|dirichlet_0.5|3|15||3,Local-only dirichlet_0.5 {group},group,desktop_gpu,local,local_only,dirichlet_0.5,node_b,selected_test_accuracy,3,0.8465466666666667,0.1558096481041317,0.4594940439566448,1.2335992893766885
group|local|local_only|dirichlet_0.5|3|15||3,Local-only dirichlet_0.5 {group},group,desktop_gpu,local,local_only,dirichlet_0.5,node_b,selected_test_balanced_accuracy,3,0.86333,0.13380168730251502,0.5309481826759972,1.195711817324003
group|local|local_only|dirichlet_0.5|3|15||3,Local-only dirichlet_0.5 {group},group,desktop_gpu,local,local_only,dirichlet_0.5,node_b,selected_test_f1,3,0.8294183333333334,0.19726031224332308,0.3393965526580492,1.3194401140086176
group|local|local_only|dirichlet_0.5|3|15||3,Local-only dirichlet_0.5 {group},group,desktop_gpu,local,local_only,dirichlet_0.5,node_b,selected_test_fn,3,887.0,1000.2954563527718,-1597.8716660184268,3371.871666018427
group|local|local_only|dirichlet_0.5|3|15||3,Local-only dirichlet_0.5 {group},group,desktop_gpu,local,local_only,dirichlet_0.5,node_b,selected_test_fp,3,75.0,52.88667128870941,-56.37777459722648,206.37777459722648
group|local|local_only|dirichlet_0.5|3|15||3,Local-only dirichlet_0.5 {group},group,desktop_gpu,local,local_only,dirichlet_0.5,node_b,selected_test_loss,3,0.7703213333333333,0.5643346503488275,-0.6315636536456256,2.1722063203122923
group|local|local_only|dirichlet_0.5|3|15||3,Local-only dirichlet_0.5 {group},group,desktop_gpu,local,local_only,dirichlet_0.5,node_b,selected_test_macro_f1,3,0.8428726666666666,0.16054434964000863,0.44405839331749064,1.2416869400158426
group|local|local_only|dirichlet_0.5|3|15||3,Local-only dirichlet_0.5 {group},group,desktop_gpu,local,local_only,dirichlet_0.5,node_b,selected_test_macro_precision,3,0.877294,0.09685889513617221,0.636683165873764,1.117904834126236
group|local|local_only|dirichlet_0.5|3|15||3,Local-only dirichlet_0.5 {group},group,desktop_gpu,local,local_only,dirichlet_0.5,node_b,selected_test_macro_recall,3,0.86333,0.13380168730251502,0.5309481826759972,1.195711817324003
group|local|local_only|dirichlet_0.5|3|15||3,Local-only dirichlet_0.5 {group},group,desktop_gpu,local,local_only,dirichlet_0.5,node_b,selected_test_macro_specificity,3,0.86333,0.13380168730251502,0.5309481826759972,1.195711817324003
group|local|local_only|dirichlet_0.5|3|15||3,Local-only dirichlet_0.5 {group},group,desktop_gpu,local,local_only,dirichlet_0.5,node_b,selected_test_mcc,3,0.7394736666666666,0.23259191918321956,0.16168330877524584,1.3172640245580873
group|local|local_only|dirichlet_0.5|3|15||3,Local-only dirichlet_0.5 {group},group,desktop_gpu,local,local_only,dirichlet_0.5,node_b,selected_test_n_examples,3,6269.0,0.0,6269.0,6269.0
group|local|local_only|dirichlet_0.5|3|15||3,Local-only dirichlet_0.5 {group},group,desktop_gpu,local,local_only,dirichlet_0.5,node_b,selected_test_precision,3,0.9730513333333333,0.013510133098283438,0.939490302213121,1.0066123644535454
group|local|local_only|dirichlet_0.5|3|15||3,Local-only dirichlet_0.5 {group},group,desktop_gpu,local,local_only,dirichlet_0.5,node_b,selected_test_recall,3,0.7549726666666667,0.2763246186360045,0.06854426082793996,1.4414010725053936
group|local|local_only|dirichlet_0.5|3|15||3,Local-only dirichlet_0.5 {group},group,desktop_gpu,local,local_only,dirichlet_0.5,node_b,selected_test_roc_auc,3,0.9631600000000001,0.029753037307138904,0.8892493579862218,1.0370706420137783
group|local|local_only|dirichlet_0.5|3|15||3,Local-only dirichlet_0.5 {group},group,desktop_gpu,local,local_only,dirichlet_0.5,node_b,selected_test_selected_epoch,3,7.666666666666667,5.507570547286102,-6.014897029972144,21.34823036330548
group|local|local_only|dirichlet_0.5|3|15||3,Local-only dirichlet_0.5 {group},group,desktop_gpu,local,local_only,dirichlet_0.5,node_b,selected_test_selected_val_loss,3,0.059208576819082794,0.030646187821561772,-0.016920774069842485,0.13533792770800807
group|local|local_only|dirichlet_0.5|3|15||3,Local-only dirichlet_0.5 {group},group,desktop_gpu,local,local_only,dirichlet_0.5,node_b,selected_test_specificity,3,0.9716873333333335,0.01996458605464525,0.9220925522155045,1.0212821144511626
group|local|local_only|dirichlet_0.5|3|15||3,Local-only dirichlet_0.5 {group},group,desktop_gpu,local,local_only,dirichlet_0.5,node_b,selected_test_tn,3,2574.0,52.88667128870941,2442.6222254027734,2705.3777745972266
group|local|local_only|dirichlet_0.5|3|15||3,Local-only dirichlet_0.5 {group},group,desktop_gpu,local,local_only,dirichlet_0.5,node_b,selected_test_tp,3,2733.0,1000.2954563527718,248.12833398157318,5217.871666018427
group|local|local_only|dirichlet_0.5|3|15||3,Local-only dirichlet_0.5 {group},group,desktop_gpu,local,local_only,dirichlet_0.5,node_c,selected_test_accuracy,3,0.9683700000000001,0.048600864097256516,0.8476387606723524,1.0891012393276476
group|local|local_only|dirichlet_0.5|3|15||3,Local-only dirichlet_0.5 {group},group,desktop_gpu,local,local_only,dirichlet_0.5,node_c,selected_test_balanced_accuracy,3,0.9838309999999999,0.024844525091053775,0.9221137782907859,1.0455482217092138
group|local|local_only|dirichlet_0.5|3|15||3,Local-only dirichlet_0.5 {group},group,desktop_gpu,local,local_only,dirichlet_0.5,node_c,selected_test_f1,3,0.9831266666666667,0.02604959228727646,0.9184158920901228,1.0478374412432108
group|local|local_only|dirichlet_0.5|3|15||3,Local-only dirichlet_0.5 {group},group,desktop_gpu,local,local_only,dirichlet_0.5,node_c,selected_test_fn,3,4.333333333333333,6.658328118479393,-12.20687064298895,20.873537309655614
group|local|local_only|dirichlet_0.5|3|15||3,Local-only dirichlet_0.5 {group},group,desktop_gpu,local,local_only,dirichlet_0.5,node_c,selected_test_fp,3,0.0,0.0,0.0,0.0
group|local|local_only|dirichlet_0.5|3|15||3,Local-only dirichlet_0.5 {group},group,desktop_gpu,local,local_only,dirichlet_0.5,node_c,selected_test_loss,3,0.08032833333333332,0.07797350540621688,-0.11336859196361827,0.27402525863028493
group|local|local_only|dirichlet_0.5|3|15||3,Local-only dirichlet_0.5 {group},group,desktop_gpu,local,local_only,dirichlet_0.5,node_c,selected_test_macro_f1,3,0.8566426666666667,0.18842055087047518,0.38858007058054783,1.3247052627527856
group|local|local_only|dirichlet_0.5|3|15||3,Local-only dirichlet_0.5 {group},group,desktop_gpu,local,local_only,dirichlet_0.5,node_c,selected_test_macro_precision,3,0.8250000000000001,0.20463381929681126,0.3166614123852888,1.3333385876147115
group|local|local_only|dirichlet_0.5|3|15||3,Local-only dirichlet_0.5 {group},group,desktop_gpu,local,local_only,dirichlet_0.5,node_c,selected_test_macro_recall,3,0.9838309999999999,0.024844525091053775,0.9221137782907859,1.0455482217092138
group|local|local_only|dirichlet_0.5|3|15||3,Local-only dirichlet_0.5 {group},group,desktop_gpu,local,local_only,dirichlet_0.5,node_c,selected_test_macro_specificity,3,0.9838309999999999,0.024844525091053775,0.9221137782907859,1.0455482217092138
group|local|local_only|dirichlet_0.5|3|15||3,Local-only dirichlet_0.5 {group},group,desktop_gpu,local,local_only,dirichlet_0.5,node_c,selected_test_mcc,3,0.7631693333333334,0.29934160863691056,0.019563554622375467,1.5067751120442914
group|local|local_only|dirichlet_0.5|3|15||3,Local-only dirichlet_0.5 {group},group,desktop_gpu,local,local_only,dirichlet_0.5,node_c,selected_test_n_examples,3,137.0,0.0,137.0,137.0
group|local|local_only|dirichlet_0.5|3|15||3,Local-only dirichlet_0.5 {group},group,desktop_gpu,local,local_only,dirichlet_0.5,node_c,selected_test_precision,3,1.0,0.0,1.0,1.0
group|local|local_only|dirichlet_0.5|3|15||3,Local-only dirichlet_0.5 {group},group,desktop_gpu,local,local_only,dirichlet_0.5,node_c,selected_test_recall,3,0.9676616666666668,0.04968879986811245,0.8442278450626738,1.0910954882706596
group|local|local_only|dirichlet_0.5|3|15||3,Local-only dirichlet_0.5 {group},group,desktop_gpu,local,local_only,dirichlet_0.5,node_c,selected_test_roc_auc,3,1.0,0.0,1.0,1.0
group|local|local_only|dirichlet_0.5|3|15||3,Local-only dirichlet_0.5 {group},group,desktop_gpu,local,local_only,dirichlet_0.5,node_c,selected_test_selected_epoch,3,8.666666666666666,5.033222956847166,-3.8365522920848836,21.169885625418218
group|local|local_only|dirichlet_0.5|3|15||3,Local-only dirichlet_0.5 {group},group,desktop_gpu,local,local_only,dirichlet_0.5,node_c,selected_test_selected_val_loss,3,0.011869528763406467,0.01270037343281248,-0.019679947834355012,0.043419005361167946
group|local|local_only|dirichlet_0.5|3|15||3,Local-only dirichlet_0.5 {group},group,desktop_gpu,local,local_only,dirichlet_0.5,node_c,selected_test_specificity,3,1.0,0.0,1.0,1.0
group|local|local_only|dirichlet_0.5|3|15||3,Local-only dirichlet_0.5 {group},group,desktop_gpu,local,local_only,dirichlet_0.5,node_c,selected_test_tn,3,3.0,0.0,3.0,3.0
group|local|local_only|dirichlet_0.5|3|15||3,Local-only dirichlet_0.5 {group},group,desktop_gpu,local,local_only,dirichlet_0.5,node_c,selected_test_tp,3,129.66666666666666,6.6583281184793925,113.12646269034438,146.20687064298895
group|centralized|centralized|dirichlet_1|3|15|0.001|3,Centralized dirichlet_1 {group},group,desktop_gpu,centralized,centralized,dirichlet_1,node_a,selected_test_accuracy,3,0.9633806666666667,0.010895410241626222,0.9363149672004522,0.9904463661328812
group|centralized|centralized|dirichlet_1|3|15|0.001|3,Centralized dirichlet_1 {group},group,desktop_gpu,centralized,centralized,dirichlet_1,node_a,selected_test_balanced_accuracy,3,0.957468,0.008603695775653612,0.9360952348632718,0.9788407651367281
group|centralized|centralized|dirichlet_1|3|15|0.001|3,Centralized dirichlet_1 {group},group,desktop_gpu,centralized,centralized,dirichlet_1,node_a,selected_test_f1,3,0.9064846666666666,0.022829668336034486,0.849772626606371,0.9631967067269622
group|centralized|centralized|dirichlet_1|3|15|0.001|3,Centralized dirichlet_1 {group},group,desktop_gpu,centralized,centralized,dirichlet_1,node_a,selected_test_fn,3,23.0,17.320508075688775,-20.02652729749463,66.02652729749462
group|centralized|centralized|dirichlet_1|3|15|0.001|3,Centralized dirichlet_1 {group},group,desktop_gpu,centralized,centralized,dirichlet_1,node_a,selected_test_fp,3,64.66666666666667,43.24735059322517,-42.76570787525198,172.09904120858533
group|centralized|centralized|dirichlet_1|3|15|0.001|3,Centralized dirichlet_1 {group},group,desktop_gpu,centralized,centralized,dirichlet_1,node_a,selected_test_loss,3,0.16785366666666668,0.040752749727267897,0.06661822421163752,0.2690891091216958
group|centralized|centralized|dirichlet_1|3|15|0.001|3,Centralized dirichlet_1 {group},group,desktop_gpu,centralized,centralized,dirichlet_1,node_a,selected_test_macro_f1,3,0.9418506666666667,0.014941342521116854,0.9047343142457815,0.9789670190875519
group|centralized|centralized|dirichlet_1|3|15|0.001|3,Centralized dirichlet_1 {group},group,desktop_gpu,centralized,centralized,dirichlet_1,node_a,selected_test_macro_precision,3,0.9306363333333333,0.035195318102459794,0.8432063163579638,1.0180663503087026
group|centralized|centralized|dirichlet_1|3|15|0.001|3,Centralized dirichlet_1 {group},group,desktop_gpu,centralized,centralized,dirichlet_1,node_a,selected_test_macro_recall,3,0.957468,0.008603695775653612,0.9360952348632718,0.9788407651367281
group|centralized|centralized|dirichlet_1|3|15|0.001|3,Centralized dirichlet_1 {group},group,desktop_gpu,centralized,centralized,dirichlet_1,node_a,selected_test_macro_specificity,3,0.957468,0.008603695775653612,0.9360952348632718,0.9788407651367281
group|centralized|centralized|dirichlet_1|3|15|0.001|3,Centralized dirichlet_1 {group},group,desktop_gpu,centralized,centralized,dirichlet_1,node_a,selected_test_mcc,3,0.8869696666666668,0.027646856102156222,0.8182910688119658,0.9556482645213678
group|centralized|centralized|dirichlet_1|3|15|0.001|3,Centralized dirichlet_1 {group},group,desktop_gpu,centralized,centralized,dirichlet_1,node_a,selected_test_n_examples,3,2394.0,0.0,2394.0,2394.0
group|centralized|centralized|dirichlet_1|3|15|0.001|3,Centralized dirichlet_1 {group},group,desktop_gpu,centralized,centralized,dirichlet_1,node_a,selected_test_precision,3,0.873139,0.07888886735148377,0.6771681895749098,1.0691098104250902
group|centralized|centralized|dirichlet_1|3|15|0.001|3,Centralized dirichlet_1 {group},group,desktop_gpu,centralized,centralized,dirichlet_1,node_a,selected_test_recall,3,0.9480816666666666,0.03909816022952146,0.8509564523804554,1.0452068809528778
group|centralized|centralized|dirichlet_1|3|15|0.001|3,Centralized dirichlet_1 {group},group,desktop_gpu,centralized,centralized,dirichlet_1,node_a,selected_test_roc_auc,3,0.9909093333333333,0.00027235516028398216,0.990232765608682,0.9915859010579846
group|centralized|centralized|dirichlet_1|3|15|0.001|3,Centralized dirichlet_1 {group},group,desktop_gpu,centralized,centralized,dirichlet_1,node_a,selected_test_specificity,3,0.9668549999999999,0.022166733611427722,0.9117897810895287,1.021920218910471
group|centralized|centralized|dirichlet_1|3|15|0.001|3,Centralized dirichlet_1 {group},group,desktop_gpu,centralized,centralized,dirichlet_1,node_a,selected_test_tn,3,1886.3333333333333,43.24735059322517,1778.9009587914147,1993.7657078752518
group|centralized|centralized|dirichlet_1|3|15|0.001|3,Centralized dirichlet_1 {group},group,desktop_gpu,centralized,centralized,dirichlet_1,node_a,selected_test_tp,3,420.0,17.320508075688775,376.9734727025054,463.0265272974946
group|centralized|centralized|dirichlet_1|3|15|0.001|3,Centralized dirichlet_1 {group},group,desktop_gpu,centralized,centralized,dirichlet_1,node_b,selected_test_accuracy,3,0.7720176666666667,0.20605773522567247,0.2601418757947094,1.283893457538624
group|centralized|centralized|dirichlet_1|3|15|0.001|3,Centralized dirichlet_1 {group},group,desktop_gpu,centralized,centralized,dirichlet_1,node_b,selected_test_balanced_accuracy,3,0.8710333333333332,0.11588613025437229,0.5831562268996362,1.1589104397670302
group|centralized|centralized|dirichlet_1|3|15|0.001|3,Centralized dirichlet_1 {group},group,desktop_gpu,centralized,centralized,dirichlet_1,node_b,selected_test_f1,3,0.8375566666666666,0.16783108525339796,0.4206411385847161,1.254472194748617
group|centralized|centralized|dirichlet_1|3|15|0.001|3,Centralized dirichlet_1 {group},group,desktop_gpu,centralized,centralized,dirichlet_1,node_b,selected_test_fn,3,729.6666666666666,660.0623707903165,-910.0191607208882,2369.3524940542216
group|centralized|centralized|dirichlet_1|3|15|0.001|3,Centralized dirichlet_1 {group},group,desktop_gpu,centralized,centralized,dirichlet_1,node_b,selected_test_fp,3,0.3333333333333333,0.5773502691896258,-1.100884243249821,1.7675509099164874
group|centralized|centralized|dirichlet_1|3|15|0.001|3,Centralized dirichlet_1 {group},group,desktop_gpu,centralized,centralized,dirichlet_1,node_b,selected_test_loss,3,0.8459336666666667,1.057605052971256,-1.7813029295569356,3.473170262890269
group|centralized|centralized|dirichlet_1|3|15|0.001|3,Centralized dirichlet_1 {group},group,desktop_gpu,centralized,centralized,dirichlet_1,node_b,selected_test_macro_f1,3,0.6984576666666666,0.1847390510323503,0.23954042316423646,1.1573749101690969
group|centralized|centralized|dirichlet_1|3|15|0.001|3,Centralized dirichlet_1 {group},group,desktop_gpu,centralized,centralized,dirichlet_1,node_b,selected_test_macro_precision,3,0.702716,0.09148905691939337,0.4754445834940625,0.9299874165059375
group|centralized|centralized|dirichlet_1|3|15|0.001|3,Centralized dirichlet_1 {group},group,desktop_gpu,centralized,centralized,dirichlet_1,node_b,selected_test_macro_recall,3,0.8710333333333332,0.11588613025437229,0.5831562268996362,1.1589104397670302
group|centralized|centralized|dirichlet_1|3|15|0.001|3,Centralized dirichlet_1 {group},group,desktop_gpu,centralized,centralized,dirichlet_1,node_b,selected_test_macro_specificity,3,0.8710333333333332,0.11588613025437229,0.5831562268996362,1.1589104397670302
group|centralized|centralized|dirichlet_1|3|15|0.001|3,Centralized dirichlet_1 {group},group,desktop_gpu,centralized,centralized,dirichlet_1,node_b,selected_test_mcc,3,0.547214,0.21076373476478347,0.023647858201457317,1.0707801417985428
group|centralized|centralized|dirichlet_1|3|15|0.001|3,Centralized dirichlet_1 {group},group,desktop_gpu,centralized,centralized,dirichlet_1,node_b,selected_test_n_examples,3,3202.0,0.0,3202.0,3202.0
group|centralized|centralized|dirichlet_1|3|15|0.001|3,Centralized dirichlet_1 {group},group,desktop_gpu,centralized,centralized,dirichlet_1,node_b,selected_test_precision,3,0.9998643333333334,0.00023498155956020434,0.9992806067796639,1.0004480598870027
group|centralized|centralized|dirichlet_1|3|15|0.001|3,Centralized dirichlet_1 {group},group,desktop_gpu,centralized,centralized,dirichlet_1,node_b,selected_test_recall,3,0.7429846666666666,0.23249830767197713,0.1654268526605771,1.3205424806727561
group|centralized|centralized|dirichlet_1|3|15|0.001|3,Centralized dirichlet_1 {group},group,desktop_gpu,centralized,centralized,dirichlet_1,node_b,selected_test_roc_auc,3,0.9987413333333333,0.0015128312309485668,0.9949832522210202,1.0024994144456463
group|centralized|centralized|dirichlet_1|3|15|0.001|3,Centralized dirichlet_1 {group},group,desktop_gpu,centralized,centralized,dirichlet_1,node_b,selected_test_specificity,3,0.9990816666666666,0.0015905999916173913,0.9951303972431801,1.003032936090153
group|centralized|centralized|dirichlet_1|3|15|0.001|3,Centralized dirichlet_1 {group},group,desktop_gpu,centralized,centralized,dirichlet_1,node_b,selected_test_tn,3,362.6666666666667,0.5773502691896258,361.23244909008355,364.1008842432498
group|centralized|centralized|dirichlet_1|3|15|0.001|3,Centralized dirichlet_1 {group},group,desktop_gpu,centralized,centralized,dirichlet_1,node_b,selected_test_tp,3,2109.3333333333335,660.0623707903165,469.6475059457787,3749.019160720888
group|centralized|centralized|dirichlet_1|3|15|0.001|3,Centralized dirichlet_1 {group},group,desktop_gpu,centralized,centralized,dirichlet_1,node_c,selected_test_accuracy,3,0.9252336666666666,0.05317571086815232,0.7931378779499576,1.0573294553833756
group|centralized|centralized|dirichlet_1|3|15|0.001|3,Centralized dirichlet_1 {group},group,desktop_gpu,centralized,centralized,dirichlet_1,node_c,selected_test_balanced_accuracy,3,0.938043,0.03286287341362591,0.8564070968367345,1.0196789031632654
group|centralized|centralized|dirichlet_1|3|15|0.001|3,Centralized dirichlet_1 {group},group,desktop_gpu,centralized,centralized,dirichlet_1,node_c,selected_test_f1,3,0.9486806666666666,0.039010053964758,0.8517743204753958,1.0455870128579374
group|centralized|centralized|dirichlet_1|3|15|0.001|3,Centralized dirichlet_1 {group},group,desktop_gpu,centralized,centralized,dirichlet_1,node_c,selected_test_fn,3,106.0,97.73433378296492,-136.78554428305748,348.78554428305745
group|centralized|centralized|dirichlet_1|3|15|0.001|3,Centralized dirichlet_1 {group},group,desktop_gpu,centralized,centralized,dirichlet_1,node_c,selected_test_fp,3,14.0,24.24871130596428,-46.23713821649247,74.23713821649247
group|centralized|centralized|dirichlet_1|3|15|0.001|3,Centralized dirichlet_1 {group},group,desktop_gpu,centralized,centralized,dirichlet_1,node_c,selected_test_loss,3,0.39596133333333333,0.49655972552587596,-0.837561406981888,1.6294840736485547
group|centralized|centralized|dirichlet_1|3|15|0.001|3,Centralized dirichlet_1 {group},group,desktop_gpu,centralized,centralized,dirichlet_1,node_c,selected_test_macro_f1,3,0.9042713333333333,0.05954108044311369,0.7563630900062346,1.052179576660432
group|centralized|centralized|dirichlet_1|3|15|0.001|3,Centralized dirichlet_1 {group},group,desktop_gpu,centralized,centralized,dirichlet_1,node_c,selected_test_macro_precision,3,0.8898906666666666,0.06713443276243071,0.7231194904845456,1.0566618428487877
group|centralized|centralized|dirichlet_1|3|15|0.001|3,Centralized dirichlet_1 {group},group,desktop_gpu,centralized,centralized,dirichlet_1,node_c,selected_test_macro_recall,3,0.938043,0.03286287341362591,0.8564070968367345,1.0196789031632654
group|centralized|centralized|dirichlet_1|3|15|0.001|3,Centralized dirichlet_1 {group},group,desktop_gpu,centralized,centralized,dirichlet_1,node_c,selected_test_macro_specificity,3,0.938043,0.03286287341362591,0.8564070968367345,1.0196789031632654
group|centralized|centralized|dirichlet_1|3|15|0.001|3,Centralized dirichlet_1 {group},group,desktop_gpu,centralized,centralized,dirichlet_1,node_c,selected_test_mcc,3,0.8252023333333334,0.0956198049168337,0.5876695699492172,1.0627350967174496
group|centralized|centralized|dirichlet_1|3|15|0.001|3,Centralized dirichlet_1 {group},group,desktop_gpu,centralized,centralized,dirichlet_1,node_c,selected_test_n_examples,3,1605.0,0.0,1605.0,1605.0
group|centralized|centralized|dirichlet_1|3|15|0.001|3,Centralized dirichlet_1 {group},group,desktop_gpu,centralized,centralized,dirichlet_1,node_c,selected_test_precision,3,0.9887640000000001,0.019461322873843882,0.9404193939285352,1.037108606071465
group|centralized|centralized|dirichlet_1|3|15|0.001|3,Centralized dirichlet_1 {group},group,desktop_gpu,centralized,centralized,dirichlet_1,node_c,selected_test_recall,3,0.914654,0.07869093390600977,0.7191748835112284,1.1101331164887716
group|centralized|centralized|dirichlet_1|3|15|0.001|3,Centralized dirichlet_1 {group},group,desktop_gpu,centralized,centralized,dirichlet_1,node_c,selected_test_roc_auc,3,0.978711,0.026023863145198094,0.9140641401555839,1.0433578598444162
group|centralized|centralized|dirichlet_1|3|15|0.001|3,Centralized dirichlet_1 {group},group,desktop_gpu,centralized,centralized,dirichlet_1,node_c,selected_test_specificity,3,0.9614326666666667,0.06680058084577807,0.7954908246208426,1.1273745087124907
group|centralized|centralized|dirichlet_1|3|15|0.001|3,Centralized dirichlet_1 {group},group,desktop_gpu,centralized,centralized,dirichlet_1,node_c,selected_test_tn,3,349.0,24.24871130596428,288.76286178350756,409.23713821649244
group|centralized|centralized|dirichlet_1|3|15|0.001|3,Centralized dirichlet_1 {group},group,desktop_gpu,centralized,centralized,dirichlet_1,node_c,selected_test_tp,3,1136.0,97.73433378296492,893.2144557169426,1378.7855442830576
group|local|local_only|dirichlet_1|3|15||3,Local-only dirichlet_1 {group},group,desktop_gpu,local,local_only,dirichlet_1,node_a,selected_test_accuracy,3,0.9508493333333332,0.009565255267546851,0.9270879220007016,0.9746107446659649
group|local|local_only|dirichlet_1|3|15||3,Local-only dirichlet_1 {group},group,desktop_gpu,local,local_only,dirichlet_1,node_a,selected_test_balanced_accuracy,3,0.9253526666666666,0.047177617154041715,0.8081569687437923,1.0425483645895408
group|local|local_only|dirichlet_1|3|15||3,Local-only dirichlet_1 {group},group,desktop_gpu,local,local_only,dirichlet_1,node_a,selected_test_f1,3,0.8677983333333333,0.03492741817445625,0.7810338166720927,0.954562849994574
group|local|local_only|dirichlet_1|3|15||3,Local-only dirichlet_1 {group},group,desktop_gpu,local,local_only,dirichlet_1,node_a,selected_test_fn,3,51.0,49.42671342502959,-71.78276278699232,173.78276278699232
group|local|local_only|dirichlet_1|3|15||3,Local-only dirichlet_1 {group},group,desktop_gpu,local,local_only,dirichlet_1,node_a,selected_test_fp,3,66.66666666666667,38.501082235871415,-28.97532365866222,162.30865699199558
group|local|local_only|dirichlet_1|3|15||3,Local-only dirichlet_1 {group},group,desktop_gpu,local,local_only,dirichlet_1,node_a,selected_test_loss,3,0.279963,0.11367555553855896,-0.0024227344175034027,0.5623487344175034
group|local|local_only|dirichlet_1|3|15||3,Local-only dirichlet_1 {group},group,desktop_gpu,local,local_only,dirichlet_1,node_a,selected_test_macro_f1,3,0.9187763333333333,0.019983372246278455,0.869134884728408,0.9684177819382586
group|local|local_only|dirichlet_1|3|15||3,Local-only dirichlet_1 {group},group,desktop_gpu,local,local_only,dirichlet_1,node_a,selected_test_macro_precision,3,0.9181446666666666,0.020540512659944325,0.8671192045494138,0.9691701287839194
group|local|local_only|dirichlet_1|3|15||3,Local-only dirichlet_1 {group},group,desktop_gpu,local,local_only,dirichlet_1,node_a,selected_test_macro_recall,3,0.9253526666666666,0.047177617154041715,0.8081569687437923,1.0425483645895408
group|local|local_only|dirichlet_1|3|15||3,Local-only dirichlet_1 {group},group,desktop_gpu,local,local_only,dirichlet_1,node_a,selected_test_macro_specificity,3,0.9253526666666666,0.047177617154041715,0.8081569687437923,1.0425483645895408
group|local|local_only|dirichlet_1|3|15||3,Local-only dirichlet_1 {group},group,desktop_gpu,local,local_only,dirichlet_1,node_a,selected_test_mcc,3,0.8418739999999999,0.03766054280012439,0.7483200253852236,0.9354279746147762
group|local|local_only|dirichlet_1|3|15||3,Local-only dirichlet_1 {group},group,desktop_gpu,local,local_only,dirichlet_1,node_a,selected_test_n_examples,3,2394.0,0.0,2394.0,2394.0
group|local|local_only|dirichlet_1|3|15||3,Local-only dirichlet_1 {group},group,desktop_gpu,local,local_only,dirichlet_1,node_a,selected_test_precision,3,0.8619523333333333,0.06086455717684421,0.7107563915413504,1.0131482751253162
group|local|local_only|dirichlet_1|3|15||3,Local-only dirichlet_1 {group},group,desktop_gpu,local,local_only,dirichlet_1,node_a,selected_test_recall,3,0.8848759999999999,0.11157255091195147,0.6077144186834376,1.1620375813165622
group|local|local_only|dirichlet_1|3|15||3,Local-only dirichlet_1 {group},group,desktop_gpu,local,local_only,dirichlet_1,node_a,selected_test_roc_auc,3,0.9832213333333333,0.003052559800124018,0.9756383544164722,0.9908043122501944
group|local|local_only|dirichlet_1|3|15||3,Local-only dirichlet_1 {group},group,desktop_gpu,local,local_only,dirichlet_1,node_a,selected_test_selected_epoch,3,10.0,4.358898943540674,-0.8281052473580601,20.82810524735806
group|local|local_only|dirichlet_1|3|15||3,Local-only dirichlet_1 {group},group,desktop_gpu,local,local_only,dirichlet_1,node_a,selected_test_selected_val_loss,3,0.1344195541819931,0.002284512657466819,0.12874451013660881,0.1400945982273774
group|local|local_only|dirichlet_1|3|15||3,Local-only dirichlet_1 {group},group,desktop_gpu,local,local_only,dirichlet_1,node_a,selected_test_specificity,3,0.9658293333333333,0.01973405134110408,0.9168072321912795,1.0148514344753872
group|local|local_only|dirichlet_1|3|15||3,Local-only dirichlet_1 {group},group,desktop_gpu,local,local_only,dirichlet_1,node_a,selected_test_tn,3,1884.3333333333333,38.501082235871415,1788.6913430080044,1979.975323658662
group|local|local_only|dirichlet_1|3|15||3,Local-only dirichlet_1 {group},group,desktop_gpu,local,local_only,dirichlet_1,node_a,selected_test_tp,3,392.0,49.42671342502959,269.2172372130077,514.7827627869923
group|local|local_only|dirichlet_1|3|15||3,Local-only dirichlet_1 {group},group,desktop_gpu,local,local_only,dirichlet_1,node_b,selected_test_accuracy,3,0.9965646666666667,0.0020479795734658734,0.9914772033753257,1.0016521299580077
group|local|local_only|dirichlet_1|3|15||3,Local-only dirichlet_1 {group},group,desktop_gpu,local,local_only,dirichlet_1,node_b,selected_test_balanced_accuracy,3,0.994459,0.003338854444266773,0.9861648257609517,1.0027531742390483
group|local|local_only|dirichlet_1|3|15||3,Local-only dirichlet_1 {group},group,desktop_gpu,local,local_only,dirichlet_1,node_b,selected_test_f1,3,0.9980600000000001,0.0011592225843210333,0.9951803314619755,1.0009396685380245
group|local|local_only|dirichlet_1|3|15||3,Local-only dirichlet_1 {group},group,desktop_gpu,local,local_only,dirichlet_1,node_b,selected_test_fn,3,8.0,8.18535277187245,-12.333543504588452,28.33354350458845
group|local|local_only|dirichlet_1|3|15||3,Local-only dirichlet_1 {group},group,desktop_gpu,local,local_only,dirichlet_1,node_b,selected_test_fp,3,3.0,3.0,-4.452413135250991,10.45241313525099
group|local|local_only|dirichlet_1|3|15||3,Local-only dirichlet_1 {group},group,desktop_gpu,local,local_only,dirichlet_1,node_b,selected_test_loss,3,0.017389666666666664,0.012170565982456744,-0.012843695263699842,0.04762302859703317
group|local|local_only|dirichlet_1|3|15||3,Local-only dirichlet_1 {group},group,desktop_gpu,local,local_only,dirichlet_1,node_b,selected_test_macro_f1,3,0.9915406666666667,0.0049698424857668785,0.9791948935263143,1.0038864398070193
group|local|local_only|dirichlet_1|3|15||3,Local-only dirichlet_1 {group},group,desktop_gpu,local,local_only,dirichlet_1,node_b,selected_test_macro_precision,3,0.9887993333333333,0.010356235625618673,0.9630730178639616,1.0145256488027048
group|local|local_only|dirichlet_1|3|15||3,Local-only dirichlet_1 {group},group,desktop_gpu,local,local_only,dirichlet_1,node_b,selected_test_macro_recall,3,0.994459,0.003338854444266773,0.9861648257609517,1.0027531742390483
group|local|local_only|dirichlet_1|3|15||3,Local-only dirichlet_1 {group},group,desktop_gpu,local,local_only,dirichlet_1,node_b,selected_test_macro_specificity,3,0.994459,0.003338854444266773,0.9861648257609517,1.0027531742390483
group|local|local_only|dirichlet_1|3|15||3,Local-only dirichlet_1 {group},group,desktop_gpu,local,local_only,dirichlet_1,node_b,selected_test_mcc,3,0.983193,0.009795269725740071,0.9588602010775228,1.0075257989224773
group|local|local_only|dirichlet_1|3|15||3,Local-only dirichlet_1 {group},group,desktop_gpu,local,local_only,dirichlet_1,node_b,selected_test_n_examples,3,3202.0,0.0,3202.0,3202.0
group|local|local_only|dirichlet_1|3|15||3,Local-only dirichlet_1 {group},group,desktop_gpu,local,local_only,dirichlet_1,node_b,selected_test_precision,3,0.9989436666666668,0.0010565000394384123,0.9963191750762321,1.0015681582571014
group|local|local_only|dirichlet_1|3|15||3,Local-only dirichlet_1 {group},group,desktop_gpu,local,local_only,dirichlet_1,node_b,selected_test_recall,3,0.9971823333333334,0.002883321059704112,0.9900197667538385,1.0043448999128284
group|local|local_only|dirichlet_1|3|15||3,Local-only dirichlet_1 {group},group,desktop_gpu,local,local_only,dirichlet_1,node_b,selected_test_roc_auc,3,0.9997693333333334,0.00037098831967237065,0.9988477472578163,1.0006909194088505
group|local|local_only|dirichlet_1|3|15||3,Local-only dirichlet_1 {group},group,desktop_gpu,local,local_only,dirichlet_1,node_b,selected_test_selected_epoch,3,7.0,7.211102550927978,-10.913371790059195,24.913371790059195
group|local|local_only|dirichlet_1|3|15||3,Local-only dirichlet_1 {group},group,desktop_gpu,local,local_only,dirichlet_1,node_b,selected_test_selected_val_loss,3,0.07730919134095941,0.04093655173341511,-0.024382840609035394,0.17900122329095422
group|local|local_only|dirichlet_1|3|15||3,Local-only dirichlet_1 {group},group,desktop_gpu,local,local_only,dirichlet_1,node_b,selected_test_specificity,3,0.9917356666666667,0.008264500005041652,0.971205510535382,1.0122658227979515
group|local|local_only|dirichlet_1|3|15||3,Local-only dirichlet_1 {group},group,desktop_gpu,local,local_only,dirichlet_1,node_b,selected_test_tn,3,360.0,3.0,352.547586864749,367.452413135251
group|local|local_only|dirichlet_1|3|15||3,Local-only dirichlet_1 {group},group,desktop_gpu,local,local_only,dirichlet_1,node_b,selected_test_tp,3,2831.0,8.18535277187245,2810.6664564954117,2851.3335435045883
group|local|local_only|dirichlet_1|3|15||3,Local-only dirichlet_1 {group},group,desktop_gpu,local,local_only,dirichlet_1,node_c,selected_test_accuracy,3,0.8687433333333333,0.09310507378404967,0.6374575083910785,1.1000291582755881
group|local|local_only|dirichlet_1|3|15||3,Local-only dirichlet_1 {group},group,desktop_gpu,local,local_only,dirichlet_1,node_c,selected_test_balanced_accuracy,3,0.9129160000000001,0.059070874659175265,0.7661758125930659,1.0596561874069343
group|local|local_only|dirichlet_1|3|15||3,Local-only dirichlet_1 {group},group,desktop_gpu,local,local_only,dirichlet_1,node_c,selected_test_f1,3,0.9042693333333333,0.07332709360347874,0.7221147348198853,1.0864239318467812
group|local|local_only|dirichlet_1|3|15||3,Local-only dirichlet_1 {group},group,desktop_gpu,local,local_only,dirichlet_1,node_c,selected_test_fn,3,208.33333333333334,150.60655142899108,-165.79408070808896,582.4607473747557
group|local|local_only|dirichlet_1|3|15||3,Local-only dirichlet_1 {group},group,desktop_gpu,local,local_only,dirichlet_1,node_c,selected_test_fp,3,2.3333333333333335,2.5166114784235836,-3.9182761460424422,8.584942812709109
group|local|local_only|dirichlet_1|3|15||3,Local-only dirichlet_1 {group},group,desktop_gpu,local,local_only,dirichlet_1,node_c,selected_test_loss,3,0.3819523333333333,0.3129305719314323,-0.39541030156113705,1.1593149682278037
group|local|local_only|dirichlet_1|3|15||3,Local-only dirichlet_1 {group},group,desktop_gpu,local,local_only,dirichlet_1,node_c,selected_test_macro_f1,3,0.8457253333333333,0.09746135167507856,0.6036179141991095,1.0878327524675573
group|local|local_only|dirichlet_1|3|15||3,Local-only dirichlet_1 {group},group,desktop_gpu,local,local_only,dirichlet_1,node_c,selected_test_macro_precision,3,0.8307823333333334,0.08419841647164947,0.6216218717064488,1.039942794960218
group|local|local_only|dirichlet_1|3|15||3,Local-only dirichlet_1 {group},group,desktop_gpu,local,local_only,dirichlet_1,node_c,selected_test_macro_recall,3,0.9129160000000001,0.059070874659175265,0.7661758125930659,1.0596561874069343
group|local|local_only|dirichlet_1|3|15||3,Local-only dirichlet_1 {group},group,desktop_gpu,local,local_only,dirichlet_1,node_c,selected_test_macro_specificity,3,0.9129160000000001,0.059070874659175265,0.7661758125930659,1.0596561874069343
group|local|local_only|dirichlet_1|3|15||3,Local-only dirichlet_1 {group},group,desktop_gpu,local,local_only,dirichlet_1,node_c,selected_test_mcc,3,0.7383086666666667,0.14639629028542128,0.3746401211083032,1.1019772122250302
group|local|local_only|dirichlet_1|3|15||3,Local-only dirichlet_1 {group},group,desktop_gpu,local,local_only,dirichlet_1,node_c,selected_test_n_examples,3,1605.0,0.0,1605.0,1605.0
group|local|local_only|dirichlet_1|3|15||3,Local-only dirichlet_1 {group},group,desktop_gpu,local,local_only,dirichlet_1,node_c,selected_test_precision,3,0.9978190000000001,0.00212951708140602,0.992528986310263,1.0031090136897374
group|local|local_only|dirichlet_1|3|15||3,Local-only dirichlet_1 {group},group,desktop_gpu,local,local_only,dirichlet_1,node_c,selected_test_recall,3,0.8322596666666667,0.12126153318069724,0.5310293191078328,1.1334900142255007
group|local|local_only|dirichlet_1|3|15||3,Local-only dirichlet_1 {group},group,desktop_gpu,local,local_only,dirichlet_1,node_c,selected_test_roc_auc,3,0.9509433333333334,0.06651100864017424,0.7857208285237245,1.1161658381429422
group|local|local_only|dirichlet_1|3|15||3,Local-only dirichlet_1 {group},group,desktop_gpu,local,local_only,dirichlet_1,node_c,selected_test_selected_epoch,3,6.333333333333333,0.5773502691896258,4.899115756750179,7.767550909916487
group|local|local_only|dirichlet_1|3|15||3,Local-only dirichlet_1 {group},group,desktop_gpu,local,local_only,dirichlet_1,node_c,selected_test_selected_val_loss,3,0.0743045753775916,0.032661788502873976,-0.006831805175610994,0.15544095593079418
group|local|local_only|dirichlet_1|3|15||3,Local-only dirichlet_1 {group},group,desktop_gpu,local,local_only,dirichlet_1,node_c,selected_test_specificity,3,0.993572,0.006932734813909994,0.9763501320032018,1.0107938679967983
group|local|local_only|dirichlet_1|3|15||3,Local-only dirichlet_1 {group},group,desktop_gpu,local,local_only,dirichlet_1,node_c,selected_test_tn,3,360.6666666666667,2.516611478423583,354.4150571872909,366.91827614604244
group|local|local_only|dirichlet_1|3|15||3,Local-only dirichlet_1 {group},group,desktop_gpu,local,local_only,dirichlet_1,node_c,selected_test_tp,3,1033.6666666666667,150.60655142899108,659.5392526252444,1407.794080708089
group|centralized|centralized|iid|3|15|0.001|3,Centralized iid {group},group,desktop_gpu,centralized,centralized,iid,node_a,selected_test_accuracy,5,0.909885,0.020931151963043026,0.8838955421665575,0.9358744578334426
group|centralized|centralized|iid|3|15|0.001|3,Centralized iid {group},group,desktop_gpu,centralized,centralized,iid,node_a,selected_test_balanced_accuracy,5,0.9210512,0.01965186945814573,0.8966501811964203,0.9454522188035797
group|centralized|centralized|iid|3|15|0.001|3,Centralized iid {group},group,desktop_gpu,centralized,centralized,iid,node_a,selected_test_f1,5,0.9197158,0.019526630833300435,0.8954702854880753,0.9439613145119247
group|centralized|centralized|iid|3|15|0.001|3,Centralized iid {group},group,desktop_gpu,centralized,centralized,iid,node_a,selected_test_fn,5,204.4,48.21617985697332,144.5317053406787,264.2682946593213
group|centralized|centralized|iid|3|15|0.001|3,Centralized iid {group},group,desktop_gpu,centralized,centralized,iid,node_a,selected_test_fp,5,22.6,26.349573051569543,-10.117316226173998,55.317316226174
group|centralized|centralized|iid|3|15|0.001|3,Centralized iid {group},group,desktop_gpu,centralized,centralized,iid,node_a,selected_test_loss,5,0.6669454,0.2856381539330837,0.3122787877479051,1.021612012252095
group|centralized|centralized|iid|3|15|0.001|3,Centralized iid {group},group,desktop_gpu,centralized,centralized,iid,node_a,selected_test_macro_f1,5,0.9084604000000001,0.021022581651643075,0.8823574172138559,0.9345633827861443
group|centralized|centralized|iid|3|15|0.001|3,Centralized iid {group},group,desktop_gpu,centralized,centralized,iid,node_a,selected_test_macro_precision,5,0.9064902,0.019493735832312915,0.8822855300265224,0.9306948699734776
group|centralized|centralized|iid|3|15|0.001|3,Centralized iid {group},group,desktop_gpu,centralized,centralized,iid,node_a,selected_test_macro_recall,5,0.9210512,0.01965186945814573,0.8966501811964203,0.9454522188035797
group|centralized|centralized|iid|3|15|0.001|3,Centralized iid {group},group,desktop_gpu,centralized,centralized,iid,node_a,selected_test_macro_specificity,5,0.9210512,0.01965186945814573,0.8966501811964203,0.9454522188035797
group|centralized|centralized|iid|3|15|0.001|3,Centralized iid {group},group,desktop_gpu,centralized,centralized,iid,node_a,selected_test_mcc,5,0.8274117999999999,0.03911861992325397,0.778839617981879,0.8759839820181209
group|centralized|centralized|iid|3|15|0.001|3,Centralized iid {group},group,desktop_gpu,centralized,centralized,iid,node_a,selected_test_n_examples,5,2519.0,0.0,2519.0,2519.0
group|centralized|centralized|iid|3|15|0.001|3,Centralized iid {group},group,desktop_gpu,centralized,centralized,iid,node_a,selected_test_precision,5,0.9833098,0.019229508397252393,0.9594332117199748,1.0071863882800254
group|centralized|centralized|iid|3|15|0.001|3,Centralized iid {group},group,desktop_gpu,centralized,centralized,iid,node_a,selected_test_recall,5,0.8644562,0.0319737089215499,0.824755596743065,0.904156803256935
group|centralized|centralized|iid|3|15|0.001|3,Centralized iid {group},group,desktop_gpu,centralized,centralized,iid,node_a,selected_test_roc_auc,5,0.985431,0.0025550102739519665,0.9822585357277931,0.9886034642722068
group|centralized|centralized|iid|3|15|0.001|3,Centralized iid {group},group,desktop_gpu,centralized,centralized,iid,node_a,selected_test_specificity,5,0.977646,0.026063154749569366,0.9452843190678463,1.0100076809321537
group|centralized|centralized|iid|3|15|0.001|3,Centralized iid {group},group,desktop_gpu,centralized,centralized,iid,node_a,selected_test_tn,5,988.4,26.349573051569546,955.6826837738259,1021.117316226174
group|centralized|centralized|iid|3|15|0.001|3,Centralized iid {group},group,desktop_gpu,centralized,centralized,iid,node_a,selected_test_tp,5,1303.6,48.216179856973326,1243.7317053406787,1363.4682946593211
group|centralized|centralized|iid|3|15|0.001|3,Centralized iid {group},group,desktop_gpu,centralized,centralized,iid,node_b,selected_test_accuracy,5,0.9649182,0.010312086680202039,0.9521140532228365,0.9777223467771634
group|centralized|centralized|iid|3|15|0.001|3,Centralized iid {group},group,desktop_gpu,centralized,centralized,iid,node_b,selected_test_balanced_accuracy,5,0.9615894,0.02088123146033297,0.9356619266575448,0.9875168733424553
group|centralized|centralized|iid|3|15|0.001|3,Centralized iid {group},group,desktop_gpu,centralized,centralized,iid,node_b,selected_test_f1,5,0.9730661999999999,0.007219783667119104,0.9641016545457185,0.9820307454542813
group|centralized|centralized|iid|3|15|0.001|3,Centralized iid {group},group,desktop_gpu,centralized,centralized,iid,node_b,selected_test_fn,5,41.0,24.76893215300167,10.245308671666177,71.75469132833382
group|centralized|centralized|iid|3|15|0.001|3,Centralized iid {group},group,desktop_gpu,centralized,centralized,iid,node_b,selected_test_fp,5,40.6,46.918013598190626,-17.65640835210794,98.85640835210793
group|centralized|centralized|iid|3|15|0.001|3,Centralized iid {group},group,desktop_gpu,centralized,centralized,iid,node_b,selected_test_loss,5,0.123858,0.025796592730436326,0.09182729953029227,0.1558887004697077
group|centralized|centralized|iid|3|15|0.001|3,Centralized iid {group},group,desktop_gpu,centralized,centralized,iid,node_b,selected_test_macro_f1,5,0.9613151999999999,0.012290150495417033,0.9460549625973345,0.9765754374026654
group|centralized|centralized|iid|3|15|0.001|3,Centralized iid {group},group,desktop_gpu,centralized,centralized,iid,node_b,selected_test_macro_precision,5,0.96297,0.003669168638806332,0.9584141253978559,0.9675258746021441
group|centralized|centralized|iid|3|15|0.001|3,Centralized iid {group},group,desktop_gpu,centralized,centralized,iid,node_b,selected_test_macro_recall,5,0.9615894,0.02088123146033297,0.9356619266575448,0.9875168733424553
group|centralized|centralized|iid|3|15|0.001|3,Centralized iid {group},group,desktop_gpu,centralized,centralized,iid,node_b,selected_test_macro_specificity,5,0.9615894,0.02088123146033297,0.9356619266575448,0.9875168733424553
group|centralized|centralized|iid|3|15|0.001|3,Centralized iid {group},group,desktop_gpu,centralized,centralized,iid,node_b,selected_test_mcc,5,0.9243878000000001,0.02288880637342191,0.8959675931642652,0.952808006835735
group|centralized|centralized|iid|3|15|0.001|3,Centralized iid {group},group,desktop_gpu,centralized,centralized,iid,node_b,selected_test_n_examples,5,2326.0,0.0,2326.0,2326.0
group|centralized|centralized|iid|3|15|0.001|3,Centralized iid {group},group,desktop_gpu,centralized,centralized,iid,node_b,selected_test_precision,5,0.9741574,0.028934481666344027,0.9382304958082137,1.0100843041917862
group|centralized|centralized|iid|3|15|0.001|3,Centralized iid {group},group,desktop_gpu,centralized,centralized,iid,node_b,selected_test_recall,5,0.9728114000000001,0.01642516308290421,0.9524168663353324,0.9932059336646678
group|centralized|centralized|iid|3|15|0.001|3,Centralized iid {group},group,desktop_gpu,centralized,centralized,iid,node_b,selected_test_roc_auc,5,0.9928236,0.0041774962956297,0.987636553247087,0.9980106467529131
group|centralized|centralized|iid|3|15|0.001|3,Centralized iid {group},group,desktop_gpu,centralized,centralized,iid,node_b,selected_test_specificity,5,0.9503668000000001,0.05735726309893108,0.879148351374556,1.021585248625444
group|centralized|centralized|iid|3|15|0.001|3,Centralized iid {group},group,desktop_gpu,centralized,centralized,iid,node_b,selected_test_tn,5,777.4,46.918013598190626,719.143591647892,835.656408352108
group|centralized|centralized|iid|3|15|0.001|3,Centralized iid {group},group,desktop_gpu,centralized,centralized,iid,node_b,selected_test_tp,5,1467.0,24.76893215300167,1436.2453086716662,1497.7546913283338
group|centralized|centralized|iid|3|15|0.001|3,Centralized iid {group},group,desktop_gpu,centralized,centralized,iid,node_c,selected_test_accuracy,5,0.929,0.01876781006137901,0.9056966859216593,0.9523033140783408
group|centralized|centralized|iid|3|15|0.001|3,Centralized iid {group},group,desktop_gpu,centralized,centralized,iid,node_c,selected_test_balanced_accuracy,5,0.9277939999999999,0.021293963604740177,0.9013540520129327,0.9542339479870671
group|centralized|centralized|iid|3|15|0.001|3,Centralized iid {group},group,desktop_gpu,centralized,centralized,iid,node_c,selected_test_f1,5,0.9428842,0.015233114478004817,0.9239697901721449,0.961798609827855
group|centralized|centralized|iid|3|15|0.001|3,Centralized iid {group},group,desktop_gpu,centralized,centralized,iid,node_c,selected_test_fn,5,101.8,29.642874354556106,64.99351011067003,138.60648988932996
group|centralized|centralized|iid|3|15|0.001|3,Centralized iid {group},group,desktop_gpu,centralized,centralized,iid,node_c,selected_test_fp,5,68.6,33.38862081608044,27.142551582996134,110.05744841700385
group|centralized|centralized|iid|3|15|0.001|3,Centralized iid {group},group,desktop_gpu,centralized,centralized,iid,node_c,selected_test_loss,5,0.285581,0.14154776633878755,0.10982623451096885,0.4613357654890311
group|centralized|centralized|iid|3|15|0.001|3,Centralized iid {group},group,desktop_gpu,centralized,centralized,iid,node_c,selected_test_macro_f1,5,0.9245076000000001,0.01986483889438824,0.8998421447147203,0.9491730552852798
group|centralized|centralized|iid|3|15|0.001|3,Centralized iid {group},group,desktop_gpu,centralized,centralized,iid,node_c,selected_test_macro_precision,5,0.9222176,0.019518585458480345,0.8979820751403415,0.9464531248596585
group|centralized|centralized|iid|3|15|0.001|3,Centralized iid {group},group,desktop_gpu,centralized,centralized,iid,node_c,selected_test_macro_recall,5,0.9277939999999999,0.021293963604740177,0.9013540520129327,0.9542339479870671
group|centralized|centralized|iid|3|15|0.001|3,Centralized iid {group},group,desktop_gpu,centralized,centralized,iid,node_c,selected_test_macro_specificity,5,0.9277939999999999,0.021293963604740177,0.9013540520129327,0.9542339479870671
group|centralized|centralized|iid|3|15|0.001|3,Centralized iid {group},group,desktop_gpu,centralized,centralized,iid,node_c,selected_test_mcc,5,0.8499672,0.04013466690655347,0.8001334290222325,0.8998009709777676
group|centralized|centralized|iid|3|15|0.001|3,Centralized iid {group},group,desktop_gpu,centralized,centralized,iid,node_c,selected_test_n_examples,5,2400.0,0.0,2400.0,2400.0
group|centralized|centralized|iid|3|15|0.001|3,Centralized iid {group},group,desktop_gpu,centralized,centralized,iid,node_c,selected_test_precision,5,0.9538618,0.022184950770736473,0.9263155453260536,0.9814080546739463
group|centralized|centralized|iid|3|15|0.001|3,Centralized iid {group},group,desktop_gpu,centralized,centralized,iid,node_c,selected_test_recall,5,0.9324933999999999,0.01965730087779093,0.9080856371981877,0.9569011628018121
group|centralized|centralized|iid|3|15|0.001|3,Centralized iid {group},group,desktop_gpu,centralized,centralized,iid,node_c,selected_test_roc_auc,5,0.9727086,0.019322780837653767,0.9487161986887038,0.9967010013112962
group|centralized|centralized|iid|3|15|0.001|3,Centralized iid {group},group,desktop_gpu,centralized,centralized,iid,node_c,selected_test_specificity,5,0.9230941999999999,0.037431027980807594,0.8766174401404734,0.9695709598595263
group|centralized|centralized|iid|3|15|0.001|3,Centralized iid {group},group,desktop_gpu,centralized,centralized,iid,node_c,selected_test_tn,5,823.4,33.38862081608044,781.9425515829961,864.8574484170039
group|centralized|centralized|iid|3|15|0.001|3,Centralized iid {group},group,desktop_gpu,centralized,centralized,iid,node_c,selected_test_tp,5,1406.2,29.642874354556103,1369.3935101106701,1443.00648988933
group|local|local_only|iid|3|15||3,Local-only iid {group},group,desktop_gpu,local,local_only,iid,node_a,selected_test_accuracy,5,0.8900358,0.03492857596152466,0.8466662447200495,0.9334053552799506
group|local|local_only|iid|3|15||3,Local-only iid {group},group,desktop_gpu,local,local_only,iid,node_a,selected_test_balanced_accuracy,5,0.907961,0.0290874392049214,0.8718441739393084,0.9440778260606917
group|local|local_only|iid|3|15||3,Local-only iid {group},group,desktop_gpu,local,local_only,iid,node_a,selected_test_f1,5,0.8980537999999999,0.034722763998564415,0.8549397940248566,0.9411678059751432
group|local|local_only|iid|3|15||3,Local-only iid {group},group,desktop_gpu,local,local_only,iid,node_a,selected_test_fn,5,275.8,88.54772724356059,165.8534749589042,385.7465250410958
group|local|local_only|iid|3|15||3,Local-only iid {group},group,desktop_gpu,local,local_only,iid,node_a,selected_test_fp,5,1.2,2.16794833886788,-1.491863402337901,3.8918634023379006
group|local|local_only|iid|3|15||3,Local-only iid {group},group,desktop_gpu,local,local_only,iid,node_a,selected_test_loss,5,1.3167389999999999,0.6125909294072188,0.5561068973288728,2.077371102671127
group|local|local_only|iid|3|15||3,Local-only iid {group},group,desktop_gpu,local,local_only,iid,node_a,selected_test_macro_f1,5,0.8892552,0.03461976922511183,0.846269078927056,0.932241321072944
group|local|local_only|iid|3|15||3,Local-only iid {group},group,desktop_gpu,local,local_only,iid,node_a,selected_test_macro_precision,5,0.8938320000000001,0.028168897342636615,0.8588556943005505,0.9288083056994496
group|local|local_only|iid|3|15||3,Local-only iid {group},group,desktop_gpu,local,local_only,iid,node_a,selected_test_macro_recall,5,0.907961,0.0290874392049214,0.8718441739393084,0.9440778260606917
group|local|local_only|iid|3|15||3,Local-only iid {group},group,desktop_gpu,local,local_only,iid,node_a,selected_test_macro_specificity,5,0.907961,0.0290874392049214,0.8718441739393084,0.9440778260606917
group|local|local_only|iid|3|15||3,Local-only iid {group},group,desktop_gpu,local,local_only,iid,node_a,selected_test_mcc,5,0.8016677999999999,0.05724046598954278,0.7305943741403776,0.8727412258596222
group|local|local_only|iid|3|15||3,Local-only iid {group},group,desktop_gpu,local,local_only,iid,node_a,selected_test_n_examples,5,2519.0,0.0,2519.0,2519.0
group|local|local_only|iid|3|15||3,Local-only iid {group},group,desktop_gpu,local,local_only,iid,node_a,selected_test_precision,5,0.9990548,0.001677850023095039,0.9969714740319375,1.0011381259680625
group|local|local_only|iid|3|15||3,Local-only iid {group},group,desktop_gpu,local,local_only,iid,node_a,selected_test_recall,5,0.8171086000000001,0.05871865390401929,0.7441997614243925,0.8900174385756077
group|local|local_only|iid|3|15||3,Local-only iid {group},group,desktop_gpu,local,local_only,iid,node_a,selected_test_roc_auc,5,0.9597992000000002,0.04052271921033927,0.9094835984472018,1.0101148015527985
group|local|local_only|iid|3|15||3,Local-only iid {group},group,desktop_gpu,local,local_only,iid,node_a,selected_test_selected_epoch,5,9.0,4.795831523312719,3.045188656051881,14.95481134394812
group|local|local_only|iid|3|15||3,Local-only iid {group},group,desktop_gpu,local,local_only,iid,node_a,selected_test_selected_val_loss,5,0.3107854089665677,0.12487264086103594,0.1557355464487911,0.46583527148434434
group|local|local_only|iid|3|15||3,Local-only iid {group},group,desktop_gpu,local,local_only,iid,node_a,selected_test_specificity,5,0.998813,0.002144539111324391,0.9961502029927286,1.0014757970072714
group|local|local_only|iid|3|15||3,Local-only iid {group},group,desktop_gpu,local,local_only,iid,node_a,selected_test_tn,5,1009.8,2.16794833886788,1007.1081365976621,1012.4918634023378
group|local|local_only|iid|3|15||3,Local-only iid {group},group,desktop_gpu,local,local_only,iid,node_a,selected_test_tp,5,1232.2,88.54772724356059,1122.2534749589042,1342.1465250410959
group|local|local_only|iid|3|15||3,Local-only iid {group},group,desktop_gpu,local,local_only,iid,node_b,selected_test_accuracy,5,0.8473776,0.022784065600765836,0.8190874460108162,0.8756677539891837
group|local|local_only|iid|3|15||3,Local-only iid {group},group,desktop_gpu,local,local_only,iid,node_b,selected_test_balanced_accuracy,5,0.7851888,0.03398197470277443,0.742994605423694,0.827382994576306
group|local|local_only|iid|3|15||3,Local-only iid {group},group,desktop_gpu,local,local_only,iid,node_b,selected_test_f1,5,0.8944109999999998,0.014057528587913318,0.8769562728486677,0.911865727151332
group|local|local_only|iid|3|15||3,Local-only iid {group},group,desktop_gpu,local,local_only,iid,node_b,selected_test_fn,5,7.8,10.2810505299799,-4.965610306789771,20.56561030678977
group|local|local_only|iid|3|15||3,Local-only iid {group},group,desktop_gpu,local,local_only,iid,node_b,selected_test_fp,5,347.2,59.01440502114717,273.9239379098261,420.47606209017385
group|local|local_only|iid|3|15||3,Local-only iid {group},group,desktop_gpu,local,local_only,iid,node_b,selected_test_loss,5,0.44531679999999996,0.10219744888547853,0.3184219070106319,0.572211692989368
group|local|local_only|iid|3|15||3,Local-only iid {group},group,desktop_gpu,local,local_only,iid,node_b,selected_test_macro_f1,5,0.8092588,0.0331709424225481,0.768071635007432,0.8504459649925679
group|local|local_only|iid|3|15||3,Local-only iid {group},group,desktop_gpu,local,local_only,iid,node_b,selected_test_macro_precision,5,0.8989855999999999,0.011288204653531022,0.8849694426773542,0.9130017573226457
group|local|local_only|iid|3|15||3,Local-only iid {group},group,desktop_gpu,local,local_only,iid,node_b,selected_test_macro_recall,5,0.7851888,0.03398197470277443,0.742994605423694,0.827382994576306
group|local|local_only|iid|3|15||3,Local-only iid {group},group,desktop_gpu,local,local_only,iid,node_b,selected_test_macro_specificity,5,0.7851888,0.03398197470277443,0.742994605423694,0.827382994576306
group|local|local_only|iid|3|15||3,Local-only iid {group},group,desktop_gpu,local,local_only,iid,node_b,selected_test_mcc,5,0.6739826,0.0468125974797383,0.6158570830470047,0.7321081169529953
group|local|local_only|iid|3|15||3,Local-only iid {group},group,desktop_gpu,local,local_only,iid,node_b,selected_test_n_examples,5,2326.0,0.0,2326.0,2326.0
group|local|local_only|iid|3|15||3,Local-only iid {group},group,desktop_gpu,local,local_only,iid,node_b,selected_test_precision,5,0.8127962,0.026076930632265766,0.7804174140502587,0.8451749859497413
group|local|local_only|iid|3|15||3,Local-only iid {group},group,desktop_gpu,local,local_only,iid,node_b,selected_test_recall,5,0.9948276000000001,0.006817746863884011,0.9863622491702487,1.0032929508297515
group|local|local_only|iid|3|15||3,Local-only iid {group},group,desktop_gpu,local,local_only,iid,node_b,selected_test_roc_auc,5,0.9710125999999999,0.00524922363783443,0.9644948279903807,0.9775303720096191
group|local|local_only|iid|3|15||3,Local-only iid {group},group,desktop_gpu,local,local_only,iid,node_b,selected_test_selected_epoch,5,7.6,4.277849927241487,2.2883477556256535,12.911652244374345
group|local|local_only|iid|3|15||3,Local-only iid {group},group,desktop_gpu,local,local_only,iid,node_b,selected_test_selected_val_loss,5,0.4234410759139123,0.11651059626436039,0.278774063123202,0.5681080887046226
group|local|local_only|iid|3|15||3,Local-only iid {group},group,desktop_gpu,local,local_only,iid,node_b,selected_test_specificity,5,0.57555,0.07214493221633798,0.48597023501412223,0.6651297649858777
group|local|local_only|iid|3|15||3,Local-only iid {group},group,desktop_gpu,local,local_only,iid,node_b,selected_test_tn,5,470.8,59.01440502114717,397.52393790982615,544.0760620901739
group|local|local_only|iid|3|15||3,Local-only iid {group},group,desktop_gpu,local,local_only,iid,node_b,selected_test_tp,5,1500.2,10.2810505299799,1487.4343896932103,1512.9656103067898
group|local|local_only|iid|3|15||3,Local-only iid {group},group,desktop_gpu,local,local_only,iid,node_c,selected_test_accuracy,5,0.8681666,0.03251146870413579,0.8277982797813462,0.9085349202186538
group|local|local_only|iid|3|15||3,Local-only iid {group},group,desktop_gpu,local,local_only,iid,node_c,selected_test_balanced_accuracy,5,0.8414216,0.047355800529607764,0.7826216073762673,0.9002215926237327
group|local|local_only|iid|3|15||3,Local-only iid {group},group,desktop_gpu,local,local_only,iid,node_c,selected_test_f1,5,0.8999497999999999,0.02471639865959443,0.8692603376191297,0.9306392623808701
group|local|local_only|iid|3|15||3,Local-only iid {group},group,desktop_gpu,local,local_only,iid,node_c,selected_test_fn,5,82.0,110.78582941874832,-55.55877590040325,219.55877590040325
group|local|local_only|iid|3|15||3,Local-only iid {group},group,desktop_gpu,local,local_only,iid,node_c,selected_test_fp,5,234.4,126.159819276979,77.75189438388196,391.04810561611805
group|local|local_only|iid|3|15||3,Local-only iid {group},group,desktop_gpu,local,local_only,iid,node_c,selected_test_loss,5,0.7918080000000001,0.1817026094130186,0.5661944115121745,1.0174215884878257
group|local|local_only|iid|3|15||3,Local-only iid {group},group,desktop_gpu,local,local_only,iid,node_c,selected_test_macro_f1,5,0.8507602000000001,0.04220466388564184,0.798356188296908,0.9031642117030921
group|local|local_only|iid|3|15||3,Local-only iid {group},group,desktop_gpu,local,local_only,iid,node_c,selected_test_macro_precision,5,0.8889454000000001,0.03229506376058111,0.8488457820087915,0.9290450179912088
group|local|local_only|iid|3|15||3,Local-only iid {group},group,desktop_gpu,local,local_only,iid,node_c,selected_test_macro_recall,5,0.8414216,0.047355800529607764,0.7826216073762673,0.9002215926237327
group|local|local_only|iid|3|15||3,Local-only iid {group},group,desktop_gpu,local,local_only,iid,node_c,selected_test_macro_specificity,5,0.8414216,0.047355800529607764,0.7826216073762673,0.9002215926237327
group|local|local_only|iid|3|15||3,Local-only iid {group},group,desktop_gpu,local,local_only,iid,node_c,selected_test_mcc,5,0.726848,0.06164554715468102,0.6503049434484601,0.80339105655154
group|local|local_only|iid|3|15||3,Local-only iid {group},group,desktop_gpu,local,local_only,iid,node_c,selected_test_n_examples,5,2400.0,0.0,2400.0,2400.0
group|local|local_only|iid|3|15||3,Local-only iid {group},group,desktop_gpu,local,local_only,iid,node_c,selected_test_precision,5,0.8647220000000001,0.05741032965416588,0.7934376605434124,0.9360063394565878
group|local|local_only|iid|3|15||3,Local-only iid {group},group,desktop_gpu,local,local_only,iid,node_c,selected_test_recall,5,0.9456234,0.07346557355523742,0.8544038422090712,1.0368429577909288
group|local|local_only|iid|3|15||3,Local-only iid {group},group,desktop_gpu,local,local_only,iid,node_c,selected_test_roc_auc,5,0.8963952,0.029793975829016175,0.8594010928497574,0.9333893071502425
group|local|local_only|iid|3|15||3,Local-only iid {group},group,desktop_gpu,local,local_only,iid,node_c,selected_test_selected_epoch,5,7.0,5.1478150704935,0.6081433575574486,13.391856642442551
group|local|local_only|iid|3|15||3,Local-only iid {group},group,desktop_gpu,local,local_only,iid,node_c,selected_test_selected_val_loss,5,0.11492922260787171,0.12352201498919302,-0.038443616389794974,0.2683020616055384
group|local|local_only|iid|3|15||3,Local-only iid {group},group,desktop_gpu,local,local_only,iid,node_c,selected_test_specificity,5,0.7372196000000001,0.14143477417983172,0.5616051328068237,0.9128340671931765
group|local|local_only|iid|3|15||3,Local-only iid {group},group,desktop_gpu,local,local_only,iid,node_c,selected_test_tn,5,657.6,126.159819276979,500.95189438388195,814.2481056161181
group|local|local_only|iid|3|15||3,Local-only iid {group},group,desktop_gpu,local,local_only,iid,node_c,selected_test_tp,5,1426.0,110.78582941874832,1288.4412240995966,1563.5587759004034
group|centralized|centralized|iid_sub0.01|3|15|0.001|3,Centralized iid_sub0.01 {group},group,desktop_gpu,centralized,centralized,iid_sub0.01,node_a,selected_test_accuracy,3,0.8741563333333332,0.0339739118491429,0.7897604576931959,0.9585522089734705
group|centralized|centralized|iid_sub0.01|3|15|0.001|3,Centralized iid_sub0.01 {group},group,desktop_gpu,centralized,centralized,iid_sub0.01,node_a,selected_test_balanced_accuracy,3,0.889515,0.026849175760160694,0.8228179499647719,0.956212050035228
group|centralized|centralized|iid_sub0.01|3|15|0.001|3,Centralized iid_sub0.01 {group},group,desktop_gpu,centralized,centralized,iid_sub0.01,node_a,selected_test_f1,3,0.8843323333333334,0.03625341719525666,0.7942738524987785,0.9743908141678883
group|centralized|centralized|iid_sub0.01|3|15|0.001|3,Centralized iid_sub0.01 {group},group,desktop_gpu,centralized,centralized,iid_sub0.01,node_a,selected_test_fn,3,284.0,105.58882516630251,21.702817464975624,546.2971825350244
group|centralized|centralized|iid_sub0.01|3|15|0.001|3,Centralized iid_sub0.01 {group},group,desktop_gpu,centralized,centralized,iid_sub0.01,node_a,selected_test_fp,3,33.0,38.97435053981015,-63.81765396691924,129.81765396691924
group|centralized|centralized|iid_sub0.01|3|15|0.001|3,Centralized iid_sub0.01 {group},group,desktop_gpu,centralized,centralized,iid_sub0.01,node_a,selected_test_loss,3,0.5799413333333333,0.237330150099673,-0.009619442664630773,1.1695021093312974
group|centralized|centralized|iid_sub0.01|3|15|0.001|3,Centralized iid_sub0.01 {group},group,desktop_gpu,centralized,centralized,iid_sub0.01,node_a,selected_test_macro_f1,3,0.8728916666666665,0.03315307039073961,0.790534874248717,0.955248459084616
group|centralized|centralized|iid_sub0.01|3|15|0.001|3,Centralized iid_sub0.01 {group},group,desktop_gpu,centralized,centralized,iid_sub0.01,node_a,selected_test_macro_precision,3,0.8771853333333333,0.025384366396137066,0.8141270714798013,0.9402435951868652
group|centralized|centralized|iid_sub0.01|3|15|0.001|3,Centralized iid_sub0.01 {group},group,desktop_gpu,centralized,centralized,iid_sub0.01,node_a,selected_test_macro_recall,3,0.889515,0.026849175760160694,0.8228179499647719,0.956212050035228
group|centralized|centralized|iid_sub0.01|3|15|0.001|3,Centralized iid_sub0.01 {group},group,desktop_gpu,centralized,centralized,iid_sub0.01,node_a,selected_test_macro_specificity,3,0.889515,0.026849175760160694,0.8228179499647719,0.956212050035228
group|centralized|centralized|iid_sub0.01|3|15|0.001|3,Centralized iid_sub0.01 {group},group,desktop_gpu,centralized,centralized,iid_sub0.01,node_a,selected_test_mcc,3,0.7665989999999999,0.0521568894682189,0.6370341039444037,0.8961638960555961
group|centralized|centralized|iid_sub0.01|3|15|0.001|3,Centralized iid_sub0.01 {group},group,desktop_gpu,centralized,centralized,iid_sub0.01,node_a,selected_test_n_examples,3,2519.0,0.0,2519.0,2519.0
group|centralized|centralized|iid_sub0.01|3|15|0.001|3,Centralized iid_sub0.01 {group},group,desktop_gpu,centralized,centralized,iid_sub0.01,node_a,selected_test_precision,3,0.9752123333333333,0.027375727320627204,0.9072072567095695,1.0432174099570972
group|centralized|centralized|iid_sub0.01|3|15|0.001|3,Centralized iid_sub0.01 {group},group,desktop_gpu,centralized,centralized,iid_sub0.01,node_a,selected_test_recall,3,0.811671,0.07001891524438238,0.6377343721055797,0.9856076278944204
group|centralized|centralized|iid_sub0.01|3|15|0.001|3,Centralized iid_sub0.01 {group},group,desktop_gpu,centralized,centralized,iid_sub0.01,node_a,selected_test_roc_auc,3,0.9772623333333333,0.00566386408146712,0.9631925149743328,0.9913321516923339
group|centralized|centralized|iid_sub0.01|3|15|0.001|3,Centralized iid_sub0.01 {group},group,desktop_gpu,centralized,centralized,iid_sub0.01,node_a,selected_test_specificity,3,0.967359,0.038550212619387736,0.8715949630361854,1.0631230369638145
group|centralized|centralized|iid_sub0.01|3|15|0.001|3,Centralized iid_sub0.01 {group},group,desktop_gpu,centralized,centralized,iid_sub0.01,node_a,selected_test_tn,3,978.0,38.97435053981015,881.1823460330808,1074.8176539669194
group|centralized|centralized|iid_sub0.01|3|15|0.001|3,Centralized iid_sub0.01 {group},group,desktop_gpu,centralized,centralized,iid_sub0.01,node_a,selected_test_tp,3,1224.0,105.58882516630251,961.7028174649756,1486.2971825350244
group|centralized|centralized|iid_sub0.01|3|15|0.001|3,Centralized iid_sub0.01 {group},group,desktop_gpu,centralized,centralized,iid_sub0.01,node_b,selected_test_accuracy,3,0.954428,0.009428926396997718,0.9310052483558998,0.9778507516441003
group|centralized|centralized|iid_sub0.01|3|15|0.001|3,Centralized iid_sub0.01 {group},group,desktop_gpu,centralized,centralized,iid_sub0.01,node_b,selected_test_balanced_accuracy,3,0.9514293333333333,0.01319028514981136,0.9186628485639466,0.98419581810272
group|centralized|centralized|iid_sub0.01|3|15|0.001|3,Centralized iid_sub0.01 {group},group,desktop_gpu,centralized,centralized,iid_sub0.01,node_b,selected_test_f1,3,0.964769,0.007081083885959839,0.9471786124788196,0.9823593875211803
group|centralized|centralized|iid_sub0.01|3|15|0.001|3,Centralized iid_sub0.01 {group},group,desktop_gpu,centralized,centralized,iid_sub0.01,node_b,selected_test_fn,3,58.0,1.0,55.51586228824967,60.48413771175033
group|centralized|centralized|iid_sub0.01|3|15|0.001|3,Centralized iid_sub0.01 {group},group,desktop_gpu,centralized,centralized,iid_sub0.01,node_b,selected_test_fp,3,48.0,21.166010488516726,-4.579284861827425,100.57928486182743
group|centralized|centralized|iid_sub0.01|3|15|0.001|3,Centralized iid_sub0.01 {group},group,desktop_gpu,centralized,centralized,iid_sub0.01,node_b,selected_test_loss,3,0.20918333333333336,0.10101604388082784,-0.04175443076285726,0.460121097429524
group|centralized|centralized|iid_sub0.01|3|15|0.001|3,Centralized iid_sub0.01 {group},group,desktop_gpu,centralized,centralized,iid_sub0.01,node_b,selected_test_macro_f1,3,0.9501273333333332,0.010559271865679669,0.923896647883174,0.9763580187834924
group|centralized|centralized|iid_sub0.01|3|15|0.001|3,Centralized iid_sub0.01 {group},group,desktop_gpu,centralized,centralized,iid_sub0.01,node_b,selected_test_macro_precision,3,0.9489960000000001,0.008203585313751503,0.9286171643505488,0.9693748356494514
group|centralized|centralized|iid_sub0.01|3|15|0.001|3,Centralized iid_sub0.01 {group},group,desktop_gpu,centralized,centralized,iid_sub0.01,node_b,selected_test_macro_recall,3,0.9514293333333333,0.01319028514981136,0.9186628485639466,0.98419581810272
group|centralized|centralized|iid_sub0.01|3|15|0.001|3,Centralized iid_sub0.01 {group},group,desktop_gpu,centralized,centralized,iid_sub0.01,node_b,selected_test_macro_specificity,3,0.9514293333333333,0.01319028514981136,0.9186628485639466,0.98419581810272
group|centralized|centralized|iid_sub0.01|3|15|0.001|3,Centralized iid_sub0.01 {group},group,desktop_gpu,centralized,centralized,iid_sub0.01,node_b,selected_test_mcc,3,0.900413,0.021371876824462562,0.8473223148094697,0.9535036851905303
group|centralized|centralized|iid_sub0.01|3|15|0.001|3,Centralized iid_sub0.01 {group},group,desktop_gpu,centralized,centralized,iid_sub0.01,node_b,selected_test_n_examples,3,2326.0,0.0,2326.0,2326.0
group|centralized|centralized|iid_sub0.01|3|15|0.001|3,Centralized iid_sub0.01 {group},group,desktop_gpu,centralized,centralized,iid_sub0.01,node_b,selected_test_precision,3,0.9680826666666666,0.013784567542485067,0.9338399025942099,1.0023254307391234
group|centralized|centralized|iid_sub0.01|3|15|0.001|3,Centralized iid_sub0.01 {group},group,desktop_gpu,centralized,centralized,iid_sub0.01,node_b,selected_test_recall,3,0.9615383333333334,0.0006635000627982725,0.9598901078055875,0.9631865588610793
group|centralized|centralized|iid_sub0.01|3|15|0.001|3,Centralized iid_sub0.01 {group},group,desktop_gpu,centralized,centralized,iid_sub0.01,node_b,selected_test_roc_auc,3,0.9877926666666667,0.007089954184149134,0.9701802441032398,1.0054050892300936
group|centralized|centralized|iid_sub0.01|3|15|0.001|3,Centralized iid_sub0.01 {group},group,desktop_gpu,centralized,centralized,iid_sub0.01,node_b,selected_test_specificity,3,0.94132,0.025875447822211663,0.8770418242564161,1.005598175743584
group|centralized|centralized|iid_sub0.01|3|15|0.001|3,Centralized iid_sub0.01 {group},group,desktop_gpu,centralized,centralized,iid_sub0.01,node_b,selected_test_tn,3,770.0,21.166010488516726,717.4207151381726,822.5792848618274
group|centralized|centralized|iid_sub0.01|3|15|0.001|3,Centralized iid_sub0.01 {group},group,desktop_gpu,centralized,centralized,iid_sub0.01,node_b,selected_test_tp,3,1450.0,1.0,1447.5158622882498,1452.4841377117502
group|centralized|centralized|iid_sub0.01|3|15|0.001|3,Centralized iid_sub0.01 {group},group,desktop_gpu,centralized,centralized,iid_sub0.01,node_c,selected_test_accuracy,3,0.9111113333333334,0.023327211499305545,0.8531633275379326,0.9690593391287342
group|centralized|centralized|iid_sub0.01|3|15|0.001|3,Centralized iid_sub0.01 {group},group,desktop_gpu,centralized,centralized,iid_sub0.01,node_c,selected_test_balanced_accuracy,3,0.9053003333333334,0.019068822258685347,0.857930752841869,0.9526699138247977
group|centralized|centralized|iid_sub0.01|3|15|0.001|3,Centralized iid_sub0.01 {group},group,desktop_gpu,centralized,centralized,iid_sub0.01,node_c,selected_test_f1,3,0.9289480000000001,0.019622499025353537,0.8802030101723353,0.977692989827665
group|centralized|centralized|iid_sub0.01|3|15|0.001|3,Centralized iid_sub0.01 {group},group,desktop_gpu,centralized,centralized,iid_sub0.01,node_c,selected_test_fn,3,108.66666666666667,53.79900866496829,-24.977479612763844,242.3108129460972
group|centralized|centralized|iid_sub0.01|3|15|0.001|3,Centralized iid_sub0.01 {group},group,desktop_gpu,centralized,centralized,iid_sub0.01,node_c,selected_test_fp,3,104.66666666666667,2.516611478423583,98.4150571872909,110.91827614604244
group|centralized|centralized|iid_sub0.01|3|15|0.001|3,Centralized iid_sub0.01 {group},group,desktop_gpu,centralized,centralized,iid_sub0.01,node_c,selected_test_loss,3,0.5000573333333334,0.1987058642323707,0.006444602447760239,0.9936700642189065
group|centralized|centralized|iid_sub0.01|3|15|0.001|3,Centralized iid_sub0.01 {group},group,desktop_gpu,centralized,centralized,iid_sub0.01,node_c,selected_test_macro_f1,3,0.9050893333333333,0.023976718819165705,0.8455278619106099,0.9646508047560567
group|centralized|centralized|iid_sub0.01|3|15|0.001|3,Centralized iid_sub0.01 {group},group,desktop_gpu,centralized,centralized,iid_sub0.01,node_c,selected_test_macro_precision,3,0.9055746666666667,0.02933053196471777,0.8327135861074129,0.9784357472259206
group|centralized|centralized|iid_sub0.01|3|15|0.001|3,Centralized iid_sub0.01 {group},group,desktop_gpu,centralized,centralized,iid_sub0.01,node_c,selected_test_macro_recall,3,0.9053003333333334,0.019068822258685347,0.857930752841869,0.9526699138247977
group|centralized|centralized|iid_sub0.01|3|15|0.001|3,Centralized iid_sub0.01 {group},group,desktop_gpu,centralized,centralized,iid_sub0.01,node_c,selected_test_macro_specificity,3,0.9053003333333334,0.019068822258685347,0.857930752841869,0.9526699138247977
group|centralized|centralized|iid_sub0.01|3|15|0.001|3,Centralized iid_sub0.01 {group},group,desktop_gpu,centralized,centralized,iid_sub0.01,node_c,selected_test_mcc,3,0.8108333333333334,0.04836302477444244,0.6906929196368254,0.9309737470298414
group|centralized|centralized|iid_sub0.01|3|15|0.001|3,Centralized iid_sub0.01 {group},group,desktop_gpu,centralized,centralized,iid_sub0.01,node_c,selected_test_n_examples,3,2400.0,0.0,2400.0,2400.0
group|centralized|centralized|iid_sub0.01|3|15|0.001|3,Centralized iid_sub0.01 {group},group,desktop_gpu,centralized,centralized,iid_sub0.01,node_c,selected_test_precision,3,0.930322,0.0038397040250519837,0.9207836464294088,0.9398603535705912
group|centralized|centralized|iid_sub0.01|3|15|0.001|3,Centralized iid_sub0.01 {group},group,desktop_gpu,centralized,centralized,iid_sub0.01,node_c,selected_test_recall,3,0.92794,0.03567574101542958,0.8393165463489334,1.0165634536510666
group|centralized|centralized|iid_sub0.01|3|15|0.001|3,Centralized iid_sub0.01 {group},group,desktop_gpu,centralized,centralized,iid_sub0.01,node_c,selected_test_roc_auc,3,0.9278706666666666,0.045268576809231985,0.815417287857587,1.0403240454757463
group|centralized|centralized|iid_sub0.01|3|15|0.001|3,Centralized iid_sub0.01 {group},group,desktop_gpu,centralized,centralized,iid_sub0.01,node_c,selected_test_specificity,3,0.8826606666666666,0.0028211214673128757,0.8756526124402864,0.8896687208930469
group|centralized|centralized|iid_sub0.01|3|15|0.001|3,Centralized iid_sub0.01 {group},group,desktop_gpu,centralized,centralized,iid_sub0.01,node_c,selected_test_tn,3,787.3333333333334,2.516611478423583,781.0817238539576,793.5849428127092
group|centralized|centralized|iid_sub0.01|3|15|0.001|3,Centralized iid_sub0.01 {group},group,desktop_gpu,centralized,centralized,iid_sub0.01,node_c,selected_test_tp,3,1399.3333333333333,53.79900866496829,1265.6891870539027,1532.9774796127638
group|local|local_only|iid_sub0.01|3|15||3,Local-only iid_sub0.01 {group},group,desktop_gpu,local,local_only,iid_sub0.01,node_a,selected_test_accuracy,3,0.827445,0.06372190002659998,0.6691510250795386,0.9857389749204614
group|local|local_only|iid_sub0.01|3|15||3,Local-only iid_sub0.01 {group},group,desktop_gpu,local,local_only,iid_sub0.01,node_a,selected_test_balanced_accuracy,3,0.8400150000000001,0.0790084916512143,0.6437470263407075,1.0362829736592927
group|local|local_only|iid_sub0.01|3|15||3,Local-only iid_sub0.01 {group},group,desktop_gpu,local,local_only,iid_sub0.01,node_a,selected_test_f1,3,0.8452013333333334,0.0475876210198969,0.7269871293453247,0.963415537321342
group|local|local_only|iid_sub0.01|3|15||3,Local-only iid_sub0.01 {group},group,desktop_gpu,local,local_only,iid_sub0.01,node_a,selected_test_fn,3,337.3333333333333,2.309401076758503,331.5964630270007,343.0702036396659
group|local|local_only|iid_sub0.01|3|15||3,Local-only iid_sub0.01 {group},group,desktop_gpu,local,local_only,iid_sub0.01,node_a,selected_test_fp,3,97.33333333333333,158.2066159594261,-295.6736876198787,490.34035428654533
group|local|local_only|iid_sub0.01|3|15||3,Local-only iid_sub0.01 {group},group,desktop_gpu,local,local_only,iid_sub0.01,node_a,selected_test_loss,3,1.31871,0.7192756794435635,-0.46806984045059763,3.1054898404505975
group|local|local_only|iid_sub0.01|3|15||3,Local-only iid_sub0.01 {group},group,desktop_gpu,local,local_only,iid_sub0.01,node_a,selected_test_macro_f1,3,0.824499,0.06778520790703528,0.656111208739297,0.992886791260703
group|local|local_only|iid_sub0.01|3|15||3,Local-only iid_sub0.01 {group},group,desktop_gpu,local,local_only,iid_sub0.01,node_a,selected_test_macro_precision,3,0.8296446666666667,0.0736710537615238,0.6466356237532794,1.012653709580054
group|local|local_only|iid_sub0.01|3|15||3,Local-only iid_sub0.01 {group},group,desktop_gpu,local,local_only,iid_sub0.01,node_a,selected_test_macro_recall,3,0.8400150000000001,0.0790084916512143,0.6437470263407075,1.0362829736592927
group|local|local_only|iid_sub0.01|3|15||3,Local-only iid_sub0.01 {group},group,desktop_gpu,local,local_only,iid_sub0.01,node_a,selected_test_macro_specificity,3,0.8400150000000001,0.0790084916512143,0.6437470263407075,1.0362829736592927
group|local|local_only|iid_sub0.01|3|15||3,Local-only iid_sub0.01 {group},group,desktop_gpu,local,local_only,iid_sub0.01,node_a,selected_test_mcc,3,0.6695743333333334,0.152621209411842,0.2904422314204322,1.0487064352462345
group|local|local_only|iid_sub0.01|3|15||3,Local-only iid_sub0.01 {group},group,desktop_gpu,local,local_only,iid_sub0.01,node_a,selected_test_n_examples,3,2519.0,0.0,2519.0,2519.0
group|local|local_only|iid_sub0.01|3|15||3,Local-only iid_sub0.01 {group},group,desktop_gpu,local,local_only,iid_sub0.01,node_a,selected_test_precision,3,0.9321496666666667,0.1087163485881187,0.6620832852551262,1.2022160480782071
group|local|local_only|iid_sub0.01|3|15||3,Local-only iid_sub0.01 {group},group,desktop_gpu,local,local_only,iid_sub0.01,node_a,selected_test_recall,3,0.776304,0.0015311329138908804,0.7725004549869015,0.7801075450130985
group|local|local_only|iid_sub0.01|3|15||3,Local-only iid_sub0.01 {group},group,desktop_gpu,local,local_only,iid_sub0.01,node_a,selected_test_roc_auc,3,0.8161843333333333,0.035763882092599106,0.7273419251085156,0.905026741558151
group|local|local_only|iid_sub0.01|3|15||3,Local-only iid_sub0.01 {group},group,desktop_gpu,local,local_only,iid_sub0.01,node_a,selected_test_selected_epoch,3,10.666666666666666,7.505553499465135,-7.978161828914336,29.311495162247667
group|local|local_only|iid_sub0.01|3|15||3,Local-only iid_sub0.01 {group},group,desktop_gpu,local,local_only,iid_sub0.01,node_a,selected_test_selected_val_loss,3,1.2362079599472453,0.49187897497717764,0.014312848589341343,2.4581030713051493
group|local|local_only|iid_sub0.01|3|15||3,Local-only iid_sub0.01 {group},group,desktop_gpu,local,local_only,iid_sub0.01,node_a,selected_test_specificity,3,0.9037256666666668,0.1564856891933999,0.514993664792101,1.2924576685412326
group|local|local_only|iid_sub0.01|3|15||3,Local-only iid_sub0.01 {group},group,desktop_gpu,local,local_only,iid_sub0.01,node_a,selected_test_tn,3,913.6666666666666,158.20661595942607,520.6596457134547,1306.6736876198786
group|local|local_only|iid_sub0.01|3|15||3,Local-only iid_sub0.01 {group},group,desktop_gpu,local,local_only,iid_sub0.01,node_a,selected_test_tp,3,1170.6666666666667,2.3094010767585034,1164.9297963603342,1176.4035369729993
group|local|local_only|iid_sub0.01|3|15||3,Local-only iid_sub0.01 {group},group,desktop_gpu,local,local_only,iid_sub0.01,node_b,selected_test_accuracy,3,0.8599886666666666,0.001627381434493232,0.8559460270738396,0.8640313062594936
group|local|local_only|iid_sub0.01|3|15||3,Local-only iid_sub0.01 {group},group,desktop_gpu,local,local_only,iid_sub0.01,node_b,selected_test_balanced_accuracy,3,0.8037340000000001,0.005644601403110765,0.7897120327867337,0.8177559672132664
group|local|local_only|iid_sub0.01|3|15||3,Local-only iid_sub0.01 {group},group,desktop_gpu,local,local_only,iid_sub0.01,node_b,selected_test_f1,3,0.9019573333333334,0.0006788993543474164,0.9002708538447161,0.9036438128219507
group|local|local_only|iid_sub0.01|3|15||3,Local-only iid_sub0.01 {group},group,desktop_gpu,local,local_only,iid_sub0.01,node_b,selected_test_fn,3,10.0,13.228756555322953,-22.862053038642138,42.86205303864214
group|local|local_only|iid_sub0.01|3|15||3,Local-only iid_sub0.01 {group},group,desktop_gpu,local,local_only,iid_sub0.01,node_b,selected_test_fp,3,315.6666666666667,16.258331197676263,275.2787330083922,356.0546003249412
group|local|local_only|iid_sub0.01|3|15||3,Local-only iid_sub0.01 {group},group,desktop_gpu,local,local_only,iid_sub0.01,node_b,selected_test_loss,3,0.4994856666666667,0.20465050072338778,-0.008894359908889093,1.0078656932422225
group|local|local_only|iid_sub0.01|3|15||3,Local-only iid_sub0.01 {group},group,desktop_gpu,local,local_only,iid_sub0.01,node_b,selected_test_macro_f1,3,0.8285216666666667,0.004038227622773792,0.8184901531403025,0.8385531801930309
group|local|local_only|iid_sub0.01|3|15||3,Local-only iid_sub0.01 {group},group,desktop_gpu,local,local_only,iid_sub0.01,node_b,selected_test_macro_precision,3,0.9037103333333333,0.009030175265925538,0.8812781344115326,0.926142532255134
group|local|local_only|iid_sub0.01|3|15||3,Local-only iid_sub0.01 {group},group,desktop_gpu,local,local_only,iid_sub0.01,node_b,selected_test_macro_recall,3,0.8037340000000001,0.005644601403110765,0.7897120327867337,0.8177559672132664
group|local|local_only|iid_sub0.01|3|15||3,Local-only iid_sub0.01 {group},group,desktop_gpu,local,local_only,iid_sub0.01,node_b,selected_test_macro_specificity,3,0.8037340000000001,0.005644601403110765,0.7897120327867337,0.8177559672132664
group|local|local_only|iid_sub0.01|3|15||3,Local-only iid_sub0.01 {group},group,desktop_gpu,local,local_only,iid_sub0.01,node_b,selected_test_mcc,3,0.7002486666666666,0.002675344152316348,0.6936027433659868,0.7068945899673464
group|local|local_only|iid_sub0.01|3|15||3,Local-only iid_sub0.01 {group},group,desktop_gpu,local,local_only,iid_sub0.01,node_b,selected_test_n_examples,3,2326.0,0.0,2326.0,2326.0
group|local|local_only|iid_sub0.01|3|15||3,Local-only iid_sub0.01 {group},group,desktop_gpu,local,local_only,iid_sub0.01,node_b,selected_test_precision,3,0.8260176666666667,0.006184267162189351,0.8106550953895328,0.8413802379438005
group|local|local_only|iid_sub0.01|3|15||3,Local-only iid_sub0.01 {group},group,desktop_gpu,local,local_only,iid_sub0.01,node_b,selected_test_recall,3,0.9933686666666667,0.008772177456785355,0.9715773698321001,1.0151599635012334
group|local|local_only|iid_sub0.01|3|15||3,Local-only iid_sub0.01 {group},group,desktop_gpu,local,local_only,iid_sub0.01,node_b,selected_test_roc_auc,3,0.9247993333333332,0.056409672595516235,0.7846699383313223,1.0649287283353441
group|local|local_only|iid_sub0.01|3|15||3,Local-only iid_sub0.01 {group},group,desktop_gpu,local,local_only,iid_sub0.01,node_b,selected_test_selected_epoch,3,7.0,6.557438524302,-9.289580330703032,23.289580330703032
group|local|local_only|iid_sub0.01|3|15||3,Local-only iid_sub0.01 {group},group,desktop_gpu,local,local_only,iid_sub0.01,node_b,selected_test_selected_val_loss,3,0.4812775475055708,0.20413149751447782,-0.025813203626212367,0.9883682986373539
group|local|local_only|iid_sub0.01|3|15||3,Local-only iid_sub0.01 {group},group,desktop_gpu,local,local_only,iid_sub0.01,node_b,selected_test_specificity,3,0.6140993333333333,0.01987586114696246,0.5647249571046508,0.6634737095620159
group|local|local_only|iid_sub0.01|3|15||3,Local-only iid_sub0.01 {group},group,desktop_gpu,local,local_only,iid_sub0.01,node_b,selected_test_tn,3,502.3333333333333,16.258331197676263,461.9453996750588,542.7212669916079
group|local|local_only|iid_sub0.01|3|15||3,Local-only iid_sub0.01 {group},group,desktop_gpu,local,local_only,iid_sub0.01,node_b,selected_test_tp,3,1498.0,13.228756555322953,1465.1379469613578,1530.8620530386422
group|local|local_only|iid_sub0.01|3|15||3,Local-only iid_sub0.01 {group},group,desktop_gpu,local,local_only,iid_sub0.01,node_c,selected_test_accuracy,3,0.7702779999999999,0.06720653214532053,0.6033277190218483,0.9372282809781515
group|local|local_only|iid_sub0.01|3|15||3,Local-only iid_sub0.01 {group},group,desktop_gpu,local,local_only,iid_sub0.01,node_c,selected_test_balanced_accuracy,3,0.7166016666666666,0.05049518337755925,0.5911646773767232,0.84203865595661
group|local|local_only|iid_sub0.01|3|15||3,Local-only iid_sub0.01 {group},group,desktop_gpu,local,local_only,iid_sub0.01,node_c,selected_test_f1,3,0.832602,0.06065021922466561,0.6819385031980832,0.9832654968019167
group|local|local_only|iid_sub0.01|3|15||3,Local-only iid_sub0.01 {group},group,desktop_gpu,local,local_only,iid_sub0.01,node_c,selected_test_fn,3,112.0,186.19613314996636,-350.5368361399172,574.5368361399172
group|local|local_only|iid_sub0.01|3|15||3,Local-only iid_sub0.01 {group},group,desktop_gpu,local,local_only,iid_sub0.01,node_c,selected_test_fp,3,439.3333333333333,51.96473162957097,310.24578381133085,568.4208828553358
group|local|local_only|iid_sub0.01|3|15||3,Local-only iid_sub0.01 {group},group,desktop_gpu,local,local_only,iid_sub0.01,node_c,selected_test_loss,3,2.7016380000000004,1.9337592927673288,-2.1020863846109683,7.505362384610969
group|local|local_only|iid_sub0.01|3|15||3,Local-only iid_sub0.01 {group},group,desktop_gpu,local,local_only,iid_sub0.01,node_c,selected_test_macro_f1,3,0.7289499999999999,0.05938142682691284,0.581438358241723,0.8764616417582768
group|local|local_only|iid_sub0.01|3|15||3,Local-only iid_sub0.01 {group},group,desktop_gpu,local,local_only,iid_sub0.01,node_c,selected_test_macro_precision,3,0.8095826666666667,0.1195633344313102,0.5125708786632323,1.106594454670101
group|local|local_only|iid_sub0.01|3|15||3,Local-only iid_sub0.01 {group},group,desktop_gpu,local,local_only,iid_sub0.01,node_c,selected_test_macro_recall,3,0.7166016666666666,0.05049518337755925,0.5911646773767232,0.84203865595661
group|local|local_only|iid_sub0.01|3|15||3,Local-only iid_sub0.01 {group},group,desktop_gpu,local,local_only,iid_sub0.01,node_c,selected_test_macro_specificity,3,0.7166016666666666,0.05049518337755925,0.5911646773767232,0.84203865595661
group|local|local_only|iid_sub0.01|3|15||3,Local-only iid_sub0.01 {group},group,desktop_gpu,local,local_only,iid_sub0.01,node_c,selected_test_mcc,3,0.5158263333333334,0.15925514021322304,0.12021463373957952,0.9114380329270872
group|local|local_only|iid_sub0.01|3|15||3,Local-only iid_sub0.01 {group},group,desktop_gpu,local,local_only,iid_sub0.01,node_c,selected_test_n_examples,3,2400.0,0.0,2400.0,2400.0
group|local|local_only|iid_sub0.01|3|15||3,Local-only iid_sub0.01 {group},group,desktop_gpu,local,local_only,iid_sub0.01,node_c,selected_test_precision,3,0.759867,0.02086770948139734,0.7080287359194108,0.8117052640805891
group|local|local_only|iid_sub0.01|3|15||3,Local-only iid_sub0.01 {group},group,desktop_gpu,local,local_only,iid_sub0.01,node_c,selected_test_recall,3,0.925729,0.12347228490232132,0.6190068407181627,1.2324511592818372
group|local|local_only|iid_sub0.01|3|15||3,Local-only iid_sub0.01 {group},group,desktop_gpu,local,local_only,iid_sub0.01,node_c,selected_test_roc_auc,3,0.6969796666666666,0.06478916749992497,0.536034452367194,0.8579248809661391
group|local|local_only|iid_sub0.01|3|15||3,Local-only iid_sub0.01 {group},group,desktop_gpu,local,local_only,iid_sub0.01,node_c,selected_test_selected_epoch,3,9.333333333333334,3.7859388972001824,-0.07146025558409441,18.738126922250764
group|local|local_only|iid_sub0.01|3|15||3,Local-only iid_sub0.01 {group},group,desktop_gpu,local,local_only,iid_sub0.01,node_c,selected_test_selected_val_loss,3,1.5235724795418752,0.5170675628750522,0.23910544708112313,2.8080395120026274
group|local|local_only|iid_sub0.01|3|15||3,Local-only iid_sub0.01 {group},group,desktop_gpu,local,local_only,iid_sub0.01,node_c,selected_test_specificity,3,0.5074736666666667,0.05825624877498838,0.3627571221396091,0.6521902111937243
group|local|local_only|iid_sub0.01|3|15||3,Local-only iid_sub0.01 {group},group,desktop_gpu,local,local_only,iid_sub0.01,node_c,selected_test_tn,3,452.6666666666667,51.96473162957097,323.5791171446642,581.7542161886691
group|local|local_only|iid_sub0.01|3|15||3,Local-only iid_sub0.01 {group},group,desktop_gpu,local,local_only,iid_sub0.01,node_c,selected_test_tp,3,1396.0,186.19613314996636,933.4631638600828,1858.5368361399173
group|centralized|centralized|iid_sub0.05|3|15|0.001|3,Centralized iid_sub0.05 {group},group,desktop_gpu,centralized,centralized,iid_sub0.05,node_a,selected_test_accuracy,3,0.8991666666666668,0.03612547802221214,0.8094260043566819,0.9889073289766517
group|centralized|centralized|iid_sub0.05|3|15|0.001|3,Centralized iid_sub0.05 {group},group,desktop_gpu,centralized,centralized,iid_sub0.05,node_a,selected_test_balanced_accuracy,3,0.912251,0.0314077717133833,0.8342297698447393,0.9902722301552608
group|centralized|centralized|iid_sub0.05|3|15|0.001|3,Centralized iid_sub0.05 {group},group,desktop_gpu,centralized,centralized,iid_sub0.05,node_a,selected_test_f1,3,0.9087003333333333,0.03568039355631234,0.8200653221300044,0.9973353445366623
group|centralized|centralized|iid_sub0.05|3|15|0.001|3,Centralized iid_sub0.05 {group},group,desktop_gpu,centralized,centralized,iid_sub0.05,node_a,selected_test_fn,3,232.33333333333334,94.73295801004703,-2.9963802050849893,467.6630468717517
group|centralized|centralized|iid_sub0.05|3|15|0.001|3,Centralized iid_sub0.05 {group},group,desktop_gpu,centralized,centralized,iid_sub0.05,node_a,selected_test_fp,3,21.666666666666668,37.52776749732567,-71.55747581123833,114.89080914457168
group|centralized|centralized|iid_sub0.05|3|15|0.001|3,Centralized iid_sub0.05 {group},group,desktop_gpu,centralized,centralized,iid_sub0.05,node_a,selected_test_loss,3,0.415012,0.1321639085567614,0.08669865062182686,0.7433253493781731
group|centralized|centralized|iid_sub0.05|3|15|0.001|3,Centralized iid_sub0.05 {group},group,desktop_gpu,centralized,centralized,iid_sub0.05,node_a,selected_test_macro_f1,3,0.8978639999999999,0.035907174450240435,0.8086656338257597,0.98706236617424
group|centralized|centralized|iid_sub0.05|3|15|0.001|3,Centralized iid_sub0.05 {group},group,desktop_gpu,centralized,centralized,iid_sub0.05,node_a,selected_test_macro_precision,3,0.8986446666666668,0.030151337886291797,0.8237445911636028,0.9735447421697307
group|centralized|centralized|iid_sub0.05|3|15|0.001|3,Centralized iid_sub0.05 {group},group,desktop_gpu,centralized,centralized,iid_sub0.05,node_a,selected_test_macro_recall,3,0.912251,0.0314077717133833,0.8342297698447393,0.9902722301552608
group|centralized|centralized|iid_sub0.05|3|15|0.001|3,Centralized iid_sub0.05 {group},group,desktop_gpu,centralized,centralized,iid_sub0.05,node_a,selected_test_macro_specificity,3,0.912251,0.0314077717133833,0.8342297698447393,0.9902722301552608
group|centralized|centralized|iid_sub0.05|3|15|0.001|3,Centralized iid_sub0.05 {group},group,desktop_gpu,centralized,centralized,iid_sub0.05,node_a,selected_test_mcc,3,0.810781,0.061542691450731976,0.657900479284622,0.9636615207153779
group|centralized|centralized|iid_sub0.05|3|15|0.001|3,Centralized iid_sub0.05 {group},group,desktop_gpu,centralized,centralized,iid_sub0.05,node_a,selected_test_n_examples,3,2519.0,0.0,2519.0,2519.0
group|centralized|centralized|iid_sub0.05|3|15|0.001|3,Centralized iid_sub0.05 {group},group,desktop_gpu,centralized,centralized,iid_sub0.05,node_a,selected_test_precision,3,0.9842193333333333,0.027332916443975258,0.9163206048227337,1.052118061843933
group|centralized|centralized|iid_sub0.05|3|15|0.001|3,Centralized iid_sub0.05 {group},group,desktop_gpu,centralized,centralized,iid_sub0.05,node_a,selected_test_recall,3,0.8459326666666667,0.06282004656424044,0.6898790199425253,1.001986313390808
group|centralized|centralized|iid_sub0.05|3|15|0.001|3,Centralized iid_sub0.05 {group},group,desktop_gpu,centralized,centralized,iid_sub0.05,node_a,selected_test_roc_auc,3,0.9906290000000001,0.0048028495708277285,0.978698060257243,1.0025599397427571
group|centralized|centralized|iid_sub0.05|3|15|0.001|3,Centralized iid_sub0.05 {group},group,desktop_gpu,centralized,centralized,iid_sub0.05,node_a,selected_test_specificity,3,0.9785689999999999,0.03711958085700864,0.8863588493487391,1.0707791506512607
group|centralized|centralized|iid_sub0.05|3|15|0.001|3,Centralized iid_sub0.05 {group},group,desktop_gpu,centralized,centralized,iid_sub0.05,node_a,selected_test_tn,3,989.3333333333334,37.52776749732568,896.1091908554283,1082.5574758112384
group|centralized|centralized|iid_sub0.05|3|15|0.001|3,Centralized iid_sub0.05 {group},group,desktop_gpu,centralized,centralized,iid_sub0.05,node_a,selected_test_tp,3,1275.6666666666667,94.73295801004703,1040.3369531282483,1510.9963802050852
group|centralized|centralized|iid_sub0.05|3|15|0.001|3,Centralized iid_sub0.05 {group},group,desktop_gpu,centralized,centralized,iid_sub0.05,node_b,selected_test_accuracy,3,0.9604469999999999,0.012061017535846628,0.9304857714971213,0.9904082285028786
group|centralized|centralized|iid_sub0.05|3|15|0.001|3,Centralized iid_sub0.05 {group},group,desktop_gpu,centralized,centralized,iid_sub0.05,node_b,selected_test_balanced_accuracy,3,0.9579356666666667,0.018018631366819575,0.9131749049742228,1.0026964283591107
group|centralized|centralized|iid_sub0.05|3|15|0.001|3,Centralized iid_sub0.05 {group},group,desktop_gpu,centralized,centralized,iid_sub0.05,node_b,selected_test_f1,3,0.9694666666666666,0.009018077418903283,0.9470645204628849,0.9918688128704483
group|centralized|centralized|iid_sub0.05|3|15|0.001|3,Centralized iid_sub0.05 {group},group,desktop_gpu,centralized,centralized,iid_sub0.05,node_b,selected_test_fn,3,50.666666666666664,9.71253485622231,26.53939255363525,74.79394077969808
group|centralized|centralized|iid_sub0.05|3|15|0.001|3,Centralized iid_sub0.05 {group},group,desktop_gpu,centralized,centralized,iid_sub0.05,node_b,selected_test_fp,3,41.333333333333336,31.89566323708183,-37.89988655519024,120.5665532218569
group|centralized|centralized|iid_sub0.05|3|15|0.001|3,Centralized iid_sub0.05 {group},group,desktop_gpu,centralized,centralized,iid_sub0.05,node_b,selected_test_loss,3,0.11348000000000003,0.035627732288204934,0.024975806638725256,0.2019841933612748
group|centralized|centralized|iid_sub0.05|3|15|0.001|3,Centralized iid_sub0.05 {group},group,desktop_gpu,centralized,centralized,iid_sub0.05,node_b,selected_test_macro_f1,3,0.9566533333333332,0.013553748423714124,0.9229839557384084,0.9903227109282581
group|centralized|centralized|iid_sub0.05|3|15|0.001|3,Centralized iid_sub0.05 {group},group,desktop_gpu,centralized,centralized,iid_sub0.05,node_b,selected_test_macro_precision,3,0.9558403333333333,0.010025663086965014,0.9309352055737002,0.9807454610929663
group|centralized|centralized|iid_sub0.05|3|15|0.001|3,Centralized iid_sub0.05 {group},group,desktop_gpu,centralized,centralized,iid_sub0.05,node_b,selected_test_macro_recall,3,0.9579356666666667,0.018018631366819575,0.9131749049742228,1.0026964283591107
group|centralized|centralized|iid_sub0.05|3|15|0.001|3,Centralized iid_sub0.05 {group},group,desktop_gpu,centralized,centralized,iid_sub0.05,node_b,selected_test_macro_specificity,3,0.9579356666666667,0.018018631366819575,0.9131749049742228,1.0026964283591107
group|centralized|centralized|iid_sub0.05|3|15|0.001|3,Centralized iid_sub0.05 {group},group,desktop_gpu,centralized,centralized,iid_sub0.05,node_b,selected_test_mcc,3,0.9137436666666666,0.027632256265700286,0.8451013368162912,0.9823859965170421
group|centralized|centralized|iid_sub0.05|3|15|0.001|3,Centralized iid_sub0.05 {group},group,desktop_gpu,centralized,centralized,iid_sub0.05,node_b,selected_test_n_examples,3,2326.0,0.0,2326.0,2326.0
group|centralized|centralized|iid_sub0.05|3|15|0.001|3,Centralized iid_sub0.05 {group},group,desktop_gpu,centralized,centralized,iid_sub0.05,node_b,selected_test_precision,3,0.9727629999999999,0.020855334017943723,0.9209554782748764,1.0245705217251235
group|centralized|centralized|iid_sub0.05|3|15|0.001|3,Centralized iid_sub0.05 {group},group,desktop_gpu,centralized,centralized,iid_sub0.05,node_b,selected_test_recall,3,0.9664013333333333,0.00644093784579024,0.9504011567315659,0.9824015099351008
group|centralized|centralized|iid_sub0.05|3|15|0.001|3,Centralized iid_sub0.05 {group},group,desktop_gpu,centralized,centralized,iid_sub0.05,node_b,selected_test_roc_auc,3,0.9920733333333334,0.0030919340764856565,0.9843925432916895,0.9997541233749773
group|centralized|centralized|iid_sub0.05|3|15|0.001|3,Centralized iid_sub0.05 {group},group,desktop_gpu,centralized,centralized,iid_sub0.05,node_b,selected_test_specificity,3,0.9494699999999999,0.03899244830733256,0.8526073886862797,1.0463326113137201
group|centralized|centralized|iid_sub0.05|3|15|0.001|3,Centralized iid_sub0.05 {group},group,desktop_gpu,centralized,centralized,iid_sub0.05,node_b,selected_test_tn,3,776.6666666666666,31.895663237081827,697.4334467781431,855.8998865551902
group|centralized|centralized|iid_sub0.05|3|15|0.001|3,Centralized iid_sub0.05 {group},group,desktop_gpu,centralized,centralized,iid_sub0.05,node_b,selected_test_tp,3,1457.3333333333333,9.71253485622231,1433.2060592203018,1481.4606074463647
group|centralized|centralized|iid_sub0.05|3|15|0.001|3,Centralized iid_sub0.05 {group},group,desktop_gpu,centralized,centralized,iid_sub0.05,node_c,selected_test_accuracy,3,0.9080556666666667,0.06254666406238887,0.7526811397251074,1.063430193608226
group|centralized|centralized|iid_sub0.05|3|15|0.001|3,Centralized iid_sub0.05 {group},group,desktop_gpu,centralized,centralized,iid_sub0.05,node_c,selected_test_balanced_accuracy,3,0.8936336666666667,0.07609100276861475,0.704613137164252,1.0826541961690814
group|centralized|centralized|iid_sub0.05|3|15|0.001|3,Centralized iid_sub0.05 {group},group,desktop_gpu,centralized,centralized,iid_sub0.05,node_c,selected_test_f1,3,0.929233,0.04622620467873172,0.8144007416864729,1.044065258313527
group|centralized|centralized|iid_sub0.05|3|15|0.001|3,Centralized iid_sub0.05 {group},group,desktop_gpu,centralized,centralized,iid_sub0.05,node_c,selected_test_fn,3,75.66666666666667,48.33563212924119,-44.40569992687227,195.73903326020562
group|centralized|centralized|iid_sub0.05|3|15|0.001|3,Centralized iid_sub0.05 {group},group,desktop_gpu,centralized,centralized,iid_sub0.05,node_c,selected_test_fp,3,145.0,117.74124171249427,-147.48545876631806,437.48545876631806
group|centralized|centralized|iid_sub0.05|3|15|0.001|3,Centralized iid_sub0.05 {group},group,desktop_gpu,centralized,centralized,iid_sub0.05,node_c,selected_test_loss,3,0.23961533333333332,0.08315757461791039,0.033040466207290065,0.4461902004593766
group|centralized|centralized|iid_sub0.05|3|15|0.001|3,Centralized iid_sub0.05 {group},group,desktop_gpu,centralized,centralized,iid_sub0.05,node_c,selected_test_macro_f1,3,0.8988053333333333,0.07104444237470893,0.7223211548200457,1.075289511846621
group|centralized|centralized|iid_sub0.05|3|15|0.001|3,Centralized iid_sub0.05 {group},group,desktop_gpu,centralized,centralized,iid_sub0.05,node_c,selected_test_macro_precision,3,0.9083813333333334,0.062369764440258504,0.7534462494143025,1.0633164172523641
group|centralized|centralized|iid_sub0.05|3|15|0.001|3,Centralized iid_sub0.05 {group},group,desktop_gpu,centralized,centralized,iid_sub0.05,node_c,selected_test_macro_recall,3,0.8936336666666667,0.07609100276861475,0.704613137164252,1.0826541961690814
group|centralized|centralized|iid_sub0.05|3|15|0.001|3,Centralized iid_sub0.05 {group},group,desktop_gpu,centralized,centralized,iid_sub0.05,node_c,selected_test_macro_specificity,3,0.8936336666666667,0.07609100276861475,0.704613137164252,1.0826541961690814
group|centralized|centralized|iid_sub0.05|3|15|0.001|3,Centralized iid_sub0.05 {group},group,desktop_gpu,centralized,centralized,iid_sub0.05,node_c,selected_test_mcc,3,0.801681,0.1380958884507428,0.4586317956618429,1.144730204338157
group|centralized|centralized|iid_sub0.05|3|15|0.001|3,Centralized iid_sub0.05 {group},group,desktop_gpu,centralized,centralized,iid_sub0.05,node_c,selected_test_n_examples,3,2400.0,0.0,2400.0,2400.0
group|centralized|centralized|iid_sub0.05|3|15|0.001|3,Centralized iid_sub0.05 {group},group,desktop_gpu,centralized,centralized,iid_sub0.05,node_c,selected_test_precision,3,0.9107106666666667,0.068668588978756,0.7401284351718558,1.0812928981614776
group|centralized|centralized|iid_sub0.05|3|15|0.001|3,Centralized iid_sub0.05 {group},group,desktop_gpu,centralized,centralized,iid_sub0.05,node_c,selected_test_recall,3,0.9498233333333334,0.03205263415592129,0.8702001760656726,1.0294464906009941
group|centralized|centralized|iid_sub0.05|3|15|0.001|3,Centralized iid_sub0.05 {group},group,desktop_gpu,centralized,centralized,iid_sub0.05,node_c,selected_test_roc_auc,3,0.9586466666666666,0.025822353694683494,0.894500384047548,1.0227929492857855
group|centralized|centralized|iid_sub0.05|3|15|0.001|3,Centralized iid_sub0.05 {group},group,desktop_gpu,centralized,centralized,iid_sub0.05,node_c,selected_test_specificity,3,0.837444,0.13199681160164442,0.5095457424695515,1.1653422575304484
group|centralized|centralized|iid_sub0.05|3|15|0.001|3,Centralized iid_sub0.05 {group},group,desktop_gpu,centralized,centralized,iid_sub0.05,node_c,selected_test_tn,3,747.0,117.74124171249427,454.51454123368194,1039.485458766318
group|centralized|centralized|iid_sub0.05|3|15|0.001|3,Centralized iid_sub0.05 {group},group,desktop_gpu,centralized,centralized,iid_sub0.05,node_c,selected_test_tp,3,1432.3333333333333,48.33563212924119,1312.2609667397944,1552.405699926872
group|local|local_only|iid_sub0.05|3|15||3,Local-only iid_sub0.05 {group},group,desktop_gpu,local,local_only,iid_sub0.05,node_a,selected_test_accuracy,3,0.8658199999999999,0.0007940000000000169,0.8638475946568701,0.8677924053431297
group|local|local_only|iid_sub0.05|3|15||3,Local-only iid_sub0.05 {group},group,desktop_gpu,local,local_only,iid_sub0.05,node_a,selected_test_balanced_accuracy,3,0.887931,0.0006630000000000247,0.8862840166971095,0.8895779833028905
group|local|local_only|iid_sub0.05|3|15||3,Local-only iid_sub0.05 {group},group,desktop_gpu,local,local_only,iid_sub0.05,node_a,selected_test_f1,3,0.873786,0.0008410000000000362,0.8716968401844178,0.8758751598155821
group|local|local_only|iid_sub0.05|3|15||3,Local-only iid_sub0.05 {group},group,desktop_gpu,local,local_only,iid_sub0.05,node_a,selected_test_fn,3,338.0,2.0,333.03172457649936,342.96827542350064
group|local|local_only|iid_sub0.05|3|15||3,Local-only iid_sub0.05 {group},group,desktop_gpu,local,local_only,iid_sub0.05,node_a,selected_test_fp,3,0.0,0.0,0.0,0.0
group|local|local_only|iid_sub0.05|3|15||3,Local-only iid_sub0.05 {group},group,desktop_gpu,local,local_only,iid_sub0.05,node_a,selected_test_loss,3,1.2324533333333334,0.5378739896010342,-0.1036997284042005,2.5686063950708675
group|local|local_only|iid_sub0.05|3|15||3,Local-only iid_sub0.05 {group},group,desktop_gpu,local,local_only,iid_sub0.05,node_a,selected_test_macro_f1,3,0.8652829999999999,0.0007840000000000069,0.8633354360339877,0.8672305639660122
group|local|local_only|iid_sub0.05|3|15||3,Local-only iid_sub0.05 {group},group,desktop_gpu,local,local_only,iid_sub0.05,node_a,selected_test_macro_precision,3,0.8747223333333333,0.0005555000750074822,0.873342394648127,0.8761022720185395
group|local|local_only|iid_sub0.05|3|15||3,Local-only iid_sub0.05 {group},group,desktop_gpu,local,local_only,iid_sub0.05,node_a,selected_test_macro_recall,3,0.887931,0.0006630000000000247,0.8862840166971095,0.8895779833028905
group|local|local_only|iid_sub0.05|3|15||3,Local-only iid_sub0.05 {group},group,desktop_gpu,local,local_only,iid_sub0.05,node_a,selected_test_macro_specificity,3,0.887931,0.0006630000000000247,0.8862840166971095,0.8895779833028905
group|local|local_only|iid_sub0.05|3|15||3,Local-only iid_sub0.05 {group},group,desktop_gpu,local,local_only,iid_sub0.05,node_a,selected_test_mcc,3,0.762539,0.001216999999999968,0.7595158044047999,0.7655621955952
group|local|local_only|iid_sub0.05|3|15||3,Local-only iid_sub0.05 {group},group,desktop_gpu,local,local_only,iid_sub0.05,node_a,selected_test_n_examples,3,2519.0,0.0,2519.0,2519.0
group|local|local_only|iid_sub0.05|3|15||3,Local-only iid_sub0.05 {group},group,desktop_gpu,local,local_only,iid_sub0.05,node_a,selected_test_precision,3,1.0,0.0,1.0,1.0
group|local|local_only|iid_sub0.05|3|15||3,Local-only iid_sub0.05 {group},group,desktop_gpu,local,local_only,iid_sub0.05,node_a,selected_test_recall,3,0.775862,0.0013259999999999939,0.7725680333942191,0.779155966605781
group|local|local_only|iid_sub0.05|3|15||3,Local-only iid_sub0.05 {group},group,desktop_gpu,local,local_only,iid_sub0.05,node_a,selected_test_roc_auc,3,0.9656506666666665,0.02422054900974237,0.9054834874722684,1.0258178458610647
group|local|local_only|iid_sub0.05|3|15||3,Local-only iid_sub0.05 {group},group,desktop_gpu,local,local_only,iid_sub0.05,node_a,selected_test_selected_epoch,3,4.0,1.0,1.5158622882496697,6.48413771175033
group|local|local_only|iid_sub0.05|3|15||3,Local-only iid_sub0.05 {group},group,desktop_gpu,local,local_only,iid_sub0.05,node_a,selected_test_selected_val_loss,3,0.2857596623862055,0.07506785915685192,0.09928076251430729,0.4722385622581037
group|local|local_only|iid_sub0.05|3|15||3,Local-only iid_sub0.05 {group},group,desktop_gpu,local,local_only,iid_sub0.05,node_a,selected_test_specificity,3,1.0,0.0,1.0,1.0
group|local|local_only|iid_sub0.05|3|15||3,Local-only iid_sub0.05 {group},group,desktop_gpu,local,local_only,iid_sub0.05,node_a,selected_test_tn,3,1011.0,0.0,1011.0,1011.0
group|local|local_only|iid_sub0.05|3|15||3,Local-only iid_sub0.05 {group},group,desktop_gpu,local,local_only,iid_sub0.05,node_a,selected_test_tp,3,1170.0,2.0,1165.0317245764993,1174.9682754235007
group|local|local_only|iid_sub0.05|3|15||3,Local-only iid_sub0.05 {group},group,desktop_gpu,local,local_only,iid_sub0.05,node_b,selected_test_accuracy,3,0.7625393333333333,0.12751570610059507,0.4457727589683735,1.0793059076982932
group|local|local_only|iid_sub0.05|3|15||3,Local-only iid_sub0.05 {group},group,desktop_gpu,local,local_only,iid_sub0.05,node_b,selected_test_balanced_accuracy,3,0.718604,0.08442940317803983,0.5088697355848582,0.9283382644151419
group|local|local_only|iid_sub0.05|3|15||3,Local-only iid_sub0.05 {group},group,desktop_gpu,local,local_only,iid_sub0.05,node_b,selected_test_f1,3,0.8149553333333334,0.12618654330923462,0.5014905823834473,1.1284200842832193
group|local|local_only|iid_sub0.05|3|15||3,Local-only iid_sub0.05 {group},group,desktop_gpu,local,local_only,iid_sub0.05,node_b,selected_test_fn,3,201.0,348.14221232134435,-663.8331986796419,1065.833198679642
group|local|local_only|iid_sub0.05|3|15||3,Local-only iid_sub0.05 {group},group,desktop_gpu,local,local_only,iid_sub0.05,node_b,selected_test_fp,3,351.3333333333333,56.12783029240782,211.90407342524048,490.76259324142615
group|local|local_only|iid_sub0.05|3|15||3,Local-only iid_sub0.05 {group},group,desktop_gpu,local,local_only,iid_sub0.05,node_b,selected_test_loss,3,1.3383963333333335,1.0548624783318126,-1.2820273298011375,3.9588199964678044
group|local|local_only|iid_sub0.05|3|15||3,Local-only iid_sub0.05 {group},group,desktop_gpu,local,local_only,iid_sub0.05,node_b,selected_test_macro_f1,3,0.7295046666666667,0.10845419187073102,0.4600895186431777,0.9989198146901557
group|local|local_only|iid_sub0.05|3|15||3,Local-only iid_sub0.05 {group},group,desktop_gpu,local,local_only,iid_sub0.05,node_b,selected_test_macro_precision,3,0.8032393333333333,0.16608160724575532,0.3906697495460456,1.215808917120621
group|local|local_only|iid_sub0.05|3|15||3,Local-only iid_sub0.05 {group},group,desktop_gpu,local,local_only,iid_sub0.05,node_b,selected_test_macro_recall,3,0.718604,0.08442940317803983,0.5088697355848582,0.9283382644151419
group|local|local_only|iid_sub0.05|3|15||3,Local-only iid_sub0.05 {group},group,desktop_gpu,local,local_only,iid_sub0.05,node_b,selected_test_macro_specificity,3,0.718604,0.08442940317803983,0.5088697355848582,0.9283382644151419
group|local|local_only|iid_sub0.05|3|15||3,Local-only iid_sub0.05 {group},group,desktop_gpu,local,local_only,iid_sub0.05,node_b,selected_test_mcc,3,0.5128436666666667,0.24267069040642988,-0.0899837469084348,1.1156710802417682
group|local|local_only|iid_sub0.05|3|15||3,Local-only iid_sub0.05 {group},group,desktop_gpu,local,local_only,iid_sub0.05,node_b,selected_test_n_examples,3,2326.0,0.0,2326.0,2326.0
group|local|local_only|iid_sub0.05|3|15||3,Local-only iid_sub0.05 {group},group,desktop_gpu,local,local_only,iid_sub0.05,node_b,selected_test_precision,3,0.7843556666666666,0.025477027560791624,0.7210672217196016,0.8476441116137315
group|local|local_only|iid_sub0.05|3|15||3,Local-only iid_sub0.05 {group},group,desktop_gpu,local,local_only,iid_sub0.05,node_b,selected_test_recall,3,0.866711,0.23086332009004806,0.29321472030442397,1.440207279695576
group|local|local_only|iid_sub0.05|3|15||3,Local-only iid_sub0.05 {group},group,desktop_gpu,local,local_only,iid_sub0.05,node_b,selected_test_roc_auc,3,0.8110263333333334,0.16091226517059948,0.4112981071398781,1.2107545595267888
group|local|local_only|iid_sub0.05|3|15||3,Local-only iid_sub0.05 {group},group,desktop_gpu,local,local_only,iid_sub0.05,node_b,selected_test_selected_epoch,3,4.0,2.6457513110645907,-2.572410607728428,10.572410607728429
group|local|local_only|iid_sub0.05|3|15||3,Local-only iid_sub0.05 {group},group,desktop_gpu,local,local_only,iid_sub0.05,node_b,selected_test_selected_val_loss,3,1.2904872203826896,0.7652938063721276,-0.6106079845952679,3.191582425360647
group|local|local_only|iid_sub0.05|3|15||3,Local-only iid_sub0.05 {group},group,desktop_gpu,local,local_only,iid_sub0.05,node_b,selected_test_specificity,3,0.570497,0.06861596074529597,0.40004550428463004,0.74094849571537
group|local|local_only|iid_sub0.05|3|15||3,Local-only iid_sub0.05 {group},group,desktop_gpu,local,local_only,iid_sub0.05,node_b,selected_test_tn,3,466.6666666666667,56.12783029240782,327.23740675857385,606.0959265747595
group|local|local_only|iid_sub0.05|3|15||3,Local-only iid_sub0.05 {group},group,desktop_gpu,local,local_only,iid_sub0.05,node_b,selected_test_tp,3,1307.0,348.14221232134435,442.1668013203581,2171.833198679642
group|local|local_only|iid_sub0.05|3|15||3,Local-only iid_sub0.05 {group},group,desktop_gpu,local,local_only,iid_sub0.05,node_c,selected_test_accuracy,3,0.8316666666666667,0.06703932303755264,0.6651317561388694,0.9982015771944639
group|local|local_only|iid_sub0.05|3|15||3,Local-only iid_sub0.05 {group},group,desktop_gpu,local,local_only,iid_sub0.05,node_c,selected_test_balanced_accuracy,3,0.7875863333333334,0.07377314656657483,0.6043236778328205,0.9708489888338463
group|local|local_only|iid_sub0.05|3|15||3,Local-only iid_sub0.05 {group},group,desktop_gpu,local,local_only,iid_sub0.05,node_c,selected_test_f1,3,0.8775603333333334,0.04906901662284804,0.7556661386620127,0.9994545280046541
group|local|local_only|iid_sub0.05|3|15||3,Local-only iid_sub0.05 {group},group,desktop_gpu,local,local_only,iid_sub0.05,node_c,selected_test_fn,3,61.333333333333336,83.39264555902596,-145.82548238247173,268.4921490491384
group|local|local_only|iid_sub0.05|3|15||3,Local-only iid_sub0.05 {group},group,desktop_gpu,local,local_only,iid_sub0.05,node_c,selected_test_fp,3,342.6666666666667,95.03858865394274,106.57772451988046,578.7556088134529
group|local|local_only|iid_sub0.05|3|15||3,Local-only iid_sub0.05 {group},group,desktop_gpu,local,local_only,iid_sub0.05,node_c,selected_test_loss,3,1.351435333333333,0.6211304954237341,-0.19153835426693044,2.8944090209335966
group|local|local_only|iid_sub0.05|3|15||3,Local-only iid_sub0.05 {group},group,desktop_gpu,local,local_only,iid_sub0.05,node_c,selected_test_macro_f1,3,0.8038023333333334,0.07782247796320371,0.61048058100308,0.9971240856635868
group|local|local_only|iid_sub0.05|3|15||3,Local-only iid_sub0.05 {group},group,desktop_gpu,local,local_only,iid_sub0.05,node_c,selected_test_macro_precision,3,0.855805,0.08409064830883396,0.6469122493304915,1.0646977506695086
group|local|local_only|iid_sub0.05|3|15||3,Local-only iid_sub0.05 {group},group,desktop_gpu,local,local_only,iid_sub0.05,node_c,selected_test_macro_recall,3,0.7875863333333334,0.07377314656657483,0.6043236778328205,0.9708489888338463
group|local|local_only|iid_sub0.05|3|15||3,Local-only iid_sub0.05 {group},group,desktop_gpu,local,local_only,iid_sub0.05,node_c,selected_test_macro_specificity,3,0.7875863333333334,0.07377314656657483,0.6043236778328205,0.9708489888338463
group|local|local_only|iid_sub0.05|3|15||3,Local-only iid_sub0.05 {group},group,desktop_gpu,local,local_only,iid_sub0.05,node_c,selected_test_mcc,3,0.639325,0.15489057769599804,0.25455547475057677,1.0240945252494233
group|local|local_only|iid_sub0.05|3|15||3,Local-only iid_sub0.05 {group},group,desktop_gpu,local,local_only,iid_sub0.05,node_c,selected_test_n_examples,3,2400.0,0.0,2400.0,2400.0
group|local|local_only|iid_sub0.05|3|15||3,Local-only iid_sub0.05 {group},group,desktop_gpu,local,local_only,iid_sub0.05,node_c,selected_test_precision,3,0.809098,0.050086331798206186,0.6846766543368363,0.9335193456631636
group|local|local_only|iid_sub0.05|3|15||3,Local-only iid_sub0.05 {group},group,desktop_gpu,local,local_only,iid_sub0.05,node_c,selected_test_recall,3,0.9593280000000001,0.05529976257634381,0.8219557743332648,1.0967002256667353
group|local|local_only|iid_sub0.05|3|15||3,Local-only iid_sub0.05 {group},group,desktop_gpu,local,local_only,iid_sub0.05,node_c,selected_test_roc_auc,3,0.7249383333333334,0.1681072809408722,0.3073366971283052,1.1425399695383616
group|local|local_only|iid_sub0.05|3|15||3,Local-only iid_sub0.05 {group},group,desktop_gpu,local,local_only,iid_sub0.05,node_c,selected_test_selected_epoch,3,6.0,1.0,3.5158622882496697,8.48413771175033
group|local|local_only|iid_sub0.05|3|15||3,Local-only iid_sub0.05 {group},group,desktop_gpu,local,local_only,iid_sub0.05,node_c,selected_test_selected_val_loss,3,0.08976562979108361,0.03609842961705859,9.2159444383344e-05,0.17943910013778389
group|local|local_only|iid_sub0.05|3|15||3,Local-only iid_sub0.05 {group},group,desktop_gpu,local,local_only,iid_sub0.05,node_c,selected_test_specificity,3,0.6158443333333333,0.10654548827769918,0.35117066788584805,0.8805179987808186
group|local|local_only|iid_sub0.05|3|15||3,Local-only iid_sub0.05 {group},group,desktop_gpu,local,local_only,iid_sub0.05,node_c,selected_test_tn,3,549.3333333333334,95.03858865394274,313.24439118654715,785.4222754801197
group|local|local_only|iid_sub0.05|3|15||3,Local-only iid_sub0.05 {group},group,desktop_gpu,local,local_only,iid_sub0.05,node_c,selected_test_tp,3,1446.6666666666667,83.39264555902596,1239.5078509508617,1653.8254823824718
group|centralized|centralized|non_iid_label|3|15|0.001|3,Centralized non_iid_label {group},group,desktop_gpu,centralized,centralized,non_iid_label,node_a,selected_test_accuracy,5,0.9951665999999999,0.0029845714600257372,0.9914607650680195,0.9988724349319803
group|centralized|centralized|non_iid_label|3|15|0.001|3,Centralized non_iid_label {group},group,desktop_gpu,centralized,centralized,non_iid_label,node_a,selected_test_balanced_accuracy,5,0.9919792,0.007101964319820259,0.9831609465875515,1.0007974534124484
group|centralized|centralized|non_iid_label|3|15|0.001|3,Centralized non_iid_label {group},group,desktop_gpu,centralized,centralized,non_iid_label,node_a,selected_test_f1,5,0.9969826000000002,0.001858727333419302,0.9946746851876161,0.9992905148123842
group|centralized|centralized|non_iid_label|3|15|0.001|3,Centralized non_iid_label {group},group,desktop_gpu,centralized,centralized,non_iid_label,node_a,selected_test_fn,5,5.2,1.3038404810405297,3.581068215291297,6.818931784708703
group|centralized|centralized|non_iid_label|3|15|0.001|3,Centralized non_iid_label {group},group,desktop_gpu,centralized,centralized,non_iid_label,node_a,selected_test_fp,5,6.4,6.730527468185536,-1.9570536461675108,14.757053646167511
group|centralized|centralized|non_iid_label|3|15|0.001|3,Centralized non_iid_label {group},group,desktop_gpu,centralized,centralized,non_iid_label,node_a,selected_test_loss,5,0.0157312,0.008097053025638403,0.005677380766517935,0.025785019233482066
group|centralized|centralized|non_iid_label|3|15|0.001|3,Centralized non_iid_label {group},group,desktop_gpu,centralized,centralized,non_iid_label,node_a,selected_test_macro_f1,5,0.9924227999999999,0.004711395939634033,0.986572829280473,0.9982727707195269
group|centralized|centralized|non_iid_label|3|15|0.001|3,Centralized non_iid_label {group},group,desktop_gpu,centralized,centralized,non_iid_label,node_a,selected_test_macro_precision,5,0.9929072,0.002526502760734692,0.9897701324806333,0.9960442675193667
group|centralized|centralized|non_iid_label|3|15|0.001|3,Centralized non_iid_label {group},group,desktop_gpu,centralized,centralized,non_iid_label,node_a,selected_test_macro_recall,5,0.9919792,0.007101964319820259,0.9831609465875515,1.0007974534124484
group|centralized|centralized|non_iid_label|3|15|0.001|3,Centralized non_iid_label {group},group,desktop_gpu,centralized,centralized,non_iid_label,node_a,selected_test_macro_specificity,5,0.9919792,0.007101964319820259,0.9831609465875515,1.0007974534124484
group|centralized|centralized|non_iid_label|3|15|0.001|3,Centralized non_iid_label {group},group,desktop_gpu,centralized,centralized,non_iid_label,node_a,selected_test_mcc,5,0.9848754,0.009403887137774474,0.973198931897854,0.9965518681021459
group|centralized|centralized|non_iid_label|3|15|0.001|3,Centralized non_iid_label {group},group,desktop_gpu,centralized,centralized,non_iid_label,node_a,selected_test_n_examples,5,2400.0,0.0,2400.0,2400.0
group|centralized|centralized|non_iid_label|3|15|0.001|3,Centralized non_iid_label {group},group,desktop_gpu,centralized,centralized,non_iid_label,node_a,selected_test_precision,5,0.9966782000000001,0.0034894903925931694,0.9923454254074392,1.0010109745925608
group|centralized|centralized|non_iid_label|3|15|0.001|3,Centralized non_iid_label {group},group,desktop_gpu,centralized,centralized,non_iid_label,node_a,selected_test_recall,5,0.9972918,0.0006793008906221589,0.9964483365401666,0.9981352634598333
group|centralized|centralized|non_iid_label|3|15|0.001|3,Centralized non_iid_label {group},group,desktop_gpu,centralized,centralized,non_iid_label,node_a,selected_test_roc_auc,5,0.9997945999999999,9.773331059574722e-05,0.9996732480668079,0.9999159519331918
group|centralized|centralized|non_iid_label|3|15|0.001|3,Centralized non_iid_label {group},group,desktop_gpu,centralized,centralized,non_iid_label,node_a,selected_test_specificity,5,0.9866668000000001,0.014022028801140025,0.9692561516558482,1.004077448344152
group|centralized|centralized|non_iid_label|3|15|0.001|3,Centralized non_iid_label {group},group,desktop_gpu,centralized,centralized,non_iid_label,node_a,selected_test_tn,5,473.6,6.730527468185536,465.2429463538325,481.95705364616754
group|centralized|centralized|non_iid_label|3|15|0.001|3,Centralized non_iid_label {group},group,desktop_gpu,centralized,centralized,non_iid_label,node_a,selected_test_tp,5,1914.8,1.3038404810405297,1913.1810682152914,1916.4189317847085
group|centralized|centralized|non_iid_label|3|15|0.001|3,Centralized non_iid_label {group},group,desktop_gpu,centralized,centralized,non_iid_label,node_b,selected_test_accuracy,5,0.8910762,0.05260105889808685,0.8257633588988498,0.9563890411011502
group|centralized|centralized|non_iid_label|3|15|0.001|3,Centralized non_iid_label {group},group,desktop_gpu,centralized,centralized,non_iid_label,node_b,selected_test_balanced_accuracy,5,0.9091414,0.027912041636182754,0.8744840227839874,0.9437987772160126
group|centralized|centralized|non_iid_label|3|15|0.001|3,Centralized non_iid_label {group},group,desktop_gpu,centralized,centralized,non_iid_label,node_b,selected_test_f1,5,0.9339568,0.034668663901281246,0.8909099681679526,0.9770036318320474
group|centralized|centralized|non_iid_label|3|15|0.001|3,Centralized non_iid_label {group},group,desktop_gpu,centralized,centralized,non_iid_label,node_b,selected_test_fn,5,242.6,141.52844237113615,66.86922838590405,418.33077161409597
group|centralized|centralized|non_iid_label|3|15|0.001|3,Centralized non_iid_label {group},group,desktop_gpu,centralized,centralized,non_iid_label,node_b,selected_test_fp,5,18.6,22.345021816950638,-9.145009129185265,46.34500912918527
group|centralized|centralized|non_iid_label|3|15|0.001|3,Centralized non_iid_label {group},group,desktop_gpu,centralized,centralized,non_iid_label,node_b,selected_test_loss,5,0.3128496,0.11634476542070983,0.16838849339764242,0.4573107066023576
group|centralized|centralized|non_iid_label|3|15|0.001|3,Centralized non_iid_label {group},group,desktop_gpu,centralized,centralized,non_iid_label,node_b,selected_test_macro_f1,5,0.8056176,0.061981063542020653,0.7286579448294931,0.882577255170507
group|centralized|centralized|non_iid_label|3|15|0.001|3,Centralized non_iid_label {group},group,desktop_gpu,centralized,centralized,non_iid_label,node_b,selected_test_macro_precision,5,0.768899,0.06012932324997511,0.6942385840841494,0.8435594159158506
group|centralized|centralized|non_iid_label|3|15|0.001|3,Centralized non_iid_label {group},group,desktop_gpu,centralized,centralized,non_iid_label,node_b,selected_test_macro_recall,5,0.9091414,0.027912041636182754,0.8744840227839874,0.9437987772160126
group|centralized|centralized|non_iid_label|3|15|0.001|3,Centralized non_iid_label {group},group,desktop_gpu,centralized,centralized,non_iid_label,node_b,selected_test_macro_specificity,5,0.9091414,0.027912041636182754,0.8744840227839874,0.9437987772160126
group|centralized|centralized|non_iid_label|3|15|0.001|3,Centralized non_iid_label {group},group,desktop_gpu,centralized,centralized,non_iid_label,node_b,selected_test_mcc,5,0.6598982,0.08167781739370855,0.5584817946903708,0.7613146053096291
group|centralized|centralized|non_iid_label|3|15|0.001|3,Centralized non_iid_label {group},group,desktop_gpu,centralized,centralized,non_iid_label,node_b,selected_test_n_examples,5,2398.0,0.0,2398.0,2398.0
group|centralized|centralized|non_iid_label|3|15|0.001|3,Centralized non_iid_label {group},group,desktop_gpu,centralized,centralized,non_iid_label,node_b,selected_test_precision,5,0.9907638000000001,0.010683915232722507,0.9774979670956677,1.0040296329043323
group|centralized|centralized|non_iid_label|3|15|0.001|3,Centralized non_iid_label {group},group,desktop_gpu,centralized,centralized,non_iid_label,node_b,selected_test_recall,5,0.8856740000000001,0.06669566973199985,0.8028603880576873,0.9684876119423128
group|centralized|centralized|non_iid_label|3|15|0.001|3,Centralized non_iid_label {group},group,desktop_gpu,centralized,centralized,non_iid_label,node_b,selected_test_roc_auc,5,0.9765330000000001,0.007347059241628589,0.9674104210469996,0.9856555789530006
group|centralized|centralized|non_iid_label|3|15|0.001|3,Centralized non_iid_label {group},group,desktop_gpu,centralized,centralized,non_iid_label,node_b,selected_test_specificity,5,0.9326086,0.08096003283596172,0.8320834419341918,1.0331337580658082
group|centralized|centralized|non_iid_label|3|15|0.001|3,Centralized non_iid_label {group},group,desktop_gpu,centralized,centralized,non_iid_label,node_b,selected_test_tn,5,257.4,22.345021816950638,229.65499087081471,285.14500912918527
group|centralized|centralized|non_iid_label|3|15|0.001|3,Centralized non_iid_label {group},group,desktop_gpu,centralized,centralized,non_iid_label,node_b,selected_test_tp,5,1879.4,141.52844237113615,1703.6692283859043,2055.130771614096
group|centralized|centralized|non_iid_label|3|15|0.001|3,Centralized non_iid_label {group},group,desktop_gpu,centralized,centralized,non_iid_label,node_c,selected_test_accuracy,5,0.9421666,0.02514422730568588,0.9109459181918778,0.9733872818081222
group|centralized|centralized|non_iid_label|3|15|0.001|3,Centralized non_iid_label {group},group,desktop_gpu,centralized,centralized,non_iid_label,node_c,selected_test_balanced_accuracy,5,0.9115103999999998,0.06499738811906215,0.8308054831952832,0.9922153168047164
group|centralized|centralized|non_iid_label|3|15|0.001|3,Centralized non_iid_label {group},group,desktop_gpu,centralized,centralized,non_iid_label,node_c,selected_test_f1,5,0.8522122,0.07797379619590161,0.7553949444602713,0.9490294555397286
group|centralized|centralized|non_iid_label|3|15|0.001|3,Centralized non_iid_label {group},group,desktop_gpu,centralized,centralized,non_iid_label,node_c,selected_test_fn,5,67.0,64.81897870222888,-13.483392254894142,147.48339225489414
group|centralized|centralized|non_iid_label|3|15|0.001|3,Centralized non_iid_label {group},group,desktop_gpu,centralized,centralized,non_iid_label,node_c,selected_test_fp,5,71.8,29.944949490690412,34.61843428937957,108.98156571062043
group|centralized|centralized|non_iid_label|3|15|0.001|3,Centralized non_iid_label {group},group,desktop_gpu,centralized,centralized,non_iid_label,node_c,selected_test_loss,5,0.1590128,0.09125724322868842,0.045701966507613365,0.27232363349238664
group|centralized|centralized|non_iid_label|3|15|0.001|3,Centralized non_iid_label {group},group,desktop_gpu,centralized,centralized,non_iid_label,node_c,selected_test_macro_f1,5,0.9080926,0.04637579386166883,0.8505094463738467,0.9656757536261533
group|centralized|centralized|non_iid_label|3|15|0.001|3,Centralized non_iid_label {group},group,desktop_gpu,centralized,centralized,non_iid_label,node_c,selected_test_macro_precision,5,0.9098494,0.03164471527443403,0.8705572963103265,0.9491415036896735
group|centralized|centralized|non_iid_label|3|15|0.001|3,Centralized non_iid_label {group},group,desktop_gpu,centralized,centralized,non_iid_label,node_c,selected_test_macro_recall,5,0.9115103999999998,0.06499738811906215,0.8308054831952832,0.9922153168047164
group|centralized|centralized|non_iid_label|3|15|0.001|3,Centralized non_iid_label {group},group,desktop_gpu,centralized,centralized,non_iid_label,node_c,selected_test_macro_specificity,5,0.9115103999999998,0.06499738811906215,0.8308054831952832,0.9922153168047164
group|centralized|centralized|non_iid_label|3|15|0.001|3,Centralized non_iid_label {group},group,desktop_gpu,centralized,centralized,non_iid_label,node_c,selected_test_mcc,5,0.8200524,0.0901763122211149,0.7080837196242595,0.9320210803757405
group|centralized|centralized|non_iid_label|3|15|0.001|3,Centralized non_iid_label {group},group,desktop_gpu,centralized,centralized,non_iid_label,node_c,selected_test_n_examples,5,2400.0,0.0,2400.0,2400.0
group|centralized|centralized|non_iid_label|3|15|0.001|3,Centralized non_iid_label {group},group,desktop_gpu,centralized,centralized,non_iid_label,node_c,selected_test_precision,5,0.8536753999999999,0.052177636754648066,0.7888883069303999,0.9184624930695998
group|centralized|centralized|non_iid_label|3|15|0.001|3,Centralized non_iid_label {group},group,desktop_gpu,centralized,centralized,non_iid_label,node_c,selected_test_recall,5,0.8604166,0.13503926898054505,0.6927432013631029,1.0280899986368972
group|centralized|centralized|non_iid_label|3|15|0.001|3,Centralized non_iid_label {group},group,desktop_gpu,centralized,centralized,non_iid_label,node_c,selected_test_roc_auc,5,0.9848336,0.01452555808910628,0.9667977374669392,1.0028694625330608
group|centralized|centralized|non_iid_label|3|15|0.001|3,Centralized non_iid_label {group},group,desktop_gpu,centralized,centralized,non_iid_label,node_c,selected_test_specificity,5,0.962604,0.015596402998768692,0.9432385078949517,0.9819694921050484
group|centralized|centralized|non_iid_label|3|15|0.001|3,Centralized non_iid_label {group},group,desktop_gpu,centralized,centralized,non_iid_label,node_c,selected_test_tn,5,1848.2,29.944949490690412,1811.0184342893797,1885.3815657106204
group|centralized|centralized|non_iid_label|3|15|0.001|3,Centralized non_iid_label {group},group,desktop_gpu,centralized,centralized,non_iid_label,node_c,selected_test_tp,5,413.0,64.81897870222888,332.51660774510583,493.48339225489417
group|local|local_only|non_iid_label|3|15||3,Local-only non_iid_label {group},group,desktop_gpu,local,local_only,non_iid_label,node_a,selected_test_accuracy,5,0.9690002,0.011124254658178241,0.9551876134840895,0.9828127865159104
group|local|local_only|non_iid_label|3|15||3,Local-only non_iid_label {group},group,desktop_gpu,local,local_only,non_iid_label,node_a,selected_test_balanced_accuracy,5,0.968281,0.009652006553043773,0.9562964509526587,0.9802655490473412
group|local|local_only|non_iid_label|3|15||3,Local-only non_iid_label {group},group,desktop_gpu,local,local_only,non_iid_label,node_a,selected_test_f1,5,0.9803561999999999,0.007232371374590749,0.971376024842531,0.9893363751574688
group|local|local_only|non_iid_label|3|15||3,Local-only non_iid_label {group},group,desktop_gpu,local,local_only,non_iid_label,node_a,selected_test_fn,5,58.6,31.73798985443155,19.19208062239602,98.00791937760398
group|local|local_only|non_iid_label|3|15||3,Local-only non_iid_label {group},group,desktop_gpu,local,local_only,non_iid_label,node_a,selected_test_fp,5,15.8,11.34460224071342,1.713815823764394,29.88618417623561
group|local|local_only|non_iid_label|3|15||3,Local-only non_iid_label {group},group,desktop_gpu,local,local_only,non_iid_label,node_a,selected_test_loss,5,0.07525960000000001,0.033070206165066465,0.034197515591660815,0.1163216844083392
group|local|local_only|non_iid_label|3|15||3,Local-only non_iid_label {group},group,desktop_gpu,local,local_only,non_iid_label,node_a,selected_test_macro_f1,5,0.9533858000000001,0.01552861510888851,0.9341044776773302,0.9726671223226699
group|local|local_only|non_iid_label|3|15||3,Local-only non_iid_label {group},group,desktop_gpu,local,local_only,non_iid_label,node_a,selected_test_macro_precision,5,0.9413456,0.02496569786326829,0.9103465917731471,0.9723446082268529
group|local|local_only|non_iid_label|3|15||3,Local-only non_iid_label {group},group,desktop_gpu,local,local_only,non_iid_label,node_a,selected_test_macro_recall,5,0.968281,0.009652006553043773,0.9562964509526587,0.9802655490473412
group|local|local_only|non_iid_label|3|15||3,Local-only non_iid_label {group},group,desktop_gpu,local,local_only,non_iid_label,node_a,selected_test_macro_specificity,5,0.968281,0.009652006553043773,0.9562964509526587,0.9802655490473412
group|local|local_only|non_iid_label|3|15||3,Local-only non_iid_label {group},group,desktop_gpu,local,local_only,non_iid_label,node_a,selected_test_mcc,5,0.9089459999999999,0.029226030033174217,0.8726570906973855,0.9452349093026143
group|local|local_only|non_iid_label|3|15||3,Local-only non_iid_label {group},group,desktop_gpu,local,local_only,non_iid_label,node_a,selected_test_n_examples,5,2400.0,0.0,2400.0,2400.0
group|local|local_only|non_iid_label|3|15||3,Local-only non_iid_label {group},group,desktop_gpu,local,local_only,non_iid_label,node_a,selected_test_precision,5,0.9916564000000001,0.005871840537684918,0.9843655470011633,0.9989472529988369
group|local|local_only|non_iid_label|3|15||3,Local-only non_iid_label {group},group,desktop_gpu,local,local_only,non_iid_label,node_a,selected_test_recall,5,0.9694792,0.016530281295247203,0.9489541448355104,0.9900042551644895
group|local|local_only|non_iid_label|3|15||3,Local-only non_iid_label {group},group,desktop_gpu,local,local_only,non_iid_label,node_a,selected_test_roc_auc,5,0.9974724,0.002018935932614031,0.9949655599377932,0.9999792400622068
group|local|local_only|non_iid_label|3|15||3,Local-only non_iid_label {group},group,desktop_gpu,local,local_only,non_iid_label,node_a,selected_test_selected_epoch,5,6.6,3.2093613071762426,2.6150516076510875,10.584948392348911
group|local|local_only|non_iid_label|3|15||3,Local-only non_iid_label {group},group,desktop_gpu,local,local_only,non_iid_label,node_a,selected_test_selected_val_loss,5,0.15597423069693692,0.038136428679717345,0.10862160018526638,0.20332686120860743
group|local|local_only|non_iid_label|3|15||3,Local-only non_iid_label {group},group,desktop_gpu,local,local_only,non_iid_label,node_a,selected_test_specificity,5,0.9670833999999999,0.023634623263339743,0.9377371391828018,0.9964296608171981
group|local|local_only|non_iid_label|3|15||3,Local-only non_iid_label {group},group,desktop_gpu,local,local_only,non_iid_label,node_a,selected_test_tn,5,464.2,11.34460224071342,450.11381582376436,478.2861841762356
group|local|local_only|non_iid_label|3|15||3,Local-only non_iid_label {group},group,desktop_gpu,local,local_only,non_iid_label,node_a,selected_test_tp,5,1861.4,31.73798985443155,1821.992080622396,1900.807919377604
group|local|local_only|non_iid_label|3|15||3,Local-only non_iid_label {group},group,desktop_gpu,local,local_only,non_iid_label,node_b,selected_test_accuracy,5,0.9332776,0.011601790973810882,0.9188720738331336,0.9476831261668665
group|local|local_only|non_iid_label|3|15||3,Local-only non_iid_label {group},group,desktop_gpu,local,local_only,non_iid_label,node_b,selected_test_balanced_accuracy,5,0.7690862,0.03775960634990781,0.7222014562089732,0.8159709437910269
group|local|local_only|non_iid_label|3|15||3,Local-only non_iid_label {group},group,desktop_gpu,local,local_only,non_iid_label,node_b,selected_test_f1,5,0.9630308,0.006532362413399895,0.9549198007680618,0.9711417992319381
group|local|local_only|non_iid_label|3|15||3,Local-only non_iid_label {group},group,desktop_gpu,local,local_only,non_iid_label,node_b,selected_test_fn,5,37.4,25.657357619209346,5.542182755188712,69.25781724481129
group|local|local_only|non_iid_label|3|15||3,Local-only non_iid_label {group},group,desktop_gpu,local,local_only,non_iid_label,node_b,selected_test_fp,5,122.6,21.66333307688362,95.70141923733682,149.49858076266315
group|local|local_only|non_iid_label|3|15||3,Local-only non_iid_label {group},group,desktop_gpu,local,local_only,non_iid_label,node_b,selected_test_loss,5,1.0489096,0.25850232469999185,0.7279365699680405,1.3698826300319595
group|local|local_only|non_iid_label|3|15||3,Local-only non_iid_label {group},group,desktop_gpu,local,local_only,non_iid_label,node_b,selected_test_macro_f1,5,0.8094100000000001,0.03421506959659733,0.766926379885869,0.8518936201141312
group|local|local_only|non_iid_label|3|15||3,Local-only non_iid_label {group},group,desktop_gpu,local,local_only,non_iid_label,node_b,selected_test_macro_precision,5,0.8794792000000001,0.04279129854538186,0.8263467851598104,0.9326116148401898
group|local|local_only|non_iid_label|3|15||3,Local-only non_iid_label {group},group,desktop_gpu,local,local_only,non_iid_label,node_b,selected_test_macro_recall,5,0.7690862,0.03775960634990781,0.7222014562089732,0.8159709437910269
group|local|local_only|non_iid_label|3|15||3,Local-only non_iid_label {group},group,desktop_gpu,local,local_only,non_iid_label,node_b,selected_test_macro_specificity,5,0.7690862,0.03775960634990781,0.7222014562089732,0.8159709437910269
group|local|local_only|non_iid_label|3|15||3,Local-only non_iid_label {group},group,desktop_gpu,local,local_only,non_iid_label,node_b,selected_test_mcc,5,0.6370448,0.062175786076253195,0.5598433648690975,0.7142462351309025
group|local|local_only|non_iid_label|3|15||3,Local-only non_iid_label {group},group,desktop_gpu,local,local_only,non_iid_label,node_b,selected_test_n_examples,5,2398.0,0.0,2398.0,2398.0
group|local|local_only|non_iid_label|3|15||3,Local-only non_iid_label {group},group,desktop_gpu,local,local_only,non_iid_label,node_b,selected_test_precision,5,0.9445459999999999,0.00898122630824991,0.9333943346333254,0.9556976653666743
group|local|local_only|non_iid_label|3|15||3,Local-only non_iid_label {group},group,desktop_gpu,local,local_only,non_iid_label,node_b,selected_test_recall,5,0.9823752000000001,0.01209115547414721,0.9673620475510671,0.9973883524489331
group|local|local_only|non_iid_label|3|15||3,Local-only non_iid_label {group},group,desktop_gpu,local,local_only,non_iid_label,node_b,selected_test_roc_auc,5,0.8641428000000001,0.04837478540727595,0.8040775705389528,0.9242080294610474
group|local|local_only|non_iid_label|3|15||3,Local-only non_iid_label {group},group,desktop_gpu,local,local_only,non_iid_label,node_b,selected_test_selected_epoch,5,6.0,4.527692569068709,0.3781271420526755,11.621872857947324
group|local|local_only|non_iid_label|3|15||3,Local-only non_iid_label {group},group,desktop_gpu,local,local_only,non_iid_label,node_b,selected_test_selected_val_loss,5,0.22974743818280058,0.15204343733590753,0.04096057587965418,0.418534300485947
group|local|local_only|non_iid_label|3|15||3,Local-only non_iid_label {group},group,desktop_gpu,local,local_only,non_iid_label,node_b,selected_test_specificity,5,0.555797,0.07849044946042798,0.4583382347021545,0.6532557652978455
group|local|local_only|non_iid_label|3|15||3,Local-only non_iid_label {group},group,desktop_gpu,local,local_only,non_iid_label,node_b,selected_test_tn,5,153.4,21.66333307688362,126.50141923733683,180.29858076266316
group|local|local_only|non_iid_label|3|15||3,Local-only non_iid_label {group},group,desktop_gpu,local,local_only,non_iid_label,node_b,selected_test_tp,5,2084.6,25.657357619209346,2052.7421827551884,2116.4578172448114
group|local|local_only|non_iid_label|3|15||3,Local-only non_iid_label {group},group,desktop_gpu,local,local_only,non_iid_label,node_c,selected_test_accuracy,5,0.9639165999999999,0.010011467040349272,0.9514857218067946,0.9763474781932052
group|local|local_only|non_iid_label|3|15||3,Local-only non_iid_label {group},group,desktop_gpu,local,local_only,non_iid_label,node_c,selected_test_balanced_accuracy,5,0.9218230000000001,0.023141267975199633,0.893089320682409,0.9505566793175911
group|local|local_only|non_iid_label|3|15||3,Local-only non_iid_label {group},group,desktop_gpu,local,local_only,non_iid_label,node_c,selected_test_f1,5,0.9038780000000001,0.027544082213789598,0.8696775047515729,0.9380784952484272
group|local|local_only|non_iid_label|3|15||3,Local-only non_iid_label {group},group,desktop_gpu,local,local_only,non_iid_label,node_c,selected_test_fn,5,71.2,23.306651411131543,42.26097002411301,100.139029975887
group|local|local_only|non_iid_label|3|15||3,Local-only non_iid_label {group},group,desktop_gpu,local,local_only,non_iid_label,node_c,selected_test_fp,5,15.4,17.615334229017627,-6.472326328497646,37.27232632849765
group|local|local_only|non_iid_label|3|15||3,Local-only non_iid_label {group},group,desktop_gpu,local,local_only,non_iid_label,node_c,selected_test_loss,5,0.133297,0.04846507278958735,0.07311966394684452,0.19347433605315548
group|local|local_only|non_iid_label|3|15||3,Local-only non_iid_label {group},group,desktop_gpu,local,local_only,non_iid_label,node_c,selected_test_macro_f1,5,0.94083,0.01680095885656532,0.9199688542525002,0.9616911457474999
group|local|local_only|non_iid_label|3|15||3,Local-only non_iid_label {group},group,desktop_gpu,local,local_only,non_iid_label,node_c,selected_test_macro_precision,5,0.9648122000000001,0.018257078126031005,0.942143043378514,0.9874813566214863
group|local|local_only|non_iid_label|3|15||3,Local-only non_iid_label {group},group,desktop_gpu,local,local_only,non_iid_label,node_c,selected_test_macro_recall,5,0.9218230000000001,0.023141267975199633,0.893089320682409,0.9505566793175911
group|local|local_only|non_iid_label|3|15||3,Local-only non_iid_label {group},group,desktop_gpu,local,local_only,non_iid_label,node_c,selected_test_macro_specificity,5,0.9218230000000001,0.023141267975199633,0.893089320682409,0.9505566793175911
group|local|local_only|non_iid_label|3|15||3,Local-only non_iid_label {group},group,desktop_gpu,local,local_only,non_iid_label,node_c,selected_test_mcc,5,0.8852396,0.03201365887086324,0.8454893923292726,0.9249898076707275
group|local|local_only|non_iid_label|3|15||3,Local-only non_iid_label {group},group,desktop_gpu,local,local_only,non_iid_label,node_c,selected_test_n_examples,5,2400.0,0.0,2400.0,2400.0
group|local|local_only|non_iid_label|3|15||3,Local-only non_iid_label {group},group,desktop_gpu,local,local_only,non_iid_label,node_c,selected_test_precision,5,0.9655298,0.03830808999023573,0.9179640238191743,1.0130955761808256
group|local|local_only|non_iid_label|3|15||3,Local-only non_iid_label {group},group,desktop_gpu,local,local_only,non_iid_label,node_c,selected_test_recall,5,0.8516668,0.04855573973486555,0.7913768860650654,0.9119567139349345
group|local|local_only|non_iid_label|3|15||3,Local-only non_iid_label {group},group,desktop_gpu,local,local_only,non_iid_label,node_c,selected_test_roc_auc,5,0.9926342,0.005117994499801671,0.9862793704865914,0.9989890295134086
group|local|local_only|non_iid_label|3|15||3,Local-only non_iid_label {group},group,desktop_gpu,local,local_only,non_iid_label,node_c,selected_test_selected_epoch,5,5.8,2.5884358211089573,2.586032429268009,9.01396757073199
group|local|local_only|non_iid_label|3|15||3,Local-only non_iid_label {group},group,desktop_gpu,local,local_only,non_iid_label,node_c,selected_test_selected_val_loss,5,0.03454967035535249,0.004729718359584553,0.028676949346612985,0.040422391364091995
group|local|local_only|non_iid_label|3|15||3,Local-only non_iid_label {group},group,desktop_gpu,local,local_only,non_iid_label,node_c,selected_test_specificity,5,0.9919789999999999,0.009174733674608752,0.9805870635031305,1.0033709364968693
group|local|local_only|non_iid_label|3|15||3,Local-only non_iid_label {group},group,desktop_gpu,local,local_only,non_iid_label,node_c,selected_test_tn,5,1904.6,17.615334229017627,1882.7276736715023,1926.4723263284975
group|local|local_only|non_iid_label|3|15||3,Local-only non_iid_label {group},group,desktop_gpu,local,local_only,non_iid_label,node_c,selected_test_tp,5,408.8,23.306651411131543,379.86097002411304,437.739029975887
group|centralized|centralized|non_iid_label_sub0.01|3|15|0.001|3,Centralized non_iid_label_sub0.01 {group},group,desktop_gpu,centralized,centralized,non_iid_label_sub0.01,node_a,selected_test_accuracy,3,0.9955553333333333,0.002097330763931474,0.990345274888637,1.0007653917780297
group|centralized|centralized|non_iid_label_sub0.01|3|15|0.001|3,Centralized non_iid_label_sub0.01 {group},group,desktop_gpu,centralized,centralized,non_iid_label_sub0.01,node_a,selected_test_balanced_accuracy,3,0.9914933333333334,0.006391156572431456,0.9756168202700555,1.0073698463966114
group|centralized|centralized|non_iid_label_sub0.01|3|15|0.001|3,Centralized non_iid_label_sub0.01 {group},group,desktop_gpu,centralized,centralized,non_iid_label_sub0.01,node_a,selected_test_f1,3,0.9972263333333333,0.001303018930535335,0.9939894548688659,1.0004632117978007
group|centralized|centralized|non_iid_label_sub0.01|3|15|0.001|3,Centralized non_iid_label_sub0.01 {group},group,desktop_gpu,centralized,centralized,non_iid_label_sub0.01,node_a,selected_test_fn,3,3.3333333333333335,3.2145502536643185,-4.6520521781107895,11.318718844777457
group|centralized|centralized|non_iid_label_sub0.01|3|15|0.001|3,Centralized non_iid_label_sub0.01 {group},group,desktop_gpu,centralized,centralized,non_iid_label_sub0.01,node_a,selected_test_fp,3,7.333333333333333,6.658328118479393,-9.20687064298895,23.873537309655614
group|centralized|centralized|non_iid_label_sub0.01|3|15|0.001|3,Centralized non_iid_label_sub0.01 {group},group,desktop_gpu,centralized,centralized,non_iid_label_sub0.01,node_a,selected_test_loss,3,0.015000666666666667,0.0035846920834756977,0.0060957978770918245,0.02390553545624151
group|centralized|centralized|non_iid_label_sub0.01|3|15|0.001|3,Centralized non_iid_label_sub0.01 {group},group,desktop_gpu,centralized,centralized,non_iid_label_sub0.01,node_a,selected_test_macro_f1,3,0.993022,0.0033368709894150642,0.9847327529359484,1.0013112470640515
group|centralized|centralized|non_iid_label_sub0.01|3|15|0.001|3,Centralized non_iid_label_sub0.01 {group},group,desktop_gpu,centralized,centralized,non_iid_label_sub0.01,node_a,selected_test_macro_precision,3,0.994634,0.002466821639275887,0.9885060753377131,1.000761924662287
group|centralized|centralized|non_iid_label_sub0.01|3|15|0.001|3,Centralized non_iid_label_sub0.01 {group},group,desktop_gpu,centralized,centralized,non_iid_label_sub0.01,node_a,selected_test_macro_recall,3,0.9914933333333334,0.006391156572431456,0.9756168202700555,1.0073698463966114
group|centralized|centralized|non_iid_label_sub0.01|3|15|0.001|3,Centralized non_iid_label_sub0.01 {group},group,desktop_gpu,centralized,centralized,non_iid_label_sub0.01,node_a,selected_test_macro_specificity,3,0.9914933333333334,0.006391156572431456,0.9756168202700555,1.0073698463966114
group|centralized|centralized|non_iid_label_sub0.01|3|15|0.001|3,Centralized non_iid_label_sub0.01 {group},group,desktop_gpu,centralized,centralized,non_iid_label_sub0.01,node_a,selected_test_mcc,3,0.9861049999999999,0.006587209727950115,0.9697414638995904,1.0024685361004093
group|centralized|centralized|non_iid_label_sub0.01|3|15|0.001|3,Centralized non_iid_label_sub0.01 {group},group,desktop_gpu,centralized,centralized,non_iid_label_sub0.01,node_a,selected_test_n_examples,3,2400.0,0.0,2400.0,2400.0
group|centralized|centralized|non_iid_label_sub0.01|3|15|0.001|3,Centralized non_iid_label_sub0.01 {group},group,desktop_gpu,centralized,centralized,non_iid_label_sub0.01,node_a,selected_test_precision,3,0.996199,0.0034347962093841957,0.9876664932040916,1.0047315067959084
group|centralized|centralized|non_iid_label_sub0.01|3|15|0.001|3,Centralized non_iid_label_sub0.01 {group},group,desktop_gpu,centralized,centralized,non_iid_label_sub0.01,node_a,selected_test_recall,3,0.9982636666666668,0.0016742103611354885,0.9941046975711669,1.0024226357621666
group|centralized|centralized|non_iid_label_sub0.01|3|15|0.001|3,Centralized non_iid_label_sub0.01 {group},group,desktop_gpu,centralized,centralized,non_iid_label_sub0.01,node_a,selected_test_roc_auc,3,0.9998256666666667,9.71613777862853e-05,0.9995843044239822,1.0000670289093512
group|centralized|centralized|non_iid_label_sub0.01|3|15|0.001|3,Centralized non_iid_label_sub0.01 {group},group,desktop_gpu,centralized,centralized,non_iid_label_sub0.01,node_a,selected_test_specificity,3,0.9847223333333334,0.01387160035227851,0.9502633677759091,1.0191812988907576
group|centralized|centralized|non_iid_label_sub0.01|3|15|0.001|3,Centralized non_iid_label_sub0.01 {group},group,desktop_gpu,centralized,centralized,non_iid_label_sub0.01,node_a,selected_test_tn,3,472.6666666666667,6.658328118479393,456.1264626903444,489.206870642989
group|centralized|centralized|non_iid_label_sub0.01|3|15|0.001|3,Centralized non_iid_label_sub0.01 {group},group,desktop_gpu,centralized,centralized,non_iid_label_sub0.01,node_a,selected_test_tp,3,1916.6666666666667,3.2145502536643185,1908.6812811552227,1924.6520521781108
group|centralized|centralized|non_iid_label_sub0.01|3|15|0.001|3,Centralized non_iid_label_sub0.01 {group},group,desktop_gpu,centralized,centralized,non_iid_label_sub0.01,node_b,selected_test_accuracy,3,0.8609953333333333,0.02253915056814105,0.8050049794161953,0.9169856872504714
group|centralized|centralized|non_iid_label_sub0.01|3|15|0.001|3,Centralized non_iid_label_sub0.01 {group},group,desktop_gpu,centralized,centralized,non_iid_label_sub0.01,node_b,selected_test_balanced_accuracy,3,0.8158676666666667,0.04699514677425031,0.6991252502955095,0.9326100830378238
group|centralized|centralized|non_iid_label_sub0.01|3|15|0.001|3,Centralized non_iid_label_sub0.01 {group},group,desktop_gpu,centralized,centralized,non_iid_label_sub0.01,node_b,selected_test_f1,3,0.917322,0.015364396278409386,0.8791547237865268,0.9554892762134731
group|centralized|centralized|non_iid_label_sub0.01|3|15|0.001|3,Centralized non_iid_label_sub0.01 {group},group,desktop_gpu,centralized,centralized,non_iid_label_sub0.01,node_b,selected_test_fn,3,266.3333333333333,81.51278018405048,63.844362088518494,468.82230457814813
group|centralized|centralized|non_iid_label_sub0.01|3|15|0.001|3,Centralized non_iid_label_sub0.01 {group},group,desktop_gpu,centralized,centralized,non_iid_label_sub0.01,node_b,selected_test_fp,3,67.0,34.655446902326915,-19.08890256763145,153.08890256763146
group|centralized|centralized|non_iid_label_sub0.01|3|15|0.001|3,Centralized non_iid_label_sub0.01 {group},group,desktop_gpu,centralized,centralized,non_iid_label_sub0.01,node_b,selected_test_loss,3,0.333083,0.05245947718954126,0.20276643437475433,0.4633995656252457
group|centralized|centralized|non_iid_label_sub0.01|3|15|0.001|3,Centralized non_iid_label_sub0.01 {group},group,desktop_gpu,centralized,centralized,non_iid_label_sub0.01,node_b,selected_test_macro_f1,3,0.7368376666666667,0.02104792743557748,0.6845517163697643,0.7891236169635691
group|centralized|centralized|non_iid_label_sub0.01|3|15|0.001|3,Centralized non_iid_label_sub0.01 {group},group,desktop_gpu,centralized,centralized,non_iid_label_sub0.01,node_b,selected_test_macro_precision,3,0.7058770000000001,0.023182378393944002,0.6482887795835377,0.7634652204164625
group|centralized|centralized|non_iid_label_sub0.01|3|15|0.001|3,Centralized non_iid_label_sub0.01 {group},group,desktop_gpu,centralized,centralized,non_iid_label_sub0.01,node_b,selected_test_macro_recall,3,0.8158676666666667,0.04699514677425031,0.6991252502955095,0.9326100830378238
group|centralized|centralized|non_iid_label_sub0.01|3|15|0.001|3,Centralized non_iid_label_sub0.01 {group},group,desktop_gpu,centralized,centralized,non_iid_label_sub0.01,node_b,selected_test_macro_specificity,3,0.8158676666666667,0.04699514677425031,0.6991252502955095,0.9326100830378238
group|centralized|centralized|non_iid_label_sub0.01|3|15|0.001|3,Centralized non_iid_label_sub0.01 {group},group,desktop_gpu,centralized,centralized,non_iid_label_sub0.01,node_b,selected_test_mcc,3,0.5086176666666667,0.046501918566155244,0.39310049708773764,0.6241348362455958
group|centralized|centralized|non_iid_label_sub0.01|3|15|0.001|3,Centralized non_iid_label_sub0.01 {group},group,desktop_gpu,centralized,centralized,non_iid_label_sub0.01,node_b,selected_test_n_examples,3,2398.0,0.0,2398.0,2398.0
group|centralized|centralized|non_iid_label_sub0.01|3|15|0.001|3,Centralized non_iid_label_sub0.01 {group},group,desktop_gpu,centralized,centralized,non_iid_label_sub0.01,node_b,selected_test_precision,3,0.9657506666666666,0.016691134063727776,0.9242875910870799,1.0072137422462533
group|centralized|centralized|non_iid_label_sub0.01|3|15|0.001|3,Centralized non_iid_label_sub0.01 {group},group,desktop_gpu,centralized,centralized,non_iid_label_sub0.01,node_b,selected_test_recall,3,0.8744893333333333,0.03841302136428916,0.7790660983400315,0.9699125683266352
group|centralized|centralized|non_iid_label_sub0.01|3|15|0.001|3,Centralized non_iid_label_sub0.01 {group},group,desktop_gpu,centralized,centralized,non_iid_label_sub0.01,node_b,selected_test_roc_auc,3,0.9368013333333333,0.011873468083644853,0.9073060034974871,0.9662966631691794
group|centralized|centralized|non_iid_label_sub0.01|3|15|0.001|3,Centralized non_iid_label_sub0.01 {group},group,desktop_gpu,centralized,centralized,non_iid_label_sub0.01,node_b,selected_test_specificity,3,0.7572463333333334,0.1255633353186086,0.44532971685522554,1.0691629498114412
group|centralized|centralized|non_iid_label_sub0.01|3|15|0.001|3,Centralized non_iid_label_sub0.01 {group},group,desktop_gpu,centralized,centralized,non_iid_label_sub0.01,node_b,selected_test_tn,3,209.0,34.655446902326915,122.91109743236855,295.08890256763146
group|centralized|centralized|non_iid_label_sub0.01|3|15|0.001|3,Centralized non_iid_label_sub0.01 {group},group,desktop_gpu,centralized,centralized,non_iid_label_sub0.01,node_b,selected_test_tp,3,1855.6666666666667,81.51278018405048,1653.177695421852,2058.155637911482
group|centralized|centralized|non_iid_label_sub0.01|3|15|0.001|3,Centralized non_iid_label_sub0.01 {group},group,desktop_gpu,centralized,centralized,non_iid_label_sub0.01,node_c,selected_test_accuracy,3,0.9613889999999999,0.01456783621544396,0.9252004886786134,0.9975775113213865
group|centralized|centralized|non_iid_label_sub0.01|3|15|0.001|3,Centralized non_iid_label_sub0.01 {group},group,desktop_gpu,centralized,centralized,non_iid_label_sub0.01,node_c,selected_test_balanced_accuracy,3,0.9438369999999999,0.019771787349655585,0.8947211574160123,0.9929528425839875
group|centralized|centralized|non_iid_label_sub0.01|3|15|0.001|3,Centralized non_iid_label_sub0.01 {group},group,desktop_gpu,centralized,centralized,non_iid_label_sub0.01,node_c,selected_test_f1,3,0.905195,0.032122932882910925,0.8253972110135361,0.9849927889864638
group|centralized|centralized|non_iid_label_sub0.01|3|15|0.001|3,Centralized non_iid_label_sub0.01 {group},group,desktop_gpu,centralized,centralized,non_iid_label_sub0.01,node_c,selected_test_fn,3,41.0,22.516660498395403,-14.934485486743007,96.934485486743
group|centralized|centralized|non_iid_label_sub0.01|3|15|0.001|3,Centralized non_iid_label_sub0.01 {group},group,desktop_gpu,centralized,centralized,non_iid_label_sub0.01,node_c,selected_test_fp,3,51.666666666666664,41.669333248005465,-51.84569547819559,155.17902881152892
group|centralized|centralized|non_iid_label_sub0.01|3|15|0.001|3,Centralized non_iid_label_sub0.01 {group},group,desktop_gpu,centralized,centralized,non_iid_label_sub0.01,node_c,selected_test_loss,3,0.11233366666666667,0.05397458699548642,-0.021746640364970093,0.24641397369830342
group|centralized|centralized|non_iid_label_sub0.01|3|15|0.001|3,Centralized non_iid_label_sub0.01 {group},group,desktop_gpu,centralized,centralized,non_iid_label_sub0.01,node_c,selected_test_macro_f1,3,0.9404683333333335,0.020726367417696057,0.8889811824034414,0.9919554842632256
group|centralized|centralized|non_iid_label_sub0.01|3|15|0.001|3,Centralized non_iid_label_sub0.01 {group},group,desktop_gpu,centralized,centralized,non_iid_label_sub0.01,node_c,selected_test_macro_precision,3,0.9395226666666666,0.03596510044937082,0.8501804043334958,1.0288649289998375
group|centralized|centralized|non_iid_label_sub0.01|3|15|0.001|3,Centralized non_iid_label_sub0.01 {group},group,desktop_gpu,centralized,centralized,non_iid_label_sub0.01,node_c,selected_test_macro_recall,3,0.9438369999999999,0.019771787349655585,0.8947211574160123,0.9929528425839875
group|centralized|centralized|non_iid_label_sub0.01|3|15|0.001|3,Centralized non_iid_label_sub0.01 {group},group,desktop_gpu,centralized,centralized,non_iid_label_sub0.01,node_c,selected_test_macro_specificity,3,0.9438369999999999,0.019771787349655585,0.8947211574160123,0.9929528425839875
group|centralized|centralized|non_iid_label_sub0.01|3|15|0.001|3,Centralized non_iid_label_sub0.01 {group},group,desktop_gpu,centralized,centralized,non_iid_label_sub0.01,node_c,selected_test_mcc,3,0.882733,0.04153037559425628,0.7795658278031524,0.9859001721968476
group|centralized|centralized|non_iid_label_sub0.01|3|15|0.001|3,Centralized non_iid_label_sub0.01 {group},group,desktop_gpu,centralized,centralized,non_iid_label_sub0.01,node_c,selected_test_n_examples,3,2400.0,0.0,2400.0,2400.0
group|centralized|centralized|non_iid_label_sub0.01|3|15|0.001|3,Centralized non_iid_label_sub0.01 {group},group,desktop_gpu,centralized,centralized,non_iid_label_sub0.01,node_c,selected_test_precision,3,0.9003483333333332,0.07694878543767497,0.7091969535542202,1.0914997131124462
group|centralized|centralized|non_iid_label_sub0.01|3|15|0.001|3,Centralized non_iid_label_sub0.01 {group},group,desktop_gpu,centralized,centralized,non_iid_label_sub0.01,node_c,selected_test_recall,3,0.9145833333333333,0.046909709371657095,0.798053155235952,1.0311135114307146
group|centralized|centralized|non_iid_label_sub0.01|3|15|0.001|3,Centralized non_iid_label_sub0.01 {group},group,desktop_gpu,centralized,centralized,non_iid_label_sub0.01,node_c,selected_test_roc_auc,3,0.9902056666666667,0.011464604237972345,0.9617260109288269,1.0186853224045065
group|centralized|centralized|non_iid_label_sub0.01|3|15|0.001|3,Centralized non_iid_label_sub0.01 {group},group,desktop_gpu,centralized,centralized,non_iid_label_sub0.01,node_c,selected_test_specificity,3,0.97309,0.021702699071774443,0.9191775067890362,1.0270024932109638
group|centralized|centralized|non_iid_label_sub0.01|3|15|0.001|3,Centralized non_iid_label_sub0.01 {group},group,desktop_gpu,centralized,centralized,non_iid_label_sub0.01,node_c,selected_test_tn,3,1868.3333333333333,41.669333248005465,1764.820971188471,1971.8456954781955
group|centralized|centralized|non_iid_label_sub0.01|3|15|0.001|3,Centralized non_iid_label_sub0.01 {group},group,desktop_gpu,centralized,centralized,non_iid_label_sub0.01,node_c,selected_test_tp,3,439.0,22.516660498395403,383.06551451325697,494.93448548674303
group|local|local_only|non_iid_label_sub0.01|3|15||3,Local-only non_iid_label_sub0.01 {group},group,desktop_gpu,local,local_only,non_iid_label_sub0.01,node_a,selected_test_accuracy,3,0.8505556666666667,0.18706392005230013,0.3858631283568992,1.3152482049764342
group|local|local_only|non_iid_label_sub0.01|3|15||3,Local-only non_iid_label_sub0.01 {group},group,desktop_gpu,local,local_only,non_iid_label_sub0.01,node_a,selected_test_balanced_accuracy,3,0.7495656666666667,0.2584220313679415,0.10760975299843645,1.391521580334897
group|local|local_only|non_iid_label_sub0.01|3|15||3,Local-only non_iid_label_sub0.01 {group},group,desktop_gpu,local,local_only,non_iid_label_sub0.01,node_a,selected_test_f1,3,0.9058630000000001,0.11925751229587175,0.6096109162962964,1.2021150837037038
group|local|local_only|non_iid_label_sub0.01|3|15||3,Local-only non_iid_label_sub0.01 {group},group,desktop_gpu,local,local_only,non_iid_label_sub0.01,node_a,selected_test_fn,3,157.66666666666666,267.8905249039864,-507.81028886791694,823.1436222012502
group|local|local_only|non_iid_label_sub0.01|3|15||3,Local-only non_iid_label_sub0.01 {group},group,desktop_gpu,local,local_only,non_iid_label_sub0.01,node_a,selected_test_fp,3,201.0,181.1546300815963,-249.01304824387415,651.0130482438742
group|local|local_only|non_iid_label_sub0.01|3|15||3,Local-only non_iid_label_sub0.01 {group},group,desktop_gpu,local,local_only,non_iid_label_sub0.01,node_a,selected_test_loss,3,0.39574200000000004,0.175856323844211,-0.04110932591118327,0.8325933259111833
group|local|local_only|non_iid_label_sub0.01|3|15||3,Local-only non_iid_label_sub0.01 {group},group,desktop_gpu,local,local_only,non_iid_label_sub0.01,node_a,selected_test_macro_f1,3,0.7709040000000001,0.275444937141709,0.08666084413558162,1.4551471558644187
group|local|local_only|non_iid_label_sub0.01|3|15||3,Local-only non_iid_label_sub0.01 {group},group,desktop_gpu,local,local_only,non_iid_label_sub0.01,node_a,selected_test_macro_precision,3,0.79982,0.29850822563708357,0.05828445942724403,1.541355540572756
group|local|local_only|non_iid_label_sub0.01|3|15||3,Local-only non_iid_label_sub0.01 {group},group,desktop_gpu,local,local_only,non_iid_label_sub0.01,node_a,selected_test_macro_recall,3,0.7495656666666667,0.2584220313679415,0.10760975299843645,1.391521580334897
group|local|local_only|non_iid_label_sub0.01|3|15||3,Local-only non_iid_label_sub0.01 {group},group,desktop_gpu,local,local_only,non_iid_label_sub0.01,node_a,selected_test_macro_specificity,3,0.7495656666666667,0.2584220313679415,0.10760975299843645,1.391521580334897
group|local|local_only|non_iid_label_sub0.01|3|15||3,Local-only non_iid_label_sub0.01 {group},group,desktop_gpu,local,local_only,non_iid_label_sub0.01,node_a,selected_test_mcc,3,0.5473253333333333,0.5550474455596867,-0.8314889579921726,1.9261396246588394
group|local|local_only|non_iid_label_sub0.01|3|15||3,Local-only non_iid_label_sub0.01 {group},group,desktop_gpu,local,local_only,non_iid_label_sub0.01,node_a,selected_test_n_examples,3,2400.0,0.0,2400.0,2400.0
group|local|local_only|non_iid_label_sub0.01|3|15||3,Local-only non_iid_label_sub0.01 {group},group,desktop_gpu,local,local_only,non_iid_label_sub0.01,node_a,selected_test_precision,3,0.8946993333333334,0.09946073776286468,0.6476251638180911,1.1417735028485758
group|local|local_only|non_iid_label_sub0.01|3|15||3,Local-only non_iid_label_sub0.01 {group},group,desktop_gpu,local,local_only,non_iid_label_sub0.01,node_a,selected_test_recall,3,0.9178816666666667,0.13952593015398013,0.5712800418041222,1.2644832915292112
group|local|local_only|non_iid_label_sub0.01|3|15||3,Local-only non_iid_label_sub0.01 {group},group,desktop_gpu,local,local_only,non_iid_label_sub0.01,node_a,selected_test_roc_auc,3,0.7799183333333333,0.23394526848460376,0.19876606940517316,1.3610705972614934
group|local|local_only|non_iid_label_sub0.01|3|15||3,Local-only non_iid_label_sub0.01 {group},group,desktop_gpu,local,local_only,non_iid_label_sub0.01,node_a,selected_test_selected_epoch,3,2.3333333333333335,2.3094010767585034,-3.4035369729992833,8.07020363966595
group|local|local_only|non_iid_label_sub0.01|3|15||3,Local-only non_iid_label_sub0.01 {group},group,desktop_gpu,local,local_only,non_iid_label_sub0.01,node_a,selected_test_selected_val_loss,3,0.671460347408861,0.12388871419512439,0.36370372041649407,0.9792169744012278
group|local|local_only|non_iid_label_sub0.01|3|15||3,Local-only non_iid_label_sub0.01 {group},group,desktop_gpu,local,local_only,non_iid_label_sub0.01,node_a,selected_test_specificity,3,0.5812496666666666,0.3774054793366589,-0.35627751717473777,1.518776850508071
group|local|local_only|non_iid_label_sub0.01|3|15||3,Local-only non_iid_label_sub0.01 {group},group,desktop_gpu,local,local_only,non_iid_label_sub0.01,node_a,selected_test_tn,3,279.0,181.1546300815963,-171.01304824387415,729.0130482438742
group|local|local_only|non_iid_label_sub0.01|3|15||3,Local-only non_iid_label_sub0.01 {group},group,desktop_gpu,local,local_only,non_iid_label_sub0.01,node_a,selected_test_tp,3,1762.3333333333333,267.8905249039864,1096.8563777987497,2427.810288867917
group|local|local_only|non_iid_label_sub0.01|3|15||3,Local-only non_iid_label_sub0.01 {group},group,desktop_gpu,local,local_only,non_iid_label_sub0.01,node_b,selected_test_accuracy,3,0.9284126666666667,0.011323745949699425,0.9002829223147383,0.956542411018595
group|local|local_only|non_iid_label_sub0.01|3|15||3,Local-only non_iid_label_sub0.01 {group},group,desktop_gpu,local,local_only,non_iid_label_sub0.01,node_b,selected_test_balanced_accuracy,3,0.725257,0.0637279652821271,0.5669479581495523,0.8835660418504477
group|local|local_only|non_iid_label_sub0.01|3|15||3,Local-only non_iid_label_sub0.01 {group},group,desktop_gpu,local,local_only,non_iid_label_sub0.01,node_b,selected_test_f1,3,0.9607523333333333,0.005786650268793948,0.9463774971759121,0.9751271694907545
group|local|local_only|non_iid_label_sub0.01|3|15||3,Local-only non_iid_label_sub0.01 {group},group,desktop_gpu,local,local_only,non_iid_label_sub0.01,node_b,selected_test_fn,3,23.0,11.789826122551595,-6.287551686009586,52.287551686009586
group|local|local_only|non_iid_label_sub0.01|3|15||3,Local-only non_iid_label_sub0.01 {group},group,desktop_gpu,local,local_only,non_iid_label_sub0.01,node_b,selected_test_fp,3,148.66666666666666,36.47373484212075,58.06088645697254,239.2724468763608
group|local|local_only|non_iid_label_sub0.01|3|15||3,Local-only non_iid_label_sub0.01 {group},group,desktop_gpu,local,local_only,non_iid_label_sub0.01,node_b,selected_test_loss,3,0.8449383333333333,0.08718084366610213,0.6283691118401592,1.0615075548265076
group|local|local_only|non_iid_label_sub0.01|3|15||3,Local-only non_iid_label_sub0.01 {group},group,desktop_gpu,local,local_only,non_iid_label_sub0.01,node_b,selected_test_macro_f1,3,0.7750073333333334,0.05960358241190991,0.6269438265084892,0.9230708401581775
group|local|local_only|non_iid_label_sub0.01|3|15||3,Local-only non_iid_label_sub0.01 {group},group,desktop_gpu,local,local_only,non_iid_label_sub0.01,node_b,selected_test_macro_precision,3,0.893027,0.01468400091936802,0.8565499195568214,0.9295040804431787
group|local|local_only|non_iid_label_sub0.01|3|15||3,Local-only non_iid_label_sub0.01 {group},group,desktop_gpu,local,local_only,non_iid_label_sub0.01,node_b,selected_test_macro_recall,3,0.725257,0.0637279652821271,0.5669479581495523,0.8835660418504477
group|local|local_only|non_iid_label_sub0.01|3|15||3,Local-only non_iid_label_sub0.01 {group},group,desktop_gpu,local,local_only,non_iid_label_sub0.01,node_b,selected_test_macro_specificity,3,0.725257,0.0637279652821271,0.5669479581495523,0.8835660418504477
group|local|local_only|non_iid_label_sub0.01|3|15||3,Local-only non_iid_label_sub0.01 {group},group,desktop_gpu,local,local_only,non_iid_label_sub0.01,node_b,selected_test_mcc,3,0.5904733333333333,0.08701203443394098,0.3743234572198622,0.8066232094468044
group|local|local_only|non_iid_label_sub0.01|3|15||3,Local-only non_iid_label_sub0.01 {group},group,desktop_gpu,local,local_only,non_iid_label_sub0.01,node_b,selected_test_n_examples,3,2398.0,0.0,2398.0,2398.0
group|local|local_only|non_iid_label_sub0.01|3|15||3,Local-only non_iid_label_sub0.01 {group},group,desktop_gpu,local,local_only,non_iid_label_sub0.01,node_b,selected_test_precision,3,0.93406,0.014728158438854435,0.8974732261974079,0.9706467738025921
group|local|local_only|non_iid_label_sub0.01|3|15||3,Local-only non_iid_label_sub0.01 {group},group,desktop_gpu,local,local_only,non_iid_label_sub0.01,node_b,selected_test_recall,3,0.9891613333333332,0.005556061584731898,0.9753593112218935,1.002963355444773
group|local|local_only|non_iid_label_sub0.01|3|15||3,Local-only non_iid_label_sub0.01 {group},group,desktop_gpu,local,local_only,non_iid_label_sub0.01,node_b,selected_test_roc_auc,3,0.771187,0.054552700583930754,0.6356705792016333,0.9067034207983666
group|local|local_only|non_iid_label_sub0.01|3|15||3,Local-only non_iid_label_sub0.01 {group},group,desktop_gpu,local,local_only,non_iid_label_sub0.01,node_b,selected_test_selected_epoch,3,1.6666666666666667,1.1547005383792517,-1.2017684864996416,4.535101819832975
group|local|local_only|non_iid_label_sub0.01|3|15||3,Local-only non_iid_label_sub0.01 {group},group,desktop_gpu,local,local_only,non_iid_label_sub0.01,node_b,selected_test_selected_val_loss,3,0.3281241142760026,0.15163934573567317,-0.04856890305112971,0.7048171316031349
group|local|local_only|non_iid_label_sub0.01|3|15||3,Local-only non_iid_label_sub0.01 {group},group,desktop_gpu,local,local_only,non_iid_label_sub0.01,node_b,selected_test_specificity,3,0.4613526666666667,0.13215133266574855,0.13307055753361746,0.789634775799716
group|local|local_only|non_iid_label_sub0.01|3|15||3,Local-only non_iid_label_sub0.01 {group},group,desktop_gpu,local,local_only,non_iid_label_sub0.01,node_b,selected_test_tn,3,127.33333333333333,36.47373484212075,36.72755312363921,217.93911354302745
group|local|local_only|non_iid_label_sub0.01|3|15||3,Local-only non_iid_label_sub0.01 {group},group,desktop_gpu,local,local_only,non_iid_label_sub0.01,node_b,selected_test_tp,3,2099.0,11.789826122551595,2069.7124483139905,2128.2875516860095
group|local|local_only|non_iid_label_sub0.01|3|15||3,Local-only non_iid_label_sub0.01 {group},group,desktop_gpu,local,local_only,non_iid_label_sub0.01,node_c,selected_test_accuracy,3,0.8116666666666666,0.08890075068486952,0.5908249592874683,1.032508374045865
group|local|local_only|non_iid_label_sub0.01|3|15||3,Local-only non_iid_label_sub0.01 {group},group,desktop_gpu,local,local_only,non_iid_label_sub0.01,node_c,selected_test_balanced_accuracy,3,0.6526040000000001,0.08362222074903297,0.44487488789701635,0.8603331121029838
group|local|local_only|non_iid_label_sub0.01|3|15||3,Local-only non_iid_label_sub0.01 {group},group,desktop_gpu,local,local_only,non_iid_label_sub0.01,node_c,selected_test_f1,3,0.46229600000000004,0.15307106902677595,0.08204638485264804,0.842545615147352
group|local|local_only|non_iid_label_sub0.01|3|15||3,Local-only non_iid_label_sub0.01 {group},group,desktop_gpu,local,local_only,non_iid_label_sub0.01,node_c,selected_test_fn,3,294.0,57.61076288333631,150.8869313187981,437.11306868120187
group|local|local_only|non_iid_label_sub0.01|3|15||3,Local-only non_iid_label_sub0.01 {group},group,desktop_gpu,local,local_only,non_iid_label_sub0.01,node_c,selected_test_fp,3,158.0,199.0050250621828,-336.35588758478787,652.3558875847879
group|local|local_only|non_iid_label_sub0.01|3|15||3,Local-only non_iid_label_sub0.01 {group},group,desktop_gpu,local,local_only,non_iid_label_sub0.01,node_c,selected_test_loss,3,0.8299096666666667,0.24185672573102723,0.22910425343776541,1.430715079895568
group|local|local_only|non_iid_label_sub0.01|3|15||3,Local-only non_iid_label_sub0.01 {group},group,desktop_gpu,local,local_only,non_iid_label_sub0.01,node_c,selected_test_macro_f1,3,0.6734193333333334,0.10278339793144285,0.4180912183899953,0.9287474482766714
group|local|local_only|non_iid_label_sub0.01|3|15||3,Local-only non_iid_label_sub0.01 {group},group,desktop_gpu,local,local_only,non_iid_label_sub0.01,node_c,selected_test_macro_precision,3,0.7530016666666667,0.15762670473093487,0.3614352250656172,1.1445681082677162
group|local|local_only|non_iid_label_sub0.01|3|15||3,Local-only non_iid_label_sub0.01 {group},group,desktop_gpu,local,local_only,non_iid_label_sub0.01,node_c,selected_test_macro_recall,3,0.6526040000000001,0.08362222074903297,0.44487488789701635,0.8603331121029838
group|local|local_only|non_iid_label_sub0.01|3|15||3,Local-only non_iid_label_sub0.01 {group},group,desktop_gpu,local,local_only,non_iid_label_sub0.01,node_c,selected_test_macro_specificity,3,0.6526040000000001,0.08362222074903297,0.44487488789701635,0.8603331121029838
group|local|local_only|non_iid_label_sub0.01|3|15||3,Local-only non_iid_label_sub0.01 {group},group,desktop_gpu,local,local_only,non_iid_label_sub0.01,node_c,selected_test_mcc,3,0.3868486666666667,0.21892738031213305,-0.15699709490140984,0.9306944282347431
group|local|local_only|non_iid_label_sub0.01|3|15||3,Local-only non_iid_label_sub0.01 {group},group,desktop_gpu,local,local_only,non_iid_label_sub0.01,node_c,selected_test_n_examples,3,2400.0,0.0,2400.0,2400.0
group|local|local_only|non_iid_label_sub0.01|3|15||3,Local-only non_iid_label_sub0.01 {group},group,desktop_gpu,local,local_only,non_iid_label_sub0.01,node_c,selected_test_precision,3,0.6497033333333334,0.2954638119708289,-0.08426946444091132,1.383676131107578
group|local|local_only|non_iid_label_sub0.01|3|15||3,Local-only non_iid_label_sub0.01 {group},group,desktop_gpu,local,local_only,non_iid_label_sub0.01,node_c,selected_test_recall,3,0.3875,0.12002252971421659,0.08934750767723998,0.68565249232276
group|local|local_only|non_iid_label_sub0.01|3|15||3,Local-only non_iid_label_sub0.01 {group},group,desktop_gpu,local,local_only,non_iid_label_sub0.01,node_c,selected_test_roc_auc,3,0.8754786666666666,0.0958526399288686,0.6373675090485387,1.1135898242847946
group|local|local_only|non_iid_label_sub0.01|3|15||3,Local-only non_iid_label_sub0.01 {group},group,desktop_gpu,local,local_only,non_iid_label_sub0.01,node_c,selected_test_selected_epoch,3,13.666666666666666,2.3094010767585034,7.929796360334049,19.403536972999284
group|local|local_only|non_iid_label_sub0.01|3|15||3,Local-only non_iid_label_sub0.01 {group},group,desktop_gpu,local,local_only,non_iid_label_sub0.01,node_c,selected_test_selected_val_loss,3,0.17792681271887245,0.030944862130582184,0.10105551371537859,0.2547981117223663
group|local|local_only|non_iid_label_sub0.01|3|15||3,Local-only non_iid_label_sub0.01 {group},group,desktop_gpu,local,local_only,non_iid_label_sub0.01,node_c,selected_test_specificity,3,0.9177086666666666,0.10364832744107998,0.6602319477104333,1.1751853856229
group|local|local_only|non_iid_label_sub0.01|3|15||3,Local-only non_iid_label_sub0.01 {group},group,desktop_gpu,local,local_only,non_iid_label_sub0.01,node_c,selected_test_tn,3,1762.0,199.0050250621828,1267.644112415212,2256.355887584788
group|local|local_only|non_iid_label_sub0.01|3|15||3,Local-only non_iid_label_sub0.01 {group},group,desktop_gpu,local,local_only,non_iid_label_sub0.01,node_c,selected_test_tp,3,186.0,57.61076288333631,42.886931318798105,329.11306868120187
group|centralized|centralized|non_iid_label_sub0.05|3|15|0.001|3,Centralized non_iid_label_sub0.05 {group},group,desktop_gpu,centralized,centralized,non_iid_label_sub0.05,node_a,selected_test_accuracy,3,0.9963890000000001,0.001968972320780581,0.9914978016045565,1.0012801983954438
group|centralized|centralized|non_iid_label_sub0.05|3|15|0.001|3,Centralized non_iid_label_sub0.05 {group},group,desktop_gpu,centralized,centralized,non_iid_label_sub0.05,node_a,selected_test_balanced_accuracy,3,0.994097,0.005671880904955605,0.9800072667474432,1.008186733252557
group|centralized|centralized|non_iid_label_sub0.05|3|15|0.001|3,Centralized non_iid_label_sub0.05 {group},group,desktop_gpu,centralized,centralized,non_iid_label_sub0.05,node_a,selected_test_f1,3,0.997745,0.0012255027539748984,0.994700682392997,1.0007893176070028
group|centralized|centralized|non_iid_label_sub0.05|3|15|0.001|3,Centralized non_iid_label_sub0.05 {group},group,desktop_gpu,centralized,centralized,non_iid_label_sub0.05,node_a,selected_test_fn,3,4.0,1.0,1.5158622882496697,6.48413771175033
group|centralized|centralized|non_iid_label_sub0.05|3|15|0.001|3,Centralized non_iid_label_sub0.05 {group},group,desktop_gpu,centralized,centralized,non_iid_label_sub0.05,node_a,selected_test_fp,3,4.666666666666667,5.686240703077327,-9.45873830193743,18.792071635270766
group|centralized|centralized|non_iid_label_sub0.05|3|15|0.001|3,Centralized non_iid_label_sub0.05 {group},group,desktop_gpu,centralized,centralized,non_iid_label_sub0.05,node_a,selected_test_loss,3,0.010356666666666667,0.004358410872477873,-0.00047022614495827696,0.021183559478291612
group|centralized|centralized|non_iid_label_sub0.05|3|15|0.001|3,Centralized non_iid_label_sub0.05 {group},group,desktop_gpu,centralized,centralized,non_iid_label_sub0.05,node_a,selected_test_macro_f1,3,0.9943436666666668,0.0031144203848121168,0.9866070175385111,1.0020803157948226
group|centralized|centralized|non_iid_label_sub0.05|3|15|0.001|3,Centralized non_iid_label_sub0.05 {group},group,desktop_gpu,centralized,centralized,non_iid_label_sub0.05,node_a,selected_test_macro_precision,3,0.9946246666666667,0.0005779103159948871,0.9931890578566943,0.9960602754766391
group|centralized|centralized|non_iid_label_sub0.05|3|15|0.001|3,Centralized non_iid_label_sub0.05 {group},group,desktop_gpu,centralized,centralized,non_iid_label_sub0.05,node_a,selected_test_macro_recall,3,0.994097,0.005671880904955605,0.9800072667474432,1.008186733252557
group|centralized|centralized|non_iid_label_sub0.05|3|15|0.001|3,Centralized non_iid_label_sub0.05 {group},group,desktop_gpu,centralized,centralized,non_iid_label_sub0.05,node_a,selected_test_macro_specificity,3,0.994097,0.005671880904955605,0.9800072667474432,1.008186733252557
group|centralized|centralized|non_iid_label_sub0.05|3|15|0.001|3,Centralized non_iid_label_sub0.05 {group},group,desktop_gpu,centralized,centralized,non_iid_label_sub0.05,node_a,selected_test_mcc,3,0.9887130000000001,0.00620708216475343,0.9732937531146032,1.004132246885397
group|centralized|centralized|non_iid_label_sub0.05|3|15|0.001|3,Centralized non_iid_label_sub0.05 {group},group,desktop_gpu,centralized,centralized,non_iid_label_sub0.05,node_a,selected_test_n_examples,3,2400.0,0.0,2400.0,2400.0
group|centralized|centralized|non_iid_label_sub0.05|3|15|0.001|3,Centralized non_iid_label_sub0.05 {group},group,desktop_gpu,centralized,centralized,non_iid_label_sub0.05,node_a,selected_test_precision,3,0.9975773333333334,0.0029480546693257262,0.9902539595529597,1.004900707113707
group|centralized|centralized|non_iid_label_sub0.05|3|15|0.001|3,Centralized non_iid_label_sub0.05 {group},group,desktop_gpu,centralized,centralized,non_iid_label_sub0.05,node_a,selected_test_recall,3,0.9979166666666667,0.0005205000800512614,0.9966236727888422,0.9992096605444911
group|centralized|centralized|non_iid_label_sub0.05|3|15|0.001|3,Centralized non_iid_label_sub0.05 {group},group,desktop_gpu,centralized,centralized,non_iid_label_sub0.05,node_a,selected_test_roc_auc,3,0.9998276666666666,2.8112867753639745e-05,0.9997578304316943,0.9998975029016388
group|centralized|centralized|non_iid_label_sub0.05|3|15|0.001|3,Centralized non_iid_label_sub0.05 {group},group,desktop_gpu,centralized,centralized,non_iid_label_sub0.05,node_a,selected_test_specificity,3,0.9902776666666666,0.011846520431474085,0.960849278509821,1.0197060548235122
group|centralized|centralized|non_iid_label_sub0.05|3|15|0.001|3,Centralized non_iid_label_sub0.05 {group},group,desktop_gpu,centralized,centralized,non_iid_label_sub0.05,node_a,selected_test_tn,3,475.3333333333333,5.686240703077327,461.20792836472924,489.4587383019374
group|centralized|centralized|non_iid_label_sub0.05|3|15|0.001|3,Centralized non_iid_label_sub0.05 {group},group,desktop_gpu,centralized,centralized,non_iid_label_sub0.05,node_a,selected_test_tp,3,1916.0,1.0,1913.5158622882498,1918.4841377117502
group|centralized|centralized|non_iid_label_sub0.05|3|15|0.001|3,Centralized non_iid_label_sub0.05 {group},group,desktop_gpu,centralized,centralized,non_iid_label_sub0.05,node_b,selected_test_accuracy,3,0.8533499999999999,0.06508448553226799,0.6916711750394242,1.0150288249605757
group|centralized|centralized|non_iid_label_sub0.05|3|15|0.001|3,Centralized non_iid_label_sub0.05 {group},group,desktop_gpu,centralized,centralized,non_iid_label_sub0.05,node_b,selected_test_balanced_accuracy,3,0.8640803333333333,0.02689180556105028,0.7972773850020711,0.9308832816645956
group|centralized|centralized|non_iid_label_sub0.05|3|15|0.001|3,Centralized non_iid_label_sub0.05 {group},group,desktop_gpu,centralized,centralized,non_iid_label_sub0.05,node_b,selected_test_f1,3,0.9096303333333333,0.04538492565085165,0.7968879279790678,1.0223727386875987
group|centralized|centralized|non_iid_label_sub0.05|3|15|0.001|3,Centralized non_iid_label_sub0.05 {group},group,desktop_gpu,centralized,centralized,non_iid_label_sub0.05,node_b,selected_test_fn,3,318.0,180.35797736723487,-130.03405319296064,766.0340531929606
group|centralized|centralized|non_iid_label_sub0.05|3|15|0.001|3,Centralized non_iid_label_sub0.05 {group},group,desktop_gpu,centralized,centralized,non_iid_label_sub0.05,node_b,selected_test_fp,3,33.666666666666664,29.022979401386987,-38.43041097167177,105.7637443050051
group|centralized|centralized|non_iid_label_sub0.05|3|15|0.001|3,Centralized non_iid_label_sub0.05 {group},group,desktop_gpu,centralized,centralized,non_iid_label_sub0.05,node_b,selected_test_loss,3,0.3333013333333334,0.13717285542822724,-0.007454929864401882,0.6740575965310687
group|centralized|centralized|non_iid_label_sub0.05|3|15|0.001|3,Centralized non_iid_label_sub0.05 {group},group,desktop_gpu,centralized,centralized,non_iid_label_sub0.05,node_b,selected_test_macro_f1,3,0.7505466666666667,0.06244947521263357,0.5954135702119462,0.9056797631213872
group|centralized|centralized|non_iid_label_sub0.05|3|15|0.001|3,Centralized non_iid_label_sub0.05 {group},group,desktop_gpu,centralized,centralized,non_iid_label_sub0.05,node_b,selected_test_macro_precision,3,0.719811,0.04670835823490265,0.6037810058547342,0.8358409941452658
group|centralized|centralized|non_iid_label_sub0.05|3|15|0.001|3,Centralized non_iid_label_sub0.05 {group},group,desktop_gpu,centralized,centralized,non_iid_label_sub0.05,node_b,selected_test_macro_recall,3,0.8640803333333333,0.02689180556105028,0.7972773850020711,0.9308832816645956
group|centralized|centralized|non_iid_label_sub0.05|3|15|0.001|3,Centralized non_iid_label_sub0.05 {group},group,desktop_gpu,centralized,centralized,non_iid_label_sub0.05,node_b,selected_test_macro_specificity,3,0.8640803333333333,0.02689180556105028,0.7972773850020711,0.9308832816645956
group|centralized|centralized|non_iid_label_sub0.05|3|15|0.001|3,Centralized non_iid_label_sub0.05 {group},group,desktop_gpu,centralized,centralized,non_iid_label_sub0.05,node_b,selected_test_mcc,3,0.563548,0.0691711951320779,0.3917172256055645,0.7353787743944356
group|centralized|centralized|non_iid_label_sub0.05|3|15|0.001|3,Centralized non_iid_label_sub0.05 {group},group,desktop_gpu,centralized,centralized,non_iid_label_sub0.05,node_b,selected_test_n_examples,3,2398.0,0.0,2398.0,2398.0
group|centralized|centralized|non_iid_label_sub0.05|3|15|0.001|3,Centralized non_iid_label_sub0.05 {group},group,desktop_gpu,centralized,centralized,non_iid_label_sub0.05,node_b,selected_test_precision,3,0.982651,0.014567192351307814,0.9464640881257953,1.0188379118742048
group|centralized|centralized|non_iid_label_sub0.05|3|15|0.001|3,Centralized non_iid_label_sub0.05 {group},group,desktop_gpu,centralized,centralized,non_iid_label_sub0.05,node_b,selected_test_recall,3,0.8501413333333333,0.0849939976253225,0.6390045385598517,1.0612781281068149
group|centralized|centralized|non_iid_label_sub0.05|3|15|0.001|3,Centralized non_iid_label_sub0.05 {group},group,desktop_gpu,centralized,centralized,non_iid_label_sub0.05,node_b,selected_test_roc_auc,3,0.9492970000000001,0.01954969951175722,0.9007328541894569,0.9978611458105432
group|centralized|centralized|non_iid_label_sub0.05|3|15|0.001|3,Centralized non_iid_label_sub0.05 {group},group,desktop_gpu,centralized,centralized,non_iid_label_sub0.05,node_b,selected_test_specificity,3,0.878019,0.10515576150168855,0.6167976072458319,1.139240392754168
group|centralized|centralized|non_iid_label_sub0.05|3|15|0.001|3,Centralized non_iid_label_sub0.05 {group},group,desktop_gpu,centralized,centralized,non_iid_label_sub0.05,node_b,selected_test_tn,3,242.33333333333334,29.022979401386987,170.2362556949949,314.4304109716718
group|centralized|centralized|non_iid_label_sub0.05|3|15|0.001|3,Centralized non_iid_label_sub0.05 {group},group,desktop_gpu,centralized,centralized,non_iid_label_sub0.05,node_b,selected_test_tp,3,1804.0,180.35797736723487,1355.9659468070395,2252.0340531929605
group|centralized|centralized|non_iid_label_sub0.05|3|15|0.001|3,Centralized non_iid_label_sub0.05 {group},group,desktop_gpu,centralized,centralized,non_iid_label_sub0.05,node_c,selected_test_accuracy,3,0.9090276666666667,0.06702303846688344,0.7425332092549886,1.0755221240783448
group|centralized|centralized|non_iid_label_sub0.05|3|15|0.001|3,Centralized non_iid_label_sub0.05 {group},group,desktop_gpu,centralized,centralized,non_iid_label_sub0.05,node_c,selected_test_balanced_accuracy,3,0.8233506666666667,0.08915860377065879,0.601868416712968,1.0448329166203654
group|centralized|centralized|non_iid_label_sub0.05|3|15|0.001|3,Centralized non_iid_label_sub0.05 {group},group,desktop_gpu,centralized,centralized,non_iid_label_sub0.05,node_c,selected_test_f1,3,0.7546873333333334,0.1662754645320029,0.3416361813505805,1.1677384853160864
group|centralized|centralized|non_iid_label_sub0.05|3|15|0.001|3,Centralized non_iid_label_sub0.05 {group},group,desktop_gpu,centralized,centralized,non_iid_label_sub0.05,node_c,selected_test_fn,3,153.33333333333334,62.002688113769175,-0.689882439974582,307.3565491066413
group|centralized|centralized|non_iid_label_sub0.05|3|15|0.001|3,Centralized non_iid_label_sub0.05 {group},group,desktop_gpu,centralized,centralized,non_iid_label_sub0.05,node_c,selected_test_fp,3,65.0,103.94229168149026,-193.2069666117426,323.2069666117426
group|centralized|centralized|non_iid_label_sub0.05|3|15|0.001|3,Centralized non_iid_label_sub0.05 {group},group,desktop_gpu,centralized,centralized,non_iid_label_sub0.05,node_c,selected_test_loss,3,0.21437933333333334,0.1359287329461043,-0.12328635828852388,0.5520450249551906
group|centralized|centralized|non_iid_label_sub0.05|3|15|0.001|3,Centralized non_iid_label_sub0.05 {group},group,desktop_gpu,centralized,centralized,non_iid_label_sub0.05,node_c,selected_test_macro_f1,3,0.8493986666666666,0.10404946859226784,0.5909254578490326,1.1078718754843007
group|centralized|centralized|non_iid_label_sub0.05|3|15|0.001|3,Centralized non_iid_label_sub0.05 {group},group,desktop_gpu,centralized,centralized,non_iid_label_sub0.05,node_c,selected_test_macro_precision,3,0.8883556666666665,0.12950982342020753,0.566635430266403,1.2100759030669301
group|centralized|centralized|non_iid_label_sub0.05|3|15|0.001|3,Centralized non_iid_label_sub0.05 {group},group,desktop_gpu,centralized,centralized,non_iid_label_sub0.05,node_c,selected_test_macro_recall,3,0.8233506666666667,0.08915860377065879,0.601868416712968,1.0448329166203654
group|centralized|centralized|non_iid_label_sub0.05|3|15|0.001|3,Centralized non_iid_label_sub0.05 {group},group,desktop_gpu,centralized,centralized,non_iid_label_sub0.05,node_c,selected_test_macro_specificity,3,0.8233506666666667,0.08915860377065879,0.601868416712968,1.0448329166203654
group|centralized|centralized|non_iid_label_sub0.05|3|15|0.001|3,Centralized non_iid_label_sub0.05 {group},group,desktop_gpu,centralized,centralized,non_iid_label_sub0.05,node_c,selected_test_mcc,3,0.707973,0.21383370755566108,0.1767806230175908,1.2391653769824091
group|centralized|centralized|non_iid_label_sub0.05|3|15|0.001|3,Centralized non_iid_label_sub0.05 {group},group,desktop_gpu,centralized,centralized,non_iid_label_sub0.05,node_c,selected_test_n_examples,3,2400.0,0.0,2400.0,2400.0
group|centralized|centralized|non_iid_label_sub0.05|3|15|0.001|3,Centralized non_iid_label_sub0.05 {group},group,desktop_gpu,centralized,centralized,non_iid_label_sub0.05,node_c,selected_test_precision,3,0.853405,0.2291750674659004,0.28410257231503055,1.4227074276849694
group|centralized|centralized|non_iid_label_sub0.05|3|15|0.001|3,Centralized non_iid_label_sub0.05 {group},group,desktop_gpu,centralized,centralized,non_iid_label_sub0.05,node_c,selected_test_recall,3,0.6805556666666667,0.12917259843067855,0.35967314358023655,1.0014381897530968
group|centralized|centralized|non_iid_label_sub0.05|3|15|0.001|3,Centralized non_iid_label_sub0.05 {group},group,desktop_gpu,centralized,centralized,non_iid_label_sub0.05,node_c,selected_test_roc_auc,3,0.9530163333333332,0.05349476760705975,0.8201279637393162,1.0859047029273503
group|centralized|centralized|non_iid_label_sub0.05|3|15|0.001|3,Centralized non_iid_label_sub0.05 {group},group,desktop_gpu,centralized,centralized,non_iid_label_sub0.05,node_c,selected_test_specificity,3,0.9661456666666667,0.05413631842241708,0.8316635964982162,1.1006277368351172
group|centralized|centralized|non_iid_label_sub0.05|3|15|0.001|3,Centralized non_iid_label_sub0.05 {group},group,desktop_gpu,centralized,centralized,non_iid_label_sub0.05,node_c,selected_test_tn,3,1855.0,103.94229168149026,1596.7930333882573,2113.2069666117427
group|centralized|centralized|non_iid_label_sub0.05|3|15|0.001|3,Centralized non_iid_label_sub0.05 {group},group,desktop_gpu,centralized,centralized,non_iid_label_sub0.05,node_c,selected_test_tp,3,326.6666666666667,62.002688113769175,172.64345089335876,480.6898824399746
group|local|local_only|non_iid_label_sub0.05|3|15||3,Local-only non_iid_label_sub0.05 {group},group,desktop_gpu,local,local_only,non_iid_label_sub0.05,node_a,selected_test_accuracy,3,0.9626389999999999,0.02695889189117383,0.8956693999861348,1.029608600013865
group|local|local_only|non_iid_label_sub0.05|3|15||3,Local-only non_iid_label_sub0.05 {group},group,desktop_gpu,local,local_only,non_iid_label_sub0.05,node_a,selected_test_balanced_accuracy,3,0.9717013333333333,0.022050042388470196,0.9169259914904412,1.0264766751762255
group|local|local_only|non_iid_label_sub0.05|3|15||3,Local-only non_iid_label_sub0.05 {group},group,desktop_gpu,local,local_only,non_iid_label_sub0.05,node_a,selected_test_f1,3,0.9760106666666667,0.01765413235855369,0.9321553707065516,1.0198659626267816
group|local|local_only|non_iid_label_sub0.05|3|15||3,Local-only non_iid_label_sub0.05 {group},group,desktop_gpu,local,local_only,non_iid_label_sub0.05,node_a,selected_test_fn,3,83.33333333333333,58.045958802773974,-60.86082194334354,227.5274886100102
group|local|local_only|non_iid_label_sub0.05|3|15||3,Local-only non_iid_label_sub0.05 {group},group,desktop_gpu,local,local_only,non_iid_label_sub0.05,node_a,selected_test_fp,3,6.333333333333333,6.658328118479393,-10.20687064298895,22.873537309655614
group|local|local_only|non_iid_label_sub0.05|3|15||3,Local-only non_iid_label_sub0.05 {group},group,desktop_gpu,local,local_only,non_iid_label_sub0.05,node_a,selected_test_loss,3,0.10839399999999999,0.08949032216390775,-0.11391228412404963,0.3307002841240496
group|local|local_only|non_iid_label_sub0.05|3|15||3,Local-only non_iid_label_sub0.05 {group},group,desktop_gpu,local,local_only,non_iid_label_sub0.05,node_a,selected_test_macro_f1,3,0.9457076666666667,0.03715841479844552,0.8534010471569866,1.0380142861763468
group|local|local_only|non_iid_label_sub0.05|3|15||3,Local-only non_iid_label_sub0.05 {group},group,desktop_gpu,local,local_only,non_iid_label_sub0.05,node_a,selected_test_macro_precision,3,0.926103,0.04515832748231495,0.8139234957016102,1.0382825042983899
group|local|local_only|non_iid_label_sub0.05|3|15||3,Local-only non_iid_label_sub0.05 {group},group,desktop_gpu,local,local_only,non_iid_label_sub0.05,node_a,selected_test_macro_recall,3,0.9717013333333333,0.022050042388470196,0.9169259914904412,1.0264766751762255
group|local|local_only|non_iid_label_sub0.05|3|15||3,Local-only non_iid_label_sub0.05 {group},group,desktop_gpu,local,local_only,non_iid_label_sub0.05,node_a,selected_test_macro_specificity,3,0.9717013333333333,0.022050042388470196,0.9169259914904412,1.0264766751762255
group|local|local_only|non_iid_label_sub0.05|3|15||3,Local-only non_iid_label_sub0.05 {group},group,desktop_gpu,local,local_only,non_iid_label_sub0.05,node_a,selected_test_mcc,3,0.8963706666666665,0.06870909256665624,0.7256878186816915,1.0670535146516416
group|local|local_only|non_iid_label_sub0.05|3|15||3,Local-only non_iid_label_sub0.05 {group},group,desktop_gpu,local,local_only,non_iid_label_sub0.05,node_a,selected_test_n_examples,3,2400.0,0.0,2400.0,2400.0
group|local|local_only|non_iid_label_sub0.05|3|15||3,Local-only non_iid_label_sub0.05 {group},group,desktop_gpu,local,local_only,non_iid_label_sub0.05,node_a,selected_test_precision,3,0.9964933333333333,0.00376945915660764,0.9871294776895017,1.005857188977165
group|local|local_only|non_iid_label_sub0.05|3|15||3,Local-only non_iid_label_sub0.05 {group},group,desktop_gpu,local,local_only,non_iid_label_sub0.05,node_a,selected_test_recall,3,0.9565969999999999,0.030232078790582696,0.8814963529717061,1.0316976470282937
group|local|local_only|non_iid_label_sub0.05|3|15||3,Local-only non_iid_label_sub0.05 {group},group,desktop_gpu,local,local_only,non_iid_label_sub0.05,node_a,selected_test_roc_auc,3,0.997229,0.003028497812447643,0.9897057943741454,1.0047522056258547
group|local|local_only|non_iid_label_sub0.05|3|15||3,Local-only non_iid_label_sub0.05 {group},group,desktop_gpu,local,local_only,non_iid_label_sub0.05,node_a,selected_test_selected_epoch,3,11.333333333333334,2.0816659994661326,6.1621883207910715,16.504478345875597
group|local|local_only|non_iid_label_sub0.05|3|15||3,Local-only non_iid_label_sub0.05 {group},group,desktop_gpu,local,local_only,non_iid_label_sub0.05,node_a,selected_test_selected_val_loss,3,0.22313779069102643,0.04887189306110375,0.10173327809330934,0.3445423032887435
group|local|local_only|non_iid_label_sub0.05|3|15||3,Local-only non_iid_label_sub0.05 {group},group,desktop_gpu,local,local_only,non_iid_label_sub0.05,node_a,selected_test_specificity,3,0.9868053333333333,0.01387160035227854,0.952346367775909,1.0212642988907576
group|local|local_only|non_iid_label_sub0.05|3|15||3,Local-only non_iid_label_sub0.05 {group},group,desktop_gpu,local,local_only,non_iid_label_sub0.05,node_a,selected_test_tn,3,473.6666666666667,6.658328118479393,457.1264626903444,490.206870642989
group|local|local_only|non_iid_label_sub0.05|3|15||3,Local-only non_iid_label_sub0.05 {group},group,desktop_gpu,local,local_only,non_iid_label_sub0.05,node_a,selected_test_tp,3,1836.6666666666667,58.045958802773974,1692.47251138999,1980.8608219433436
group|local|local_only|non_iid_label_sub0.05|3|15||3,Local-only non_iid_label_sub0.05 {group},group,desktop_gpu,local,local_only,non_iid_label_sub0.05,node_b,selected_test_accuracy,3,0.9356410000000001,0.0012037753112603077,0.9326506563528243,0.9386313436471758
group|local|local_only|non_iid_label_sub0.05|3|15||3,Local-only non_iid_label_sub0.05 {group},group,desktop_gpu,local,local_only,non_iid_label_sub0.05,node_b,selected_test_balanced_accuracy,3,0.7671640000000001,0.009524433211483002,0.7435039962763078,0.7908240037236923
group|local|local_only|non_iid_label_sub0.05|3|15||3,Local-only non_iid_label_sub0.05 {group},group,desktop_gpu,local,local_only,non_iid_label_sub0.05,node_b,selected_test_f1,3,0.96443,0.00071450472356731,0.9626550718709627,0.9662049281290374
group|local|local_only|non_iid_label_sub0.05|3|15||3,Local-only non_iid_label_sub0.05 {group},group,desktop_gpu,local,local_only,non_iid_label_sub0.05,node_b,selected_test_fn,3,29.666666666666668,7.234178138070235,11.695971940366611,47.637361392966724
group|local|local_only|non_iid_label_sub0.05|3|15||3,Local-only non_iid_label_sub0.05 {group},group,desktop_gpu,local,local_only,non_iid_label_sub0.05,node_b,selected_test_fp,3,124.66666666666667,6.110100926607786,109.48833453227964,139.84499880105372
group|local|local_only|non_iid_label_sub0.05|3|15||3,Local-only non_iid_label_sub0.05 {group},group,desktop_gpu,local,local_only,non_iid_label_sub0.05,node_b,selected_test_loss,3,0.6488113333333333,0.13681183084197557,0.3089519049251748,0.9886707617414918
group|local|local_only|non_iid_label_sub0.05|3|15||3,Local-only non_iid_label_sub0.05 {group},group,desktop_gpu,local,local_only,non_iid_label_sub0.05,node_b,selected_test_macro_f1,3,0.8132929999999999,0.004683264993570205,0.8016591248153521,0.8249268751846478
group|local|local_only|non_iid_label_sub0.05|3|15||3,Local-only non_iid_label_sub0.05 {group},group,desktop_gpu,local,local_only,non_iid_label_sub0.05,node_b,selected_test_macro_precision,3,0.890572,0.012639513875145657,0.8591737069245592,0.9219702930754409
group|local|local_only|non_iid_label_sub0.05|3|15||3,Local-only non_iid_label_sub0.05 {group},group,desktop_gpu,local,local_only,non_iid_label_sub0.05,node_b,selected_test_macro_recall,3,0.7671640000000001,0.009524433211483002,0.7435039962763078,0.7908240037236923
group|local|local_only|non_iid_label_sub0.05|3|15||3,Local-only non_iid_label_sub0.05 {group},group,desktop_gpu,local,local_only,non_iid_label_sub0.05,node_b,selected_test_macro_specificity,3,0.7671640000000001,0.009524433211483002,0.7435039962763078,0.7908240037236923
group|local|local_only|non_iid_label_sub0.05|3|15||3,Local-only non_iid_label_sub0.05 {group},group,desktop_gpu,local,local_only,non_iid_label_sub0.05,node_b,selected_test_mcc,3,0.6458283333333333,0.006644761646088855,0.6293218303426918,0.6623348363239748
group|local|local_only|non_iid_label_sub0.05|3|15||3,Local-only non_iid_label_sub0.05 {group},group,desktop_gpu,local,local_only,non_iid_label_sub0.05,node_b,selected_test_n_examples,3,2398.0,0.0,2398.0,2398.0
group|local|local_only|non_iid_label_sub0.05|3|15||3,Local-only non_iid_label_sub0.05 {group},group,desktop_gpu,local,local_only,non_iid_label_sub0.05,node_b,selected_test_precision,3,0.943777,0.002438827382165482,0.9377186169275133,0.9498353830724866
group|local|local_only|non_iid_label_sub0.05|3|15||3,Local-only non_iid_label_sub0.05 {group},group,desktop_gpu,local,local_only,non_iid_label_sub0.05,node_b,selected_test_recall,3,0.9860193333333332,0.0034093483737121164,0.9775500424657003,0.9944886242009662
group|local|local_only|non_iid_label_sub0.05|3|15||3,Local-only non_iid_label_sub0.05 {group},group,desktop_gpu,local,local_only,non_iid_label_sub0.05,node_b,selected_test_roc_auc,3,0.842657,0.06060989661763164,0.6920936701068525,0.9932203298931475
group|local|local_only|non_iid_label_sub0.05|3|15||3,Local-only non_iid_label_sub0.05 {group},group,desktop_gpu,local,local_only,non_iid_label_sub0.05,node_b,selected_test_selected_epoch,3,4.0,2.6457513110645907,-2.572410607728428,10.572410607728429
group|local|local_only|non_iid_label_sub0.05|3|15||3,Local-only non_iid_label_sub0.05 {group},group,desktop_gpu,local,local_only,non_iid_label_sub0.05,node_b,selected_test_selected_val_loss,3,0.14806079937740554,0.03307284743911452,0.06590329181893584,0.23021830693587525
group|local|local_only|non_iid_label_sub0.05|3|15||3,Local-only non_iid_label_sub0.05 {group},group,desktop_gpu,local,local_only,non_iid_label_sub0.05,node_b,selected_test_specificity,3,0.5483093333333333,0.02213798674977771,0.4933155255859814,0.6033031410806853
group|local|local_only|non_iid_label_sub0.05|3|15||3,Local-only non_iid_label_sub0.05 {group},group,desktop_gpu,local,local_only,non_iid_label_sub0.05,node_b,selected_test_tn,3,151.33333333333334,6.110100926607786,136.1550011989463,166.51166546772038
group|local|local_only|non_iid_label_sub0.05|3|15||3,Local-only non_iid_label_sub0.05 {group},group,desktop_gpu,local,local_only,non_iid_label_sub0.05,node_b,selected_test_tp,3,2092.3333333333335,7.234178138070235,2074.362638607033,2110.3040280596338
group|local|local_only|non_iid_label_sub0.05|3|15||3,Local-only non_iid_label_sub0.05 {group},group,desktop_gpu,local,local_only,non_iid_label_sub0.05,node_c,selected_test_accuracy,3,0.946111,0.010995133605372876,0.9187975739651599,0.9734244260348401
group|local|local_only|non_iid_label_sub0.05|3|15||3,Local-only non_iid_label_sub0.05 {group},group,desktop_gpu,local,local_only,non_iid_label_sub0.05,node_c,selected_test_balanced_accuracy,3,0.9056426666666667,0.02074556739000725,0.8541078203614918,0.9571775129718416
group|local|local_only|non_iid_label_sub0.05|3|15||3,Local-only non_iid_label_sub0.05 {group},group,desktop_gpu,local,local_only,non_iid_label_sub0.05,node_c,selected_test_f1,3,0.861385,0.028951918917405076,0.7894644463897362,0.9333055536102637
group|local|local_only|non_iid_label_sub0.05|3|15||3,Local-only non_iid_label_sub0.05 {group},group,desktop_gpu,local,local_only,non_iid_label_sub0.05,node_c,selected_test_fn,3,77.66666666666667,19.00876990584434,30.446264489573984,124.88706884375935
group|local|local_only|non_iid_label_sub0.05|3|15||3,Local-only non_iid_label_sub0.05 {group},group,desktop_gpu,local,local_only,non_iid_label_sub0.05,node_c,selected_test_fp,3,51.666666666666664,16.072751268321593,11.739739109446049,91.59359422388728
group|local|local_only|non_iid_label_sub0.05|3|15||3,Local-only non_iid_label_sub0.05 {group},group,desktop_gpu,local,local_only,non_iid_label_sub0.05,node_c,selected_test_loss,3,0.14617066666666667,0.04542905548581583,0.03331863672515335,0.25902269660818
group|local|local_only|non_iid_label_sub0.05|3|15||3,Local-only non_iid_label_sub0.05 {group},group,desktop_gpu,local,local_only,non_iid_label_sub0.05,node_c,selected_test_macro_f1,3,0.9139673333333334,0.017841861123025597,0.8696456932698133,0.9582889733968534
group|local|local_only|non_iid_label_sub0.05|3|15||3,Local-only non_iid_label_sub0.05 {group},group,desktop_gpu,local,local_only,non_iid_label_sub0.05,node_c,selected_test_macro_precision,3,0.9234209999999999,0.01769575375619812,0.8794623107563806,0.9673796892436193
group|local|local_only|non_iid_label_sub0.05|3|15||3,Local-only non_iid_label_sub0.05 {group},group,desktop_gpu,local,local_only,non_iid_label_sub0.05,node_c,selected_test_macro_recall,3,0.9056426666666667,0.02074556739000725,0.8541078203614918,0.9571775129718416
group|local|local_only|non_iid_label_sub0.05|3|15||3,Local-only non_iid_label_sub0.05 {group},group,desktop_gpu,local,local_only,non_iid_label_sub0.05,node_c,selected_test_macro_specificity,3,0.9056426666666667,0.02074556739000725,0.8541078203614918,0.9571775129718416
group|local|local_only|non_iid_label_sub0.05|3|15||3,Local-only non_iid_label_sub0.05 {group},group,desktop_gpu,local,local_only,non_iid_label_sub0.05,node_c,selected_test_mcc,3,0.8287646666666667,0.03522422323250483,0.7412628453676894,0.916266487965644
group|local|local_only|non_iid_label_sub0.05|3|15||3,Local-only non_iid_label_sub0.05 {group},group,desktop_gpu,local,local_only,non_iid_label_sub0.05,node_c,selected_test_n_examples,3,2400.0,0.0,2400.0,2400.0
group|local|local_only|non_iid_label_sub0.05|3|15||3,Local-only non_iid_label_sub0.05 {group},group,desktop_gpu,local,local_only,non_iid_label_sub0.05,node_c,selected_test_precision,3,0.8866999999999999,0.03141709318189704,0.8086556140332753,0.9647443859667245
group|local|local_only|non_iid_label_sub0.05|3|15||3,Local-only non_iid_label_sub0.05 {group},group,desktop_gpu,local,local_only,non_iid_label_sub0.05,node_c,selected_test_recall,3,0.8381943333333334,0.039601264946126806,0.7398193376476434,0.9365693290190233
group|local|local_only|non_iid_label_sub0.05|3|15||3,Local-only non_iid_label_sub0.05 {group},group,desktop_gpu,local,local_only,non_iid_label_sub0.05,node_c,selected_test_roc_auc,3,0.979102,0.015106913086398568,0.9415743474939428,1.0166296525060572
group|local|local_only|non_iid_label_sub0.05|3|15||3,Local-only non_iid_label_sub0.05 {group},group,desktop_gpu,local,local_only,non_iid_label_sub0.05,node_c,selected_test_selected_epoch,3,10.333333333333334,5.033222956847166,-2.1698856254182157,22.836552292084882
group|local|local_only|non_iid_label_sub0.05|3|15||3,Local-only non_iid_label_sub0.05 {group},group,desktop_gpu,local,local_only,non_iid_label_sub0.05,node_c,selected_test_selected_val_loss,3,0.045646974690674476,0.008276335621251735,0.025087417258820445,0.0662065321225285
group|local|local_only|non_iid_label_sub0.05|3|15||3,Local-only non_iid_label_sub0.05 {group},group,desktop_gpu,local,local_only,non_iid_label_sub0.05,node_c,selected_test_specificity,3,0.9730903333333334,0.008371051805677316,0.9522954878558347,0.993885178810832
group|local|local_only|non_iid_label_sub0.05|3|15||3,Local-only non_iid_label_sub0.05 {group},group,desktop_gpu,local,local_only,non_iid_label_sub0.05,node_c,selected_test_tn,3,1868.3333333333333,16.072751268321593,1828.4064057761127,1908.2602608905538
group|local|local_only|non_iid_label_sub0.05|3|15||3,Local-only non_iid_label_sub0.05 {group},group,desktop_gpu,local,local_only,non_iid_label_sub0.05,node_c,selected_test_tp,3,402.3333333333333,19.008769905844336,355.1129311562406,449.553735510426
group|fl|fedavg|dirichlet_0.1|3|5|0.001|3,FedAvg dirichlet_0.1 [3N] {group},group,heterogeneous,fl,fedavg,dirichlet_0.1,node_a,selected_test_accuracy,3,0.9764513285480417,0.008296973383719493,0.9558405040721554,0.9970621530239281
group|fl|fedavg|dirichlet_0.1|3|5|0.001|3,FedAvg dirichlet_0.1 [3N] {group},group,heterogeneous,fl,fedavg,dirichlet_0.1,node_a,selected_test_balanced_accuracy,3,0.9088972991554282,0.03523299470578683,0.8213736883088834,0.996420910001973
group|fl|fedavg|dirichlet_0.1|3|5|0.001|3,FedAvg dirichlet_0.1 [3N] {group},group,heterogeneous,fl,fedavg,dirichlet_0.1,node_a,selected_test_f1,3,0.886448441029593,0.0428252983943247,0.7800645022712901,0.9928323797878958
group|fl|fedavg|dirichlet_0.1|3|5|0.001|3,FedAvg dirichlet_0.1 [3N] {group},group,heterogeneous,fl,fedavg,dirichlet_0.1,node_a,selected_test_fn,3,53.333333333333336,21.1266025033211,0.8519433336744697,105.8147233329922
group|fl|fedavg|dirichlet_0.1|3|5|0.001|3,FedAvg dirichlet_0.1 [3N] {group},group,heterogeneous,fl,fedavg,dirichlet_0.1,node_a,selected_test_fp,3,9.0,7.937253933193772,-10.717231823185283,28.717231823185283
group|fl|fedavg|dirichlet_0.1|3|5|0.001|3,FedAvg dirichlet_0.1 [3N] {group},group,heterogeneous,fl,fedavg,dirichlet_0.1,node_a,selected_test_loss,3,0.1379948853658288,0.04008316080483215,0.03842279400439254,0.23756697672726507
group|fl|fedavg|dirichlet_0.1|3|5|0.001|3,FedAvg dirichlet_0.1 [3N] {group},group,heterogeneous,fl,fedavg,dirichlet_0.1,node_a,selected_test_macro_f1,3,0.9366550188518049,0.02369824168817154,0.8777853229720441,0.9955247147315657
group|fl|fedavg|dirichlet_0.1|3|5|0.001|3,FedAvg dirichlet_0.1 [3N] {group},group,heterogeneous,fl,fedavg,dirichlet_0.1,node_a,selected_test_macro_precision,3,0.9715520200622402,0.015529424457778449,0.9329747911248948,1.0101292489995854
group|fl|fedavg|dirichlet_0.1|3|5|0.001|3,FedAvg dirichlet_0.1 [3N] {group},group,heterogeneous,fl,fedavg,dirichlet_0.1,node_a,selected_test_macro_recall,3,0.9088972991554282,0.03523299470578683,0.8213736883088834,0.996420910001973
group|fl|fedavg|dirichlet_0.1|3|5|0.001|3,FedAvg dirichlet_0.1 [3N] {group},group,heterogeneous,fl,fedavg,dirichlet_0.1,node_a,selected_test_macro_specificity,3,0.9088972991554282,0.03523299470578683,0.8213736883088834,0.996420910001973
group|fl|fedavg|dirichlet_0.1|3|5|0.001|3,FedAvg dirichlet_0.1 [3N] {group},group,heterogeneous,fl,fedavg,dirichlet_0.1,node_a,selected_test_mcc,3,0.8777129704345331,0.04424622251971257,0.7677992604708184,0.9876266803982479
group|fl|fedavg|dirichlet_0.1|3|5|0.001|3,FedAvg dirichlet_0.1 [3N] {group},group,heterogeneous,fl,fedavg,dirichlet_0.1,node_a,selected_test_n_examples,3,2647.0,0.0,2647.0,2647.0
group|fl|fedavg|dirichlet_0.1|3|5|0.001|3,FedAvg dirichlet_0.1 [3N] {group},group,heterogeneous,fl,fedavg,dirichlet_0.1,node_a,selected_test_precision,3,0.9653454119528067,0.030037948363978374,0.8907270116382389,1.0399638122673744
group|fl|fedavg|dirichlet_0.1|3|5|0.001|3,FedAvg dirichlet_0.1 [3N] {group},group,heterogeneous,fl,fedavg,dirichlet_0.1,node_a,selected_test_recall,3,0.8216276477146042,0.07065753345592336,0.6461046042374843,0.9971506911917241
group|fl|fedavg|dirichlet_0.1|3|5|0.001|3,FedAvg dirichlet_0.1 [3N] {group},group,heterogeneous,fl,fedavg,dirichlet_0.1,node_a,selected_test_roc_auc,3,0.9845913598043069,0.009848146062783579,0.9601272087789207,1.009055510829693
group|fl|fedavg|dirichlet_0.1|3|5|0.001|3,FedAvg dirichlet_0.1 [3N] {group},group,heterogeneous,fl,fedavg,dirichlet_0.1,node_a,selected_test_specificity,3,0.9961669505962522,0.003380431828447063,0.9877694924092056,1.0045644087832986
group|fl|fedavg|dirichlet_0.1|3|5|0.001|3,FedAvg dirichlet_0.1 [3N] {group},group,heterogeneous,fl,fedavg,dirichlet_0.1,node_a,selected_test_tn,3,2339.0,7.937253933193772,2319.282768176815,2358.717231823185
group|fl|fedavg|dirichlet_0.1|3|5|0.001|3,FedAvg dirichlet_0.1 [3N] {group},group,heterogeneous,fl,fedavg,dirichlet_0.1,node_a,selected_test_tp,3,245.66666666666666,21.1266025033211,193.1852766670078,298.14805666632554
group|fl|fedavg|dirichlet_0.1|3|5|0.001|3,FedAvg dirichlet_0.1 [3N] {group},group,heterogeneous,fl,fedavg,dirichlet_0.1,node_b,selected_test_accuracy,3,0.6693702827531824,0.020646443239993345,0.6180816744872023,0.7206588910191626
group|fl|fedavg|dirichlet_0.1|3|5|0.001|3,FedAvg dirichlet_0.1 [3N] {group},group,heterogeneous,fl,fedavg,dirichlet_0.1,node_b,selected_test_balanced_accuracy,3,0.8315541781450873,0.010518737180981454,0.8054241864338209,0.8576841698563537
group|fl|fedavg|dirichlet_0.1|3|5|0.001|3,FedAvg dirichlet_0.1 [3N] {group},group,heterogeneous,fl,fedavg,dirichlet_0.1,node_b,selected_test_f1,3,0.7973035123487477,0.015299912169617838,0.7592964235417322,0.8353106011557633
group|fl|fedavg|dirichlet_0.1|3|5|0.001|3,FedAvg dirichlet_0.1 [3N] {group},group,heterogeneous,fl,fedavg,dirichlet_0.1,node_b,selected_test_fn,3,978.3333333333334,61.09282554714042,826.5703414742978,1130.0963251923688
group|fl|fedavg|dirichlet_0.1|3|5|0.001|3,FedAvg dirichlet_0.1 [3N] {group},group,heterogeneous,fl,fedavg,dirichlet_0.1,node_b,selected_test_fp,3,0.0,0.0,0.0,0.0
group|fl|fedavg|dirichlet_0.1|3|5|0.001|3,FedAvg dirichlet_0.1 [3N] {group},group,heterogeneous,fl,fedavg,dirichlet_0.1,node_b,selected_test_loss,3,0.7527861709887881,0.028983529038773596,0.6807870934839598,0.8247852484936163
group|fl|fedavg|dirichlet_0.1|3|5|0.001|3,FedAvg dirichlet_0.1 [3N] {group},group,heterogeneous,fl,fedavg,dirichlet_0.1,node_b,selected_test_macro_f1,3,0.4492915813928507,0.010424606631109471,0.4233954229303491,0.4751877398553523
group|fl|fedavg|dirichlet_0.1|3|5|0.001|3,FedAvg dirichlet_0.1 [3N] {group},group,heterogeneous,fl,fedavg,dirichlet_0.1,node_b,selected_test_macro_precision,3,0.5266734991776398,0.0015377797571513886,0.5228534424905338,0.5304935558647459
group|fl|fedavg|dirichlet_0.1|3|5|0.001|3,FedAvg dirichlet_0.1 [3N] {group},group,heterogeneous,fl,fedavg,dirichlet_0.1,node_b,selected_test_macro_recall,3,0.8315541781450873,0.010518737180981454,0.8054241864338209,0.8576841698563537
group|fl|fedavg|dirichlet_0.1|3|5|0.001|3,FedAvg dirichlet_0.1 [3N] {group},group,heterogeneous,fl,fedavg,dirichlet_0.1,node_b,selected_test_macro_specificity,3,0.8315541781450873,0.010518737180981454,0.8054241864338209,0.8576841698563537
group|fl|fedavg|dirichlet_0.1|3|5|0.001|3,FedAvg dirichlet_0.1 [3N] {group},group,heterogeneous,fl,fedavg,dirichlet_0.1,node_b,selected_test_mcc,3,0.18807124428843847,0.008411715492616153,0.16717538461271617,0.20896710396416077
group|fl|fedavg|dirichlet_0.1|3|5|0.001|3,FedAvg dirichlet_0.1 [3N] {group},group,heterogeneous,fl,fedavg,dirichlet_0.1,node_b,selected_test_n_examples,3,2959.0,0.0,2959.0,2959.0
group|fl|fedavg|dirichlet_0.1|3|5|0.001|3,FedAvg dirichlet_0.1 [3N] {group},group,heterogeneous,fl,fedavg,dirichlet_0.1,node_b,selected_test_precision,3,1.0,0.0,1.0,1.0
group|fl|fedavg|dirichlet_0.1|3|5|0.001|3,FedAvg dirichlet_0.1 [3N] {group},group,heterogeneous,fl,fedavg,dirichlet_0.1,node_b,selected_test_recall,3,0.6631083562901744,0.02103747436196295,0.6108483728676415,0.7153683397127073
group|fl|fedavg|dirichlet_0.1|3|5|0.001|3,FedAvg dirichlet_0.1 [3N] {group},group,heterogeneous,fl,fedavg,dirichlet_0.1,node_b,selected_test_roc_auc,3,0.8744052091159529,0.08773020788086287,0.6564712912594054,1.0923391269725005
group|fl|fedavg|dirichlet_0.1|3|5|0.001|3,FedAvg dirichlet_0.1 [3N] {group},group,heterogeneous,fl,fedavg,dirichlet_0.1,node_b,selected_test_specificity,3,1.0,0.0,1.0,1.0
group|fl|fedavg|dirichlet_0.1|3|5|0.001|3,FedAvg dirichlet_0.1 [3N] {group},group,heterogeneous,fl,fedavg,dirichlet_0.1,node_b,selected_test_tn,3,55.0,0.0,55.0,55.0
group|fl|fedavg|dirichlet_0.1|3|5|0.001|3,FedAvg dirichlet_0.1 [3N] {group},group,heterogeneous,fl,fedavg,dirichlet_0.1,node_b,selected_test_tp,3,1925.6666666666667,61.09282554714042,1773.9036748076312,2077.429658525702
group|fl|fedavg|dirichlet_0.1|3|5|0.001|3,FedAvg dirichlet_0.1 [3N] {group},group,heterogeneous,fl,fedavg,dirichlet_0.1,node_c,selected_test_accuracy,3,0.8324989570296203,0.0283357988685433,0.7621089304676996,0.902888983591541
group|fl|fedavg|dirichlet_0.1|3|5|0.001|3,FedAvg dirichlet_0.1 [3N] {group},group,heterogeneous,fl,fedavg,dirichlet_0.1,node_c,selected_test_balanced_accuracy,3,0.9035087719298245,0.016323217949506908,0.8629596506443344,0.9440578932153145
group|fl|fedavg|dirichlet_0.1|3|5|0.001|3,FedAvg dirichlet_0.1 [3N] {group},group,heterogeneous,fl,fedavg,dirichlet_0.1,node_c,selected_test_f1,3,0.8929616373280406,0.020113682259835203,0.8429964807042203,0.9429267939518609
group|fl|fedavg|dirichlet_0.1|3|5|0.001|3,FedAvg dirichlet_0.1 [3N] {group},group,heterogeneous,fl,fedavg,dirichlet_0.1,node_c,selected_test_fn,3,267.6666666666667,45.2806065919322,155.1834042207173,380.14992911261606
group|fl|fedavg|dirichlet_0.1|3|5|0.001|3,FedAvg dirichlet_0.1 [3N] {group},group,heterogeneous,fl,fedavg,dirichlet_0.1,node_c,selected_test_fp,3,0.0,0.0,0.0,0.0
group|fl|fedavg|dirichlet_0.1|3|5|0.001|3,FedAvg dirichlet_0.1 [3N] {group},group,heterogeneous,fl,fedavg,dirichlet_0.1,node_c,selected_test_loss,3,0.3791311794898595,0.03453507271046572,0.29334130299175193,0.4649210559879671
group|fl|fedavg|dirichlet_0.1|3|5|0.001|3,FedAvg dirichlet_0.1 [3N] {group},group,heterogeneous,fl,fedavg,dirichlet_0.1,node_c,selected_test_macro_f1,3,0.7532909775146949,0.02982976402588563,0.679189735765379,0.8273922192640107
group|fl|fedavg|dirichlet_0.1|3|5|0.001|3,FedAvg dirichlet_0.1 [3N] {group},group,heterogeneous,fl,fedavg,dirichlet_0.1,node_c,selected_test_macro_precision,3,0.7216920692541592,0.02044932872480064,0.6708931205889026,0.7724910179194158
group|fl|fedavg|dirichlet_0.1|3|5|0.001|3,FedAvg dirichlet_0.1 [3N] {group},group,heterogeneous,fl,fedavg,dirichlet_0.1,node_c,selected_test_macro_recall,3,0.9035087719298245,0.016323217949506908,0.8629596506443344,0.9440578932153145
group|fl|fedavg|dirichlet_0.1|3|5|0.001|3,FedAvg dirichlet_0.1 [3N] {group},group,heterogeneous,fl,fedavg,dirichlet_0.1,node_c,selected_test_macro_specificity,3,0.9035087719298245,0.016323217949506908,0.8629596506443344,0.9440578932153145
group|fl|fedavg|dirichlet_0.1|3|5|0.001|3,FedAvg dirichlet_0.1 [3N] {group},group,heterogeneous,fl,fedavg,dirichlet_0.1,node_c,selected_test_mcc,3,0.5980430172371716,0.03973248059404714,0.4993420638121109,0.6967439706622323
group|fl|fedavg|dirichlet_0.1|3|5|0.001|3,FedAvg dirichlet_0.1 [3N] {group},group,heterogeneous,fl,fedavg,dirichlet_0.1,node_c,selected_test_n_examples,3,1598.0,0.0,1598.0,1598.0
group|fl|fedavg|dirichlet_0.1|3|5|0.001|3,FedAvg dirichlet_0.1 [3N] {group},group,heterogeneous,fl,fedavg,dirichlet_0.1,node_c,selected_test_precision,3,1.0,0.0,1.0,1.0
group|fl|fedavg|dirichlet_0.1|3|5|0.001|3,FedAvg dirichlet_0.1 [3N] {group},group,heterogeneous,fl,fedavg,dirichlet_0.1,node_c,selected_test_recall,3,0.8070175438596491,0.032646435899013865,0.7259193012886689,0.8881157864306293
group|fl|fedavg|dirichlet_0.1|3|5|0.001|3,FedAvg dirichlet_0.1 [3N] {group},group,heterogeneous,fl,fedavg,dirichlet_0.1,node_c,selected_test_roc_auc,3,0.9379615044232669,0.04270134185153032,0.8318854907875377,1.044037518058996
group|fl|fedavg|dirichlet_0.1|3|5|0.001|3,FedAvg dirichlet_0.1 [3N] {group},group,heterogeneous,fl,fedavg,dirichlet_0.1,node_c,selected_test_specificity,3,1.0,0.0,1.0,1.0
group|fl|fedavg|dirichlet_0.1|3|5|0.001|3,FedAvg dirichlet_0.1 [3N] {group},group,heterogeneous,fl,fedavg,dirichlet_0.1,node_c,selected_test_tn,3,211.0,0.0,211.0,211.0
group|fl|fedavg|dirichlet_0.1|3|5|0.001|3,FedAvg dirichlet_0.1 [3N] {group},group,heterogeneous,fl,fedavg,dirichlet_0.1,node_c,selected_test_tp,3,1119.3333333333333,45.28060659193219,1006.8500708873839,1231.8165957792826
group|fl|fedprox_0.01|dirichlet_0.1|3|5|0.001|3,FedProx(mu=0.01) dirichlet_0.1 [3N] {group},group,heterogeneous,fl,fedprox_0.01,dirichlet_0.1,node_a,selected_test_accuracy,3,0.9677622465684422,0.019014820388542353,0.9205268141591051,1.0149976789777793
group|fl|fedprox_0.01|dirichlet_0.1|3|5|0.001|3,FedProx(mu=0.01) dirichlet_0.1 [3N] {group},group,heterogeneous,fl,fedprox_0.01,dirichlet_0.1,node_a,selected_test_balanced_accuracy,3,0.8991352017609332,0.10293598165666243,0.6434280478315779,1.1548423556902885
group|fl|fedprox_0.01|dirichlet_0.1|3|5|0.001|3,FedProx(mu=0.01) dirichlet_0.1 [3N] {group},group,heterogeneous,fl,fedprox_0.01,dirichlet_0.1,node_a,selected_test_f1,3,0.8416345350555877,0.1144742701972938,0.5572646834333933,1.1260043866777822
group|fl|fedprox_0.01|dirichlet_0.1|3|5|0.001|3,FedProx(mu=0.01) dirichlet_0.1 [3N] {group},group,heterogeneous,fl,fedprox_0.01,dirichlet_0.1,node_a,selected_test_fn,3,56.666666666666664,65.22525073415459,-105.36183844041764,218.69517177375096
group|fl|fedprox_0.01|dirichlet_0.1|3|5|0.001|3,FedProx(mu=0.01) dirichlet_0.1 [3N] {group},group,heterogeneous,fl,fedprox_0.01,dirichlet_0.1,node_a,selected_test_fp,3,28.666666666666668,47.05670338361298,-88.22866479921568,145.561998132549
group|fl|fedprox_0.01|dirichlet_0.1|3|5|0.001|3,FedProx(mu=0.01) dirichlet_0.1 [3N] {group},group,heterogeneous,fl,fedprox_0.01,dirichlet_0.1,node_a,selected_test_loss,3,0.2219553843981267,0.10061575978413366,-0.027988018878051968,0.4718987876743054
group|fl|fedprox_0.01|dirichlet_0.1|3|5|0.001|3,FedProx(mu=0.01) dirichlet_0.1 [3N] {group},group,heterogeneous,fl,fedprox_0.01,dirichlet_0.1,node_a,selected_test_macro_f1,3,0.9118121729112368,0.06220191473481552,0.7572940507754031,1.0663302950470706
group|fl|fedprox_0.01|dirichlet_0.1|3|5|0.001|3,FedProx(mu=0.01) dirichlet_0.1 [3N] {group},group,heterogeneous,fl,fedprox_0.01,dirichlet_0.1,node_a,selected_test_macro_precision,3,0.949122233174626,0.05486949302701,0.8128188563216087,1.0854256100276434
group|fl|fedprox_0.01|dirichlet_0.1|3|5|0.001|3,FedProx(mu=0.01) dirichlet_0.1 [3N] {group},group,heterogeneous,fl,fedprox_0.01,dirichlet_0.1,node_a,selected_test_macro_recall,3,0.8991352017609332,0.10293598165666243,0.6434280478315779,1.1548423556902885
group|fl|fedprox_0.01|dirichlet_0.1|3|5|0.001|3,FedProx(mu=0.01) dirichlet_0.1 [3N] {group},group,heterogeneous,fl,fedprox_0.01,dirichlet_0.1,node_a,selected_test_macro_specificity,3,0.8991352017609332,0.10293598165666243,0.6434280478315779,1.1548423556902885
group|fl|fedprox_0.01|dirichlet_0.1|3|5|0.001|3,FedProx(mu=0.01) dirichlet_0.1 [3N] {group},group,heterogeneous,fl,fedprox_0.01,dirichlet_0.1,node_a,selected_test_mcc,3,0.8385667941498097,0.10627378851482233,0.5745680683295604,1.102565519970059
group|fl|fedprox_0.01|dirichlet_0.1|3|5|0.001|3,FedProx(mu=0.01) dirichlet_0.1 [3N] {group},group,heterogeneous,fl,fedprox_0.01,dirichlet_0.1,node_a,selected_test_n_examples,3,2647.0,0.0,2647.0,2647.0
group|fl|fedprox_0.01|dirichlet_0.1|3|5|0.001|3,FedProx(mu=0.01) dirichlet_0.1 [3N] {group},group,heterogeneous,fl,fedprox_0.01,dirichlet_0.1,node_a,selected_test_precision,3,0.9213942197324475,0.12463560951838233,0.6117822019008456,1.2310062375640494
group|fl|fedprox_0.01|dirichlet_0.1|3|5|0.001|3,FedProx(mu=0.01) dirichlet_0.1 [3N] {group},group,heterogeneous,fl,fedprox_0.01,dirichlet_0.1,node_a,selected_test_recall,3,0.810479375696767,0.21814465128479799,0.2685780208235752,1.3523807305699589
group|fl|fedprox_0.01|dirichlet_0.1|3|5|0.001|3,FedProx(mu=0.01) dirichlet_0.1 [3N] {group},group,heterogeneous,fl,fedprox_0.01,dirichlet_0.1,node_a,selected_test_roc_auc,3,0.9891214136084887,0.010343587143527075,0.9634265187104772,1.0148163085065003
group|fl|fedprox_0.01|dirichlet_0.1|3|5|0.001|3,FedProx(mu=0.01) dirichlet_0.1 [3N] {group},group,heterogeneous,fl,fedprox_0.01,dirichlet_0.1,node_a,selected_test_specificity,3,0.9877910278250993,0.020041185427433182,0.9380059633166313,1.0375760923335673
group|fl|fedprox_0.01|dirichlet_0.1|3|5|0.001|3,FedProx(mu=0.01) dirichlet_0.1 [3N] {group},group,heterogeneous,fl,fedprox_0.01,dirichlet_0.1,node_a,selected_test_tn,3,2319.3333333333335,47.056703383612984,2202.438001867451,2436.228664799216
group|fl|fedprox_0.01|dirichlet_0.1|3|5|0.001|3,FedProx(mu=0.01) dirichlet_0.1 [3N] {group},group,heterogeneous,fl,fedprox_0.01,dirichlet_0.1,node_a,selected_test_tp,3,242.33333333333334,65.22525073415459,80.30482822624904,404.3618384404176
group|fl|fedprox_0.01|dirichlet_0.1|3|5|0.001|3,FedProx(mu=0.01) dirichlet_0.1 [3N] {group},group,heterogeneous,fl,fedprox_0.01,dirichlet_0.1,node_b,selected_test_accuracy,3,0.7044046412076151,0.2015626180105094,0.2036953405285824,1.2051139418866479
group|fl|fedprox_0.01|dirichlet_0.1|3|5|0.001|3,FedProx(mu=0.01) dirichlet_0.1 [3N] {group},group,heterogeneous,fl,fedprox_0.01,dirichlet_0.1,node_b,selected_test_balanced_accuracy,3,0.6918388429752067,0.20173307561578255,0.1907061021306603,1.192971583819753
group|fl|fedprox_0.01|dirichlet_0.1|3|5|0.001|3,FedProx(mu=0.01) dirichlet_0.1 [3N] {group},group,heterogeneous,fl,fedprox_0.01,dirichlet_0.1,node_b,selected_test_f1,3,0.8111187814517736,0.1492401352899354,0.4403857332713238,1.1818518296322233
group|fl|fedprox_0.01|dirichlet_0.1|3|5|0.001|3,FedProx(mu=0.01) dirichlet_0.1 [3N] {group},group,heterogeneous,fl,fedprox_0.01,dirichlet_0.1,node_b,selected_test_fn,3,857.0,620.9065952299105,-685.4174886851183,2399.4174886851183
group|fl|fedprox_0.01|dirichlet_0.1|3|5|0.001|3,FedProx(mu=0.01) dirichlet_0.1 [3N] {group},group,heterogeneous,fl,fedprox_0.01,dirichlet_0.1,node_b,selected_test_fp,3,17.666666666666668,30.599564267050166,-58.34686489224049,93.68019822557383
group|fl|fedprox_0.01|dirichlet_0.1|3|5|0.001|3,FedProx(mu=0.01) dirichlet_0.1 [3N] {group},group,heterogeneous,fl,fedprox_0.01,dirichlet_0.1,node_b,selected_test_loss,3,0.45868432268347564,0.2371105723019683,-0.130330991826547,1.0476996371934983
group|fl|fedprox_0.01|dirichlet_0.1|3|5|0.001|3,FedProx(mu=0.01) dirichlet_0.1 [3N] {group},group,heterogeneous,fl,fedprox_0.01,dirichlet_0.1,node_b,selected_test_macro_f1,3,0.43941138119292983,0.07066157041807533,0.26387830934588735,0.6149444530399724
group|fl|fedprox_0.01|dirichlet_0.1|3|5|0.001|3,FedProx(mu=0.01) dirichlet_0.1 [3N] {group},group,heterogeneous,fl,fedprox_0.01,dirichlet_0.1,node_b,selected_test_macro_precision,3,0.5147003544442172,0.019734489543024092,0.46567716474824855,0.5637235441401859
group|fl|fedprox_0.01|dirichlet_0.1|3|5|0.001|3,FedProx(mu=0.01) dirichlet_0.1 [3N] {group},group,heterogeneous,fl,fedprox_0.01,dirichlet_0.1,node_b,selected_test_macro_recall,3,0.6918388429752067,0.20173307561578255,0.1907061021306603,1.192971583819753
group|fl|fedprox_0.01|dirichlet_0.1|3|5|0.001|3,FedProx(mu=0.01) dirichlet_0.1 [3N] {group},group,heterogeneous,fl,fedprox_0.01,dirichlet_0.1,node_b,selected_test_macro_specificity,3,0.6918388429752067,0.20173307561578255,0.1907061021306603,1.192971583819753
group|fl|fedprox_0.01|dirichlet_0.1|3|5|0.001|3,FedProx(mu=0.01) dirichlet_0.1 [3N] {group},group,heterogeneous,fl,fedprox_0.01,dirichlet_0.1,node_b,selected_test_mcc,3,0.1071850711926053,0.12473669679423956,-0.2026780613531317,0.4170482037383423
group|fl|fedprox_0.01|dirichlet_0.1|3|5|0.001|3,FedProx(mu=0.01) dirichlet_0.1 [3N] {group},group,heterogeneous,fl,fedprox_0.01,dirichlet_0.1,node_b,selected_test_n_examples,3,2959.0,0.0,2959.0,2959.0
group|fl|fedprox_0.01|dirichlet_0.1|3|5|0.001|3,FedProx(mu=0.01) dirichlet_0.1 [3N] {group},group,heterogeneous,fl,fedprox_0.01,dirichlet_0.1,node_b,selected_test_precision,3,0.993407960199005,0.01141774786083961,0.9650447021546367,1.0217712182433734
group|fl|fedprox_0.01|dirichlet_0.1|3|5|0.001|3,FedProx(mu=0.01) dirichlet_0.1 [3N] {group},group,heterogeneous,fl,fedprox_0.01,dirichlet_0.1,node_b,selected_test_recall,3,0.7048898071625344,0.21381081102958352,0.1737543083040225,1.2360253060210462
group|fl|fedprox_0.01|dirichlet_0.1|3|5|0.001|3,FedProx(mu=0.01) dirichlet_0.1 [3N] {group},group,heterogeneous,fl,fedprox_0.01,dirichlet_0.1,node_b,selected_test_roc_auc,3,0.8629664412722263,0.07803632663889255,0.6691134593820864,1.0568194231623662
group|fl|fedprox_0.01|dirichlet_0.1|3|5|0.001|3,FedProx(mu=0.01) dirichlet_0.1 [3N] {group},group,heterogeneous,fl,fedprox_0.01,dirichlet_0.1,node_b,selected_test_specificity,3,0.6787878787878787,0.5563557139463666,-0.7032763313740698,2.060852088949827
group|fl|fedprox_0.01|dirichlet_0.1|3|5|0.001|3,FedProx(mu=0.01) dirichlet_0.1 [3N] {group},group,heterogeneous,fl,fedprox_0.01,dirichlet_0.1,node_b,selected_test_tn,3,37.333333333333336,30.599564267050166,-38.680198225573825,113.34686489224049
group|fl|fedprox_0.01|dirichlet_0.1|3|5|0.001|3,FedProx(mu=0.01) dirichlet_0.1 [3N] {group},group,heterogeneous,fl,fedprox_0.01,dirichlet_0.1,node_b,selected_test_tp,3,2047.0,620.9065952299105,504.5825113148817,3589.4174886851183
group|fl|fedprox_0.01|dirichlet_0.1|3|5|0.001|3,FedProx(mu=0.01) dirichlet_0.1 [3N] {group},group,heterogeneous,fl,fedprox_0.01,dirichlet_0.1,node_c,selected_test_accuracy,3,0.7930746766791823,0.10164740306892245,0.5405685294141858,1.0455808239441788
group|fl|fedprox_0.01|dirichlet_0.1|3|5|0.001|3,FedProx(mu=0.01) dirichlet_0.1 [3N] {group},group,heterogeneous,fl,fedprox_0.01,dirichlet_0.1,node_c,selected_test_balanced_accuracy,3,0.8801281591305408,0.058034710023495834,0.7359619473706799,1.0242943708904018
group|fl|fedprox_0.01|dirichlet_0.1|3|5|0.001|3,FedProx(mu=0.01) dirichlet_0.1 [3N] {group},group,heterogeneous,fl,fedprox_0.01,dirichlet_0.1,node_c,selected_test_f1,3,0.8612033444560029,0.0787204789356399,0.6656508340449323,1.0567558548670735
group|fl|fedprox_0.01|dirichlet_0.1|3|5|0.001|3,FedProx(mu=0.01) dirichlet_0.1 [3N] {group},group,heterogeneous,fl,fedprox_0.01,dirichlet_0.1,node_c,selected_test_fn,3,330.3333333333333,162.69706000211968,-73.82856900883843,734.495235675505
group|fl|fedprox_0.01|dirichlet_0.1|3|5|0.001|3,FedProx(mu=0.01) dirichlet_0.1 [3N] {group},group,heterogeneous,fl,fedprox_0.01,dirichlet_0.1,node_c,selected_test_fp,3,0.3333333333333333,0.5773502691896258,-1.100884243249821,1.7675509099164874
group|fl|fedprox_0.01|dirichlet_0.1|3|5|0.001|3,FedProx(mu=0.01) dirichlet_0.1 [3N] {group},group,heterogeneous,fl,fedprox_0.01,dirichlet_0.1,node_c,selected_test_loss,3,0.4712633848494143,0.12596079726712112,0.1583594181560209,0.7841673515428078
group|fl|fedprox_0.01|dirichlet_0.1|3|5|0.001|3,FedProx(mu=0.01) dirichlet_0.1 [3N] {group},group,heterogeneous,fl,fedprox_0.01,dirichlet_0.1,node_c,selected_test_macro_f1,3,0.7187264396487266,0.09463373915875292,0.4836431994005245,0.9538096798969287
group|fl|fedprox_0.01|dirichlet_0.1|3|5|0.001|3,FedProx(mu=0.01) dirichlet_0.1 [3N] {group},group,heterogeneous,fl,fedprox_0.01,dirichlet_0.1,node_c,selected_test_macro_precision,3,0.7051106634140843,0.052491235703454125,0.5747152052667586,0.8355061215614101
group|fl|fedprox_0.01|dirichlet_0.1|3|5|0.001|3,FedProx(mu=0.01) dirichlet_0.1 [3N] {group},group,heterogeneous,fl,fedprox_0.01,dirichlet_0.1,node_c,selected_test_macro_recall,3,0.8801281591305408,0.058034710023495834,0.7359619473706799,1.0242943708904018
group|fl|fedprox_0.01|dirichlet_0.1|3|5|0.001|3,FedProx(mu=0.01) dirichlet_0.1 [3N] {group},group,heterogeneous,fl,fedprox_0.01,dirichlet_0.1,node_c,selected_test_macro_specificity,3,0.8801281591305408,0.058034710023495834,0.7359619473706799,1.0242943708904018
group|fl|fedprox_0.01|dirichlet_0.1|3|5|0.001|3,FedProx(mu=0.01) dirichlet_0.1 [3N] {group},group,heterogeneous,fl,fedprox_0.01,dirichlet_0.1,node_c,selected_test_mcc,3,0.5578769789701828,0.11468739806610553,0.2729776883716482,0.8427762695687175
group|fl|fedprox_0.01|dirichlet_0.1|3|5|0.001|3,FedProx(mu=0.01) dirichlet_0.1 [3N] {group},group,heterogeneous,fl,fedprox_0.01,dirichlet_0.1,node_c,selected_test_n_examples,3,1598.0,0.0,1598.0,1598.0
group|fl|fedprox_0.01|dirichlet_0.1|3|5|0.001|3,FedProx(mu=0.01) dirichlet_0.1 [3N] {group},group,heterogeneous,fl,fedprox_0.01,dirichlet_0.1,node_c,selected_test_precision,3,0.9997086247086248,0.0005046768087321652,0.9984549380158074,1.000962311401442
group|fl|fedprox_0.01|dirichlet_0.1|3|5|0.001|3,FedProx(mu=0.01) dirichlet_0.1 [3N] {group},group,heterogeneous,fl,fedprox_0.01,dirichlet_0.1,node_c,selected_test_recall,3,0.7618360970920453,0.11730141312337394,0.470443233110667,1.0532289610734236
group|fl|fedprox_0.01|dirichlet_0.1|3|5|0.001|3,FedProx(mu=0.01) dirichlet_0.1 [3N] {group},group,heterogeneous,fl,fedprox_0.01,dirichlet_0.1,node_c,selected_test_roc_auc,3,0.9556204020406142,0.04336357552787661,0.8478993087554821,1.063341495325746
group|fl|fedprox_0.01|dirichlet_0.1|3|5|0.001|3,FedProx(mu=0.01) dirichlet_0.1 [3N] {group},group,heterogeneous,fl,fedprox_0.01,dirichlet_0.1,node_c,selected_test_specificity,3,0.9984202211690363,0.002736257199950861,0.9916229814695899,1.0052174608684825
group|fl|fedprox_0.01|dirichlet_0.1|3|5|0.001|3,FedProx(mu=0.01) dirichlet_0.1 [3N] {group},group,heterogeneous,fl,fedprox_0.01,dirichlet_0.1,node_c,selected_test_tn,3,210.66666666666666,0.5773502691896258,209.2324490900835,212.10088424324982
group|fl|fedprox_0.01|dirichlet_0.1|3|5|0.001|3,FedProx(mu=0.01) dirichlet_0.1 [3N] {group},group,heterogeneous,fl,fedprox_0.01,dirichlet_0.1,node_c,selected_test_tp,3,1056.6666666666667,162.69706000211968,652.504764324495,1460.8285690088385
group|fl|fedavg|dirichlet_0.5|3|5|0.001|3,FedAvg dirichlet_0.5 [3N] {group},group,heterogeneous,fl,fedavg,dirichlet_0.5,node_a,selected_test_accuracy,3,0.9316561844863731,0.034707257168259745,0.845438578083282,1.0178737908894642
group|fl|fedavg|dirichlet_0.5|3|5|0.001|3,FedAvg dirichlet_0.5 [3N] {group},group,heterogeneous,fl,fedavg,dirichlet_0.5,node_a,selected_test_balanced_accuracy,3,0.9647643752702119,0.017893819357176783,0.920313663797801,1.0092150867426228
group|fl|fedavg|dirichlet_0.5|3|5|0.001|3,FedAvg dirichlet_0.5 [3N] {group},group,heterogeneous,fl,fedavg,dirichlet_0.5,node_a,selected_test_f1,3,0.9632418635199048,0.019055694321742016,0.9159048946316788,1.0105788324081308
group|fl|fedavg|dirichlet_0.5|3|5|0.001|3,FedAvg dirichlet_0.5 [3N] {group},group,heterogeneous,fl,fedavg,dirichlet_0.5,node_a,selected_test_fn,3,54.333333333333336,27.592269448766505,-14.209663757124027,122.8763304237907
group|fl|fedavg|dirichlet_0.5|3|5|0.001|3,FedAvg dirichlet_0.5 [3N] {group},group,heterogeneous,fl,fedavg,dirichlet_0.5,node_a,selected_test_fp,3,0.0,0.0,0.0,0.0
group|fl|fedavg|dirichlet_0.5|3|5|0.001|3,FedAvg dirichlet_0.5 [3N] {group},group,heterogeneous,fl,fedavg,dirichlet_0.5,node_a,selected_test_loss,3,0.28799105664385666,0.2262808265130114,-0.27412167794314896,0.8501037912308622
group|fl|fedavg|dirichlet_0.5|3|5|0.001|3,FedAvg dirichlet_0.5 [3N] {group},group,heterogeneous,fl,fedavg,dirichlet_0.5,node_a,selected_test_macro_f1,3,0.7301340986814758,0.08750429280319783,0.5127613849890091,0.9475068123739425
group|fl|fedavg|dirichlet_0.5|3|5|0.001|3,FedAvg dirichlet_0.5 [3N] {group},group,heterogeneous,fl,fedavg,dirichlet_0.5,node_a,selected_test_macro_precision,3,0.670454243607483,0.07380996354951566,0.48710012965121385,0.8538083575637521
group|fl|fedavg|dirichlet_0.5|3|5|0.001|3,FedAvg dirichlet_0.5 [3N] {group},group,heterogeneous,fl,fedavg,dirichlet_0.5,node_a,selected_test_macro_recall,3,0.9647643752702119,0.017893819357176783,0.920313663797801,1.0092150867426228
group|fl|fedavg|dirichlet_0.5|3|5|0.001|3,FedAvg dirichlet_0.5 [3N] {group},group,heterogeneous,fl,fedavg,dirichlet_0.5,node_a,selected_test_macro_specificity,3,0.9647643752702119,0.017893819357176783,0.920313663797801,1.0092150867426228
group|fl|fedavg|dirichlet_0.5|3|5|0.001|3,FedAvg dirichlet_0.5 [3N] {group},group,heterogeneous,fl,fedavg,dirichlet_0.5,node_a,selected_test_mcc,3,0.5561917152132018,0.12870195697296932,0.2364783303205803,0.8759051001058232
group|fl|fedavg|dirichlet_0.5|3|5|0.001|3,FedAvg dirichlet_0.5 [3N] {group},group,heterogeneous,fl,fedavg,dirichlet_0.5,node_a,selected_test_n_examples,3,795.0,0.0,795.0,795.0
group|fl|fedavg|dirichlet_0.5|3|5|0.001|3,FedAvg dirichlet_0.5 [3N] {group},group,heterogeneous,fl,fedavg,dirichlet_0.5,node_a,selected_test_precision,3,1.0,0.0,1.0,1.0
group|fl|fedavg|dirichlet_0.5|3|5|0.001|3,FedAvg dirichlet_0.5 [3N] {group},group,heterogeneous,fl,fedavg,dirichlet_0.5,node_a,selected_test_recall,3,0.9295287505404236,0.03578763871435344,0.8406273275956021,1.018430173485245
group|fl|fedavg|dirichlet_0.5|3|5|0.001|3,FedAvg dirichlet_0.5 [3N] {group},group,heterogeneous,fl,fedavg,dirichlet_0.5,node_a,selected_test_roc_auc,3,0.9952983138780804,0.005510996933128672,0.9816082385671551,1.0089883891890057
group|fl|fedavg|dirichlet_0.5|3|5|0.001|3,FedAvg dirichlet_0.5 [3N] {group},group,heterogeneous,fl,fedavg,dirichlet_0.5,node_a,selected_test_specificity,3,1.0,0.0,1.0,1.0
group|fl|fedavg|dirichlet_0.5|3|5|0.001|3,FedAvg dirichlet_0.5 [3N] {group},group,heterogeneous,fl,fedavg,dirichlet_0.5,node_a,selected_test_tn,3,24.0,0.0,24.0,24.0
group|fl|fedavg|dirichlet_0.5|3|5|0.001|3,FedAvg dirichlet_0.5 [3N] {group},group,heterogeneous,fl,fedavg,dirichlet_0.5,node_a,selected_test_tp,3,716.6666666666666,27.5922694487665,648.1236695762093,785.209663757124
group|fl|fedavg|dirichlet_0.5|3|5|0.001|3,FedAvg dirichlet_0.5 [3N] {group},group,heterogeneous,fl,fedavg,dirichlet_0.5,node_b,selected_test_accuracy,3,0.8628702079013134,0.08957823660160992,0.6403455322071605,1.0853948835954663
group|fl|fedavg|dirichlet_0.5|3|5|0.001|3,FedAvg dirichlet_0.5 [3N] {group},group,heterogeneous,fl,fedavg,dirichlet_0.5,node_b,selected_test_balanced_accuracy,3,0.8795232503735034,0.07862310984359515,0.6842126181959401,1.0748338825510668
group|fl|fedavg|dirichlet_0.5|3|5|0.001|3,FedAvg dirichlet_0.5 [3N] {group},group,heterogeneous,fl,fedavg,dirichlet_0.5,node_b,selected_test_f1,3,0.861226657645055,0.10196446473858516,0.6079328855294989,1.1145204297606113
group|fl|fedavg|dirichlet_0.5|3|5|0.001|3,FedAvg dirichlet_0.5 [3N] {group},group,heterogeneous,fl,fedavg,dirichlet_0.5,node_b,selected_test_fn,3,825.3333333333334,541.2451693394901,-519.1942031255873,2169.860869792254
group|fl|fedavg|dirichlet_0.5|3|5|0.001|3,FedAvg dirichlet_0.5 [3N] {group},group,heterogeneous,fl,fedavg,dirichlet_0.5,node_b,selected_test_fp,3,34.333333333333336,30.088757590391353,-40.411284096671814,109.07795076333849
group|fl|fedavg|dirichlet_0.5|3|5|0.001|3,FedAvg dirichlet_0.5 [3N] {group},group,heterogeneous,fl,fedavg,dirichlet_0.5,node_b,selected_test_loss,3,0.6249753141157757,0.13391820080930936,0.2923040611956167,0.9576465670359346
group|fl|fedavg|dirichlet_0.5|3|5|0.001|3,FedAvg dirichlet_0.5 [3N] {group},group,heterogeneous,fl,fedavg,dirichlet_0.5,node_b,selected_test_macro_f1,3,0.8622369399101834,0.08981377298205477,0.6391271594108782,1.0853467204094884
group|fl|fedavg|dirichlet_0.5|3|5|0.001|3,FedAvg dirichlet_0.5 [3N] {group},group,heterogeneous,fl,fedavg,dirichlet_0.5,node_b,selected_test_macro_precision,3,0.8791941508161298,0.06346917854881573,0.7215279708492016,1.0368603307830582
group|fl|fedavg|dirichlet_0.5|3|5|0.001|3,FedAvg dirichlet_0.5 [3N] {group},group,heterogeneous,fl,fedavg,dirichlet_0.5,node_b,selected_test_macro_recall,3,0.8795232503735034,0.07862310984359515,0.6842126181959401,1.0748338825510668
group|fl|fedavg|dirichlet_0.5|3|5|0.001|3,FedAvg dirichlet_0.5 [3N] {group},group,heterogeneous,fl,fedavg,dirichlet_0.5,node_b,selected_test_macro_specificity,3,0.8795232503735034,0.07862310984359515,0.6842126181959401,1.0748338825510668
group|fl|fedavg|dirichlet_0.5|3|5|0.001|3,FedAvg dirichlet_0.5 [3N] {group},group,heterogeneous,fl,fedavg,dirichlet_0.5,node_b,selected_test_mcc,3,0.7585989435038059,0.14218023597732726,0.40540365744696616,1.1117942295606456
group|fl|fedavg|dirichlet_0.5|3|5|0.001|3,FedAvg dirichlet_0.5 [3N] {group},group,heterogeneous,fl,fedavg,dirichlet_0.5,node_b,selected_test_n_examples,3,6269.0,0.0,6269.0,6269.0
group|fl|fedavg|dirichlet_0.5|3|5|0.001|3,FedAvg dirichlet_0.5 [3N] {group},group,heterogeneous,fl,fedavg,dirichlet_0.5,node_b,selected_test_precision,3,0.9865639450048506,0.013605759043771334,0.95276536586723,1.020362524142471
group|fl|fedavg|dirichlet_0.5|3|5|0.001|3,FedAvg dirichlet_0.5 [3N] {group},group,heterogeneous,fl,fedavg,dirichlet_0.5,node_b,selected_test_recall,3,0.7720073664825046,0.1495152401490304,0.4005909199468911,1.143423813018118
group|fl|fedavg|dirichlet_0.5|3|5|0.001|3,FedAvg dirichlet_0.5 [3N] {group},group,heterogeneous,fl,fedavg,dirichlet_0.5,node_b,selected_test_roc_auc,3,0.9697174721758167,0.018826105724727444,0.9229508329796225,1.016484111372011
group|fl|fedavg|dirichlet_0.5|3|5|0.001|3,FedAvg dirichlet_0.5 [3N] {group},group,heterogeneous,fl,fedavg,dirichlet_0.5,node_b,selected_test_specificity,3,0.9870391342645023,0.011358534386708682,0.9588229706442664,1.0152552978847382
group|fl|fedavg|dirichlet_0.5|3|5|0.001|3,FedAvg dirichlet_0.5 [3N] {group},group,heterogeneous,fl,fedavg,dirichlet_0.5,node_b,selected_test_tn,3,2614.6666666666665,30.088757590391353,2539.922049236661,2689.411284096672
group|fl|fedavg|dirichlet_0.5|3|5|0.001|3,FedAvg dirichlet_0.5 [3N] {group},group,heterogeneous,fl,fedavg,dirichlet_0.5,node_b,selected_test_tp,3,2794.6666666666665,541.2451693394902,1450.1391302077457,4139.194203125588
group|fl|fedavg|dirichlet_0.5|3|5|0.001|3,FedAvg dirichlet_0.5 [3N] {group},group,heterogeneous,fl,fedavg,dirichlet_0.5,node_c,selected_test_accuracy,3,0.9294403892944039,0.00421423554153011,0.9189716478594904,0.9399091307293174
group|fl|fedavg|dirichlet_0.5|3|5|0.001|3,FedAvg dirichlet_0.5 [3N] {group},group,heterogeneous,fl,fedavg,dirichlet_0.5,node_c,selected_test_balanced_accuracy,3,0.9639303482587064,0.00215429204921506,0.9585787901371273,0.9692819063802854
group|fl|fedavg|dirichlet_0.5|3|5|0.001|3,FedAvg dirichlet_0.5 [3N] {group},group,heterogeneous,fl,fedavg,dirichlet_0.5,node_c,selected_test_f1,3,0.9625771951353347,0.0023155528440156905,0.9568250429919646,0.9683293472787048
group|fl|fedavg|dirichlet_0.5|3|5|0.001|3,FedAvg dirichlet_0.5 [3N] {group},group,heterogeneous,fl,fedavg,dirichlet_0.5,node_c,selected_test_fn,3,9.666666666666666,0.5773502691896257,8.232449090083513,11.10088424324982
group|fl|fedavg|dirichlet_0.5|3|5|0.001|3,FedAvg dirichlet_0.5 [3N] {group},group,heterogeneous,fl,fedavg,dirichlet_0.5,node_c,selected_test_fp,3,0.0,0.0,0.0,0.0
group|fl|fedavg|dirichlet_0.5|3|5|0.001|3,FedAvg dirichlet_0.5 [3N] {group},group,heterogeneous,fl,fedavg,dirichlet_0.5,node_c,selected_test_loss,3,0.32050326151360925,0.09198912065574286,0.09198961782192716,0.5490169052052913
group|fl|fedavg|dirichlet_0.5|3|5|0.001|3,FedAvg dirichlet_0.5 [3N] {group},group,heterogeneous,fl,fedavg,dirichlet_0.5,node_c,selected_test_macro_f1,3,0.6729552642343339,0.008374654786878205,0.6521514684553593,0.6937590600133086
group|fl|fedavg|dirichlet_0.5|3|5|0.001|3,FedAvg dirichlet_0.5 [3N] {group},group,heterogeneous,fl,fedavg,dirichlet_0.5,node_c,selected_test_macro_precision,3,0.6185897435897436,0.005551444896054075,0.6047991899687518,0.6323802972107354
group|fl|fedavg|dirichlet_0.5|3|5|0.001|3,FedAvg dirichlet_0.5 [3N] {group},group,heterogeneous,fl,fedavg,dirichlet_0.5,node_c,selected_test_macro_recall,3,0.9639303482587064,0.00215429204921506,0.9585787901371273,0.9692819063802854
group|fl|fedavg|dirichlet_0.5|3|5|0.001|3,FedAvg dirichlet_0.5 [3N] {group},group,heterogeneous,fl,fedavg,dirichlet_0.5,node_c,selected_test_macro_specificity,3,0.9639303482587064,0.00215429204921506,0.9585787901371273,0.9692819063802854
group|fl|fedavg|dirichlet_0.5|3|5|0.001|3,FedAvg dirichlet_0.5 [3N] {group},group,heterogeneous,fl,fedavg,dirichlet_0.5,node_c,selected_test_mcc,3,0.46904714879906373,0.012011756766229828,0.43920829083170004,0.4988860067664274
group|fl|fedavg|dirichlet_0.5|3|5|0.001|3,FedAvg dirichlet_0.5 [3N] {group},group,heterogeneous,fl,fedavg,dirichlet_0.5,node_c,selected_test_n_examples,3,137.0,0.0,137.0,137.0
group|fl|fedavg|dirichlet_0.5|3|5|0.001|3,FedAvg dirichlet_0.5 [3N] {group},group,heterogeneous,fl,fedavg,dirichlet_0.5,node_c,selected_test_precision,3,1.0,0.0,1.0,1.0
group|fl|fedavg|dirichlet_0.5|3|5|0.001|3,FedAvg dirichlet_0.5 [3N] {group},group,heterogeneous,fl,fedavg,dirichlet_0.5,node_c,selected_test_recall,3,0.927860696517413,0.004308584098430056,0.9171575802742551,0.9385638127605709
group|fl|fedavg|dirichlet_0.5|3|5|0.001|3,FedAvg dirichlet_0.5 [3N] {group},group,heterogeneous,fl,fedavg,dirichlet_0.5,node_c,selected_test_roc_auc,3,0.9917081260364843,0.007180973497383405,0.9738695989645545,1.009546653108414
group|fl|fedavg|dirichlet_0.5|3|5|0.001|3,FedAvg dirichlet_0.5 [3N] {group},group,heterogeneous,fl,fedavg,dirichlet_0.5,node_c,selected_test_specificity,3,1.0,0.0,1.0,1.0
group|fl|fedavg|dirichlet_0.5|3|5|0.001|3,FedAvg dirichlet_0.5 [3N] {group},group,heterogeneous,fl,fedavg,dirichlet_0.5,node_c,selected_test_tn,3,3.0,0.0,3.0,3.0
group|fl|fedavg|dirichlet_0.5|3|5|0.001|3,FedAvg dirichlet_0.5 [3N] {group},group,heterogeneous,fl,fedavg,dirichlet_0.5,node_c,selected_test_tp,3,124.33333333333333,0.5773502691896257,122.89911575675018,125.76755090991648
group|fl|fedprox_0.01|dirichlet_0.5|3|5|0.001|3,FedProx(mu=0.01) dirichlet_0.5 [3N] {group},group,heterogeneous,fl,fedprox_0.01,dirichlet_0.5,node_a,selected_test_accuracy,3,0.9077568134171908,0.0641673839253011,0.7483561951439884,1.0671574316903931
group|fl|fedprox_0.01|dirichlet_0.5|3|5|0.001|3,FedProx(mu=0.01) dirichlet_0.5 [3N] {group},group,heterogeneous,fl,fedprox_0.01,dirichlet_0.5,node_a,selected_test_balanced_accuracy,3,0.9524427150886295,0.03308240610934783,0.8702614624769591,1.0346239677003
group|fl|fedprox_0.01|dirichlet_0.5|3|5|0.001|3,FedProx(mu=0.01) dirichlet_0.5 [3N] {group},group,heterogeneous,fl,fedprox_0.01,dirichlet_0.5,node_a,selected_test_f1,3,0.9492155850656155,0.03682142908324333,0.8577460844793904,1.0406850856518406
group|fl|fedprox_0.01|dirichlet_0.5|3|5|0.001|3,FedProx(mu=0.01) dirichlet_0.5 [3N] {group},group,heterogeneous,fl,fedprox_0.01,dirichlet_0.5,node_a,selected_test_fn,3,73.33333333333333,51.013070220614374,-53.390158193862575,200.05682486052922
group|fl|fedprox_0.01|dirichlet_0.5|3|5|0.001|3,FedProx(mu=0.01) dirichlet_0.5 [3N] {group},group,heterogeneous,fl,fedprox_0.01,dirichlet_0.5,node_a,selected_test_fp,3,0.0,0.0,0.0,0.0
group|fl|fedprox_0.01|dirichlet_0.5|3|5|0.001|3,FedProx(mu=0.01) dirichlet_0.5 [3N] {group},group,heterogeneous,fl,fedprox_0.01,dirichlet_0.5,node_a,selected_test_loss,3,0.26761996141543115,0.23306022220674577,-0.31133372567725776,0.8465736485081201
group|fl|fedprox_0.01|dirichlet_0.5|3|5|0.001|3,FedProx(mu=0.01) dirichlet_0.5 [3N] {group},group,heterogeneous,fl,fedprox_0.01,dirichlet_0.5,node_a,selected_test_macro_f1,3,0.6975254648310111,0.11016724506020978,0.4238548567773037,0.9711960728847184
group|fl|fedprox_0.01|dirichlet_0.5|3|5|0.001|3,FedProx(mu=0.01) dirichlet_0.5 [3N] {group},group,heterogeneous,fl,fedprox_0.01,dirichlet_0.5,node_a,selected_test_macro_precision,3,0.6496909822474229,0.07922550431789424,0.45288391923890325,0.8464980452559426
group|fl|fedprox_0.01|dirichlet_0.5|3|5|0.001|3,FedProx(mu=0.01) dirichlet_0.5 [3N] {group},group,heterogeneous,fl,fedprox_0.01,dirichlet_0.5,node_a,selected_test_macro_recall,3,0.9524427150886295,0.03308240610934783,0.8702614624769591,1.0346239677003
group|fl|fedprox_0.01|dirichlet_0.5|3|5|0.001|3,FedProx(mu=0.01) dirichlet_0.5 [3N] {group},group,heterogeneous,fl,fedprox_0.01,dirichlet_0.5,node_a,selected_test_macro_specificity,3,0.9524427150886295,0.03308240610934783,0.8702614624769591,1.0346239677003
group|fl|fedprox_0.01|dirichlet_0.5|3|5|0.001|3,FedProx(mu=0.01) dirichlet_0.5 [3N] {group},group,heterogeneous,fl,fedprox_0.01,dirichlet_0.5,node_a,selected_test_mcc,3,0.5112247223107546,0.1559909904386348,0.12372162026885669,0.8987278243526524
group|fl|fedprox_0.01|dirichlet_0.5|3|5|0.001|3,FedProx(mu=0.01) dirichlet_0.5 [3N] {group},group,heterogeneous,fl,fedprox_0.01,dirichlet_0.5,node_a,selected_test_n_examples,3,795.0,0.0,795.0,795.0
group|fl|fedprox_0.01|dirichlet_0.5|3|5|0.001|3,FedProx(mu=0.01) dirichlet_0.5 [3N] {group},group,heterogeneous,fl,fedprox_0.01,dirichlet_0.5,node_a,selected_test_precision,3,1.0,0.0,1.0,1.0
group|fl|fedprox_0.01|dirichlet_0.5|3|5|0.001|3,FedProx(mu=0.01) dirichlet_0.5 [3N] {group},group,heterogeneous,fl,fedprox_0.01,dirichlet_0.5,node_a,selected_test_recall,3,0.904885430177259,0.06616481221869568,0.740522924953918,1.0692479354006
group|fl|fedprox_0.01|dirichlet_0.5|3|5|0.001|3,FedProx(mu=0.01) dirichlet_0.5 [3N] {group},group,heterogeneous,fl,fedprox_0.01,dirichlet_0.5,node_a,selected_test_roc_auc,3,0.9914793197867128,0.007289979754484929,0.9733700061607004,1.0095886334127253
group|fl|fedprox_0.01|dirichlet_0.5|3|5|0.001|3,FedProx(mu=0.01) dirichlet_0.5 [3N] {group},group,heterogeneous,fl,fedprox_0.01,dirichlet_0.5,node_a,selected_test_specificity,3,1.0,0.0,1.0,1.0
group|fl|fedprox_0.01|dirichlet_0.5|3|5|0.001|3,FedProx(mu=0.01) dirichlet_0.5 [3N] {group},group,heterogeneous,fl,fedprox_0.01,dirichlet_0.5,node_a,selected_test_tn,3,24.0,0.0,24.0,24.0
group|fl|fedprox_0.01|dirichlet_0.5|3|5|0.001|3,FedProx(mu=0.01) dirichlet_0.5 [3N] {group},group,heterogeneous,fl,fedprox_0.01,dirichlet_0.5,node_a,selected_test_tp,3,697.6666666666666,51.01307022061438,570.9431751394707,824.3901581938626
group|fl|fedprox_0.01|dirichlet_0.5|3|5|0.001|3,FedProx(mu=0.01) dirichlet_0.5 [3N] {group},group,heterogeneous,fl,fedprox_0.01,dirichlet_0.5,node_b,selected_test_accuracy,3,0.6639017387143086,0.08197941991080897,0.4602535701264522,0.867549907302165
group|fl|fedprox_0.01|dirichlet_0.5|3|5|0.001|3,FedProx(mu=0.01) dirichlet_0.5 [3N] {group},group,heterogeneous,fl,fedprox_0.01,dirichlet_0.5,node_b,selected_test_balanced_accuracy,3,0.7088597663943514,0.0709096013971342,0.5327105514385465,0.8850089813501564
group|fl|fedprox_0.01|dirichlet_0.5|3|5|0.001|3,FedProx(mu=0.01) dirichlet_0.5 [3N] {group},group,heterogeneous,fl,fedprox_0.01,dirichlet_0.5,node_b,selected_test_f1,3,0.5808565626175225,0.13472260962913263,0.24618704741237601,0.915526077822669
group|fl|fedprox_0.01|dirichlet_0.5|3|5|0.001|3,FedProx(mu=0.01) dirichlet_0.5 [3N] {group},group,heterogeneous,fl,fedprox_0.01,dirichlet_0.5,node_b,selected_test_fn,3,2104.6666666666665,515.4118094624272,824.3127536995755,3385.0205796337577
group|fl|fedprox_0.01|dirichlet_0.5|3|5|0.001|3,FedProx(mu=0.01) dirichlet_0.5 [3N] {group},group,heterogeneous,fl,fedprox_0.01,dirichlet_0.5,node_b,selected_test_fp,3,2.3333333333333335,1.5275252316519468,-1.4612497002634264,6.127916366930093
group|fl|fedprox_0.01|dirichlet_0.5|3|5|0.001|3,FedProx(mu=0.01) dirichlet_0.5 [3N] {group},group,heterogeneous,fl,fedprox_0.01,dirichlet_0.5,node_b,selected_test_loss,3,0.9083461547061442,0.46732759690377346,-0.2525599525041764,2.069252261916465
group|fl|fedprox_0.01|dirichlet_0.5|3|5|0.001|3,FedProx(mu=0.01) dirichlet_0.5 [3N] {group},group,heterogeneous,fl,fedprox_0.01,dirichlet_0.5,node_b,selected_test_macro_f1,3,0.6492745319960301,0.09322735750058181,0.41768493746200486,0.8808641265300554
group|fl|fedprox_0.01|dirichlet_0.5|3|5|0.001|3,FedProx(mu=0.01) dirichlet_0.5 [3N] {group},group,heterogeneous,fl,fedprox_0.01,dirichlet_0.5,node_b,selected_test_macro_precision,3,0.7801449657323873,0.03216076372313398,0.7002531997290583,0.8600367317357164
group|fl|fedprox_0.01|dirichlet_0.5|3|5|0.001|3,FedProx(mu=0.01) dirichlet_0.5 [3N] {group},group,heterogeneous,fl,fedprox_0.01,dirichlet_0.5,node_b,selected_test_macro_recall,3,0.7088597663943514,0.0709096013971342,0.5327105514385465,0.8850089813501564
group|fl|fedprox_0.01|dirichlet_0.5|3|5|0.001|3,FedProx(mu=0.01) dirichlet_0.5 [3N] {group},group,heterogeneous,fl,fedprox_0.01,dirichlet_0.5,node_b,selected_test_macro_specificity,3,0.7088597663943514,0.0709096013971342,0.5327105514385465,0.8850089813501564
group|fl|fedprox_0.01|dirichlet_0.5|3|5|0.001|3,FedProx(mu=0.01) dirichlet_0.5 [3N] {group},group,heterogeneous,fl,fedprox_0.01,dirichlet_0.5,node_b,selected_test_mcc,3,0.48190843506383024,0.10877742568642987,0.21169032972905077,0.7521265403986097
group|fl|fedprox_0.01|dirichlet_0.5|3|5|0.001|3,FedProx(mu=0.01) dirichlet_0.5 [3N] {group},group,heterogeneous,fl,fedprox_0.01,dirichlet_0.5,node_b,selected_test_n_examples,3,6269.0,0.0,6269.0,6269.0
group|fl|fedprox_0.01|dirichlet_0.5|3|5|0.001|3,FedProx(mu=0.01) dirichlet_0.5 [3N] {group},group,heterogeneous,fl,fedprox_0.01,dirichlet_0.5,node_b,selected_test_precision,3,0.9985587528736012,0.0005338739393997315,0.9972325364874176,0.9998849692597848
group|fl|fedprox_0.01|dirichlet_0.5|3|5|0.001|3,FedProx(mu=0.01) dirichlet_0.5 [3N] {group},group,heterogeneous,fl,fedprox_0.01,dirichlet_0.5,node_b,selected_test_recall,3,0.4186003683241252,0.14237895289017324,0.06491144209012223,0.7722892945581282
group|fl|fedprox_0.01|dirichlet_0.5|3|5|0.001|3,FedProx(mu=0.01) dirichlet_0.5 [3N] {group},group,heterogeneous,fl,fedprox_0.01,dirichlet_0.5,node_b,selected_test_roc_auc,3,0.9772288719395833,0.012967612653242566,0.9450155363162926,1.009442207562874
group|fl|fedprox_0.01|dirichlet_0.5|3|5|0.001|3,FedProx(mu=0.01) dirichlet_0.5 [3N] {group},group,heterogeneous,fl,fedprox_0.01,dirichlet_0.5,node_b,selected_test_specificity,3,0.9991191644645778,0.0005766422165541534,0.9976867057882484,1.0005516231409073
group|fl|fedprox_0.01|dirichlet_0.5|3|5|0.001|3,FedProx(mu=0.01) dirichlet_0.5 [3N] {group},group,heterogeneous,fl,fedprox_0.01,dirichlet_0.5,node_b,selected_test_tn,3,2646.6666666666665,1.5275252316519465,2642.87208363307,2650.461249700263
group|fl|fedprox_0.01|dirichlet_0.5|3|5|0.001|3,FedProx(mu=0.01) dirichlet_0.5 [3N] {group},group,heterogeneous,fl,fedprox_0.01,dirichlet_0.5,node_b,selected_test_tp,3,1515.3333333333333,515.4118094624272,234.97942036624227,2795.6872463004242
group|fl|fedprox_0.01|dirichlet_0.5|3|5|0.001|3,FedProx(mu=0.01) dirichlet_0.5 [3N] {group},group,heterogeneous,fl,fedprox_0.01,dirichlet_0.5,node_c,selected_test_accuracy,3,0.8223844282238443,0.13306578018370138,0.4918307055260319,1.1529381509216567
group|fl|fedprox_0.01|dirichlet_0.5|3|5|0.001|3,FedProx(mu=0.01) dirichlet_0.5 [3N] {group},group,heterogeneous,fl,fedprox_0.01,dirichlet_0.5,node_c,selected_test_balanced_accuracy,3,0.9092039800995023,0.0680224324073399,0.7402268905114415,1.078181069687563
group|fl|fedprox_0.01|dirichlet_0.5|3|5|0.001|3,FedProx(mu=0.01) dirichlet_0.5 [3N] {group},group,heterogeneous,fl,fedprox_0.01,dirichlet_0.5,node_c,selected_test_f1,3,0.8959273182957395,0.08445709475696124,0.686124264185101,1.105730372406378
group|fl|fedprox_0.01|dirichlet_0.5|3|5|0.001|3,FedProx(mu=0.01) dirichlet_0.5 [3N] {group},group,heterogeneous,fl,fedprox_0.01,dirichlet_0.5,node_c,selected_test_fn,3,24.333333333333332,18.230011885167087,-20.95252667626696,69.61919334293363
group|fl|fedprox_0.01|dirichlet_0.5|3|5|0.001|3,FedProx(mu=0.01) dirichlet_0.5 [3N] {group},group,heterogeneous,fl,fedprox_0.01,dirichlet_0.5,node_c,selected_test_fp,3,0.0,0.0,0.0,0.0
group|fl|fedprox_0.01|dirichlet_0.5|3|5|0.001|3,FedProx(mu=0.01) dirichlet_0.5 [3N] {group},group,heterogeneous,fl,fedprox_0.01,dirichlet_0.5,node_c,selected_test_loss,3,0.5832957903477262,0.4121110693278351,-0.4404448583993038,1.607036439094756
group|fl|fedprox_0.01|dirichlet_0.5|3|5|0.001|3,FedProx(mu=0.01) dirichlet_0.5 [3N] {group},group,heterogeneous,fl,fedprox_0.01,dirichlet_0.5,node_c,selected_test_macro_f1,3,0.5764292676134781,0.11875136991710039,0.28143451128039537,0.8714240239465609
group|fl|fedprox_0.01|dirichlet_0.5|3|5|0.001|3,FedProx(mu=0.01) dirichlet_0.5 [3N] {group},group,heterogeneous,fl,fedprox_0.01,dirichlet_0.5,node_c,selected_test_macro_precision,3,0.5769261766602192,0.053697959878481735,0.44353304948202654,0.7103193038384118
group|fl|fedprox_0.01|dirichlet_0.5|3|5|0.001|3,FedProx(mu=0.01) dirichlet_0.5 [3N] {group},group,heterogeneous,fl,fedprox_0.01,dirichlet_0.5,node_c,selected_test_macro_recall,3,0.9092039800995023,0.0680224324073399,0.7402268905114415,1.078181069687563
group|fl|fedprox_0.01|dirichlet_0.5|3|5|0.001|3,FedProx(mu=0.01) dirichlet_0.5 [3N] {group},group,heterogeneous,fl,fedprox_0.01,dirichlet_0.5,node_c,selected_test_macro_specificity,3,0.9092039800995023,0.0680224324073399,0.7402268905114415,1.078181069687563
group|fl|fedprox_0.01|dirichlet_0.5|3|5|0.001|3,FedProx(mu=0.01) dirichlet_0.5 [3N] {group},group,heterogeneous,fl,fedprox_0.01,dirichlet_0.5,node_c,selected_test_mcc,3,0.34604210785018547,0.15081582585176326,-0.028605172676950008,0.7206893883773209
group|fl|fedprox_0.01|dirichlet_0.5|3|5|0.001|3,FedProx(mu=0.01) dirichlet_0.5 [3N] {group},group,heterogeneous,fl,fedprox_0.01,dirichlet_0.5,node_c,selected_test_n_examples,3,137.0,0.0,137.0,137.0
group|fl|fedprox_0.01|dirichlet_0.5|3|5|0.001|3,FedProx(mu=0.01) dirichlet_0.5 [3N] {group},group,heterogeneous,fl,fedprox_0.01,dirichlet_0.5,node_c,selected_test_precision,3,1.0,0.0,1.0,1.0
group|fl|fedprox_0.01|dirichlet_0.5|3|5|0.001|3,FedProx(mu=0.01) dirichlet_0.5 [3N] {group},group,heterogeneous,fl,fedprox_0.01,dirichlet_0.5,node_c,selected_test_recall,3,0.818407960199005,0.13604486481467976,0.4804537810228834,1.1563621393751267
group|fl|fedprox_0.01|dirichlet_0.5|3|5|0.001|3,FedProx(mu=0.01) dirichlet_0.5 [3N] {group},group,heterogeneous,fl,fedprox_0.01,dirichlet_0.5,node_c,selected_test_roc_auc,3,0.990049751243781,0.01723433639372016,0.9472372862711496,1.0328622162164125
group|fl|fedprox_0.01|dirichlet_0.5|3|5|0.001|3,FedProx(mu=0.01) dirichlet_0.5 [3N] {group},group,heterogeneous,fl,fedprox_0.01,dirichlet_0.5,node_c,selected_test_specificity,3,1.0,0.0,1.0,1.0
group|fl|fedprox_0.01|dirichlet_0.5|3|5|0.001|3,FedProx(mu=0.01) dirichlet_0.5 [3N] {group},group,heterogeneous,fl,fedprox_0.01,dirichlet_0.5,node_c,selected_test_tn,3,3.0,0.0,3.0,3.0
group|fl|fedprox_0.01|dirichlet_0.5|3|5|0.001|3,FedProx(mu=0.01) dirichlet_0.5 [3N] {group},group,heterogeneous,fl,fedprox_0.01,dirichlet_0.5,node_c,selected_test_tp,3,109.66666666666667,18.230011885167087,64.38080665706639,154.95252667626696
group|fl|fedavg|dirichlet_1|3|5|0.001|3,FedAvg dirichlet_1 [3N] {group},group,heterogeneous,fl,fedavg,dirichlet_1,node_a,selected_test_accuracy,3,0.9399888610414925,0.02404046543041677,0.880269034257764,0.9997086878252209
group|fl|fedavg|dirichlet_1|3|5|0.001|3,FedAvg dirichlet_1 [3N] {group},group,heterogeneous,fl,fedavg,dirichlet_1,node_a,selected_test_balanced_accuracy,3,0.8381388024662932,0.06518449989905474,0.6762115280454658,1.0000660768871208
group|fl|fedavg|dirichlet_1|3|5|0.001|3,FedAvg dirichlet_1 [3N] {group},group,heterogeneous,fl,fedavg,dirichlet_1,node_a,selected_test_f1,3,0.8015689022128175,0.09731196373018393,0.5598325833061872,1.0433052211194478
group|fl|fedavg|dirichlet_1|3|5|0.001|3,FedAvg dirichlet_1 [3N] {group},group,heterogeneous,fl,fedavg,dirichlet_1,node_a,selected_test_fn,3,143.33333333333334,57.812916665165176,-0.2819131808826114,286.9485798475493
group|fl|fedavg|dirichlet_1|3|5|0.001|3,FedAvg dirichlet_1 [3N] {group},group,heterogeneous,fl,fedavg,dirichlet_1,node_a,selected_test_fp,3,0.3333333333333333,0.5773502691896258,-1.100884243249821,1.7675509099164874
group|fl|fedavg|dirichlet_1|3|5|0.001|3,FedAvg dirichlet_1 [3N] {group},group,heterogeneous,fl,fedavg,dirichlet_1,node_a,selected_test_loss,3,0.22167668410751484,0.11146560306833098,-0.05521922403751944,0.49857259225254913
group|fl|fedavg|dirichlet_1|3|5|0.001|3,FedAvg dirichlet_1 [3N] {group},group,heterogeneous,fl,fedavg,dirichlet_1,node_a,selected_test_macro_f1,3,0.883091020367127,0.05546003100445129,0.745320665854127,1.020861374880127
group|fl|fedavg|dirichlet_1|3|5|0.001|3,FedAvg dirichlet_1 [3N] {group},group,heterogeneous,fl,fedavg,dirichlet_1,node_a,selected_test_macro_precision,3,0.9655057989404295,0.012292048737237974,0.9349706571175836,0.9960409407632754
group|fl|fedavg|dirichlet_1|3|5|0.001|3,FedAvg dirichlet_1 [3N] {group},group,heterogeneous,fl,fedavg,dirichlet_1,node_a,selected_test_macro_recall,3,0.8381388024662932,0.06518449989905474,0.6762115280454658,1.0000660768871208
group|fl|fedavg|dirichlet_1|3|5|0.001|3,FedAvg dirichlet_1 [3N] {group},group,heterogeneous,fl,fedavg,dirichlet_1,node_a,selected_test_macro_specificity,3,0.8381388024662932,0.06518449989905474,0.6762115280454658,1.0000660768871208
group|fl|fedavg|dirichlet_1|3|5|0.001|3,FedAvg dirichlet_1 [3N] {group},group,heterogeneous,fl,fedavg,dirichlet_1,node_a,selected_test_mcc,3,0.791512069569507,0.08885252875095734,0.5707901521148735,1.0122339870241406
group|fl|fedavg|dirichlet_1|3|5|0.001|3,FedAvg dirichlet_1 [3N] {group},group,heterogeneous,fl,fedavg,dirichlet_1,node_a,selected_test_n_examples,3,2394.0,0.0,2394.0,2394.0
group|fl|fedavg|dirichlet_1|3|5|0.001|3,FedAvg dirichlet_1 [3N] {group},group,heterogeneous,fl,fedavg,dirichlet_1,node_a,selected_test_precision,3,0.998992950654582,0.0017442606319928125,0.9946599670395272,1.0033259342696368
group|fl|fedavg|dirichlet_1|3|5|0.001|3,FedAvg dirichlet_1 [3N] {group},group,heterogeneous,fl,fedavg,dirichlet_1,node_a,selected_test_recall,3,0.6764484574868321,0.13050319788976342,0.35226054210485475,1.0006363728688095
group|fl|fedavg|dirichlet_1|3|5|0.001|3,FedAvg dirichlet_1 [3N] {group},group,heterogeneous,fl,fedavg,dirichlet_1,node_a,selected_test_roc_auc,3,0.9677906296437281,0.03035477463434204,0.8923851892428767,1.0431960700445795
group|fl|fedavg|dirichlet_1|3|5|0.001|3,FedAvg dirichlet_1 [3N] {group},group,heterogeneous,fl,fedavg,dirichlet_1,node_a,selected_test_specificity,3,0.9998291474457544,0.00029592530455644495,0.9990940282368445,1.0005642666546641
group|fl|fedavg|dirichlet_1|3|5|0.001|3,FedAvg dirichlet_1 [3N] {group},group,heterogeneous,fl,fedavg,dirichlet_1,node_a,selected_test_tn,3,1950.6666666666667,0.5773502691896258,1949.2324490900835,1952.10088424325
group|fl|fedavg|dirichlet_1|3|5|0.001|3,FedAvg dirichlet_1 [3N] {group},group,heterogeneous,fl,fedavg,dirichlet_1,node_a,selected_test_tp,3,299.6666666666667,57.812916665165176,156.05142015245073,443.2819131808826
group|fl|fedavg|dirichlet_1|3|5|0.001|3,FedAvg dirichlet_1 [3N] {group},group,heterogeneous,fl,fedavg,dirichlet_1,node_b,selected_test_accuracy,3,0.3180303976681241,0.05782476268412119,0.1743857240114854,0.46167507132476276
group|fl|fedavg|dirichlet_1|3|5|0.001|3,FedAvg dirichlet_1 [3N] {group},group,heterogeneous,fl,fedavg,dirichlet_1,node_b,selected_test_balanced_accuracy,3,0.6154162263707877,0.0326091740251067,0.5344105474259909,0.6964219053155846
group|fl|fedavg|dirichlet_1|3|5|0.001|3,FedAvg dirichlet_1 [3N] {group},group,heterogeneous,fl,fedavg,dirichlet_1,node_b,selected_test_f1,3,0.37212640766597715,0.08371109994248453,0.16417650740675044,0.5800763079252038
group|fl|fedavg|dirichlet_1|3|5|0.001|3,FedAvg dirichlet_1 [3N] {group},group,heterogeneous,fl,fedavg,dirichlet_1,node_b,selected_test_fn,3,2183.6666666666665,185.15489011455605,1723.7164216181095,2643.6169117152235
group|fl|fedavg|dirichlet_1|3|5|0.001|3,FedAvg dirichlet_1 [3N] {group},group,heterogeneous,fl,fedavg,dirichlet_1,node_b,selected_test_fp,3,0.0,0.0,0.0,0.0
group|fl|fedavg|dirichlet_1|3|5|0.001|3,FedAvg dirichlet_1 [3N] {group},group,heterogeneous,fl,fedavg,dirichlet_1,node_b,selected_test_loss,3,1.5473852995636694,0.5308740766699377,0.2286209855172412,2.866149613610098
group|fl|fedavg|dirichlet_1|3|5|0.001|3,FedAvg dirichlet_1 [3N] {group},group,heterogeneous,fl,fedavg,dirichlet_1,node_b,selected_test_macro_f1,3,0.3111703087968478,0.05011856985312331,0.186668879365711,0.43567173822798466
group|fl|fedavg|dirichlet_1|3|5|0.001|3,FedAvg dirichlet_1 [3N] {group},group,heterogeneous,fl,fedavg,dirichlet_1,node_b,selected_test_macro_precision,3,0.5715327004097669,0.005427480654397396,0.5580500910363829,0.5850153097831509
group|fl|fedavg|dirichlet_1|3|5|0.001|3,FedAvg dirichlet_1 [3N] {group},group,heterogeneous,fl,fedavg,dirichlet_1,node_b,selected_test_macro_recall,3,0.6154162263707877,0.0326091740251067,0.5344105474259909,0.6964219053155846
group|fl|fedavg|dirichlet_1|3|5|0.001|3,FedAvg dirichlet_1 [3N] {group},group,heterogeneous,fl,fedavg,dirichlet_1,node_b,selected_test_macro_specificity,3,0.6154162263707877,0.0326091740251067,0.5344105474259909,0.6964219053155846
group|fl|fedavg|dirichlet_1|3|5|0.001|3,FedAvg dirichlet_1 [3N] {group},group,heterogeneous,fl,fedavg,dirichlet_1,node_b,selected_test_mcc,3,0.18112615656853848,0.03215766567513843,0.10124208654306795,0.261010226594009
group|fl|fedavg|dirichlet_1|3|5|0.001|3,FedAvg dirichlet_1 [3N] {group},group,heterogeneous,fl,fedavg,dirichlet_1,node_b,selected_test_n_examples,3,3202.0,0.0,3202.0,3202.0
group|fl|fedavg|dirichlet_1|3|5|0.001|3,FedAvg dirichlet_1 [3N] {group},group,heterogeneous,fl,fedavg,dirichlet_1,node_b,selected_test_precision,3,1.0,0.0,1.0,1.0
group|fl|fedavg|dirichlet_1|3|5|0.001|3,FedAvg dirichlet_1 [3N] {group},group,heterogeneous,fl,fedavg,dirichlet_1,node_b,selected_test_recall,3,0.23083245274157568,0.06521834805021348,0.06882109485198179,0.3928438106311696
group|fl|fedavg|dirichlet_1|3|5|0.001|3,FedAvg dirichlet_1 [3N] {group},group,heterogeneous,fl,fedavg,dirichlet_1,node_b,selected_test_roc_auc,3,0.9985412419368037,0.002340499059504994,0.9927271199587712,1.0043553639148362
group|fl|fedavg|dirichlet_1|3|5|0.001|3,FedAvg dirichlet_1 [3N] {group},group,heterogeneous,fl,fedavg,dirichlet_1,node_b,selected_test_specificity,3,1.0,0.0,1.0,1.0
group|fl|fedavg|dirichlet_1|3|5|0.001|3,FedAvg dirichlet_1 [3N] {group},group,heterogeneous,fl,fedavg,dirichlet_1,node_b,selected_test_tn,3,363.0,0.0,363.0,363.0
group|fl|fedavg|dirichlet_1|3|5|0.001|3,FedAvg dirichlet_1 [3N] {group},group,heterogeneous,fl,fedavg,dirichlet_1,node_b,selected_test_tp,3,655.3333333333334,185.15489011455608,195.3830882847762,1115.2835783818905
group|fl|fedavg|dirichlet_1|3|5|0.001|3,FedAvg dirichlet_1 [3N] {group},group,heterogeneous,fl,fedavg,dirichlet_1,node_c,selected_test_accuracy,3,0.743717549325026,0.04874302759609062,0.6226331562886902,0.8648019423613618
group|fl|fedavg|dirichlet_1|3|5|0.001|3,FedAvg dirichlet_1 [3N] {group},group,heterogeneous,fl,fedavg,dirichlet_1,node_c,selected_test_balanced_accuracy,3,0.8344068706387547,0.03149458908684593,0.7561699741720403,0.9126437671054691
group|fl|fedavg|dirichlet_1|3|5|0.001|3,FedAvg dirichlet_1 [3N] {group},group,heterogeneous,fl,fedavg,dirichlet_1,node_c,selected_test_f1,3,0.800428865503679,0.04431220832672991,0.6903512377083122,0.9105064932990458
group|fl|fedavg|dirichlet_1|3|5|0.001|3,FedAvg dirichlet_1 [3N] {group},group,heterogeneous,fl,fedavg,dirichlet_1,node_c,selected_test_fn,3,411.3333333333333,78.23255929172542,216.99288251001448,605.6737841566521
group|fl|fedavg|dirichlet_1|3|5|0.001|3,FedAvg dirichlet_1 [3N] {group},group,heterogeneous,fl,fedavg,dirichlet_1,node_c,selected_test_fp,3,0.0,0.0,0.0,0.0
group|fl|fedavg|dirichlet_1|3|5|0.001|3,FedAvg dirichlet_1 [3N] {group},group,heterogeneous,fl,fedavg,dirichlet_1,node_c,selected_test_loss,3,0.8047791450136454,0.5410955691899604,-0.539376764072145,2.148935054099436
group|fl|fedavg|dirichlet_1|3|5|0.001|3,FedAvg dirichlet_1 [3N] {group},group,heterogeneous,fl,fedavg,dirichlet_1,node_c,selected_test_macro_f1,3,0.7204339224850512,0.045093476910308544,0.608415515938211,0.8324523290318915
group|fl|fedavg|dirichlet_1|3|5|0.001|3,FedAvg dirichlet_1 [3N] {group},group,heterogeneous,fl,fedavg,dirichlet_1,node_c,selected_test_macro_precision,3,0.7361013540731127,0.025331190495673873,0.6731751884792777,0.7990275196669477
group|fl|fedavg|dirichlet_1|3|5|0.001|3,FedAvg dirichlet_1 [3N] {group},group,heterogeneous,fl,fedavg,dirichlet_1,node_c,selected_test_macro_recall,3,0.8344068706387547,0.03149458908684593,0.7561699741720403,0.9126437671054691
group|fl|fedavg|dirichlet_1|3|5|0.001|3,FedAvg dirichlet_1 [3N] {group},group,heterogeneous,fl,fedavg,dirichlet_1,node_c,selected_test_macro_specificity,3,0.8344068706387547,0.03149458908684593,0.7561699741720403,0.9126437671054691
group|fl|fedavg|dirichlet_1|3|5|0.001|3,FedAvg dirichlet_1 [3N] {group},group,heterogeneous,fl,fedavg,dirichlet_1,node_c,selected_test_mcc,3,0.5619671308397464,0.05660464256413025,0.4213534035860425,0.7025808580934503
group|fl|fedavg|dirichlet_1|3|5|0.001|3,FedAvg dirichlet_1 [3N] {group},group,heterogeneous,fl,fedavg,dirichlet_1,node_c,selected_test_n_examples,3,1605.0,0.0,1605.0,1605.0
group|fl|fedavg|dirichlet_1|3|5|0.001|3,FedAvg dirichlet_1 [3N] {group},group,heterogeneous,fl,fedavg,dirichlet_1,node_c,selected_test_precision,3,1.0,0.0,1.0,1.0
group|fl|fedavg|dirichlet_1|3|5|0.001|3,FedAvg dirichlet_1 [3N] {group},group,heterogeneous,fl,fedavg,dirichlet_1,node_c,selected_test_recall,3,0.6688137412775094,0.06298917817369193,0.5123399483440805,0.8252875342109383
group|fl|fedavg|dirichlet_1|3|5|0.001|3,FedAvg dirichlet_1 [3N] {group},group,heterogeneous,fl,fedavg,dirichlet_1,node_c,selected_test_roc_auc,3,0.9572012024800781,0.010240789510741335,0.9317616710583484,0.9826407339018078
group|fl|fedavg|dirichlet_1|3|5|0.001|3,FedAvg dirichlet_1 [3N] {group},group,heterogeneous,fl,fedavg,dirichlet_1,node_c,selected_test_specificity,3,1.0,0.0,1.0,1.0
group|fl|fedavg|dirichlet_1|3|5|0.001|3,FedAvg dirichlet_1 [3N] {group},group,heterogeneous,fl,fedavg,dirichlet_1,node_c,selected_test_tn,3,363.0,0.0,363.0,363.0
group|fl|fedavg|dirichlet_1|3|5|0.001|3,FedAvg dirichlet_1 [3N] {group},group,heterogeneous,fl,fedavg,dirichlet_1,node_c,selected_test_tp,3,830.6666666666666,78.23255929172542,636.3262158433478,1025.0071174899854
group|fl|fedprox_0.01|dirichlet_1|3|5|0.001|3,FedProx(mu=0.01) dirichlet_1 [3N] {group},group,heterogeneous,fl,fedprox_0.01,dirichlet_1,node_a,selected_test_accuracy,3,0.955026455026455,0.00845112275438234,0.9340327022856625,0.9760202077672475
group|fl|fedprox_0.01|dirichlet_1|3|5|0.001|3,FedProx(mu=0.01) dirichlet_1 [3N] {group},group,heterogeneous,fl,fedprox_0.01,dirichlet_1,node_a,selected_test_balanced_accuracy,3,0.8784800601956357,0.022835200760712573,0.8217542768305598,0.9352058435607117
group|fl|fedprox_0.01|dirichlet_1|3|5|0.001|3,FedProx(mu=0.01) dirichlet_1 [3N] {group},group,heterogeneous,fl,fedprox_0.01,dirichlet_1,node_a,selected_test_f1,3,0.8611494991665637,0.030049502745084344,0.7865023961781547,0.9357966021549727
group|fl|fedprox_0.01|dirichlet_1|3|5|0.001|3,FedProx(mu=0.01) dirichlet_1 [3N] {group},group,heterogeneous,fl,fedprox_0.01,dirichlet_1,node_a,selected_test_fn,3,107.66666666666667,20.231987873991358,57.407622605209355,157.925710728124
group|fl|fedprox_0.01|dirichlet_1|3|5|0.001|3,FedProx(mu=0.01) dirichlet_1 [3N] {group},group,heterogeneous,fl,fedprox_0.01,dirichlet_1,node_a,selected_test_fp,3,0.0,0.0,0.0,0.0
group|fl|fedprox_0.01|dirichlet_1|3|5|0.001|3,FedProx(mu=0.01) dirichlet_1 [3N] {group},group,heterogeneous,fl,fedprox_0.01,dirichlet_1,node_a,selected_test_loss,3,0.12283833813892465,0.026090125279001786,0.058026874029065714,0.18764980224878358
group|fl|fedprox_0.01|dirichlet_1|3|5|0.001|3,FedProx(mu=0.01) dirichlet_1 [3N] {group},group,heterogeneous,fl,fedprox_0.01,dirichlet_1,node_a,selected_test_macro_f1,3,0.917157097384429,0.017472889886136003,0.8737520326850176,0.9605621620838404
group|fl|fedprox_0.01|dirichlet_1|3|5|0.001|3,FedProx(mu=0.01) dirichlet_1 [3N] {group},group,heterogeneous,fl,fedprox_0.01,dirichlet_1,node_a,selected_test_macro_precision,3,0.9738807312027938,0.0046311804915465625,0.9623762410938206,0.9853852213117671
group|fl|fedprox_0.01|dirichlet_1|3|5|0.001|3,FedProx(mu=0.01) dirichlet_1 [3N] {group},group,heterogeneous,fl,fedprox_0.01,dirichlet_1,node_a,selected_test_macro_recall,3,0.8784800601956357,0.022835200760712573,0.8217542768305598,0.9352058435607117
group|fl|fedprox_0.01|dirichlet_1|3|5|0.001|3,FedProx(mu=0.01) dirichlet_1 [3N] {group},group,heterogeneous,fl,fedprox_0.01,dirichlet_1,node_a,selected_test_macro_specificity,3,0.8784800601956357,0.022835200760712573,0.8217542768305598,0.9352058435607117
group|fl|fedprox_0.01|dirichlet_1|3|5|0.001|3,FedProx(mu=0.01) dirichlet_1 [3N] {group},group,heterogeneous,fl,fedprox_0.01,dirichlet_1,node_a,selected_test_mcc,3,0.8468207796237284,0.0298548558530971,0.7726572063201798,0.920984352927277
group|fl|fedprox_0.01|dirichlet_1|3|5|0.001|3,FedProx(mu=0.01) dirichlet_1 [3N] {group},group,heterogeneous,fl,fedprox_0.01,dirichlet_1,node_a,selected_test_n_examples,3,2394.0,0.0,2394.0,2394.0
group|fl|fedprox_0.01|dirichlet_1|3|5|0.001|3,FedProx(mu=0.01) dirichlet_1 [3N] {group},group,heterogeneous,fl,fedprox_0.01,dirichlet_1,node_a,selected_test_precision,3,1.0,0.0,1.0,1.0
group|fl|fedprox_0.01|dirichlet_1|3|5|0.001|3,FedProx(mu=0.01) dirichlet_1 [3N] {group},group,heterogeneous,fl,fedprox_0.01,dirichlet_1,node_a,selected_test_recall,3,0.7569601203912716,0.04567040152142521,0.6435085536611196,0.8704116871214236
group|fl|fedprox_0.01|dirichlet_1|3|5|0.001|3,FedProx(mu=0.01) dirichlet_1 [3N] {group},group,heterogeneous,fl,fedprox_0.01,dirichlet_1,node_a,selected_test_roc_auc,3,0.986625677480515,0.0030203713814560542,0.9791226590283486,0.9941286959326814
group|fl|fedprox_0.01|dirichlet_1|3|5|0.001|3,FedProx(mu=0.01) dirichlet_1 [3N] {group},group,heterogeneous,fl,fedprox_0.01,dirichlet_1,node_a,selected_test_specificity,3,1.0,0.0,1.0,1.0
group|fl|fedprox_0.01|dirichlet_1|3|5|0.001|3,FedProx(mu=0.01) dirichlet_1 [3N] {group},group,heterogeneous,fl,fedprox_0.01,dirichlet_1,node_a,selected_test_tn,3,1951.0,0.0,1951.0,1951.0
group|fl|fedprox_0.01|dirichlet_1|3|5|0.001|3,FedProx(mu=0.01) dirichlet_1 [3N] {group},group,heterogeneous,fl,fedprox_0.01,dirichlet_1,node_a,selected_test_tp,3,335.3333333333333,20.231987873991358,285.074289271876,385.5923773947906
group|fl|fedprox_0.01|dirichlet_1|3|5|0.001|3,FedProx(mu=0.01) dirichlet_1 [3N] {group},group,heterogeneous,fl,fedprox_0.01,dirichlet_1,node_b,selected_test_accuracy,3,0.3440557984592963,0.051260183307160825,0.21671844399474333,0.47139315292384926
group|fl|fedprox_0.01|dirichlet_1|3|5|0.001|3,FedProx(mu=0.01) dirichlet_1 [3N] {group},group,heterogeneous,fl,fedprox_0.01,dirichlet_1,node_b,selected_test_balanced_accuracy,3,0.6300927556651402,0.028907204464517278,0.5582832789135553,0.7019022324167251
group|fl|fedprox_0.01|dirichlet_1|3|5|0.001|3,FedProx(mu=0.01) dirichlet_1 [3N] {group},group,heterogeneous,fl,fedprox_0.01,dirichlet_1,node_b,selected_test_f1,3,0.41073544182552846,0.07183732637823212,0.23228163025804527,0.5891892533930116
group|fl|fedprox_0.01|dirichlet_1|3|5|0.001|3,FedProx(mu=0.01) dirichlet_1 [3N] {group},group,heterogeneous,fl,fedprox_0.01,dirichlet_1,node_b,selected_test_fn,3,2100.3333333333335,164.13510694952905,1692.5991243378348,2508.067542328832
group|fl|fedprox_0.01|dirichlet_1|3|5|0.001|3,FedProx(mu=0.01) dirichlet_1 [3N] {group},group,heterogeneous,fl,fedprox_0.01,dirichlet_1,node_b,selected_test_fp,3,0.0,0.0,0.0,0.0
group|fl|fedprox_0.01|dirichlet_1|3|5|0.001|3,FedProx(mu=0.01) dirichlet_1 [3N] {group},group,heterogeneous,fl,fedprox_0.01,dirichlet_1,node_b,selected_test_loss,3,1.2718687525169616,0.32991487777800865,0.4523147629611094,2.091422742072814
group|fl|fedprox_0.01|dirichlet_1|3|5|0.001|3,FedProx(mu=0.01) dirichlet_1 [3N] {group},group,heterogeneous,fl,fedprox_0.01,dirichlet_1,node_b,selected_test_macro_f1,3,0.3340981791248628,0.043546629434255225,0.22592235472761243,0.4422740035221131
group|fl|fedprox_0.01|dirichlet_1|3|5|0.001|3,FedProx(mu=0.01) dirichlet_1 [3N] {group},group,heterogeneous,fl,fedprox_0.01,dirichlet_1,node_b,selected_test_macro_precision,3,0.5739047007594714,0.005046148746626921,0.5613693723588739,0.586440029160069
group|fl|fedprox_0.01|dirichlet_1|3|5|0.001|3,FedProx(mu=0.01) dirichlet_1 [3N] {group},group,heterogeneous,fl,fedprox_0.01,dirichlet_1,node_b,selected_test_macro_recall,3,0.6300927556651402,0.028907204464517278,0.5582832789135553,0.7019022324167251
group|fl|fedprox_0.01|dirichlet_1|3|5|0.001|3,FedProx(mu=0.01) dirichlet_1 [3N] {group},group,heterogeneous,fl,fedprox_0.01,dirichlet_1,node_b,selected_test_macro_specificity,3,0.6300927556651402,0.028907204464517278,0.5582832789135553,0.7019022324167251
group|fl|fedprox_0.01|dirichlet_1|3|5|0.001|3,FedProx(mu=0.01) dirichlet_1 [3N] {group},group,heterogeneous,fl,fedprox_0.01,dirichlet_1,node_b,selected_test_mcc,3,0.19572985363420956,0.02836803791136769,0.12525974085021802,0.2661999664182011
group|fl|fedprox_0.01|dirichlet_1|3|5|0.001|3,FedProx(mu=0.01) dirichlet_1 [3N] {group},group,heterogeneous,fl,fedprox_0.01,dirichlet_1,node_b,selected_test_n_examples,3,3202.0,0.0,3202.0,3202.0
group|fl|fedprox_0.01|dirichlet_1|3|5|0.001|3,FedProx(mu=0.01) dirichlet_1 [3N] {group},group,heterogeneous,fl,fedprox_0.01,dirichlet_1,node_b,selected_test_precision,3,1.0,0.0,1.0,1.0
group|fl|fedprox_0.01|dirichlet_1|3|5|0.001|3,FedProx(mu=0.01) dirichlet_1 [3N] {group},group,heterogeneous,fl,fedprox_0.01,dirichlet_1,node_b,selected_test_recall,3,0.2601855113302806,0.05781440892903452,0.11656655782711095,0.4038044648334503
group|fl|fedprox_0.01|dirichlet_1|3|5|0.001|3,FedProx(mu=0.01) dirichlet_1 [3N] {group},group,heterogeneous,fl,fedprox_0.01,dirichlet_1,node_b,selected_test_roc_auc,3,0.9986550962246629,0.002081356628423673,0.993484719732394,1.0038254727169316
group|fl|fedprox_0.01|dirichlet_1|3|5|0.001|3,FedProx(mu=0.01) dirichlet_1 [3N] {group},group,heterogeneous,fl,fedprox_0.01,dirichlet_1,node_b,selected_test_specificity,3,1.0,0.0,1.0,1.0
group|fl|fedprox_0.01|dirichlet_1|3|5|0.001|3,FedProx(mu=0.01) dirichlet_1 [3N] {group},group,heterogeneous,fl,fedprox_0.01,dirichlet_1,node_b,selected_test_tn,3,363.0,0.0,363.0,363.0
group|fl|fedprox_0.01|dirichlet_1|3|5|0.001|3,FedProx(mu=0.01) dirichlet_1 [3N] {group},group,heterogeneous,fl,fedprox_0.01,dirichlet_1,node_b,selected_test_tp,3,738.6666666666666,164.13510694952905,330.93245767116787,1146.4008756621654
group|fl|fedprox_0.01|dirichlet_1|3|5|0.001|3,FedProx(mu=0.01) dirichlet_1 [3N] {group},group,heterogeneous,fl,fedprox_0.01,dirichlet_1,node_c,selected_test_accuracy,3,0.7865005192107996,0.017899448744685537,0.7420358235645841,0.830965214857015
group|fl|fedprox_0.01|dirichlet_1|3|5|0.001|3,FedProx(mu=0.01) dirichlet_1 [3N] {group},group,heterogeneous,fl,fedprox_0.01,dirichlet_1,node_c,selected_test_balanced_accuracy,3,0.8617255115937592,0.011011669787944411,0.8343710074041847,0.8890800157833337
group|fl|fedprox_0.01|dirichlet_1|3|5|0.001|3,FedProx(mu=0.01) dirichlet_1 [3N] {group},group,heterogeneous,fl,fedprox_0.01,dirichlet_1,node_c,selected_test_f1,3,0.8398804894665811,0.015536186775086508,0.801286462001792,0.8784745169313702
group|fl|fedprox_0.01|dirichlet_1|3|5|0.001|3,FedProx(mu=0.01) dirichlet_1 [3N] {group},group,heterogeneous,fl,fedprox_0.01,dirichlet_1,node_c,selected_test_fn,3,342.3333333333333,29.297326385411576,269.55474000587446,415.11192666079216
group|fl|fedprox_0.01|dirichlet_1|3|5|0.001|3,FedProx(mu=0.01) dirichlet_1 [3N] {group},group,heterogeneous,fl,fedprox_0.01,dirichlet_1,node_c,selected_test_fp,3,0.3333333333333333,0.5773502691896258,-1.100884243249821,1.7675509099164874
group|fl|fedprox_0.01|dirichlet_1|3|5|0.001|3,FedProx(mu=0.01) dirichlet_1 [3N] {group},group,heterogeneous,fl,fedprox_0.01,dirichlet_1,node_c,selected_test_loss,3,0.41725158647460975,0.11656050456859106,0.12769924137512606,0.7068039315740935
group|fl|fedprox_0.01|dirichlet_1|3|5|0.001|3,FedProx(mu=0.01) dirichlet_1 [3N] {group},group,heterogeneous,fl,fedprox_0.01,dirichlet_1,node_c,selected_test_macro_f1,3,0.7596853600152008,0.01686433204827506,0.717792036790601,0.8015786832398006
group|fl|fedprox_0.01|dirichlet_1|3|5|0.001|3,FedProx(mu=0.01) dirichlet_1 [3N] {group},group,heterogeneous,fl,fedprox_0.01,dirichlet_1,node_c,selected_test_macro_precision,3,0.757335170416415,0.010431352119967081,0.731422255230658,0.783248085602172
group|fl|fedprox_0.01|dirichlet_1|3|5|0.001|3,FedProx(mu=0.01) dirichlet_1 [3N] {group},group,heterogeneous,fl,fedprox_0.01,dirichlet_1,node_c,selected_test_macro_recall,3,0.8617255115937592,0.011011669787944411,0.8343710074041847,0.8890800157833337
group|fl|fedprox_0.01|dirichlet_1|3|5|0.001|3,FedProx(mu=0.01) dirichlet_1 [3N] {group},group,heterogeneous,fl,fedprox_0.01,dirichlet_1,node_c,selected_test_macro_specificity,3,0.8617255115937592,0.011011669787944411,0.8343710074041847,0.8890800157833337
group|fl|fedprox_0.01|dirichlet_1|3|5|0.001|3,FedProx(mu=0.01) dirichlet_1 [3N] {group},group,heterogeneous,fl,fedprox_0.01,dirichlet_1,node_c,selected_test_mcc,3,0.6101905875725088,0.021650723071094478,0.5564072099049401,0.6639739652400775
group|fl|fedprox_0.01|dirichlet_1|3|5|0.001|3,FedProx(mu=0.01) dirichlet_1 [3N] {group},group,heterogeneous,fl,fedprox_0.01,dirichlet_1,node_c,selected_test_n_examples,3,1605.0,0.0,1605.0,1605.0
group|fl|fedprox_0.01|dirichlet_1|3|5|0.001|3,FedProx(mu=0.01) dirichlet_1 [3N] {group},group,heterogeneous,fl,fedprox_0.01,dirichlet_1,node_c,selected_test_precision,3,0.9996431120628122,0.0006181480398175911,0.9981075472056568,1.0011786769199675
group|fl|fedprox_0.01|dirichlet_1|3|5|0.001|3,FedProx(mu=0.01) dirichlet_1 [3N] {group},group,heterogeneous,fl,fedprox_0.01,dirichlet_1,node_c,selected_test_recall,3,0.7243692968330651,0.02358882961788372,0.665771395603227,0.7829671980629032
group|fl|fedprox_0.01|dirichlet_1|3|5|0.001|3,FedProx(mu=0.01) dirichlet_1 [3N] {group},group,heterogeneous,fl,fedprox_0.01,dirichlet_1,node_c,selected_test_roc_auc,3,0.9639462994755045,0.05058965392737188,0.8382746323301218,1.0896179666208872
group|fl|fedprox_0.01|dirichlet_1|3|5|0.001|3,FedProx(mu=0.01) dirichlet_1 [3N] {group},group,heterogeneous,fl,fedprox_0.01,dirichlet_1,node_c,selected_test_specificity,3,0.9990817263544537,0.001590496609337828,0.9951307137467865,1.0030327389621208
group|fl|fedprox_0.01|dirichlet_1|3|5|0.001|3,FedProx(mu=0.01) dirichlet_1 [3N] {group},group,heterogeneous,fl,fedprox_0.01,dirichlet_1,node_c,selected_test_tn,3,362.6666666666667,0.5773502691896258,361.23244909008355,364.1008842432498
group|fl|fedprox_0.01|dirichlet_1|3|5|0.001|3,FedProx(mu=0.01) dirichlet_1 [3N] {group},group,heterogeneous,fl,fedprox_0.01,dirichlet_1,node_c,selected_test_tp,3,899.6666666666666,29.297326385411576,826.8880733392077,972.4452599941255
group|fl|fedavg|iid|3|5|0.001|3,FedAvg iid [3N] {group},group,heterogeneous,fl,fedavg,iid,node_a,selected_test_accuracy,5,0.8787614132592297,0.06768448354644119,0.7947200268025987,0.9628027997158608
group|fl|fedavg|iid|3|5|0.001|3,FedAvg iid [3N] {group},group,heterogeneous,fl,fedavg,iid,node_a,selected_test_balanced_accuracy,5,0.898609657166395,0.056394403655203006,0.8285867564475586,0.9686325578852313
group|fl|fedavg|iid|3|5|0.001|3,FedAvg iid [3N] {group},group,heterogeneous,fl,fedavg,iid,node_a,selected_test_f1,5,0.883608326830219,0.07470488853328833,0.7908499562486097,0.9763666974118282
group|fl|fedavg|iid|3|5|0.001|3,FedAvg iid [3N] {group},group,heterogeneous,fl,fedavg,iid,node_a,selected_test_fn,5,304.6,171.34555728118545,91.84639027179122,517.3536097282088
group|fl|fedavg|iid|3|5|0.001|3,FedAvg iid [3N] {group},group,heterogeneous,fl,fedavg,iid,node_a,selected_test_fp,5,0.8,1.7888543819998322,-1.4211560841582351,3.0211560841582354
group|fl|fedavg|iid|3|5|0.001|3,FedAvg iid [3N] {group},group,heterogeneous,fl,fedavg,iid,node_a,selected_test_loss,5,0.4145051429890022,0.21111779816470566,0.1523677736278385,0.6766425123501659
group|fl|fedavg|iid|3|5|0.001|3,FedAvg iid [3N] {group},group,heterogeneous,fl,fedavg,iid,node_a,selected_test_macro_f1,5,0.8779260161871726,0.06730677499760455,0.7943536168374458,0.9614984155368994
group|fl|fedavg|iid|3|5|0.001|3,FedAvg iid [3N] {group},group,heterogeneous,fl,fedavg,iid,node_a,selected_test_macro_precision,5,0.8886482794851813,0.045390583541562994,0.8322884260441622,0.9450081329262005
group|fl|fedavg|iid|3|5|0.001|3,FedAvg iid [3N] {group},group,heterogeneous,fl,fedavg,iid,node_a,selected_test_macro_recall,5,0.898609657166395,0.056394403655203006,0.8285867564475586,0.9686325578852313
group|fl|fedavg|iid|3|5|0.001|3,FedAvg iid [3N] {group},group,heterogeneous,fl,fedavg,iid,node_a,selected_test_macro_specificity,5,0.898609657166395,0.056394403655203006,0.8285867564475586,0.9686325578852313
group|fl|fedavg|iid|3|5|0.001|3,FedAvg iid [3N] {group},group,heterogeneous,fl,fedavg,iid,node_a,selected_test_mcc,5,0.7871266940013619,0.10167738516585632,0.6608775454094207,0.9133758425933032
group|fl|fedavg|iid|3|5|0.001|3,FedAvg iid [3N] {group},group,heterogeneous,fl,fedavg,iid,node_a,selected_test_n_examples,5,2519.0,0.0,2519.0,2519.0
group|fl|fedavg|iid|3|5|0.001|3,FedAvg iid [3N] {group},group,heterogeneous,fl,fedavg,iid,node_a,selected_test_precision,5,0.9994091580502216,0.001321162763663089,0.9977687178108138,1.0010495982896295
group|fl|fedavg|iid|3|5|0.001|3,FedAvg iid [3N] {group},group,heterogeneous,fl,fedavg,iid,node_a,selected_test_recall,5,0.7980106100795756,0.11362437485489753,0.6569273145038403,0.9390939056553109
group|fl|fedavg|iid|3|5|0.001|3,FedAvg iid [3N] {group},group,heterogeneous,fl,fedavg,iid,node_a,selected_test_roc_auc,5,0.9917543624900628,0.0014794391900069305,0.9899173961102994,0.9935913288698262
group|fl|fedavg|iid|3|5|0.001|3,FedAvg iid [3N] {group},group,heterogeneous,fl,fedavg,iid,node_a,selected_test_specificity,5,0.9992087042532146,0.001769391080118523,0.9970117150502886,1.0014056934561406
group|fl|fedavg|iid|3|5|0.001|3,FedAvg iid [3N] {group},group,heterogeneous,fl,fedavg,iid,node_a,selected_test_tn,5,1010.2,1.788854381999832,1007.9788439158418,1012.4211560841583
group|fl|fedavg|iid|3|5|0.001|3,FedAvg iid [3N] {group},group,heterogeneous,fl,fedavg,iid,node_a,selected_test_tp,5,1203.4,171.34555728118545,990.6463902717912,1416.153609728209
group|fl|fedavg|iid|3|5|0.001|3,FedAvg iid [3N] {group},group,heterogeneous,fl,fedavg,iid,node_b,selected_test_accuracy,5,0.9232158211521926,0.10875835563297787,0.7881744864588824,1.0582571558455027
group|fl|fedavg|iid|3|5|0.001|3,FedAvg iid [3N] {group},group,heterogeneous,fl,fedavg,iid,node_b,selected_test_balanced_accuracy,5,0.9399434474976166,0.08347126611496306,0.8363001814781812,1.043586713517052
group|fl|fedavg|iid|3|5|0.001|3,FedAvg iid [3N] {group},group,heterogeneous,fl,fedavg,iid,node_b,selected_test_f1,5,0.9293750146508799,0.10843698950640923,0.7947327087071723,1.0640173205945875
group|fl|fedavg|iid|3|5|0.001|3,FedAvg iid [3N] {group},group,heterogeneous,fl,fedavg,iid,node_b,selected_test_fn,5,175.6,254.57670749697425,-140.4987324802432,491.69873248024317
group|fl|fedavg|iid|3|5|0.001|3,FedAvg iid [3N] {group},group,heterogeneous,fl,fedavg,iid,node_b,selected_test_fp,5,3.0,6.708203932499369,-5.329335315593379,11.32933531559338
group|fl|fedavg|iid|3|5|0.001|3,FedAvg iid [3N] {group},group,heterogeneous,fl,fedavg,iid,node_b,selected_test_loss,5,0.32414938619538847,0.1347830120555457,0.15679417255655348,0.49150459983422345
group|fl|fedavg|iid|3|5|0.001|3,FedAvg iid [3N] {group},group,heterogeneous,fl,fedavg,iid,node_b,selected_test_macro_f1,5,0.9213808712433116,0.10783727830219679,0.787483205111194,1.0552785373754292
group|fl|fedavg|iid|3|5|0.001|3,FedAvg iid [3N] {group},group,heterogeneous,fl,fedavg,iid,node_b,selected_test_macro_precision,5,0.927230185404329,0.08107008678353007,0.8265683773139649,1.027891993494693
group|fl|fedavg|iid|3|5|0.001|3,FedAvg iid [3N] {group},group,heterogeneous,fl,fedavg,iid,node_b,selected_test_macro_recall,5,0.9399434474976166,0.08347126611496306,0.8363001814781812,1.043586713517052
group|fl|fedavg|iid|3|5|0.001|3,FedAvg iid [3N] {group},group,heterogeneous,fl,fedavg,iid,node_b,selected_test_macro_specificity,5,0.9399434474976166,0.08347126611496306,0.8363001814781812,1.043586713517052
group|fl|fedavg|iid|3|5|0.001|3,FedAvg iid [3N] {group},group,heterogeneous,fl,fedavg,iid,node_b,selected_test_mcc,5,0.8670794889358919,0.16451665253245792,0.6628050843813408,1.071353893490443
group|fl|fedavg|iid|3|5|0.001|3,FedAvg iid [3N] {group},group,heterogeneous,fl,fedavg,iid,node_b,selected_test_n_examples,5,2326.0,0.0,2326.0,2326.0
group|fl|fedavg|iid|3|5|0.001|3,FedAvg iid [3N] {group},group,heterogeneous,fl,fedavg,iid,node_b,selected_test_precision,5,0.9979480164158687,0.004588374782831296,0.9922507966377611,1.0036452361939763
group|fl|fedavg|iid|3|5|0.001|3,FedAvg iid [3N] {group},group,heterogeneous,fl,fedavg,iid,node_b,selected_test_recall,5,0.8835543766578249,0.16881744528977072,0.673939832572783,1.0931689207428668
group|fl|fedavg|iid|3|5|0.001|3,FedAvg iid [3N] {group},group,heterogeneous,fl,fedavg,iid,node_b,selected_test_roc_auc,5,0.9909799731505322,0.0037774182823137464,0.9862896888632265,0.9956702574378379
group|fl|fedavg|iid|3|5|0.001|3,FedAvg iid [3N] {group},group,heterogeneous,fl,fedavg,iid,node_b,selected_test_specificity,5,0.9963325183374083,0.008200738303788936,0.986149956826903,1.0065150798479137
group|fl|fedavg|iid|3|5|0.001|3,FedAvg iid [3N] {group},group,heterogeneous,fl,fedavg,iid,node_b,selected_test_tn,5,815.0,6.708203932499369,806.6706646844066,823.3293353155934
group|fl|fedavg|iid|3|5|0.001|3,FedAvg iid [3N] {group},group,heterogeneous,fl,fedavg,iid,node_b,selected_test_tp,5,1332.4,254.5767074969743,1016.3012675197567,1648.4987324802435
group|fl|fedavg|iid|3|5|0.001|3,FedAvg iid [3N] {group},group,heterogeneous,fl,fedavg,iid,node_c,selected_test_accuracy,5,0.6904999999999999,0.23220138380054695,0.402183901401766,0.9788160985982337
group|fl|fedavg|iid|3|5|0.001|3,FedAvg iid [3N] {group},group,heterogeneous,fl,fedavg,iid,node_c,selected_test_balanced_accuracy,5,0.753209786965779,0.18406722926661573,0.524660135136304,0.981759438795254
group|fl|fedavg|iid|3|5|0.001|3,FedAvg iid [3N] {group},group,heterogeneous,fl,fedavg,iid,node_c,selected_test_f1,5,0.6015251023350185,0.3686073883041527,0.14383857880583695,1.0592116258642001
group|fl|fedavg|iid|3|5|0.001|3,FedAvg iid [3N] {group},group,heterogeneous,fl,fedavg,iid,node_c,selected_test_fn,5,740.6,560.3992326904098,44.7724481473042,1436.4275518526958
group|fl|fedavg|iid|3|5|0.001|3,FedAvg iid [3N] {group},group,heterogeneous,fl,fedavg,iid,node_c,selected_test_fp,5,2.2,4.919349550499538,-3.9081792314351462,8.308179231435147
group|fl|fedavg|iid|3|5|0.001|3,FedAvg iid [3N] {group},group,heterogeneous,fl,fedavg,iid,node_c,selected_test_loss,5,0.7211970377661776,0.48031215300314717,0.12481072948243177,1.3175833460499233
group|fl|fedavg|iid|3|5|0.001|3,FedAvg iid [3N] {group},group,heterogeneous,fl,fedavg,iid,node_c,selected_test_macro_f1,5,0.6675976747143851,0.2619223156420836,0.34237816505544727,0.992817184373323
group|fl|fedavg|iid|3|5|0.001|3,FedAvg iid [3N] {group},group,heterogeneous,fl,fedavg,iid,node_c,selected_test_macro_precision,5,0.8000649882607295,0.102277697936564,0.6730704529137386,0.9270595236077204
group|fl|fedavg|iid|3|5|0.001|3,FedAvg iid [3N] {group},group,heterogeneous,fl,fedavg,iid,node_c,selected_test_macro_recall,5,0.753209786965779,0.18406722926661573,0.524660135136304,0.981759438795254
group|fl|fedavg|iid|3|5|0.001|3,FedAvg iid [3N] {group},group,heterogeneous,fl,fedavg,iid,node_c,selected_test_macro_specificity,5,0.753209786965779,0.18406722926661573,0.524660135136304,0.981759438795254
group|fl|fedavg|iid|3|5|0.001|3,FedAvg iid [3N] {group},group,heterogeneous,fl,fedavg,iid,node_c,selected_test_mcc,5,0.5344320927066473,0.3101878971586051,0.14928294812627563,0.9195812372870189
group|fl|fedavg|iid|3|5|0.001|3,FedAvg iid [3N] {group},group,heterogeneous,fl,fedavg,iid,node_c,selected_test_n_examples,5,2400.0,0.0,2400.0,2400.0
group|fl|fedavg|iid|3|5|0.001|3,FedAvg iid [3N] {group},group,heterogeneous,fl,fedavg,iid,node_c,selected_test_precision,5,0.998446327683616,0.003474116914194612,0.9941326417857097,1.0027600135815222
group|fl|fedavg|iid|3|5|0.001|3,FedAvg iid [3N] {group},group,heterogeneous,fl,fedavg,iid,node_c,selected_test_recall,5,0.5088859416445624,0.3716175283092903,0.04746183564144851,0.9703100476476763
group|fl|fedavg|iid|3|5|0.001|3,FedAvg iid [3N] {group},group,heterogeneous,fl,fedavg,iid,node_c,selected_test_roc_auc,5,0.9344870704523558,0.07335607037817547,0.8434034788140737,1.025570662090638
group|fl|fedavg|iid|3|5|0.001|3,FedAvg iid [3N] {group},group,heterogeneous,fl,fedavg,iid,node_c,selected_test_specificity,5,0.9975336322869955,0.00551496586378871,0.9906858977226064,1.0043813668513848
group|fl|fedavg|iid|3|5|0.001|3,FedAvg iid [3N] {group},group,heterogeneous,fl,fedavg,iid,node_c,selected_test_tn,5,889.8,4.919349550499538,883.6918207685648,895.9081792314352
group|fl|fedavg|iid|3|5|0.001|3,FedAvg iid [3N] {group},group,heterogeneous,fl,fedavg,iid,node_c,selected_test_tp,5,767.4,560.3992326904098,71.57244814730416,1463.2275518526958
group|fl|fedprox_0.01|iid|3|5|0.001|3,FedProx(mu=0.01) iid [3N] {group},group,heterogeneous,fl,fedprox_0.01,iid,node_a,selected_test_accuracy,5,0.9282254863040891,0.008834096734069779,0.9172565064327451,0.939194466175433
group|fl|fedprox_0.01|iid|3|5|0.001|3,FedProx(mu=0.01) iid [3N] {group},group,heterogeneous,fl,fedprox_0.01,iid,node_a,selected_test_balanced_accuracy,5,0.9398900555428746,0.007398307060106543,0.9307038440186836,0.9490762670670657
group|fl|fedprox_0.01|iid|3|5|0.001|3,FedProx(mu=0.01) iid [3N] {group},group,heterogeneous,fl,fedprox_0.01,iid,node_a,selected_test_f1,5,0.9362227797274173,0.00838000606924011,0.9258176278865128,0.9466279315683218
group|fl|fedprox_0.01|iid|3|5|0.001|3,FedProx(mu=0.01) iid [3N] {group},group,heterogeneous,fl,fedprox_0.01,iid,node_a,selected_test_fn,5,179.8,22.297981971469977,152.11339855342914,207.4866014465709
group|fl|fedprox_0.01|iid|3|5|0.001|3,FedProx(mu=0.01) iid [3N] {group},group,heterogeneous,fl,fedprox_0.01,iid,node_a,selected_test_fp,5,1.0,2.23606797749979,-1.7764451051977934,3.7764451051977934
group|fl|fedprox_0.01|iid|3|5|0.001|3,FedProx(mu=0.01) iid [3N] {group},group,heterogeneous,fl,fedprox_0.01,iid,node_a,selected_test_loss,5,0.18968119070902395,0.06469174379931025,0.10935578145239881,0.2700065999656491
group|fl|fedprox_0.01|iid|3|5|0.001|3,FedProx(mu=0.01) iid [3N] {group},group,heterogeneous,fl,fedprox_0.01,iid,node_a,selected_test_macro_f1,5,0.9270723702567611,0.008806905397918141,0.9161371528885798,0.9380075876249425
group|fl|fedprox_0.01|iid|3|5|0.001|3,FedProx(mu=0.01) iid [3N] {group},group,heterogeneous,fl,fedprox_0.01,iid,node_a,selected_test_macro_precision,5,0.9241851051290988,0.00786376798904012,0.9144209475268804,0.9339492627313172
group|fl|fedprox_0.01|iid|3|5|0.001|3,FedProx(mu=0.01) iid [3N] {group},group,heterogeneous,fl,fedprox_0.01,iid,node_a,selected_test_macro_recall,5,0.9398900555428746,0.007398307060106543,0.9307038440186836,0.9490762670670657
group|fl|fedprox_0.01|iid|3|5|0.001|3,FedProx(mu=0.01) iid [3N] {group},group,heterogeneous,fl,fedprox_0.01,iid,node_a,selected_test_macro_specificity,5,0.9398900555428746,0.007398307060106543,0.9307038440186836,0.9490762670670657
group|fl|fedprox_0.01|iid|3|5|0.001|3,FedProx(mu=0.01) iid [3N] {group},group,heterogeneous,fl,fedprox_0.01,iid,node_a,selected_test_mcc,5,0.8639321550037528,0.015272157949025382,0.8449692663035665,0.882895043703939
group|fl|fedprox_0.01|iid|3|5|0.001|3,FedProx(mu=0.01) iid [3N] {group},group,heterogeneous,fl,fedprox_0.01,iid,node_a,selected_test_n_examples,5,2519.0,0.0,2519.0,2519.0
group|fl|fedprox_0.01|iid|3|5|0.001|3,FedProx(mu=0.01) iid [3N] {group},group,heterogeneous,fl,fedprox_0.01,iid,node_a,selected_test_precision,5,0.9992514970059879,0.0016737035759728787,0.9971733195320375,1.0013296744799383
group|fl|fedprox_0.01|iid|3|5|0.001|3,FedProx(mu=0.01) iid [3N] {group},group,heterogeneous,fl,fedprox_0.01,iid,node_a,selected_test_recall,5,0.8807692307692309,0.014786460193282494,0.862409415486359,0.8991290460521028
group|fl|fedprox_0.01|iid|3|5|0.001|3,FedProx(mu=0.01) iid [3N] {group},group,heterogeneous,fl,fedprox_0.01,iid,node_a,selected_test_roc_auc,5,0.9950541392166278,0.002541814131309894,0.9918980601196548,0.9982102183136008
group|fl|fedprox_0.01|iid|3|5|0.001|3,FedProx(mu=0.01) iid [3N] {group},group,heterogeneous,fl,fedprox_0.01,iid,node_a,selected_test_specificity,5,0.9990108803165183,0.0022117388501481532,0.9962646438128607,1.0017571168201758
group|fl|fedprox_0.01|iid|3|5|0.001|3,FedProx(mu=0.01) iid [3N] {group},group,heterogeneous,fl,fedprox_0.01,iid,node_a,selected_test_tn,5,1010.0,2.23606797749979,1007.2235548948022,1012.7764451051978
group|fl|fedprox_0.01|iid|3|5|0.001|3,FedProx(mu=0.01) iid [3N] {group},group,heterogeneous,fl,fedprox_0.01,iid,node_a,selected_test_tp,5,1328.2,22.297981971469973,1300.5133985534292,1355.886601446571
group|fl|fedprox_0.01|iid|3|5|0.001|3,FedProx(mu=0.01) iid [3N] {group},group,heterogeneous,fl,fedprox_0.01,iid,node_b,selected_test_accuracy,5,0.9683576956147893,0.007437785475033056,0.959122465164078,0.9775929260655007
group|fl|fedprox_0.01|iid|3|5|0.001|3,FedProx(mu=0.01) iid [3N] {group},group,heterogeneous,fl,fedprox_0.01,iid,node_b,selected_test_balanced_accuracy,5,0.9718490787519537,0.01077588719718675,0.958469047570502,0.9852291099334054
group|fl|fedprox_0.01|iid|3|5|0.001|3,FedProx(mu=0.01) iid [3N] {group},group,heterogeneous,fl,fedprox_0.01,iid,node_b,selected_test_f1,5,0.9752405806846987,0.005627059084350502,0.9682536640038952,0.9822274973655021
group|fl|fedprox_0.01|iid|3|5|0.001|3,FedProx(mu=0.01) iid [3N] {group},group,heterogeneous,fl,fedprox_0.01,iid,node_b,selected_test_fn,5,60.2,0.8366600265340756,59.16114936631644,61.23885063368357
group|fl|fedprox_0.01|iid|3|5|0.001|3,FedProx(mu=0.01) iid [3N] {group},group,heterogeneous,fl,fedprox_0.01,iid,node_b,selected_test_fp,5,13.4,18.022208521710095,-8.977527489528503,35.7775274895285
group|fl|fedprox_0.01|iid|3|5|0.001|3,FedProx(mu=0.01) iid [3N] {group},group,heterogeneous,fl,fedprox_0.01,iid,node_b,selected_test_loss,5,0.0906164572133712,0.0018790160684414485,0.08828335060914107,0.09294956381760132
group|fl|fedprox_0.01|iid|3|5|0.001|3,FedProx(mu=0.01) iid [3N] {group},group,heterogeneous,fl,fedprox_0.01,iid,node_b,selected_test_macro_f1,5,0.9657033612291457,0.008272131284989062,0.9554321536241597,0.9759745688341317
group|fl|fedprox_0.01|iid|3|5|0.001|3,FedProx(mu=0.01) iid [3N] {group},group,heterogeneous,fl,fedprox_0.01,iid,node_b,selected_test_macro_precision,5,0.9606648548910846,0.006363611476002921,0.9527633876227755,0.9685663221593936
group|fl|fedprox_0.01|iid|3|5|0.001|3,FedProx(mu=0.01) iid [3N] {group},group,heterogeneous,fl,fedprox_0.01,iid,node_b,selected_test_macro_recall,5,0.9718490787519537,0.01077588719718675,0.958469047570502,0.9852291099334054
group|fl|fedprox_0.01|iid|3|5|0.001|3,FedProx(mu=0.01) iid [3N] {group},group,heterogeneous,fl,fedprox_0.01,iid,node_b,selected_test_macro_specificity,5,0.9718490787519537,0.01077588719718675,0.958469047570502,0.9852291099334054
group|fl|fedprox_0.01|iid|3|5|0.001|3,FedProx(mu=0.01) iid [3N] {group},group,heterogeneous,fl,fedprox_0.01,iid,node_b,selected_test_mcc,5,0.9324390813243456,0.01709898734791365,0.9112078843286996,0.9536702783199916
group|fl|fedprox_0.01|iid|3|5|0.001|3,FedProx(mu=0.01) iid [3N] {group},group,heterogeneous,fl,fedprox_0.01,iid,node_b,selected_test_n_examples,5,2326.0,0.0,2326.0,2326.0
group|fl|fedprox_0.01|iid|3|5|0.001|3,FedProx(mu=0.01) iid [3N] {group},group,heterogeneous,fl,fedprox_0.01,iid,node_b,selected_test_precision,5,0.9909529634766032,0.012031398105788736,0.9760140096005884,1.005891917352618
group|fl|fedprox_0.01|iid|3|5|0.001|3,FedProx(mu=0.01) iid [3N] {group},group,heterogeneous,fl,fedprox_0.01,iid,node_b,selected_test_recall,5,0.960079575596817,0.0005548143412029481,0.9593906826036581,0.9607684685899759
group|fl|fedprox_0.01|iid|3|5|0.001|3,FedProx(mu=0.01) iid [3N] {group},group,heterogeneous,fl,fedprox_0.01,iid,node_b,selected_test_roc_auc,5,0.9899664705920502,0.002465561159104652,0.9869050720654204,0.99302786911868
group|fl|fedprox_0.01|iid|3|5|0.001|3,FedProx(mu=0.01) iid [3N] {group},group,heterogeneous,fl,fedprox_0.01,iid,node_b,selected_test_specificity,5,0.9836185819070906,0.022032039757591788,0.9562621913330949,1.0109749724810864
group|fl|fedprox_0.01|iid|3|5|0.001|3,FedProx(mu=0.01) iid [3N] {group},group,heterogeneous,fl,fedprox_0.01,iid,node_b,selected_test_tn,5,804.6,18.022208521710095,782.2224725104716,826.9775274895285
group|fl|fedprox_0.01|iid|3|5|0.001|3,FedProx(mu=0.01) iid [3N] {group},group,heterogeneous,fl,fedprox_0.01,iid,node_b,selected_test_tp,5,1447.8,0.8366600265340756,1446.7611493663164,1448.8388506336835
group|fl|fedprox_0.01|iid|3|5|0.001|3,FedProx(mu=0.01) iid [3N] {group},group,heterogeneous,fl,fedprox_0.01,iid,node_c,selected_test_accuracy,5,0.8860833333333333,0.0466085948201736,0.8282111191382573,0.9439555475284094
group|fl|fedprox_0.01|iid|3|5|0.001|3,FedProx(mu=0.01) iid [3N] {group},group,heterogeneous,fl,fedprox_0.01,iid,node_c,selected_test_balanced_accuracy,5,0.8742256545063102,0.05512575191885532,0.8057779929747555,0.9426733160378649
group|fl|fedprox_0.01|iid|3|5|0.001|3,FedProx(mu=0.01) iid [3N] {group},group,heterogeneous,fl,fedprox_0.01,iid,node_c,selected_test_f1,5,0.9105108420109087,0.0364832712439077,0.8652108775706459,0.9558108064511716
group|fl|fedprox_0.01|iid|3|5|0.001|3,FedProx(mu=0.01) iid [3N] {group},group,heterogeneous,fl,fedprox_0.01,iid,node_c,selected_test_fn,5,120.0,76.14788243936925,25.449915835582573,214.55008416441743
group|fl|fedprox_0.01|iid|3|5|0.001|3,FedProx(mu=0.01) iid [3N] {group},group,heterogeneous,fl,fedprox_0.01,iid,node_c,selected_test_fp,5,153.4,94.80137129809884,35.688550278803035,271.111449721197
group|fl|fedprox_0.01|iid|3|5|0.001|3,FedProx(mu=0.01) iid [3N] {group},group,heterogeneous,fl,fedprox_0.01,iid,node_c,selected_test_loss,5,0.2349845872683994,0.04489862365371366,0.17923558270868323,0.2907335918281156
group|fl|fedprox_0.01|iid|3|5|0.001|3,FedProx(mu=0.01) iid [3N] {group},group,heterogeneous,fl,fedprox_0.01,iid,node_c,selected_test_macro_f1,5,0.8764569897401631,0.050611427234596155,0.8136146026452555,0.9392993768350706
group|fl|fedprox_0.01|iid|3|5|0.001|3,FedProx(mu=0.01) iid [3N] {group},group,heterogeneous,fl,fedprox_0.01,iid,node_c,selected_test_macro_precision,5,0.8847265438930965,0.05195576684520279,0.8202149387023394,0.9492381490838535
group|fl|fedprox_0.01|iid|3|5|0.001|3,FedProx(mu=0.01) iid [3N] {group},group,heterogeneous,fl,fedprox_0.01,iid,node_c,selected_test_macro_recall,5,0.8742256545063102,0.05512575191885532,0.8057779929747555,0.9426733160378649
group|fl|fedprox_0.01|iid|3|5|0.001|3,FedProx(mu=0.01) iid [3N] {group},group,heterogeneous,fl,fedprox_0.01,iid,node_c,selected_test_macro_specificity,5,0.8742256545063102,0.05512575191885532,0.8057779929747555,0.9426733160378649
group|fl|fedprox_0.01|iid|3|5|0.001|3,FedProx(mu=0.01) iid [3N] {group},group,heterogeneous,fl,fedprox_0.01,iid,node_c,selected_test_mcc,5,0.7584678534480995,0.10314655194771086,0.6303944933557726,0.8865412135404265
group|fl|fedprox_0.01|iid|3|5|0.001|3,FedProx(mu=0.01) iid [3N] {group},group,heterogeneous,fl,fedprox_0.01,iid,node_c,selected_test_n_examples,5,2400.0,0.0,2400.0,2400.0
group|fl|fedprox_0.01|iid|3|5|0.001|3,FedProx(mu=0.01) iid [3N] {group},group,heterogeneous,fl,fedprox_0.01,iid,node_c,selected_test_precision,5,0.9034129513995243,0.05747622134510853,0.8320467966025122,0.9747791061965363
group|fl|fedprox_0.01|iid|3|5|0.001|3,FedProx(mu=0.01) iid [3N] {group},group,heterogeneous,fl,fedprox_0.01,iid,node_c,selected_test_recall,5,0.9204244031830239,0.05049594326218123,0.8577254083790335,0.9831233979870142
group|fl|fedprox_0.01|iid|3|5|0.001|3,FedProx(mu=0.01) iid [3N] {group},group,heterogeneous,fl,fedprox_0.01,iid,node_c,selected_test_roc_auc,5,0.9653180050195667,0.0174358763542745,0.9436685050733317,0.9869675049658017
group|fl|fedprox_0.01|iid|3|5|0.001|3,FedProx(mu=0.01) iid [3N] {group},group,heterogeneous,fl,fedprox_0.01,iid,node_c,selected_test_specificity,5,0.8280269058295964,0.1062795642355368,0.6960633971735459,0.9599904144856468
group|fl|fedprox_0.01|iid|3|5|0.001|3,FedProx(mu=0.01) iid [3N] {group},group,heterogeneous,fl,fedprox_0.01,iid,node_c,selected_test_tn,5,738.6,94.80137129809886,620.888550278803,856.311449721197
group|fl|fedprox_0.01|iid|3|5|0.001|3,FedProx(mu=0.01) iid [3N] {group},group,heterogeneous,fl,fedprox_0.01,iid,node_c,selected_test_tp,5,1388.0,76.14788243936925,1293.4499158355825,1482.5500841644175
group|fl|fedavg|iid_sub0.01|3|5|0.001|3,FedAvg iid_sub0.01 [3N] {group},group,heterogeneous,fl,fedavg,iid_sub0.01,node_a,selected_test_accuracy,3,0.8990340082043139,0.02816154858321081,0.8290768433474709,0.9689911730611569
group|fl|fedavg|iid_sub0.01|3|5|0.001|3,FedAvg iid_sub0.01 [3N] {group},group,heterogeneous,fl,fedavg,iid_sub0.01,node_a,selected_test_balanced_accuracy,3,0.9145310077214303,0.023171836707552514,0.8569689743056784,0.9720930411371821
group|fl|fedavg|iid_sub0.01|3|5|0.001|3,FedAvg iid_sub0.01 [3N] {group},group,heterogeneous,fl,fedavg,iid_sub0.01,node_a,selected_test_f1,3,0.9078575826791098,0.028384609215395953,0.8373463044938487,0.9783688608643708
group|fl|fedavg|iid_sub0.01|3|5|0.001|3,FedAvg iid_sub0.01 [3N] {group},group,heterogeneous,fl,fedavg,iid_sub0.01,node_a,selected_test_fn,3,247.33333333333334,73.10494739300024,65.73057659885745,428.93609006780923
group|fl|fedavg|iid_sub0.01|3|5|0.001|3,FedAvg iid_sub0.01 [3N] {group},group,heterogeneous,fl,fedavg,iid_sub0.01,node_a,selected_test_fp,3,7.0,2.6457513110645907,0.4275893922715719,13.572410607728429
group|fl|fedavg|iid_sub0.01|3|5|0.001|3,FedAvg iid_sub0.01 [3N] {group},group,heterogeneous,fl,fedavg,iid_sub0.01,node_a,selected_test_loss,3,0.24341471840217432,0.029191785610226128,0.170898302894481,0.31593113390986766
group|fl|fedavg|iid_sub0.01|3|5|0.001|3,FedAvg iid_sub0.01 [3N] {group},group,heterogeneous,fl,fedavg,iid_sub0.01,node_a,selected_test_macro_f1,3,0.8980206289942373,0.027819762360823706,0.8289125081817827,0.9671287498066918
group|fl|fedavg|iid_sub0.01|3|5|0.001|3,FedAvg iid_sub0.01 [3N] {group},group,heterogeneous,fl,fedavg,iid_sub0.01,node_a,selected_test_macro_precision,3,0.8993531030235052,0.022071168687226465,0.844525280545163,0.9541809255018475
group|fl|fedavg|iid_sub0.01|3|5|0.001|3,FedAvg iid_sub0.01 [3N] {group},group,heterogeneous,fl,fedavg,iid_sub0.01,node_a,selected_test_macro_recall,3,0.9145310077214303,0.023171836707552514,0.8569689743056784,0.9720930411371821
group|fl|fedavg|iid_sub0.01|3|5|0.001|3,FedAvg iid_sub0.01 [3N] {group},group,heterogeneous,fl,fedavg,iid_sub0.01,node_a,selected_test_macro_specificity,3,0.9145310077214303,0.023171836707552514,0.8569689743056784,0.9720930411371821
group|fl|fedavg|iid_sub0.01|3|5|0.001|3,FedAvg iid_sub0.01 [3N] {group},group,heterogeneous,fl,fedavg,iid_sub0.01,node_a,selected_test_mcc,3,0.8137423907612981,0.04522611811629761,0.7013944851925283,0.9260902963300678
group|fl|fedavg|iid_sub0.01|3|5|0.001|3,FedAvg iid_sub0.01 [3N] {group},group,heterogeneous,fl,fedavg,iid_sub0.01,node_a,selected_test_n_examples,3,2519.0,0.0,2519.0,2519.0
group|fl|fedavg|iid_sub0.01|3|5|0.001|3,FedAvg iid_sub0.01 [3N] {group},group,heterogeneous,fl,fedavg,iid_sub0.01,node_a,selected_test_precision,3,0.9945344862980422,0.0017912542024262645,0.9900847641824638,0.9989842084136206
group|fl|fedavg|iid_sub0.01|3|5|0.001|3,FedAvg iid_sub0.01 [3N] {group},group,heterogeneous,fl,fedavg,iid_sub0.01,node_a,selected_test_recall,3,0.8359858532272325,0.04847808182559696,0.7155596219709488,0.9564120844835162
group|fl|fedavg|iid_sub0.01|3|5|0.001|3,FedAvg iid_sub0.01 [3N] {group},group,heterogeneous,fl,fedavg,iid_sub0.01,node_a,selected_test_roc_auc,3,0.9932517287730631,0.0027671972105636333,0.9863776298264517,1.0001258277196745
group|fl|fedavg|iid_sub0.01|3|5|0.001|3,FedAvg iid_sub0.01 [3N] {group},group,heterogeneous,fl,fedavg,iid_sub0.01,node_a,selected_test_specificity,3,0.9930761622156282,0.0026169646993714963,0.9865752615156002,0.9995770629156563
group|fl|fedavg|iid_sub0.01|3|5|0.001|3,FedAvg iid_sub0.01 [3N] {group},group,heterogeneous,fl,fedavg,iid_sub0.01,node_a,selected_test_tn,3,1004.0,2.6457513110645907,997.4275893922716,1010.5724106077284
group|fl|fedavg|iid_sub0.01|3|5|0.001|3,FedAvg iid_sub0.01 [3N] {group},group,heterogeneous,fl,fedavg,iid_sub0.01,node_a,selected_test_tp,3,1260.6666666666667,73.10494739300024,1079.0639099321909,1442.2694234011426
group|fl|fedavg|iid_sub0.01|3|5|0.001|3,FedAvg iid_sub0.01 [3N] {group},group,heterogeneous,fl,fedavg,iid_sub0.01,node_b,selected_test_accuracy,3,0.8747492118085413,0.02693914904798518,0.8078286557359783,0.9416697678811042
group|fl|fedavg|iid_sub0.01|3|5|0.001|3,FedAvg iid_sub0.01 [3N] {group},group,heterogeneous,fl,fedavg,iid_sub0.01,node_b,selected_test_balanced_accuracy,3,0.8219233903830481,0.038301015089005866,0.7267783944021302,0.9170683863639659
group|fl|fedavg|iid_sub0.01|3|5|0.001|3,FedAvg iid_sub0.01 [3N] {group},group,heterogeneous,fl,fedavg,iid_sub0.01,node_b,selected_test_f1,3,0.9121336007863602,0.017471844592112026,0.8687311327412537,0.9555360688314667
group|fl|fedavg|iid_sub0.01|3|5|0.001|3,FedAvg iid_sub0.01 [3N] {group},group,heterogeneous,fl,fedavg,iid_sub0.01,node_b,selected_test_fn,3,0.0,0.0,0.0,0.0
group|fl|fedavg|iid_sub0.01|3|5|0.001|3,FedAvg iid_sub0.01 [3N] {group},group,heterogeneous,fl,fedavg,iid_sub0.01,node_b,selected_test_fp,3,291.3333333333333,62.66046068561365,135.67611990855153,446.9905467581151
group|fl|fedavg|iid_sub0.01|3|5|0.001|3,FedAvg iid_sub0.01 [3N] {group},group,heterogeneous,fl,fedavg,iid_sub0.01,node_b,selected_test_loss,3,0.4965267629214831,0.2236172407280554,-0.058969257768631156,1.0520227836115974
group|fl|fedavg|iid_sub0.01|3|5|0.001|3,FedAvg iid_sub0.01 [3N] {group},group,heterogeneous,fl,fedavg,iid_sub0.01,node_b,selected_test_macro_f1,3,0.8468787451268959,0.03638189357452398,0.7565011112735338,0.9372563789802579
group|fl|fedavg|iid_sub0.01|3|5|0.001|3,FedAvg iid_sub0.01 [3N] {group},group,heterogeneous,fl,fedavg,iid_sub0.01,node_b,selected_test_macro_precision,3,0.9193901011414912,0.014903878855191864,0.8823668136259508,0.9564133886570316
group|fl|fedavg|iid_sub0.01|3|5|0.001|3,FedAvg iid_sub0.01 [3N] {group},group,heterogeneous,fl,fedavg,iid_sub0.01,node_b,selected_test_macro_recall,3,0.8219233903830481,0.038301015089005866,0.7267783944021302,0.9170683863639659
group|fl|fedavg|iid_sub0.01|3|5|0.001|3,FedAvg iid_sub0.01 [3N] {group},group,heterogeneous,fl,fedavg,iid_sub0.01,node_b,selected_test_macro_specificity,3,0.8219233903830481,0.038301015089005866,0.7267783944021302,0.9170683863639659
group|fl|fedavg|iid_sub0.01|3|5|0.001|3,FedAvg iid_sub0.01 [3N] {group},group,heterogeneous,fl,fedavg,iid_sub0.01,node_b,selected_test_mcc,3,0.7344682661503125,0.0564515811486338,0.5942347645310573,0.8747017677695677
group|fl|fedavg|iid_sub0.01|3|5|0.001|3,FedAvg iid_sub0.01 [3N] {group},group,heterogeneous,fl,fedavg,iid_sub0.01,node_b,selected_test_n_examples,3,2326.0,0.0,2326.0,2326.0
group|fl|fedavg|iid_sub0.01|3|5|0.001|3,FedAvg iid_sub0.01 [3N] {group},group,heterogeneous,fl,fedavg,iid_sub0.01,node_b,selected_test_precision,3,0.8387802022829823,0.02980775771038379,0.7647336272519013,0.9128267773140634
group|fl|fedavg|iid_sub0.01|3|5|0.001|3,FedAvg iid_sub0.01 [3N] {group},group,heterogeneous,fl,fedavg,iid_sub0.01,node_b,selected_test_recall,3,1.0,0.0,1.0,1.0
group|fl|fedavg|iid_sub0.01|3|5|0.001|3,FedAvg iid_sub0.01 [3N] {group},group,heterogeneous,fl,fedavg,iid_sub0.01,node_b,selected_test_roc_auc,3,0.9862288387497055,0.010593468053588802,0.9599132052595631,1.0125444722398478
group|fl|fedavg|iid_sub0.01|3|5|0.001|3,FedAvg iid_sub0.01 [3N] {group},group,heterogeneous,fl,fedavg,iid_sub0.01,node_b,selected_test_specificity,3,0.6438467807660961,0.0766020301780118,0.4535567888042602,0.8341367727279321
group|fl|fedavg|iid_sub0.01|3|5|0.001|3,FedAvg iid_sub0.01 [3N] {group},group,heterogeneous,fl,fedavg,iid_sub0.01,node_b,selected_test_tn,3,526.6666666666666,62.66046068561364,371.00945324188484,682.3238800914485
group|fl|fedavg|iid_sub0.01|3|5|0.001|3,FedAvg iid_sub0.01 [3N] {group},group,heterogeneous,fl,fedavg,iid_sub0.01,node_b,selected_test_tp,3,1508.0,0.0,1508.0,1508.0
group|fl|fedavg|iid_sub0.01|3|5|0.001|3,FedAvg iid_sub0.01 [3N] {group},group,heterogeneous,fl,fedavg,iid_sub0.01,node_c,selected_test_accuracy,3,0.8531944444444445,0.04296787667462664,0.7464563216031671,0.9599325672857218
group|fl|fedavg|iid_sub0.01|3|5|0.001|3,FedAvg iid_sub0.01 [3N] {group},group,heterogeneous,fl,fedavg,iid_sub0.01,node_c,selected_test_balanced_accuracy,3,0.8060146582452132,0.06385108289125489,0.6473997752989507,0.9646295411914758
group|fl|fedavg|iid_sub0.01|3|5|0.001|3,FedAvg iid_sub0.01 [3N] {group},group,heterogeneous,fl,fedavg,iid_sub0.01,node_c,selected_test_f1,3,0.8952685262785648,0.026693551678363358,0.828958067893786,0.9615789846633436
group|fl|fedavg|iid_sub0.01|3|5|0.001|3,FedAvg iid_sub0.01 [3N] {group},group,heterogeneous,fl,fedavg,iid_sub0.01,node_c,selected_test_fn,3,15.333333333333334,26.558112382722783,-50.64067518949175,81.30734185615842
group|fl|fedavg|iid_sub0.01|3|5|0.001|3,FedAvg iid_sub0.01 [3N] {group},group,heterogeneous,fl,fedavg,iid_sub0.01,node_c,selected_test_fp,3,337.0,129.549218446118,15.181900930216784,658.8180990697832
group|fl|fedavg|iid_sub0.01|3|5|0.001|3,FedAvg iid_sub0.01 [3N] {group},group,heterogeneous,fl,fedavg,iid_sub0.01,node_c,selected_test_loss,3,0.7677391656105504,0.19348842537829342,0.28708727134114215,1.2483910598799588
group|fl|fedavg|iid_sub0.01|3|5|0.001|3,FedAvg iid_sub0.01 [3N] {group},group,heterogeneous,fl,fedavg,iid_sub0.01,node_c,selected_test_macro_f1,3,0.823913036814938,0.05910905916888717,0.6770779938274237,0.9707480798024523
group|fl|fedavg|iid_sub0.01|3|5|0.001|3,FedAvg iid_sub0.01 [3N] {group},group,heterogeneous,fl,fedavg,iid_sub0.01,node_c,selected_test_macro_precision,3,0.8993376972813184,0.011523677129940513,0.8707112963447984,0.9279640982178384
group|fl|fedavg|iid_sub0.01|3|5|0.001|3,FedAvg iid_sub0.01 [3N] {group},group,heterogeneous,fl,fedavg,iid_sub0.01,node_c,selected_test_macro_recall,3,0.8060146582452132,0.06385108289125489,0.6473997752989507,0.9646295411914758
group|fl|fedavg|iid_sub0.01|3|5|0.001|3,FedAvg iid_sub0.01 [3N] {group},group,heterogeneous,fl,fedavg,iid_sub0.01,node_c,selected_test_macro_specificity,3,0.8060146582452132,0.06385108289125489,0.6473997752989507,0.9646295411914758
group|fl|fedavg|iid_sub0.01|3|5|0.001|3,FedAvg iid_sub0.01 [3N] {group},group,heterogeneous,fl,fedavg,iid_sub0.01,node_c,selected_test_mcc,3,0.6973614013910477,0.08171214405082959,0.4943771828464065,0.900345619935689
group|fl|fedavg|iid_sub0.01|3|5|0.001|3,FedAvg iid_sub0.01 [3N] {group},group,heterogeneous,fl,fedavg,iid_sub0.01,node_c,selected_test_n_examples,3,2400.0,0.0,2400.0,2400.0
group|fl|fedavg|iid_sub0.01|3|5|0.001|3,FedAvg iid_sub0.01 [3N] {group},group,heterogeneous,fl,fedavg,iid_sub0.01,node_c,selected_test_precision,3,0.819119839007081,0.05816317556441883,0.6746345011523529,0.963605176861809
group|fl|fedavg|iid_sub0.01|3|5|0.001|3,FedAvg iid_sub0.01 [3N] {group},group,heterogeneous,fl,fedavg,iid_sub0.01,node_c,selected_test_recall,3,0.9898320070733865,0.017611480359895775,0.9460826645516192,1.0335813495951538
group|fl|fedavg|iid_sub0.01|3|5|0.001|3,FedAvg iid_sub0.01 [3N] {group},group,heterogeneous,fl,fedavg,iid_sub0.01,node_c,selected_test_roc_auc,3,0.820205540555007,0.12353968784941831,0.513315943070403,1.127095138039611
group|fl|fedavg|iid_sub0.01|3|5|0.001|3,FedAvg iid_sub0.01 [3N] {group},group,heterogeneous,fl,fedavg,iid_sub0.01,node_c,selected_test_specificity,3,0.6221973094170403,0.1452345498274865,0.26141468714149874,0.9829799316925819
group|fl|fedavg|iid_sub0.01|3|5|0.001|3,FedAvg iid_sub0.01 [3N] {group},group,heterogeneous,fl,fedavg,iid_sub0.01,node_c,selected_test_tn,3,555.0,129.549218446118,233.18190093021678,876.8180990697832
group|fl|fedavg|iid_sub0.01|3|5|0.001|3,FedAvg iid_sub0.01 [3N] {group},group,heterogeneous,fl,fedavg,iid_sub0.01,node_c,selected_test_tp,3,1492.6666666666667,26.558112382722786,1426.6926581438418,1558.6406751894917
group|fl|fedprox_0.01|iid_sub0.01|3|5|0.001|3,FedProx(mu=0.01) iid_sub0.01 [3N] {group},group,heterogeneous,fl,fedprox_0.01,iid_sub0.01,node_a,selected_test_accuracy,3,0.9081646155881963,0.034297885423055494,0.8229639449754922,0.9933652862009004
group|fl|fedprox_0.01|iid_sub0.01|3|5|0.001|3,FedProx(mu=0.01) iid_sub0.01 [3N] {group},group,heterogeneous,fl,fedprox_0.01,iid_sub0.01,node_a,selected_test_balanced_accuracy,3,0.9219396759430527,0.028512520777662215,0.8511106478221971,0.9927687040639083
group|fl|fedprox_0.01|iid_sub0.01|3|5|0.001|3,FedProx(mu=0.01) iid_sub0.01 [3N] {group},group,heterogeneous,fl,fedprox_0.01,iid_sub0.01,node_a,selected_test_f1,3,0.9167143148922646,0.03371043742804431,0.8329729459976599,1.0004556837868692
group|fl|fedprox_0.01|iid_sub0.01|3|5|0.001|3,FedProx(mu=0.01) iid_sub0.01 [3N] {group},group,heterogeneous,fl,fedprox_0.01,iid_sub0.01,node_a,selected_test_fn,3,223.0,87.22958213817145,6.3097054303453035,439.6902945696547
group|fl|fedprox_0.01|iid_sub0.01|3|5|0.001|3,FedProx(mu=0.01) iid_sub0.01 [3N] {group},group,heterogeneous,fl,fedprox_0.01,iid_sub0.01,node_a,selected_test_fp,3,8.333333333333334,1.5275252316519468,4.538750299736574,12.127916366930094
group|fl|fedprox_0.01|iid_sub0.01|3|5|0.001|3,FedProx(mu=0.01) iid_sub0.01 [3N] {group},group,heterogeneous,fl,fedprox_0.01,iid_sub0.01,node_a,selected_test_loss,3,0.16283115642173218,0.05256169785193399,0.03226066059411664,0.2934016522493477
group|fl|fedprox_0.01|iid_sub0.01|3|5|0.001|3,FedProx(mu=0.01) iid_sub0.01 [3N] {group},group,heterogeneous,fl,fedprox_0.01,iid_sub0.01,node_a,selected_test_macro_f1,3,0.9070935634972255,0.03400255484333956,0.8226265347150268,0.9915605922794242
group|fl|fedprox_0.01|iid_sub0.01|3|5|0.001|3,FedProx(mu=0.01) iid_sub0.01 [3N] {group},group,heterogeneous,fl,fedprox_0.01,iid_sub0.01,node_a,selected_test_macro_precision,3,0.9071898845601666,0.028665929044387913,0.8359797691786435,0.9783999999416897
group|fl|fedprox_0.01|iid_sub0.01|3|5|0.001|3,FedProx(mu=0.01) iid_sub0.01 [3N] {group},group,heterogeneous,fl,fedprox_0.01,iid_sub0.01,node_a,selected_test_macro_recall,3,0.9219396759430527,0.028512520777662215,0.8511106478221971,0.9927687040639083
group|fl|fedprox_0.01|iid_sub0.01|3|5|0.001|3,FedProx(mu=0.01) iid_sub0.01 [3N] {group},group,heterogeneous,fl,fedprox_0.01,iid_sub0.01,node_a,selected_test_macro_specificity,3,0.9219396759430527,0.028512520777662215,0.8511106478221971,0.9927687040639083
group|fl|fedprox_0.01|iid_sub0.01|3|5|0.001|3,FedProx(mu=0.01) iid_sub0.01 [3N] {group},group,heterogeneous,fl,fedprox_0.01,iid_sub0.01,node_a,selected_test_mcc,3,0.8289972773563785,0.057177145254522145,0.6869613745793937,0.9710331801333634
group|fl|fedprox_0.01|iid_sub0.01|3|5|0.001|3,FedProx(mu=0.01) iid_sub0.01 [3N] {group},group,heterogeneous,fl,fedprox_0.01,iid_sub0.01,node_a,selected_test_n_examples,3,2519.0,0.0,2519.0,2519.0
group|fl|fedprox_0.01|iid_sub0.01|3|5|0.001|3,FedProx(mu=0.01) iid_sub0.01 [3N] {group},group,heterogeneous,fl,fedprox_0.01,iid_sub0.01,node_a,selected_test_precision,3,0.9935655404620921,0.0009753279908417558,0.9911426914187165,0.9959883895054678
group|fl|fedprox_0.01|iid_sub0.01|3|5|0.001|3,FedProx(mu=0.01) iid_sub0.01 [3N] {group},group,heterogeneous,fl,fedprox_0.01,iid_sub0.01,node_a,selected_test_recall,3,0.8521220159151194,0.05784455048950361,0.7084281866248974,0.9958158452053414
group|fl|fedprox_0.01|iid_sub0.01|3|5|0.001|3,FedProx(mu=0.01) iid_sub0.01 [3N] {group},group,heterogeneous,fl,fedprox_0.01,iid_sub0.01,node_a,selected_test_roc_auc,3,0.9961858548014283,0.0009447649995312535,0.9938389284373509,0.9985327811655057
group|fl|fedprox_0.01|iid_sub0.01|3|5|0.001|3,FedProx(mu=0.01) iid_sub0.01 [3N] {group},group,heterogeneous,fl,fedprox_0.01,iid_sub0.01,node_a,selected_test_specificity,3,0.9917573359709859,0.0015109052736418816,0.9880040392018496,0.9955106327401222
group|fl|fedprox_0.01|iid_sub0.01|3|5|0.001|3,FedProx(mu=0.01) iid_sub0.01 [3N] {group},group,heterogeneous,fl,fedprox_0.01,iid_sub0.01,node_a,selected_test_tn,3,1002.6666666666666,1.5275252316519468,998.8720836330699,1006.4612497002634
group|fl|fedprox_0.01|iid_sub0.01|3|5|0.001|3,FedProx(mu=0.01) iid_sub0.01 [3N] {group},group,heterogeneous,fl,fedprox_0.01,iid_sub0.01,node_a,selected_test_tp,3,1285.0,87.22958213817145,1068.3097054303453,1501.6902945696547
group|fl|fedprox_0.01|iid_sub0.01|3|5|0.001|3,FedProx(mu=0.01) iid_sub0.01 [3N] {group},group,heterogeneous,fl,fedprox_0.01,iid_sub0.01,node_b,selected_test_accuracy,3,0.861994840928633,0.005230234333876337,0.8490022185785594,0.8749874632787066
group|fl|fedprox_0.01|iid_sub0.01|3|5|0.001|3,FedProx(mu=0.01) iid_sub0.01 [3N] {group},group,heterogeneous,fl,fedprox_0.01,iid_sub0.01,node_b,selected_test_balanced_accuracy,3,0.8037897310513448,0.00743614001258955,0.7853173352162155,0.822262126886474
group|fl|fedprox_0.01|iid_sub0.01|3|5|0.001|3,FedProx(mu=0.01) iid_sub0.01 [3N] {group},group,heterogeneous,fl,fedprox_0.01,iid_sub0.01,node_b,selected_test_f1,3,0.9038138382244542,0.0033017266083459167,0.8956118946427726,0.9120157818061357
group|fl|fedprox_0.01|iid_sub0.01|3|5|0.001|3,FedProx(mu=0.01) iid_sub0.01 [3N] {group},group,heterogeneous,fl,fedprox_0.01,iid_sub0.01,node_b,selected_test_fn,3,0.0,0.0,0.0,0.0
group|fl|fedprox_0.01|iid_sub0.01|3|5|0.001|3,FedProx(mu=0.01) iid_sub0.01 [3N] {group},group,heterogeneous,fl,fedprox_0.01,iid_sub0.01,node_b,selected_test_fp,3,321.0,12.165525060596439,290.7791604137287,351.2208395862713
group|fl|fedprox_0.01|iid_sub0.01|3|5|0.001|3,FedProx(mu=0.01) iid_sub0.01 [3N] {group},group,heterogeneous,fl,fedprox_0.01,iid_sub0.01,node_b,selected_test_loss,3,0.5648234585871107,0.2082866221979629,0.047410805532057676,1.0822361116421637
group|fl|fedprox_0.01|iid_sub0.01|3|5|0.001|3,FedProx(mu=0.01) iid_sub0.01 [3N] {group},group,heterogeneous,fl,fedprox_0.01,iid_sub0.01,node_b,selected_test_macro_f1,3,0.8298183746825956,0.007376380376877746,0.8114944300121785,0.8481423193530127
group|fl|fedprox_0.01|iid_sub0.01|3|5|0.001|3,FedProx(mu=0.01) iid_sub0.01 [3N] {group},group,heterogeneous,fl,fedprox_0.01,iid_sub0.01,node_b,selected_test_macro_precision,3,0.9122593344773211,0.0027523804356451302,0.9054220424400512,0.919096626514591
group|fl|fedprox_0.01|iid_sub0.01|3|5|0.001|3,FedProx(mu=0.01) iid_sub0.01 [3N] {group},group,heterogeneous,fl,fedprox_0.01,iid_sub0.01,node_b,selected_test_macro_recall,3,0.8037897310513448,0.00743614001258955,0.7853173352162155,0.822262126886474
group|fl|fedprox_0.01|iid_sub0.01|3|5|0.001|3,FedProx(mu=0.01) iid_sub0.01 [3N] {group},group,heterogeneous,fl,fedprox_0.01,iid_sub0.01,node_b,selected_test_macro_specificity,3,0.8037897310513448,0.00743614001258955,0.7853173352162155,0.822262126886474
group|fl|fedprox_0.01|iid_sub0.01|3|5|0.001|3,FedProx(mu=0.01) iid_sub0.01 [3N] {group},group,heterogeneous,fl,fedprox_0.01,iid_sub0.01,node_b,selected_test_mcc,3,0.7077671755729166,0.011010002148063315,0.6804168140304604,0.7351175371153728
group|fl|fedprox_0.01|iid_sub0.01|3|5|0.001|3,FedProx(mu=0.01) iid_sub0.01 [3N] {group},group,heterogeneous,fl,fedprox_0.01,iid_sub0.01,node_b,selected_test_n_examples,3,2326.0,0.0,2326.0,2326.0
group|fl|fedprox_0.01|iid_sub0.01|3|5|0.001|3,FedProx(mu=0.01) iid_sub0.01 [3N] {group},group,heterogeneous,fl,fedprox_0.01,iid_sub0.01,node_b,selected_test_precision,3,0.8245186689546422,0.005504760871290325,0.8108440848801023,0.8381932530291821
group|fl|fedprox_0.01|iid_sub0.01|3|5|0.001|3,FedProx(mu=0.01) iid_sub0.01 [3N] {group},group,heterogeneous,fl,fedprox_0.01,iid_sub0.01,node_b,selected_test_recall,3,1.0,0.0,1.0,1.0
group|fl|fedprox_0.01|iid_sub0.01|3|5|0.001|3,FedProx(mu=0.01) iid_sub0.01 [3N] {group},group,heterogeneous,fl,fedprox_0.01,iid_sub0.01,node_b,selected_test_roc_auc,3,0.9857408140015004,0.00795000722083189,0.9659919012555445,1.0054897267474563
group|fl|fedprox_0.01|iid_sub0.01|3|5|0.001|3,FedProx(mu=0.01) iid_sub0.01 [3N] {group},group,heterogeneous,fl,fedprox_0.01,iid_sub0.01,node_b,selected_test_specificity,3,0.6075794621026894,0.014872280025179008,0.5706346704324311,0.6445242537729478
group|fl|fedprox_0.01|iid_sub0.01|3|5|0.001|3,FedProx(mu=0.01) iid_sub0.01 [3N] {group},group,heterogeneous,fl,fedprox_0.01,iid_sub0.01,node_b,selected_test_tn,3,497.0,12.165525060596439,466.7791604137287,527.2208395862714
group|fl|fedprox_0.01|iid_sub0.01|3|5|0.001|3,FedProx(mu=0.01) iid_sub0.01 [3N] {group},group,heterogeneous,fl,fedprox_0.01,iid_sub0.01,node_b,selected_test_tp,3,1508.0,0.0,1508.0,1508.0
group|fl|fedprox_0.01|iid_sub0.01|3|5|0.001|3,FedProx(mu=0.01) iid_sub0.01 [3N] {group},group,heterogeneous,fl,fedprox_0.01,iid_sub0.01,node_c,selected_test_accuracy,3,0.83625,0.021650635094610952,0.7824668408781318,0.8900331591218683
group|fl|fedprox_0.01|iid_sub0.01|3|5|0.001|3,FedProx(mu=0.01) iid_sub0.01 [3N] {group},group,heterogeneous,fl,fedprox_0.01,iid_sub0.01,node_c,selected_test_balanced_accuracy,3,0.7797085201793722,0.029126414925485594,0.7073544944548857,0.8520625459038587
group|fl|fedprox_0.01|iid_sub0.01|3|5|0.001|3,FedProx(mu=0.01) iid_sub0.01 [3N] {group},group,heterogeneous,fl,fedprox_0.01,iid_sub0.01,node_c,selected_test_f1,3,0.8848551962797243,0.013607110008563,0.8510532611595176,0.918657131399931
group|fl|fedprox_0.01|iid_sub0.01|3|5|0.001|3,FedProx(mu=0.01) iid_sub0.01 [3N] {group},group,heterogeneous,fl,fedprox_0.01,iid_sub0.01,node_c,selected_test_fn,3,0.0,0.0,0.0,0.0
group|fl|fedprox_0.01|iid_sub0.01|3|5|0.001|3,FedProx(mu=0.01) iid_sub0.01 [3N] {group},group,heterogeneous,fl,fedprox_0.01,iid_sub0.01,node_c,selected_test_fp,3,393.0,51.96152422706632,263.9204181075161,522.0795818924839
group|fl|fedprox_0.01|iid_sub0.01|3|5|0.001|3,FedProx(mu=0.01) iid_sub0.01 [3N] {group},group,heterogeneous,fl,fedprox_0.01,iid_sub0.01,node_c,selected_test_loss,3,0.6485735285185971,0.2196998600153619,0.10280882098816813,1.194338236049026
group|fl|fedprox_0.01|iid_sub0.01|3|5|0.001|3,FedProx(mu=0.01) iid_sub0.01 [3N] {group},group,heterogeneous,fl,fedprox_0.01,iid_sub0.01,node_c,selected_test_macro_f1,3,0.8005778211232261,0.030273993243962745,0.7253730528206235,0.8757825894258287
group|fl|fedprox_0.01|iid_sub0.01|3|5|0.001|3,FedProx(mu=0.01) iid_sub0.01 [3N] {group},group,heterogeneous,fl,fedprox_0.01,iid_sub0.01,node_c,selected_test_macro_precision,3,0.8968341795193266,0.011020902636676305,0.8694567396620304,0.9242116193766229
group|fl|fedprox_0.01|iid_sub0.01|3|5|0.001|3,FedProx(mu=0.01) iid_sub0.01 [3N] {group},group,heterogeneous,fl,fedprox_0.01,iid_sub0.01,node_c,selected_test_macro_recall,3,0.7797085201793722,0.029126414925485594,0.7073544944548857,0.8520625459038587
group|fl|fedprox_0.01|iid_sub0.01|3|5|0.001|3,FedProx(mu=0.01) iid_sub0.01 [3N] {group},group,heterogeneous,fl,fedprox_0.01,iid_sub0.01,node_c,selected_test_macro_specificity,3,0.7797085201793722,0.029126414925485594,0.7073544944548857,0.8520625459038587
group|fl|fedprox_0.01|iid_sub0.01|3|5|0.001|3,FedProx(mu=0.01) iid_sub0.01 [3N] {group},group,heterogeneous,fl,fedprox_0.01,iid_sub0.01,node_c,selected_test_mcc,3,0.666014088679027,0.04369501932075967,0.5574696433686686,0.7745585339893855
group|fl|fedprox_0.01|iid_sub0.01|3|5|0.001|3,FedProx(mu=0.01) iid_sub0.01 [3N] {group},group,heterogeneous,fl,fedprox_0.01,iid_sub0.01,node_c,selected_test_n_examples,3,2400.0,0.0,2400.0,2400.0
group|fl|fedprox_0.01|iid_sub0.01|3|5|0.001|3,FedProx(mu=0.01) iid_sub0.01 [3N] {group},group,heterogeneous,fl,fedprox_0.01,iid_sub0.01,node_c,selected_test_precision,3,0.7936683590386533,0.02204180527335267,0.7389134793240606,0.848423238753246
group|fl|fedprox_0.01|iid_sub0.01|3|5|0.001|3,FedProx(mu=0.01) iid_sub0.01 [3N] {group},group,heterogeneous,fl,fedprox_0.01,iid_sub0.01,node_c,selected_test_recall,3,1.0,0.0,1.0,1.0
group|fl|fedprox_0.01|iid_sub0.01|3|5|0.001|3,FedProx(mu=0.01) iid_sub0.01 [3N] {group},group,heterogeneous,fl,fedprox_0.01,iid_sub0.01,node_c,selected_test_roc_auc,3,0.8946389064005423,0.008361662798006134,0.8738673845110755,0.9154104282900092
group|fl|fedprox_0.01|iid_sub0.01|3|5|0.001|3,FedProx(mu=0.01) iid_sub0.01 [3N] {group},group,heterogeneous,fl,fedprox_0.01,iid_sub0.01,node_c,selected_test_specificity,3,0.5594170403587444,0.05825282985097119,0.4147089889097715,0.7041250918077173
group|fl|fedprox_0.01|iid_sub0.01|3|5|0.001|3,FedProx(mu=0.01) iid_sub0.01 [3N] {group},group,heterogeneous,fl,fedprox_0.01,iid_sub0.01,node_c,selected_test_tn,3,499.0,51.96152422706632,369.9204181075161,628.0795818924839
group|fl|fedprox_0.01|iid_sub0.01|3|5|0.001|3,FedProx(mu=0.01) iid_sub0.01 [3N] {group},group,heterogeneous,fl,fedprox_0.01,iid_sub0.01,node_c,selected_test_tp,3,1508.0,0.0,1508.0,1508.0
group|fl|fedavg|iid_sub0.05|3|5|0.001|3,FedAvg iid_sub0.05 [3N] {group},group,heterogeneous,fl,fedavg,iid_sub0.05,node_a,selected_test_accuracy,3,0.9191478099775043,0.007942966096842094,0.8994163883531846,0.9388792316018241
group|fl|fedavg|iid_sub0.05|3|5|0.001|3,FedAvg iid_sub0.05 [3N] {group},group,heterogeneous,fl,fedavg,iid_sub0.05,node_a,selected_test_balanced_accuracy,3,0.9319279481844713,0.006988709502548621,0.9145670313527224,0.9492888650162202
group|fl|fedavg|iid_sub0.05|3|5|0.001|3,FedAvg iid_sub0.05 [3N] {group},group,heterogeneous,fl,fedavg,iid_sub0.05,node_a,selected_test_f1,3,0.9277239077135282,0.007497891633832219,0.9090981123473083,0.9463497030797481
group|fl|fedavg|iid_sub0.05|3|5|0.001|3,FedAvg iid_sub0.05 [3N] {group},group,heterogeneous,fl,fedavg,iid_sub0.05,node_a,selected_test_fn,3,200.33333333333334,18.147543451754935,155.25233626920115,245.41433039746553
group|fl|fedavg|iid_sub0.05|3|5|0.001|3,FedAvg iid_sub0.05 [3N] {group},group,heterogeneous,fl,fedavg,iid_sub0.05,node_a,selected_test_fp,3,3.3333333333333335,3.511884584284246,-5.390671601801792,12.05733826846846
group|fl|fedavg|iid_sub0.05|3|5|0.001|3,FedAvg iid_sub0.05 [3N] {group},group,heterogeneous,fl,fedavg,iid_sub0.05,node_a,selected_test_loss,3,0.4901269827875228,0.07440892492757248,0.3052849662841408,0.6749689992909048
group|fl|fedavg|iid_sub0.05|3|5|0.001|3,FedAvg iid_sub0.05 [3N] {group},group,heterogeneous,fl,fedavg,iid_sub0.05,node_a,selected_test_macro_f1,3,0.9179901635848289,0.007933677340153052,0.8982818165112957,0.9376985106583621
group|fl|fedavg|iid_sub0.05|3|5|0.001|3,FedAvg iid_sub0.05 [3N] {group},group,heterogeneous,fl,fedavg,iid_sub0.05,node_a,selected_test_macro_precision,3,0.9158639486422602,0.007172520199101841,0.8980464207273803,0.9336814765571401
group|fl|fedavg|iid_sub0.05|3|5|0.001|3,FedAvg iid_sub0.05 [3N] {group},group,heterogeneous,fl,fedavg,iid_sub0.05,node_a,selected_test_macro_recall,3,0.9319279481844713,0.006988709502548621,0.9145670313527224,0.9492888650162202
group|fl|fedavg|iid_sub0.05|3|5|0.001|3,FedAvg iid_sub0.05 [3N] {group},group,heterogeneous,fl,fedavg,iid_sub0.05,node_a,selected_test_macro_specificity,3,0.9319279481844713,0.006988709502548621,0.9145670313527224,0.9492888650162202
group|fl|fedavg|iid_sub0.05|3|5|0.001|3,FedAvg iid_sub0.05 [3N] {group},group,heterogeneous,fl,fedavg,iid_sub0.05,node_a,selected_test_mcc,3,0.8476395936155523,0.014165499567522725,0.8124505419340862,0.8828286452970184
group|fl|fedavg|iid_sub0.05|3|5|0.001|3,FedAvg iid_sub0.05 [3N] {group},group,heterogeneous,fl,fedavg,iid_sub0.05,node_a,selected_test_n_examples,3,2519.0,0.0,2519.0,2519.0
group|fl|fedavg|iid_sub0.05|3|5|0.001|3,FedAvg iid_sub0.05 [3N] {group},group,heterogeneous,fl,fedavg,iid_sub0.05,node_a,selected_test_precision,3,0.9974504829098941,0.002708440257983895,0.9907223443250135,1.0041786214947748
group|fl|fedavg|iid_sub0.05|3|5|0.001|3,FedAvg iid_sub0.05 [3N] {group},group,heterogeneous,fl,fedavg,iid_sub0.05,node_a,selected_test_recall,3,0.8671529619805481,0.012034180007795041,0.8372584015931926,0.8970475223679036
group|fl|fedavg|iid_sub0.05|3|5|0.001|3,FedAvg iid_sub0.05 [3N] {group},group,heterogeneous,fl,fedavg,iid_sub0.05,node_a,selected_test_roc_auc,3,0.9904155527045121,0.004979375144404381,0.978046099127345,1.0027850062816792
group|fl|fedavg|iid_sub0.05|3|5|0.001|3,FedAvg iid_sub0.05 [3N] {group},group,heterogeneous,fl,fedavg,iid_sub0.05,node_a,selected_test_specificity,3,0.9967029343883943,0.0034736741684314896,0.9880738493882607,1.005332019388528
group|fl|fedavg|iid_sub0.05|3|5|0.001|3,FedAvg iid_sub0.05 [3N] {group},group,heterogeneous,fl,fedavg,iid_sub0.05,node_a,selected_test_tn,3,1007.6666666666666,3.511884584284246,998.9426617315315,1016.3906716018017
group|fl|fedavg|iid_sub0.05|3|5|0.001|3,FedAvg iid_sub0.05 [3N] {group},group,heterogeneous,fl,fedavg,iid_sub0.05,node_a,selected_test_tp,3,1307.6666666666667,18.147543451754935,1262.5856696025346,1352.7476637307989
group|fl|fedavg|iid_sub0.05|3|5|0.001|3,FedAvg iid_sub0.05 [3N] {group},group,heterogeneous,fl,fedavg,iid_sub0.05,node_b,selected_test_accuracy,3,0.9385210662080826,0.03798677105424892,0.8441566956845971,1.0328854367315683
group|fl|fedavg|iid_sub0.05|3|5|0.001|3,FedAvg iid_sub0.05 [3N] {group},group,heterogeneous,fl,fedavg,iid_sub0.05,node_b,selected_test_balanced_accuracy,3,0.92377896532268,0.06345513025027212,0.7661476832639499,1.0814102473814102
group|fl|fedavg|iid_sub0.05|3|5|0.001|3,FedAvg iid_sub0.05 [3N] {group},group,heterogeneous,fl,fedavg,iid_sub0.05,node_b,selected_test_f1,3,0.9544219322716367,0.02564088183147526,0.8907264507515351,1.0181174137917384
group|fl|fedavg|iid_sub0.05|3|5|0.001|3,FedAvg iid_sub0.05 [3N] {group},group,heterogeneous,fl,fedavg,iid_sub0.05,node_b,selected_test_fn,3,40.0,33.77869150810907,-43.91092142887436,123.91092142887436
group|fl|fedavg|iid_sub0.05|3|5|0.001|3,FedAvg iid_sub0.05 [3N] {group},group,heterogeneous,fl,fedavg,iid_sub0.05,node_b,selected_test_fp,3,103.0,122.13517101965347,-200.40058426099722,406.4005842609972
group|fl|fedavg|iid_sub0.05|3|5|0.001|3,FedAvg iid_sub0.05 [3N] {group},group,heterogeneous,fl,fedavg,iid_sub0.05,node_b,selected_test_loss,3,0.18698600551060898,0.15108779462177774,-0.1883368828945378,0.5623088939157558
group|fl|fedavg|iid_sub0.05|3|5|0.001|3,FedAvg iid_sub0.05 [3N] {group},group,heterogeneous,fl,fedavg,iid_sub0.05,node_b,selected_test_macro_f1,3,0.9294563808604054,0.047627683238762444,0.8111426568036965,1.0477701049171142
group|fl|fedavg|iid_sub0.05|3|5|0.001|3,FedAvg iid_sub0.05 [3N] {group},group,heterogeneous,fl,fedavg,iid_sub0.05,node_b,selected_test_macro_precision,3,0.9457005574935698,0.014083282834614234,0.9107157434988585,0.9806853714882812
group|fl|fedavg|iid_sub0.05|3|5|0.001|3,FedAvg iid_sub0.05 [3N] {group},group,heterogeneous,fl,fedavg,iid_sub0.05,node_b,selected_test_macro_recall,3,0.92377896532268,0.06345513025027212,0.7661476832639499,1.0814102473814102
group|fl|fedavg|iid_sub0.05|3|5|0.001|3,FedAvg iid_sub0.05 [3N] {group},group,heterogeneous,fl,fedavg,iid_sub0.05,node_b,selected_test_macro_specificity,3,0.92377896532268,0.06345513025027212,0.7661476832639499,1.0814102473814102
group|fl|fedavg|iid_sub0.05|3|5|0.001|3,FedAvg iid_sub0.05 [3N] {group},group,heterogeneous,fl,fedavg,iid_sub0.05,node_b,selected_test_mcc,3,0.8681288378408011,0.07983193552847728,0.6698153161924897,1.0664423594891126
group|fl|fedavg|iid_sub0.05|3|5|0.001|3,FedAvg iid_sub0.05 [3N] {group},group,heterogeneous,fl,fedavg,iid_sub0.05,node_b,selected_test_n_examples,3,2326.0,0.0,2326.0,2326.0
group|fl|fedavg|iid_sub0.05|3|5|0.001|3,FedAvg iid_sub0.05 [3N] {group},group,heterogeneous,fl,fedavg,iid_sub0.05,node_b,selected_test_precision,3,0.9389228170948991,0.0678052564799107,0.7704852224182495,1.1073604117715488
group|fl|fedavg|iid_sub0.05|3|5|0.001|3,FedAvg iid_sub0.05 [3N] {group},group,heterogeneous,fl,fedavg,iid_sub0.05,node_b,selected_test_recall,3,0.9734748010610078,0.022399662803785855,0.9178309539596322,1.0291186481623833
group|fl|fedavg|iid_sub0.05|3|5|0.001|3,FedAvg iid_sub0.05 [3N] {group},group,heterogeneous,fl,fedavg,iid_sub0.05,node_b,selected_test_roc_auc,3,0.993749175816455,0.003576879132013506,0.9848637154742476,1.0026346361586627
group|fl|fedavg|iid_sub0.05|3|5|0.001|3,FedAvg iid_sub0.05 [3N] {group},group,heterogeneous,fl,fedavg,iid_sub0.05,node_b,selected_test_specificity,3,0.874083129584352,0.1493095000240263,0.5031777698520814,1.2449884893166225
group|fl|fedavg|iid_sub0.05|3|5|0.001|3,FedAvg iid_sub0.05 [3N] {group},group,heterogeneous,fl,fedavg,iid_sub0.05,node_b,selected_test_tn,3,715.0,122.13517101965347,411.5994157390028,1018.4005842609972
group|fl|fedavg|iid_sub0.05|3|5|0.001|3,FedAvg iid_sub0.05 [3N] {group},group,heterogeneous,fl,fedavg,iid_sub0.05,node_b,selected_test_tp,3,1468.0,33.77869150810907,1384.0890785711256,1551.9109214288744
group|fl|fedavg|iid_sub0.05|3|5|0.001|3,FedAvg iid_sub0.05 [3N] {group},group,heterogeneous,fl,fedavg,iid_sub0.05,node_c,selected_test_accuracy,3,0.8809722222222222,0.04736518392393453,0.763310582612786,0.9986338618316584
group|fl|fedavg|iid_sub0.05|3|5|0.001|3,FedAvg iid_sub0.05 [3N] {group},group,heterogeneous,fl,fedavg,iid_sub0.05,node_c,selected_test_balanced_accuracy,3,0.8536113324848441,0.07633295528918105,0.6639897596016376,1.0432329053680505
group|fl|fedavg|iid_sub0.05|3|5|0.001|3,FedAvg iid_sub0.05 [3N] {group},group,heterogeneous,fl,fedavg,iid_sub0.05,node_c,selected_test_f1,3,0.9115421674142022,0.028515871870309257,0.8407048147177266,0.9823795201106779
group|fl|fedavg|iid_sub0.05|3|5|0.001|3,FedAvg iid_sub0.05 [3N] {group},group,heterogeneous,fl,fedavg,iid_sub0.05,node_c,selected_test_fn,3,60.0,57.66281297335398,-83.2423682727148,203.2423682727148
group|fl|fedavg|iid_sub0.05|3|5|0.001|3,FedAvg iid_sub0.05 [3N] {group},group,heterogeneous,fl,fedavg,iid_sub0.05,node_c,selected_test_fp,3,225.66666666666666,169.27000128000628,-194.8233269810236,646.1566603143569
group|fl|fedavg|iid_sub0.05|3|5|0.001|3,FedAvg iid_sub0.05 [3N] {group},group,heterogeneous,fl,fedavg,iid_sub0.05,node_c,selected_test_loss,3,0.4261251336391029,0.38854399546192064,-0.5390716581620032,1.3913219254402092
group|fl|fedavg|iid_sub0.05|3|5|0.001|3,FedAvg iid_sub0.05 [3N] {group},group,heterogeneous,fl,fedavg,iid_sub0.05,node_c,selected_test_macro_f1,3,0.8627821184112445,0.06577410082101384,0.6993901941052957,1.0261740427171935
group|fl|fedavg|iid_sub0.05|3|5|0.001|3,FedAvg iid_sub0.05 [3N] {group},group,heterogeneous,fl,fedavg,iid_sub0.05,node_c,selected_test_macro_precision,3,0.9014703070665905,0.008295512668059784,0.8808631112095606,0.9220775029236203
group|fl|fedavg|iid_sub0.05|3|5|0.001|3,FedAvg iid_sub0.05 [3N] {group},group,heterogeneous,fl,fedavg,iid_sub0.05,node_c,selected_test_macro_recall,3,0.8536113324848441,0.07633295528918105,0.6639897596016376,1.0432329053680505
group|fl|fedavg|iid_sub0.05|3|5|0.001|3,FedAvg iid_sub0.05 [3N] {group},group,heterogeneous,fl,fedavg,iid_sub0.05,node_c,selected_test_macro_specificity,3,0.8536113324848441,0.07633295528918105,0.6639897596016376,1.0432329053680505
group|fl|fedavg|iid_sub0.05|3|5|0.001|3,FedAvg iid_sub0.05 [3N] {group},group,heterogeneous,fl,fedavg,iid_sub0.05,node_c,selected_test_mcc,3,0.7509756444854331,0.09126902792761281,0.524250810295656,0.9777004786752101
group|fl|fedavg|iid_sub0.05|3|5|0.001|3,FedAvg iid_sub0.05 [3N] {group},group,heterogeneous,fl,fedavg,iid_sub0.05,node_c,selected_test_n_examples,3,2400.0,0.0,2400.0,2400.0
group|fl|fedavg|iid_sub0.05|3|5|0.001|3,FedAvg iid_sub0.05 [3N] {group},group,heterogeneous,fl,fedavg,iid_sub0.05,node_c,selected_test_precision,3,0.8723307373845008,0.07962550613804055,0.6745300147697869,1.0701314599992147
group|fl|fedavg|iid_sub0.05|3|5|0.001|3,FedAvg iid_sub0.05 [3N] {group},group,heterogeneous,fl,fedavg,iid_sub0.05,node_c,selected_test_recall,3,0.9602122015915119,0.03823793963750265,0.8652238937183588,1.055200509464665
group|fl|fedavg|iid_sub0.05|3|5|0.001|3,FedAvg iid_sub0.05 [3N] {group},group,heterogeneous,fl,fedavg,iid_sub0.05,node_c,selected_test_roc_auc,3,0.9701878967380746,0.01715342038643799,0.9275764382706171,1.012799355205532
group|fl|fedavg|iid_sub0.05|3|5|0.001|3,FedAvg iid_sub0.05 [3N] {group},group,heterogeneous,fl,fedavg,iid_sub0.05,node_c,selected_test_specificity,3,0.7470104633781763,0.18976457542601605,0.2756091252081199,1.2184118015482328
group|fl|fedavg|iid_sub0.05|3|5|0.001|3,FedAvg iid_sub0.05 [3N] {group},group,heterogeneous,fl,fedavg,iid_sub0.05,node_c,selected_test_tn,3,666.3333333333334,169.2700012800063,245.84333968564306,1086.8233269810237
group|fl|fedavg|iid_sub0.05|3|5|0.001|3,FedAvg iid_sub0.05 [3N] {group},group,heterogeneous,fl,fedavg,iid_sub0.05,node_c,selected_test_tp,3,1448.0,57.66281297335398,1304.7576317272851,1591.2423682727149
group|fl|fedprox_0.01|iid_sub0.05|3|5|0.001|3,FedProx(mu=0.01) iid_sub0.05 [3N] {group},group,heterogeneous,fl,fedprox_0.01,iid_sub0.05,node_a,selected_test_accuracy,3,0.8828900357284636,0.030650064544593267,0.8067510545256578,0.9590290169312694
group|fl|fedprox_0.01|iid_sub0.05|3|5|0.001|3,FedProx(mu=0.01) iid_sub0.05 [3N] {group},group,heterogeneous,fl,fedprox_0.01,iid_sub0.05,node_a,selected_test_balanced_accuracy,3,0.9017536759657908,0.02542151101590132,0.8386031417615138,0.9649042101700678
group|fl|fedprox_0.01|iid_sub0.05|3|5|0.001|3,FedProx(mu=0.01) iid_sub0.05 [3N] {group},group,heterogeneous,fl,fedprox_0.01,iid_sub0.05,node_a,selected_test_f1,3,0.8911947360983378,0.030972544302814695,0.814254670766858,0.9681348014298176
group|fl|fedprox_0.01|iid_sub0.05|3|5|0.001|3,FedProx(mu=0.01) iid_sub0.05 [3N] {group},group,heterogeneous,fl,fedprox_0.01,iid_sub0.05,node_a,selected_test_fn,3,292.3333333333333,78.3092161455683,97.80245632851927,486.86421033814736
group|fl|fedprox_0.01|iid_sub0.05|3|5|0.001|3,FedProx(mu=0.01) iid_sub0.05 [3N] {group},group,heterogeneous,fl,fedprox_0.01,iid_sub0.05,node_a,selected_test_fp,3,2.6666666666666665,1.5275252316519465,-1.127916366930093,6.461249700263426
group|fl|fedprox_0.01|iid_sub0.05|3|5|0.001|3,FedProx(mu=0.01) iid_sub0.05 [3N] {group},group,heterogeneous,fl,fedprox_0.01,iid_sub0.05,node_a,selected_test_loss,3,0.3250235547505695,0.18797701528280658,-0.1419372378557185,0.7919843473568575
group|fl|fedprox_0.01|iid_sub0.05|3|5|0.001|3,FedProx(mu=0.01) iid_sub0.05 [3N] {group},group,heterogeneous,fl,fedprox_0.01,iid_sub0.05,node_a,selected_test_macro_f1,3,0.8821296954753753,0.03029647589047189,0.8068690771827195,0.9573903137680312
group|fl|fedprox_0.01|iid_sub0.05|3|5|0.001|3,FedProx(mu=0.01) iid_sub0.05 [3N] {group},group,heterogeneous,fl,fedprox_0.01,iid_sub0.05,node_a,selected_test_macro_precision,3,0.8875265708695177,0.023781860099262968,0.8284491553413681,0.9466039863976673
group|fl|fedprox_0.01|iid_sub0.05|3|5|0.001|3,FedProx(mu=0.01) iid_sub0.05 [3N] {group},group,heterogeneous,fl,fedprox_0.01,iid_sub0.05,node_a,selected_test_macro_recall,3,0.9017536759657908,0.02542151101590132,0.8386031417615138,0.9649042101700678
group|fl|fedprox_0.01|iid_sub0.05|3|5|0.001|3,FedProx(mu=0.01) iid_sub0.05 [3N] {group},group,heterogeneous,fl,fedprox_0.01,iid_sub0.05,node_a,selected_test_macro_specificity,3,0.9017536759657908,0.02542151101590132,0.8386031417615138,0.9649042101700678
group|fl|fedprox_0.01|iid_sub0.05|3|5|0.001|3,FedProx(mu=0.01) iid_sub0.05 [3N] {group},group,heterogeneous,fl,fedprox_0.01,iid_sub0.05,node_a,selected_test_mcc,3,0.7891517782708557,0.04918160020404034,0.6669779104797714,0.91132564606194
group|fl|fedprox_0.01|iid_sub0.05|3|5|0.001|3,FedProx(mu=0.01) iid_sub0.05 [3N] {group},group,heterogeneous,fl,fedprox_0.01,iid_sub0.05,node_a,selected_test_n_examples,3,2519.0,0.0,2519.0,2519.0
group|fl|fedprox_0.01|iid_sub0.05|3|5|0.001|3,FedProx(mu=0.01) iid_sub0.05 [3N] {group},group,heterogeneous,fl,fedprox_0.01,iid_sub0.05,node_a,selected_test_precision,3,0.9978437994972021,0.0011564592027600744,0.9949709955795252,1.0007166034148791
group|fl|fedprox_0.01|iid_sub0.05|3|5|0.001|3,FedProx(mu=0.01) iid_sub0.05 [3N] {group},group,heterogeneous,fl,fedprox_0.01,iid_sub0.05,node_a,selected_test_recall,3,0.8061450044208666,0.05192918842544313,0.6771457491126345,0.9351442597290986
group|fl|fedprox_0.01|iid_sub0.05|3|5|0.001|3,FedProx(mu=0.01) iid_sub0.05 [3N] {group},group,heterogeneous,fl,fedprox_0.01,iid_sub0.05,node_a,selected_test_roc_auc,3,0.9945430065915076,0.0033424450926404763,0.9862399126874246,1.0028461004955906
group|fl|fedprox_0.01|iid_sub0.05|3|5|0.001|3,FedProx(mu=0.01) iid_sub0.05 [3N] {group},group,heterogeneous,fl,fedprox_0.01,iid_sub0.05,node_a,selected_test_specificity,3,0.9973623475107155,0.0015109052736418816,0.9936090507415792,1.0011156442798517
group|fl|fedprox_0.01|iid_sub0.05|3|5|0.001|3,FedProx(mu=0.01) iid_sub0.05 [3N] {group},group,heterogeneous,fl,fedprox_0.01,iid_sub0.05,node_a,selected_test_tn,3,1008.3333333333334,1.5275252316519468,1004.5387502997366,1012.1279163669301
group|fl|fedprox_0.01|iid_sub0.05|3|5|0.001|3,FedProx(mu=0.01) iid_sub0.05 [3N] {group},group,heterogeneous,fl,fedprox_0.01,iid_sub0.05,node_a,selected_test_tp,3,1215.6666666666667,78.30921614556829,1021.1357896618528,1410.1975436714806
group|fl|fedprox_0.01|iid_sub0.05|3|5|0.001|3,FedProx(mu=0.01) iid_sub0.05 [3N] {group},group,heterogeneous,fl,fedprox_0.01,iid_sub0.05,node_b,selected_test_accuracy,3,0.913298939524219,0.050797013972714467,0.7871121614702906,1.0394857175781476
group|fl|fedprox_0.01|iid_sub0.05|3|5|0.001|3,FedProx(mu=0.01) iid_sub0.05 [3N] {group},group,heterogeneous,fl,fedprox_0.01,iid_sub0.05,node_b,selected_test_balanced_accuracy,3,0.8854952343275418,0.07914141048993512,0.6888970719683809,1.0820933966867028
group|fl|fedprox_0.01|iid_sub0.05|3|5|0.001|3,FedProx(mu=0.01) iid_sub0.05 [3N] {group},group,heterogeneous,fl,fedprox_0.01,iid_sub0.05,node_b,selected_test_f1,3,0.9373209351256998,0.03520649199449296,0.8498631606637438,1.024778709587656
group|fl|fedprox_0.01|iid_sub0.05|3|5|0.001|3,FedProx(mu=0.01) iid_sub0.05 [3N] {group},group,heterogeneous,fl,fedprox_0.01,iid_sub0.05,node_b,selected_test_fn,3,31.333333333333332,27.75487945088815,-37.61360939570223,100.28027606236888
group|fl|fedprox_0.01|iid_sub0.05|3|5|0.001|3,FedProx(mu=0.01) iid_sub0.05 [3N] {group},group,heterogeneous,fl,fedprox_0.01,iid_sub0.05,node_b,selected_test_fp,3,170.33333333333334,143.19683422943865,-185.3873227792757,526.0539894459424
group|fl|fedprox_0.01|iid_sub0.05|3|5|0.001|3,FedProx(mu=0.01) iid_sub0.05 [3N] {group},group,heterogeneous,fl,fedprox_0.01,iid_sub0.05,node_b,selected_test_loss,3,0.15763334761549294,0.06673350115402453,-0.00814185923835356,0.32340855446933947
group|fl|fedprox_0.01|iid_sub0.05|3|5|0.001|3,FedProx(mu=0.01) iid_sub0.05 [3N] {group},group,heterogeneous,fl,fedprox_0.01,iid_sub0.05,node_b,selected_test_macro_f1,3,0.8979854093669751,0.06208369303866156,0.7437609662049045,1.0522098525290458
group|fl|fedprox_0.01|iid_sub0.05|3|5|0.001|3,FedProx(mu=0.01) iid_sub0.05 [3N] {group},group,heterogeneous,fl,fedprox_0.01,iid_sub0.05,node_b,selected_test_macro_precision,3,0.9300759986418038,0.03044634067557084,0.8544430955848202,1.0057089016987875
group|fl|fedprox_0.01|iid_sub0.05|3|5|0.001|3,FedProx(mu=0.01) iid_sub0.05 [3N] {group},group,heterogeneous,fl,fedprox_0.01,iid_sub0.05,node_b,selected_test_macro_recall,3,0.8854952343275418,0.07914141048993512,0.6888970719683809,1.0820933966867028
group|fl|fedprox_0.01|iid_sub0.05|3|5|0.001|3,FedProx(mu=0.01) iid_sub0.05 [3N] {group},group,heterogeneous,fl,fedprox_0.01,iid_sub0.05,node_b,selected_test_macro_specificity,3,0.8854952343275418,0.07914141048993512,0.6888970719683809,1.0820933966867028
group|fl|fedprox_0.01|iid_sub0.05|3|5|0.001|3,FedProx(mu=0.01) iid_sub0.05 [3N] {group},group,heterogeneous,fl,fedprox_0.01,iid_sub0.05,node_b,selected_test_mcc,3,0.8131349934093599,0.11076445626429654,0.5379808304817009,1.088289156337019
group|fl|fedprox_0.01|iid_sub0.05|3|5|0.001|3,FedProx(mu=0.01) iid_sub0.05 [3N] {group},group,heterogeneous,fl,fedprox_0.01,iid_sub0.05,node_b,selected_test_n_examples,3,2326.0,0.0,2326.0,2326.0
group|fl|fedprox_0.01|iid_sub0.05|3|5|0.001|3,FedProx(mu=0.01) iid_sub0.05 [3N] {group},group,heterogeneous,fl,fedprox_0.01,iid_sub0.05,node_b,selected_test_precision,3,0.9021613194156534,0.08176960328893859,0.6990343642107372,1.1052882746205694
group|fl|fedprox_0.01|iid_sub0.05|3|5|0.001|3,FedProx(mu=0.01) iid_sub0.05 [3N] {group},group,heterogeneous,fl,fedprox_0.01,iid_sub0.05,node_b,selected_test_recall,3,0.9792219274977896,0.018405092474063744,0.9335011431947157,1.0249427118008636
group|fl|fedprox_0.01|iid_sub0.05|3|5|0.001|3,FedProx(mu=0.01) iid_sub0.05 [3N] {group},group,heterogeneous,fl,fedprox_0.01,iid_sub0.05,node_b,selected_test_roc_auc,3,0.9903270576485314,0.004817956525363222,0.978358590150303,1.0022955251467598
group|fl|fedprox_0.01|iid_sub0.05|3|5|0.001|3,FedProx(mu=0.01) iid_sub0.05 [3N] {group},group,heterogeneous,fl,fedprox_0.01,iid_sub0.05,node_b,selected_test_specificity,3,0.7917685411572943,0.175057254559216,0.3569022133912685,1.2266348689233202
group|fl|fedprox_0.01|iid_sub0.05|3|5|0.001|3,FedProx(mu=0.01) iid_sub0.05 [3N] {group},group,heterogeneous,fl,fedprox_0.01,iid_sub0.05,node_b,selected_test_tn,3,647.6666666666666,143.19683422943865,291.9460105540576,1003.3873227792757
group|fl|fedprox_0.01|iid_sub0.05|3|5|0.001|3,FedProx(mu=0.01) iid_sub0.05 [3N] {group},group,heterogeneous,fl,fedprox_0.01,iid_sub0.05,node_b,selected_test_tp,3,1476.6666666666667,27.75487945088815,1407.7197239376312,1545.6136093957023
group|fl|fedprox_0.01|iid_sub0.05|3|5|0.001|3,FedProx(mu=0.01) iid_sub0.05 [3N] {group},group,heterogeneous,fl,fedprox_0.01,iid_sub0.05,node_c,selected_test_accuracy,3,0.8873611111111112,0.05893783997977426,0.7409514001682476,1.0337708220539747
group|fl|fedprox_0.01|iid_sub0.05|3|5|0.001|3,FedProx(mu=0.01) iid_sub0.05 [3N] {group},group,heterogeneous,fl,fedprox_0.01,iid_sub0.05,node_c,selected_test_balanced_accuracy,3,0.8537342444679695,0.08507993171794347,0.6423839775742831,1.0650845113616558
group|fl|fedprox_0.01|iid_sub0.05|3|5|0.001|3,FedProx(mu=0.01) iid_sub0.05 [3N] {group},group,heterogeneous,fl,fedprox_0.01,iid_sub0.05,node_c,selected_test_f1,3,0.9180909993140159,0.03843238428951385,0.8226196641479536,1.0135623344800782
group|fl|fedprox_0.01|iid_sub0.05|3|5|0.001|3,FedProx(mu=0.01) iid_sub0.05 [3N] {group},group,heterogeneous,fl,fedprox_0.01,iid_sub0.05,node_c,selected_test_fn,3,23.0,27.622454633866266,-45.61798124709985,91.61798124709985
group|fl|fedprox_0.01|iid_sub0.05|3|5|0.001|3,FedProx(mu=0.01) iid_sub0.05 [3N] {group},group,heterogeneous,fl,fedprox_0.01,iid_sub0.05,node_c,selected_test_fp,3,247.33333333333334,166.96207154121362,-167.42344501415195,662.0901116808186
group|fl|fedprox_0.01|iid_sub0.05|3|5|0.001|3,FedProx(mu=0.01) iid_sub0.05 [3N] {group},group,heterogeneous,fl,fedprox_0.01,iid_sub0.05,node_c,selected_test_loss,3,0.26293393121950226,0.11958988471942278,-0.0341438113558904,0.5600116737948949
group|fl|fedprox_0.01|iid_sub0.05|3|5|0.001|3,FedProx(mu=0.01) iid_sub0.05 [3N] {group},group,heterogeneous,fl,fedprox_0.01,iid_sub0.05,node_c,selected_test_macro_f1,3,0.8676530834229963,0.07726345416208669,0.6757200231988638,1.0595861436471288
group|fl|fedprox_0.01|iid_sub0.05|3|5|0.001|3,FedProx(mu=0.01) iid_sub0.05 [3N] {group},group,heterogeneous,fl,fedprox_0.01,iid_sub0.05,node_c,selected_test_macro_precision,3,0.9172993564102789,0.025465988929127773,0.8540383329444162,0.9805603798761416
group|fl|fedprox_0.01|iid_sub0.05|3|5|0.001|3,FedProx(mu=0.01) iid_sub0.05 [3N] {group},group,heterogeneous,fl,fedprox_0.01,iid_sub0.05,node_c,selected_test_macro_recall,3,0.8537342444679695,0.08507993171794347,0.6423839775742831,1.0650845113616558
group|fl|fedprox_0.01|iid_sub0.05|3|5|0.001|3,FedProx(mu=0.01) iid_sub0.05 [3N] {group},group,heterogeneous,fl,fedprox_0.01,iid_sub0.05,node_c,selected_test_macro_specificity,3,0.8537342444679695,0.08507993171794347,0.6423839775742831,1.0650845113616558
group|fl|fedprox_0.01|iid_sub0.05|3|5|0.001|3,FedProx(mu=0.01) iid_sub0.05 [3N] {group},group,heterogeneous,fl,fedprox_0.01,iid_sub0.05,node_c,selected_test_mcc,3,0.7662323272714833,0.11689685101868212,0.475844451271115,1.0566202032718515
group|fl|fedprox_0.01|iid_sub0.05|3|5|0.001|3,FedProx(mu=0.01) iid_sub0.05 [3N] {group},group,heterogeneous,fl,fedprox_0.01,iid_sub0.05,node_c,selected_test_n_examples,3,2400.0,0.0,2400.0,2400.0
group|fl|fedprox_0.01|iid_sub0.05|3|5|0.001|3,FedProx(mu=0.01) iid_sub0.05 [3N] {group},group,heterogeneous,fl,fedprox_0.01,iid_sub0.05,node_c,selected_test_precision,3,0.8632180742936982,0.08066231428295725,0.6628417774663469,1.0635943711210496
group|fl|fedprox_0.01|iid_sub0.05|3|5|0.001|3,FedProx(mu=0.01) iid_sub0.05 [3N] {group},group,heterogeneous,fl,fedprox_0.01,iid_sub0.05,node_c,selected_test_recall,3,0.9847480106100795,0.01831727760866464,0.9392453705257958,1.0302506506943634
group|fl|fedprox_0.01|iid_sub0.05|3|5|0.001|3,FedProx(mu=0.01) iid_sub0.05 [3N] {group},group,heterogeneous,fl,fedprox_0.01,iid_sub0.05,node_c,selected_test_roc_auc,3,0.9680557703211176,0.021623173669037363,0.9143408291621351,1.0217707114801
group|fl|fedprox_0.01|iid_sub0.05|3|5|0.001|3,FedProx(mu=0.01) iid_sub0.05 [3N] {group},group,heterogeneous,fl,fedprox_0.01,iid_sub0.05,node_c,selected_test_specificity,3,0.7227204783258595,0.18717721024799733,0.257746511568589,1.18769444508313
group|fl|fedprox_0.01|iid_sub0.05|3|5|0.001|3,FedProx(mu=0.01) iid_sub0.05 [3N] {group},group,heterogeneous,fl,fedprox_0.01,iid_sub0.05,node_c,selected_test_tn,3,644.6666666666666,166.96207154121362,229.90988831918133,1059.4234450141519
group|fl|fedprox_0.01|iid_sub0.05|3|5|0.001|3,FedProx(mu=0.01) iid_sub0.05 [3N] {group},group,heterogeneous,fl,fedprox_0.01,iid_sub0.05,node_c,selected_test_tp,3,1485.0,27.622454633866266,1416.3820187529002,1553.6179812470998
group|fl|fedavg|non_iid_label|3|1|0.001|3,FedAvg (E=1) non_iid_label [3N] {group},group,heterogeneous,fl,fedavg,non_iid_label,node_a,selected_test_accuracy,3,0.9861111111111112,0.011182927629667041,0.9583311788584805,1.0138910433637418
group|fl|fedavg|non_iid_label|3|1|0.001|3,FedAvg (E=1) non_iid_label [3N] {group},group,heterogeneous,fl,fedavg,non_iid_label,node_a,selected_test_balanced_accuracy,3,0.9913194444444445,0.006989329768541919,0.9739569867865503,1.0086819021023388
group|fl|fedavg|non_iid_label|3|1|0.001|3,FedAvg (E=1) non_iid_label [3N] {group},group,heterogeneous,fl,fedavg,non_iid_label,node_a,selected_test_f1,3,0.9912101115454145,0.007089065301319482,0.973599897089346,1.008820326001483
group|fl|fedavg|non_iid_label|3|1|0.001|3,FedAvg (E=1) non_iid_label [3N] {group},group,heterogeneous,fl,fedavg,non_iid_label,node_a,selected_test_fn,3,33.333333333333336,26.839026311200886,-33.338504072980136,100.00517073964681
group|fl|fedavg|non_iid_label|3|1|0.001|3,FedAvg (E=1) non_iid_label [3N] {group},group,heterogeneous,fl,fedavg,non_iid_label,node_a,selected_test_fp,3,0.0,0.0,0.0,0.0
group|fl|fedavg|non_iid_label|3|1|0.001|3,FedAvg (E=1) non_iid_label [3N] {group},group,heterogeneous,fl,fedavg,non_iid_label,node_a,selected_test_loss,3,0.03745638554223762,0.021505740043171746,-0.015966834318104486,0.09087960540257972
group|fl|fedavg|non_iid_label|3|1|0.001|3,FedAvg (E=1) non_iid_label [3N] {group},group,heterogeneous,fl,fedavg,non_iid_label,node_a,selected_test_macro_f1,3,0.9790648743544068,0.0167767220092172,0.9373891865317586,1.020740562177055
group|fl|fedavg|non_iid_label|3|1|0.001|3,FedAvg (E=1) non_iid_label [3N] {group},group,heterogeneous,fl,fedavg,non_iid_label,node_a,selected_test_macro_precision,3,0.9684078751898001,0.02511873615578791,0.9060094754337008,1.0308062749458993
group|fl|fedavg|non_iid_label|3|1|0.001|3,FedAvg (E=1) non_iid_label [3N] {group},group,heterogeneous,fl,fedavg,non_iid_label,node_a,selected_test_macro_recall,3,0.9913194444444445,0.006989329768541919,0.9739569867865503,1.0086819021023388
group|fl|fedavg|non_iid_label|3|1|0.001|3,FedAvg (E=1) non_iid_label [3N] {group},group,heterogeneous,fl,fedavg,non_iid_label,node_a,selected_test_macro_specificity,3,0.9913194444444445,0.006989329768541919,0.9739569867865503,1.0086819021023388
group|fl|fedavg|non_iid_label|3|1|0.001|3,FedAvg (E=1) non_iid_label [3N] {group},group,heterogeneous,fl,fedavg,non_iid_label,node_a,selected_test_mcc,3,0.9593315707678386,0.032464410574006966,0.8786855041712017,1.0399776373644756
group|fl|fedavg|non_iid_label|3|1|0.001|3,FedAvg (E=1) non_iid_label [3N] {group},group,heterogeneous,fl,fedavg,non_iid_label,node_a,selected_test_n_examples,3,2400.0,0.0,2400.0,2400.0
group|fl|fedavg|non_iid_label|3|1|0.001|3,FedAvg (E=1) non_iid_label [3N] {group},group,heterogeneous,fl,fedavg,non_iid_label,node_a,selected_test_precision,3,1.0,0.0,1.0,1.0
group|fl|fedavg|non_iid_label|3|1|0.001|3,FedAvg (E=1) non_iid_label [3N] {group},group,heterogeneous,fl,fedavg,non_iid_label,node_a,selected_test_recall,3,0.982638888888889,0.013978659537083755,0.9479139735731008,1.017363804204677
group|fl|fedavg|non_iid_label|3|1|0.001|3,FedAvg (E=1) non_iid_label [3N] {group},group,heterogeneous,fl,fedavg,non_iid_label,node_a,selected_test_roc_auc,3,0.999837962962963,0.00022341454261814672,0.9992829704722919,1.0003929554536342
group|fl|fedavg|non_iid_label|3|1|0.001|3,FedAvg (E=1) non_iid_label [3N] {group},group,heterogeneous,fl,fedavg,non_iid_label,node_a,selected_test_specificity,3,1.0,0.0,1.0,1.0
group|fl|fedavg|non_iid_label|3|1|0.001|3,FedAvg (E=1) non_iid_label [3N] {group},group,heterogeneous,fl,fedavg,non_iid_label,node_a,selected_test_tn,3,480.0,0.0,480.0,480.0
group|fl|fedavg|non_iid_label|3|1|0.001|3,FedAvg (E=1) non_iid_label [3N] {group},group,heterogeneous,fl,fedavg,non_iid_label,node_a,selected_test_tp,3,1886.6666666666667,26.839026311200886,1819.9948292603533,1953.3385040729802
group|fl|fedavg|non_iid_label|3|1|0.001|3,FedAvg (E=1) non_iid_label [3N] {group},group,heterogeneous,fl,fedavg,non_iid_label,node_b,selected_test_accuracy,3,0.8651654156241312,0.03867530172138779,0.7690906401047093,0.9612401911435531
group|fl|fedavg|non_iid_label|3|1|0.001|3,FedAvg (E=1) non_iid_label [3N] {group},group,heterogeneous,fl,fedavg,non_iid_label,node_b,selected_test_balanced_accuracy,3,0.8823135361317141,0.05168861477453908,0.7539118989021463,1.010715173361282
group|fl|fedavg|non_iid_label|3|1|0.001|3,FedAvg (E=1) non_iid_label [3N] {group},group,heterogeneous,fl,fedavg,non_iid_label,node_b,selected_test_f1,3,0.9178254968715495,0.026567539719897507,0.8518280695449273,0.9838229241981716
group|fl|fedavg|non_iid_label|3|1|0.001|3,FedAvg (E=1) non_iid_label [3N] {group},group,heterogeneous,fl,fedavg,non_iid_label,node_b,selected_test_fn,3,297.0,136.70040234030037,-42.58262466498326,636.5826246649833
group|fl|fedavg|non_iid_label|3|1|0.001|3,FedAvg (E=1) non_iid_label [3N] {group},group,heterogeneous,fl,fedavg,non_iid_label,node_b,selected_test_fp,3,26.333333333333332,45.610671265980436,-86.96985521673585,139.6365218834025
group|fl|fedavg|non_iid_label|3|1|0.001|3,FedAvg (E=1) non_iid_label [3N] {group},group,heterogeneous,fl,fedavg,non_iid_label,node_b,selected_test_loss,3,0.2947266337614433,0.13550872249450474,-0.04189569405826615,0.6313489615811527
group|fl|fedavg|non_iid_label|3|1|0.001|3,FedAvg (E=1) non_iid_label [3N] {group},group,heterogeneous,fl,fedavg,non_iid_label,node_b,selected_test_macro_f1,3,0.7644273610895088,0.02857890938766644,0.693433414518911,0.8354213076601066
group|fl|fedavg|non_iid_label|3|1|0.001|3,FedAvg (E=1) non_iid_label [3N] {group},group,heterogeneous,fl,fedavg,non_iid_label,node_b,selected_test_macro_precision,3,0.732011437447483,0.03475881915987041,0.645665743956539,0.818357130938427
group|fl|fedavg|non_iid_label|3|1|0.001|3,FedAvg (E=1) non_iid_label [3N] {group},group,heterogeneous,fl,fedavg,non_iid_label,node_b,selected_test_macro_recall,3,0.8823135361317141,0.05168861477453908,0.7539118989021463,1.010715173361282
group|fl|fedavg|non_iid_label|3|1|0.001|3,FedAvg (E=1) non_iid_label [3N] {group},group,heterogeneous,fl,fedavg,non_iid_label,node_b,selected_test_macro_specificity,3,0.8823135361317141,0.05168861477453908,0.7539118989021463,1.010715173361282
group|fl|fedavg|non_iid_label|3|1|0.001|3,FedAvg (E=1) non_iid_label [3N] {group},group,heterogeneous,fl,fedavg,non_iid_label,node_b,selected_test_mcc,3,0.5917791244042919,0.01874871578296468,0.5452047324809407,0.6383535163276431
group|fl|fedavg|non_iid_label|3|1|0.001|3,FedAvg (E=1) non_iid_label [3N] {group},group,heterogeneous,fl,fedavg,non_iid_label,node_b,selected_test_n_examples,3,2398.0,0.0,2398.0,2398.0
group|fl|fedavg|non_iid_label|3|1|0.001|3,FedAvg (E=1) non_iid_label [3N] {group},group,heterogeneous,fl,fedavg,non_iid_label,node_b,selected_test_precision,3,0.9872044055717525,0.02216261966276987,0.9321494062762865,1.0422594048672185
group|fl|fedavg|non_iid_label|3|1|0.001|3,FedAvg (E=1) non_iid_label [3N] {group},group,heterogeneous,fl,fedavg,non_iid_label,node_b,selected_test_recall,3,0.8600377002827521,0.06442054775697474,0.700008188188038,1.0200672123774661
group|fl|fedavg|non_iid_label|3|1|0.001|3,FedAvg (E=1) non_iid_label [3N] {group},group,heterogeneous,fl,fedavg,non_iid_label,node_b,selected_test_roc_auc,3,0.9665432756446156,0.007791129484378121,0.9471890370753421,0.9858975142138892
group|fl|fedavg|non_iid_label|3|1|0.001|3,FedAvg (E=1) non_iid_label [3N] {group},group,heterogeneous,fl,fedavg,non_iid_label,node_b,selected_test_specificity,3,0.9045893719806762,0.16525605531152335,0.49407057288622264,1.3151081710751298
group|fl|fedavg|non_iid_label|3|1|0.001|3,FedAvg (E=1) non_iid_label [3N] {group},group,heterogeneous,fl,fedavg,non_iid_label,node_b,selected_test_tn,3,249.66666666666666,45.610671265980436,136.3634781165975,362.9698552167358
group|fl|fedavg|non_iid_label|3|1|0.001|3,FedAvg (E=1) non_iid_label [3N] {group},group,heterogeneous,fl,fedavg,non_iid_label,node_b,selected_test_tp,3,1825.0,136.70040234030037,1485.4173753350167,2164.582624664983
group|fl|fedavg|non_iid_label|3|1|0.001|3,FedAvg (E=1) non_iid_label [3N] {group},group,heterogeneous,fl,fedavg,non_iid_label,node_c,selected_test_accuracy,3,0.9305555555555555,0.0411221362843979,0.8284025060237461,1.0327086050873648
group|fl|fedavg|non_iid_label|3|1|0.001|3,FedAvg (E=1) non_iid_label [3N] {group},group,heterogeneous,fl,fedavg,non_iid_label,node_c,selected_test_balanced_accuracy,3,0.8284722222222222,0.10322633296508692,0.5720437956579535,1.084900648786491
group|fl|fedavg|non_iid_label|3|1|0.001|3,FedAvg (E=1) non_iid_label [3N] {group},group,heterogeneous,fl,fedavg,non_iid_label,node_c,selected_test_f1,3,0.7782360087894437,0.157362704903315,0.3873253791160803,1.169146638462807
group|fl|fedavg|non_iid_label|3|1|0.001|3,FedAvg (E=1) non_iid_label [3N] {group},group,heterogeneous,fl,fedavg,non_iid_label,node_c,selected_test_fn,3,164.0,99.2320512737694,-82.50608078351294,410.50608078351297
group|fl|fedavg|non_iid_label|3|1|0.001|3,FedAvg (E=1) non_iid_label [3N] {group},group,heterogeneous,fl,fedavg,non_iid_label,node_c,selected_test_fp,3,2.6666666666666665,0.5773502691896258,1.2324490900835123,4.100884243249821
group|fl|fedavg|non_iid_label|3|1|0.001|3,FedAvg (E=1) non_iid_label [3N] {group},group,heterogeneous,fl,fedavg,non_iid_label,node_c,selected_test_loss,3,0.19772788034208735,0.12241074857170191,-0.10635727650846519,0.5018130371926399
group|fl|fedavg|non_iid_label|3|1|0.001|3,FedAvg (E=1) non_iid_label [3N] {group},group,heterogeneous,fl,fedavg,non_iid_label,node_c,selected_test_macro_f1,3,0.8684868108105728,0.09039623887424787,0.6439301048226624,1.093043516798483
group|fl|fedavg|non_iid_label|3|1|0.001|3,FedAvg (E=1) non_iid_label [3N] {group},group,heterogeneous,fl,fedavg,non_iid_label,node_c,selected_test_macro_precision,3,0.9570073602890563,0.022237617143253983,0.9017660569240334,1.012248663654079
group|fl|fedavg|non_iid_label|3|1|0.001|3,FedAvg (E=1) non_iid_label [3N] {group},group,heterogeneous,fl,fedavg,non_iid_label,node_c,selected_test_macro_recall,3,0.8284722222222222,0.10322633296508692,0.5720437956579535,1.084900648786491
group|fl|fedavg|non_iid_label|3|1|0.001|3,FedAvg (E=1) non_iid_label [3N] {group},group,heterogeneous,fl,fedavg,non_iid_label,node_c,selected_test_macro_specificity,3,0.8284722222222222,0.10322633296508692,0.5720437956579535,1.084900648786491
group|fl|fedavg|non_iid_label|3|1|0.001|3,FedAvg (E=1) non_iid_label [3N] {group},group,heterogeneous,fl,fedavg,non_iid_label,node_c,selected_test_mcc,3,0.7699161614108011,0.1438948280327659,0.41246159256877873,1.1273707302528235
group|fl|fedavg|non_iid_label|3|1|0.001|3,FedAvg (E=1) non_iid_label [3N] {group},group,heterogeneous,fl,fedavg,non_iid_label,node_c,selected_test_n_examples,3,2400.0,0.0,2400.0,2400.0
group|fl|fedavg|non_iid_label|3|1|0.001|3,FedAvg (E=1) non_iid_label [3N] {group},group,heterogeneous,fl,fedavg,non_iid_label,node_c,selected_test_precision,3,0.9914221028954708,0.001099319543326669,0.988691241760629,0.9941529640303127
group|fl|fedavg|non_iid_label|3|1|0.001|3,FedAvg (E=1) non_iid_label [3N] {group},group,heterogeneous,fl,fedavg,non_iid_label,node_c,selected_test_recall,3,0.6583333333333333,0.20673344015368625,0.14477899836768138,1.1718876682989854
group|fl|fedavg|non_iid_label|3|1|0.001|3,FedAvg (E=1) non_iid_label [3N] {group},group,heterogeneous,fl,fedavg,non_iid_label,node_c,selected_test_roc_auc,3,0.9537789351851851,0.06701668847414176,0.7873002520299459,1.1202576183404243
group|fl|fedavg|non_iid_label|3|1|0.001|3,FedAvg (E=1) non_iid_label [3N] {group},group,heterogeneous,fl,fedavg,non_iid_label,node_c,selected_test_specificity,3,0.998611111111111,0.000300703265202913,0.9978641227899739,0.9993580994322481
group|fl|fedavg|non_iid_label|3|1|0.001|3,FedAvg (E=1) non_iid_label [3N] {group},group,heterogeneous,fl,fedavg,non_iid_label,node_c,selected_test_tn,3,1917.3333333333333,0.5773502691896258,1915.89911575675,1918.7675509099165
group|fl|fedavg|non_iid_label|3|1|0.001|3,FedAvg (E=1) non_iid_label [3N] {group},group,heterogeneous,fl,fedavg,non_iid_label,node_c,selected_test_tp,3,316.0,99.2320512737694,69.49391921648706,562.506080783513
group|fl|fedavg|non_iid_label|3|2|0.001|3,FedAvg (E=2) non_iid_label [3N] {group},group,heterogeneous,fl,fedavg,non_iid_label,node_a,selected_test_accuracy,3,0.978888888888889,0.01940670941634288,0.9306799501667714,1.0270978276110065
group|fl|fedavg|non_iid_label|3|2|0.001|3,FedAvg (E=2) non_iid_label [3N] {group},group,heterogeneous,fl,fedavg,non_iid_label,node_a,selected_test_balanced_accuracy,3,0.9868055555555556,0.012129193385214308,0.9566749688542321,1.016936142256879
group|fl|fedavg|non_iid_label|3|2|0.001|3,FedAvg (E=2) non_iid_label [3N] {group},group,heterogeneous,fl,fedavg,non_iid_label,node_a,selected_test_f1,3,0.9865263830043928,0.012539500803552995,0.9553765361717632,1.0176762298370223
group|fl|fedavg|non_iid_label|3|2|0.001|3,FedAvg (E=2) non_iid_label [3N] {group},group,heterogeneous,fl,fedavg,non_iid_label,node_a,selected_test_fn,3,50.666666666666664,46.57610259922284,-65.03478626641538,166.3681195997487
group|fl|fedavg|non_iid_label|3|2|0.001|3,FedAvg (E=2) non_iid_label [3N] {group},group,heterogeneous,fl,fedavg,non_iid_label,node_a,selected_test_fp,3,0.0,0.0,0.0,0.0
group|fl|fedavg|non_iid_label|3|2|0.001|3,FedAvg (E=2) non_iid_label [3N] {group},group,heterogeneous,fl,fedavg,non_iid_label,node_a,selected_test_loss,3,0.062170361711824725,0.04873888324032333,-0.05890373617405859,0.18324445959770805
group|fl|fedavg|non_iid_label|3|2|0.001|3,FedAvg (E=2) non_iid_label [3N] {group},group,heterogeneous,fl,fedavg,non_iid_label,node_a,selected_test_macro_f1,3,0.9688544749720721,0.027663117937951214,0.9001354804778104,1.0375734694663337
group|fl|fedavg|non_iid_label|3|2|0.001|3,FedAvg (E=2) non_iid_label [3N] {group},group,heterogeneous,fl,fedavg,non_iid_label,node_a,selected_test_macro_precision,3,0.9544916167490266,0.03812438496217266,0.8597853943272064,1.049197839170847
group|fl|fedavg|non_iid_label|3|2|0.001|3,FedAvg (E=2) non_iid_label [3N] {group},group,heterogeneous,fl,fedavg,non_iid_label,node_a,selected_test_macro_recall,3,0.9868055555555556,0.012129193385214308,0.9566749688542321,1.016936142256879
group|fl|fedavg|non_iid_label|3|2|0.001|3,FedAvg (E=2) non_iid_label [3N] {group},group,heterogeneous,fl,fedavg,non_iid_label,node_a,selected_test_macro_specificity,3,0.9868055555555556,0.012129193385214308,0.9566749688542321,1.016936142256879
group|fl|fedavg|non_iid_label|3|2|0.001|3,FedAvg (E=2) non_iid_label [3N] {group},group,heterogeneous,fl,fedavg,non_iid_label,node_a,selected_test_mcc,3,0.940461103354287,0.05140945851986638,0.8127529287044226,1.0681692780041514
group|fl|fedavg|non_iid_label|3|2|0.001|3,FedAvg (E=2) non_iid_label [3N] {group},group,heterogeneous,fl,fedavg,non_iid_label,node_a,selected_test_n_examples,3,2400.0,0.0,2400.0,2400.0
group|fl|fedavg|non_iid_label|3|2|0.001|3,FedAvg (E=2) non_iid_label [3N] {group},group,heterogeneous,fl,fedavg,non_iid_label,node_a,selected_test_precision,3,1.0,0.0,1.0,1.0
group|fl|fedavg|non_iid_label|3|2|0.001|3,FedAvg (E=2) non_iid_label [3N] {group},group,heterogeneous,fl,fedavg,non_iid_label,node_a,selected_test_recall,3,0.9736111111111111,0.02425838677042858,0.9133499377084642,1.033872284513758
group|fl|fedavg|non_iid_label|3|2|0.001|3,FedAvg (E=2) non_iid_label [3N] {group},group,heterogeneous,fl,fedavg,non_iid_label,node_a,selected_test_roc_auc,3,0.9998661747685186,1.8037409779777402e-05,0.9998213673586623,0.9999109821783748
group|fl|fedavg|non_iid_label|3|2|0.001|3,FedAvg (E=2) non_iid_label [3N] {group},group,heterogeneous,fl,fedavg,non_iid_label,node_a,selected_test_specificity,3,1.0,0.0,1.0,1.0
group|fl|fedavg|non_iid_label|3|2|0.001|3,FedAvg (E=2) non_iid_label [3N] {group},group,heterogeneous,fl,fedavg,non_iid_label,node_a,selected_test_tn,3,480.0,0.0,480.0,480.0
group|fl|fedavg|non_iid_label|3|2|0.001|3,FedAvg (E=2) non_iid_label [3N] {group},group,heterogeneous,fl,fedavg,non_iid_label,node_a,selected_test_tp,3,1869.3333333333333,46.57610259922284,1753.6318804002512,1985.0347862664153
group|fl|fedavg|non_iid_label|3|2|0.001|3,FedAvg (E=2) non_iid_label [3N] {group},group,heterogeneous,fl,fedavg,non_iid_label,node_b,selected_test_accuracy,3,0.8686405337781484,0.05489560453605904,0.7322722923407917,1.0050087752155052
group|fl|fedavg|non_iid_label|3|2|0.001|3,FedAvg (E=2) non_iid_label [3N] {group},group,heterogeneous,fl,fedavg,non_iid_label,node_b,selected_test_balanced_accuracy,3,0.9257775683317625,0.03101782744520965,0.8487250134385528,1.0028301232249721
group|fl|fedavg|non_iid_label|3|2|0.001|3,FedAvg (E=2) non_iid_label [3N] {group},group,heterogeneous,fl,fedavg,non_iid_label,node_b,selected_test_f1,3,0.9190019844645532,0.03693267685938197,0.8272561290822736,1.0107478398468326
group|fl|fedavg|non_iid_label|3|2|0.001|3,FedAvg (E=2) non_iid_label [3N] {group},group,heterogeneous,fl,fedavg,non_iid_label,node_b,selected_test_fn,3,315.0,131.63965967746955,-12.011042966781417,642.0110429667814
group|fl|fedavg|non_iid_label|3|2|0.001|3,FedAvg (E=2) non_iid_label [3N] {group},group,heterogeneous,fl,fedavg,non_iid_label,node_b,selected_test_fp,3,0.0,0.0,0.0,0.0
group|fl|fedavg|non_iid_label|3|2|0.001|3,FedAvg (E=2) non_iid_label [3N] {group},group,heterogeneous,fl,fedavg,non_iid_label,node_b,selected_test_loss,3,0.3487823492521666,0.18641688953774116,-0.11430287615573176,0.811867574660065
group|fl|fedavg|non_iid_label|3|2|0.001|3,FedAvg (E=2) non_iid_label [3N] {group},group,heterogeneous,fl,fedavg,non_iid_label,node_b,selected_test_macro_f1,3,0.7824028973344029,0.06354345193474399,0.624552212048511,0.9402535826202949
group|fl|fedavg|non_iid_label|3|2|0.001|3,FedAvg (E=2) non_iid_label [3N] {group},group,heterogeneous,fl,fedavg,non_iid_label,node_b,selected_test_macro_precision,3,0.7405526211744974,0.047477591672083506,0.6226117452387914,0.8584934971102034
group|fl|fedavg|non_iid_label|3|2|0.001|3,FedAvg (E=2) non_iid_label [3N] {group},group,heterogeneous,fl,fedavg,non_iid_label,node_b,selected_test_macro_recall,3,0.9257775683317625,0.03101782744520965,0.8487250134385528,1.0028301232249721
group|fl|fedavg|non_iid_label|3|2|0.001|3,FedAvg (E=2) non_iid_label [3N] {group},group,heterogeneous,fl,fedavg,non_iid_label,node_b,selected_test_macro_specificity,3,0.9257775683317625,0.03101782744520965,0.8487250134385528,1.0028301232249721
group|fl|fedavg|non_iid_label|3|2|0.001|3,FedAvg (E=2) non_iid_label [3N] {group},group,heterogeneous,fl,fedavg,non_iid_label,node_b,selected_test_mcc,3,0.6391582497190135,0.08739068599196917,0.42206775099063154,0.8562487484473954
group|fl|fedavg|non_iid_label|3|2|0.001|3,FedAvg (E=2) non_iid_label [3N] {group},group,heterogeneous,fl,fedavg,non_iid_label,node_b,selected_test_n_examples,3,2398.0,0.0,2398.0,2398.0
group|fl|fedavg|non_iid_label|3|2|0.001|3,FedAvg (E=2) non_iid_label [3N] {group},group,heterogeneous,fl,fedavg,non_iid_label,node_b,selected_test_precision,3,1.0,0.0,1.0,1.0
group|fl|fedavg|non_iid_label|3|2|0.001|3,FedAvg (E=2) non_iid_label [3N] {group},group,heterogeneous,fl,fedavg,non_iid_label,node_b,selected_test_recall,3,0.8515551366635249,0.06203565489041921,0.6974500268771058,1.005660246449944
group|fl|fedavg|non_iid_label|3|2|0.001|3,FedAvg (E=2) non_iid_label [3N] {group},group,heterogeneous,fl,fedavg,non_iid_label,node_b,selected_test_roc_auc,3,0.9744367723458409,0.008349646251464364,0.9536951012128035,0.9951784434788783
group|fl|fedavg|non_iid_label|3|2|0.001|3,FedAvg (E=2) non_iid_label [3N] {group},group,heterogeneous,fl,fedavg,non_iid_label,node_b,selected_test_specificity,3,1.0,0.0,1.0,1.0
group|fl|fedavg|non_iid_label|3|2|0.001|3,FedAvg (E=2) non_iid_label [3N] {group},group,heterogeneous,fl,fedavg,non_iid_label,node_b,selected_test_tn,3,276.0,0.0,276.0,276.0
group|fl|fedavg|non_iid_label|3|2|0.001|3,FedAvg (E=2) non_iid_label [3N] {group},group,heterogeneous,fl,fedavg,non_iid_label,node_b,selected_test_tp,3,1807.0,131.63965967746955,1479.9889570332186,2134.0110429667816
group|fl|fedavg|non_iid_label|3|2|0.001|3,FedAvg (E=2) non_iid_label [3N] {group},group,heterogeneous,fl,fedavg,non_iid_label,node_c,selected_test_accuracy,3,0.9268055555555555,0.03785556737761941,0.8327671130331056,1.0208439980780055
group|fl|fedavg|non_iid_label|3|2|0.001|3,FedAvg (E=2) non_iid_label [3N] {group},group,heterogeneous,fl,fedavg,non_iid_label,node_c,selected_test_balanced_accuracy,3,0.8183159722222223,0.095087512423072,0.5821054966955411,1.0545264477489034
group|fl|fedavg|non_iid_label|3|2|0.001|3,FedAvg (E=2) non_iid_label [3N] {group},group,heterogeneous,fl,fedavg,non_iid_label,node_c,selected_test_f1,3,0.7650923444710221,0.15266848196402139,0.3858428110285215,1.1443418779135228
group|fl|fedavg|non_iid_label|3|2|0.001|3,FedAvg (E=2) non_iid_label [3N] {group},group,heterogeneous,fl,fedavg,non_iid_label,node_c,selected_test_fn,3,174.0,91.42756695876797,-53.118666975853955,401.11866697585396
group|fl|fedavg|non_iid_label|3|2|0.001|3,FedAvg (E=2) non_iid_label [3N] {group},group,heterogeneous,fl,fedavg,non_iid_label,node_c,selected_test_fp,3,1.6666666666666667,0.5773502691896257,0.23244909008351278,3.100884243249821
group|fl|fedavg|non_iid_label|3|2|0.001|3,FedAvg (E=2) non_iid_label [3N] {group},group,heterogeneous,fl,fedavg,non_iid_label,node_c,selected_test_loss,3,0.21836340186416944,0.1419203685337735,-0.1341863376760822,0.5709131414044211
group|fl|fedavg|non_iid_label|3|2|0.001|3,FedAvg (E=2) non_iid_label [3N] {group},group,heterogeneous,fl,fedavg,non_iid_label,node_c,selected_test_macro_f1,3,0.8608187336358181,0.08702075799248549,0.644647187001586,1.0769902802700502
group|fl|fedavg|non_iid_label|3|2|0.001|3,FedAvg (E=2) non_iid_label [3N] {group},group,heterogeneous,fl,fedavg,non_iid_label,node_c,selected_test_macro_precision,3,0.9563177463194528,0.019409962279141272,0.9081007270381866,1.004534765600719
group|fl|fedavg|non_iid_label|3|2|0.001|3,FedAvg (E=2) non_iid_label [3N] {group},group,heterogeneous,fl,fedavg,non_iid_label,node_c,selected_test_macro_recall,3,0.8183159722222223,0.095087512423072,0.5821054966955411,1.0545264477489034
group|fl|fedavg|non_iid_label|3|2|0.001|3,FedAvg (E=2) non_iid_label [3N] {group},group,heterogeneous,fl,fedavg,non_iid_label,node_c,selected_test_macro_specificity,3,0.8183159722222223,0.095087512423072,0.5821054966955411,1.0545264477489034
group|fl|fedavg|non_iid_label|3|2|0.001|3,FedAvg (E=2) non_iid_label [3N] {group},group,heterogeneous,fl,fedavg,non_iid_label,node_c,selected_test_mcc,3,0.7575056454732132,0.13483007930232802,0.42256916080001256,1.0924421301464138
group|fl|fedavg|non_iid_label|3|2|0.001|3,FedAvg (E=2) non_iid_label [3N] {group},group,heterogeneous,fl,fedavg,non_iid_label,node_c,selected_test_n_examples,3,2400.0,0.0,2400.0,2400.0
group|fl|fedavg|non_iid_label|3|2|0.001|3,FedAvg (E=2) non_iid_label [3N] {group},group,heterogeneous,fl,fedavg,non_iid_label,node_c,selected_test_precision,3,0.994648697949028,0.0003766807960677205,0.9937129709782241,0.9955844249198319
group|fl|fedavg|non_iid_label|3|2|0.001|3,FedAvg (E=2) non_iid_label [3N] {group},group,heterogeneous,fl,fedavg,non_iid_label,node_c,selected_test_recall,3,0.6375000000000001,0.1904740978307666,0.164336110466971,1.1106638895330292
group|fl|fedavg|non_iid_label|3|2|0.001|3,FedAvg (E=2) non_iid_label [3N] {group},group,heterogeneous,fl,fedavg,non_iid_label,node_c,selected_test_roc_auc,3,0.991374782986111,0.005684941847945023,0.9772526045525232,1.005496961419699
group|fl|fedavg|non_iid_label|3|2|0.001|3,FedAvg (E=2) non_iid_label [3N] {group},group,heterogeneous,fl,fedavg,non_iid_label,node_c,selected_test_specificity,3,0.9991319444444445,0.0003007032652029771,0.9983849561233074,0.9998789327655817
group|fl|fedavg|non_iid_label|3|2|0.001|3,FedAvg (E=2) non_iid_label [3N] {group},group,heterogeneous,fl,fedavg,non_iid_label,node_c,selected_test_tn,3,1918.3333333333333,0.5773502691896258,1916.89911575675,1919.7675509099165
group|fl|fedavg|non_iid_label|3|2|0.001|3,FedAvg (E=2) non_iid_label [3N] {group},group,heterogeneous,fl,fedavg,non_iid_label,node_c,selected_test_tp,3,306.0,91.42756695876797,78.88133302414604,533.118666975854
group|fl|fedavg|non_iid_label|3|5|0.0001|3,FedAvg (lr=0.0001) non_iid_label [3N] {group},group,heterogeneous,fl,fedavg,non_iid_label,node_a,selected_test_accuracy,3,0.997638888888889,0.0006364688465216228,0.9960578126248903,0.9992199651528876
group|fl|fedavg|non_iid_label|3|5|0.0001|3,FedAvg (lr=0.0001) non_iid_label [3N] {group},group,heterogeneous,fl,fedavg,non_iid_label,node_a,selected_test_balanced_accuracy,3,0.9967013888888889,0.0007955860581520103,0.9947250435588907,0.9986777342188872
group|fl|fedavg|non_iid_label|3|5|0.0001|3,FedAvg (lr=0.0001) non_iid_label [3N] {group},group,heterogeneous,fl,fedavg,non_iid_label,node_a,selected_test_f1,3,0.998523875866323,0.0003980892062589709,0.9975349674564143,0.9995127842762316
group|fl|fedavg|non_iid_label|3|5|0.0001|3,FedAvg (lr=0.0001) non_iid_label [3N] {group},group,heterogeneous,fl,fedavg,non_iid_label,node_a,selected_test_fn,3,3.3333333333333335,1.1547005383792515,0.46489818016702555,6.201768486499642
group|fl|fedavg|non_iid_label|3|5|0.0001|3,FedAvg (lr=0.0001) non_iid_label [3N] {group},group,heterogeneous,fl,fedavg,non_iid_label,node_a,selected_test_fp,3,2.3333333333333335,0.5773502691896258,0.8991157567501793,3.767550909916488
group|fl|fedavg|non_iid_label|3|5|0.0001|3,FedAvg (lr=0.0001) non_iid_label [3N] {group},group,heterogeneous,fl,fedavg,non_iid_label,node_a,selected_test_loss,3,0.012004324453875422,0.0007124672287005,0.010234457742674263,0.01377419116507658
group|fl|fedavg|non_iid_label|3|5|0.0001|3,FedAvg (lr=0.0001) non_iid_label [3N] {group},group,heterogeneous,fl,fedavg,non_iid_label,node_a,selected_test_macro_f1,3,0.9963139792685015,0.0009922682371628505,0.9938490483203932,0.9987789102166098
group|fl|fedavg|non_iid_label|3|5|0.0001|3,FedAvg (lr=0.0001) non_iid_label [3N] {group},group,heterogeneous,fl,fedavg,non_iid_label,node_a,selected_test_macro_precision,3,0.9959284726783677,0.0012778647210351522,0.9927540807343289,0.9991028646224065
group|fl|fedavg|non_iid_label|3|5|0.0001|3,FedAvg (lr=0.0001) non_iid_label [3N] {group},group,heterogeneous,fl,fedavg,non_iid_label,node_a,selected_test_macro_recall,3,0.9967013888888889,0.0007955860581520103,0.9947250435588907,0.9986777342188872
group|fl|fedavg|non_iid_label|3|5|0.0001|3,FedAvg (lr=0.0001) non_iid_label [3N] {group},group,heterogeneous,fl,fedavg,non_iid_label,node_a,selected_test_macro_specificity,3,0.9967013888888889,0.0007955860581520103,0.9947250435588907,0.9986777342188872
group|fl|fedavg|non_iid_label|3|5|0.0001|3,FedAvg (lr=0.0001) non_iid_label [3N] {group},group,heterogeneous,fl,fedavg,non_iid_label,node_a,selected_test_mcc,3,0.9926293597102355,0.001983806515922738,0.9877013111312157,0.9975574082892552
group|fl|fedavg|non_iid_label|3|5|0.0001|3,FedAvg (lr=0.0001) non_iid_label [3N] {group},group,heterogeneous,fl,fedavg,non_iid_label,node_a,selected_test_n_examples,3,2400.0,0.0,2400.0,2400.0
group|fl|fedavg|non_iid_label|3|5|0.0001|3,FedAvg (lr=0.0001) non_iid_label [3N] {group},group,heterogeneous,fl,fedavg,non_iid_label,node_a,selected_test_precision,3,0.9987840887465346,0.00030086028989469784,0.998036710354439,0.9995314671386302
group|fl|fedavg|non_iid_label|3|5|0.0001|3,FedAvg (lr=0.0001) non_iid_label [3N] {group},group,heterogeneous,fl,fedavg,non_iid_label,node_a,selected_test_recall,3,0.9982638888888888,0.000601406530405826,0.9967699122466148,0.9997578655311629
group|fl|fedavg|non_iid_label|3|5|0.0001|3,FedAvg (lr=0.0001) non_iid_label [3N] {group},group,heterogeneous,fl,fedavg,non_iid_label,node_a,selected_test_roc_auc,3,0.99982421875,0.00014904209914678017,0.9994539776508711,1.000194459849129
group|fl|fedavg|non_iid_label|3|5|0.0001|3,FedAvg (lr=0.0001) non_iid_label [3N] {group},group,heterogeneous,fl,fedavg,non_iid_label,node_a,selected_test_specificity,3,0.9951388888888889,0.0012028130608117162,0.9921509356043406,0.9981268421734372
group|fl|fedavg|non_iid_label|3|5|0.0001|3,FedAvg (lr=0.0001) non_iid_label [3N] {group},group,heterogeneous,fl,fedavg,non_iid_label,node_a,selected_test_tn,3,477.6666666666667,0.5773502691896258,476.23244909008355,479.1008842432498
group|fl|fedavg|non_iid_label|3|5|0.0001|3,FedAvg (lr=0.0001) non_iid_label [3N] {group},group,heterogeneous,fl,fedavg,non_iid_label,node_a,selected_test_tp,3,1916.6666666666667,1.1547005383792515,1913.7982315135005,1919.535101819833
group|fl|fedavg|non_iid_label|3|5|0.0001|3,FedAvg (lr=0.0001) non_iid_label [3N] {group},group,heterogeneous,fl,fedavg,non_iid_label,node_b,selected_test_accuracy,3,0.9678899082568808,0.009050264559720878,0.9454078047627607,0.990372011751001
group|fl|fedavg|non_iid_label|3|5|0.0001|3,FedAvg (lr=0.0001) non_iid_label [3N] {group},group,heterogeneous,fl,fedavg,non_iid_label,node_b,selected_test_balanced_accuracy,3,0.9072609469691796,0.03595516635522177,0.8179433622939165,0.9965785316444427
group|fl|fedavg|non_iid_label|3|5|0.0001|3,FedAvg (lr=0.0001) non_iid_label [3N] {group},group,heterogeneous,fl,fedavg,non_iid_label,node_b,selected_test_f1,3,0.9819448046733683,0.005035547537816749,0.9694358111353663,0.9944537982113704
group|fl|fedavg|non_iid_label|3|5|0.0001|3,FedAvg (lr=0.0001) non_iid_label [3N] {group},group,heterogeneous,fl,fedavg,non_iid_label,node_b,selected_test_fn,3,29.666666666666668,5.507570547286102,15.985102970027857,43.348230363305476
group|fl|fedavg|non_iid_label|3|5|0.0001|3,FedAvg (lr=0.0001) non_iid_label [3N] {group},group,heterogeneous,fl,fedavg,non_iid_label,node_b,selected_test_fp,3,47.333333333333336,19.65536398374076,-1.4932975768562855,96.15996424352295
group|fl|fedavg|non_iid_label|3|5|0.0001|3,FedAvg (lr=0.0001) non_iid_label [3N] {group},group,heterogeneous,fl,fedavg,non_iid_label,node_b,selected_test_loss,3,0.1440057791079291,0.012625958576377948,0.11264115926135114,0.17537039895450707
group|fl|fedavg|non_iid_label|3|5|0.0001|3,FedAvg (lr=0.0001) non_iid_label [3N] {group},group,heterogeneous,fl,fedavg,non_iid_label,node_b,selected_test_macro_f1,3,0.9184495425266066,0.024674150493390067,0.8571555547805734,0.9797435302726398
group|fl|fedavg|non_iid_label|3|5|0.0001|3,FedAvg (lr=0.0001) non_iid_label [3N] {group},group,heterogeneous,fl,fedavg,non_iid_label,node_b,selected_test_macro_precision,3,0.9313758090702399,0.014213224228708568,0.8960682027581415,0.9666834153823383
group|fl|fedavg|non_iid_label|3|5|0.0001|3,FedAvg (lr=0.0001) non_iid_label [3N] {group},group,heterogeneous,fl,fedavg,non_iid_label,node_b,selected_test_macro_recall,3,0.9072609469691796,0.03595516635522177,0.8179433622939165,0.9965785316444427
group|fl|fedavg|non_iid_label|3|5|0.0001|3,FedAvg (lr=0.0001) non_iid_label [3N] {group},group,heterogeneous,fl,fedavg,non_iid_label,node_b,selected_test_macro_specificity,3,0.9072609469691796,0.03595516635522177,0.8179433622939165,0.9965785316444427
group|fl|fedavg|non_iid_label|3|5|0.0001|3,FedAvg (lr=0.0001) non_iid_label [3N] {group},group,heterogeneous,fl,fedavg,non_iid_label,node_b,selected_test_mcc,3,0.8379928473019458,0.04842678846355721,0.7176940358206675,0.9582916587832241
group|fl|fedavg|non_iid_label|3|5|0.0001|3,FedAvg (lr=0.0001) non_iid_label [3N] {group},group,heterogeneous,fl,fedavg,non_iid_label,node_b,selected_test_n_examples,3,2398.0,0.0,2398.0,2398.0
group|fl|fedavg|non_iid_label|3|5|0.0001|3,FedAvg (lr=0.0001) non_iid_label [3N] {group},group,heterogeneous,fl,fedavg,non_iid_label,node_b,selected_test_precision,3,0.9779294369749065,0.009030069380361177,0.9554975010874294,1.0003613728623837
group|fl|fedavg|non_iid_label|3|5|0.0001|3,FedAvg (lr=0.0001) non_iid_label [3N] {group},group,heterogeneous,fl,fedavg,non_iid_label,node_b,selected_test_recall,3,0.986019478479422,0.002595462086374255,0.9795719932312414,0.9924669637276025
group|fl|fedavg|non_iid_label|3|5|0.0001|3,FedAvg (lr=0.0001) non_iid_label [3N] {group},group,heterogeneous,fl,fedavg,non_iid_label,node_b,selected_test_roc_auc,3,0.9898077194516158,0.0023656746659148032,0.9839310578002846,0.9956843811029471
group|fl|fedavg|non_iid_label|3|5|0.0001|3,FedAvg (lr=0.0001) non_iid_label [3N] {group},group,heterogeneous,fl,fedavg,non_iid_label,node_b,selected_test_specificity,3,0.8285024154589372,0.07121508689761145,0.6515943324510038,1.0054104984668706
group|fl|fedavg|non_iid_label|3|5|0.0001|3,FedAvg (lr=0.0001) non_iid_label [3N] {group},group,heterogeneous,fl,fedavg,non_iid_label,node_b,selected_test_tn,3,228.66666666666666,19.65536398374076,179.84003575647705,277.49329757685626
group|fl|fedavg|non_iid_label|3|5|0.0001|3,FedAvg (lr=0.0001) non_iid_label [3N] {group},group,heterogeneous,fl,fedavg,non_iid_label,node_b,selected_test_tp,3,2092.3333333333335,5.507570547286102,2078.6517696366946,2106.0148970299724
group|fl|fedavg|non_iid_label|3|5|0.0001|3,FedAvg (lr=0.0001) non_iid_label [3N] {group},group,heterogeneous,fl,fedavg,non_iid_label,node_c,selected_test_accuracy,3,0.9345833333333333,0.012610621625351296,0.9032568125851839,0.9659098540814828
group|fl|fedavg|non_iid_label|3|5|0.0001|3,FedAvg (lr=0.0001) non_iid_label [3N] {group},group,heterogeneous,fl,fedavg,non_iid_label,node_c,selected_test_balanced_accuracy,3,0.8578125000000001,0.033072916666666625,0.7756548204707575,0.9399701795292427
group|fl|fedavg|non_iid_label|3|5|0.0001|3,FedAvg (lr=0.0001) non_iid_label [3N] {group},group,heterogeneous,fl,fedavg,non_iid_label,node_c,selected_test_f1,3,0.8158416495189723,0.04227908945307704,0.710814568990118,0.9208687300478267
group|fl|fedavg|non_iid_label|3|5|0.0001|3,FedAvg (lr=0.0001) non_iid_label [3N] {group},group,heterogeneous,fl,fedavg,non_iid_label,node_c,selected_test_fn,3,129.66666666666666,33.17127271199182,47.264657176053134,212.06867615728018
group|fl|fedavg|non_iid_label|3|5|0.0001|3,FedAvg (lr=0.0001) non_iid_label [3N] {group},group,heterogeneous,fl,fedavg,non_iid_label,node_c,selected_test_fp,3,27.333333333333332,15.695009822658072,-11.655232453423448,66.32189912009011
group|fl|fedavg|non_iid_label|3|5|0.0001|3,FedAvg (lr=0.0001) non_iid_label [3N] {group},group,heterogeneous,fl,fedavg,non_iid_label,node_c,selected_test_loss,3,0.17479311654936788,0.0636992724395141,0.016555351671312446,0.3330308814274233
group|fl|fedavg|non_iid_label|3|5|0.0001|3,FedAvg (lr=0.0001) non_iid_label [3N] {group},group,heterogeneous,fl,fedavg,non_iid_label,node_c,selected_test_macro_f1,3,0.888025446588696,0.02475366427088992,0.8265339356693716,0.9495169575080203
group|fl|fedavg|non_iid_label|3|5|0.0001|3,FedAvg (lr=0.0001) non_iid_label [3N] {group},group,heterogeneous,fl,fedavg,non_iid_label,node_c,selected_test_macro_precision,3,0.932685084351334,0.017275142534362624,0.8897712513058617,0.9755989173968064
group|fl|fedavg|non_iid_label|3|5|0.0001|3,FedAvg (lr=0.0001) non_iid_label [3N] {group},group,heterogeneous,fl,fedavg,non_iid_label,node_c,selected_test_macro_recall,3,0.8578125000000001,0.033072916666666625,0.7756548204707575,0.9399701795292427
group|fl|fedavg|non_iid_label|3|5|0.0001|3,FedAvg (lr=0.0001) non_iid_label [3N] {group},group,heterogeneous,fl,fedavg,non_iid_label,node_c,selected_test_macro_specificity,3,0.8578125000000001,0.033072916666666625,0.7756548204707575,0.9399701795292427
group|fl|fedavg|non_iid_label|3|5|0.0001|3,FedAvg (lr=0.0001) non_iid_label [3N] {group},group,heterogeneous,fl,fedavg,non_iid_label,node_c,selected_test_mcc,3,0.7863664056139473,0.04289159435569486,0.6798177785578681,0.8929150326700266
group|fl|fedavg|non_iid_label|3|5|0.0001|3,FedAvg (lr=0.0001) non_iid_label [3N] {group},group,heterogeneous,fl,fedavg,non_iid_label,node_c,selected_test_n_examples,3,2400.0,0.0,2400.0,2400.0
group|fl|fedavg|non_iid_label|3|5|0.0001|3,FedAvg (lr=0.0001) non_iid_label [3N] {group},group,heterogeneous,fl,fedavg,non_iid_label,node_c,selected_test_precision,3,0.9292939736408963,0.035770942379671815,0.8404340266907054,1.0181539205910872
group|fl|fedavg|non_iid_label|3|5|0.0001|3,FedAvg (lr=0.0001) non_iid_label [3N] {group},group,heterogeneous,fl,fedavg,non_iid_label,node_c,selected_test_recall,3,0.7298611111111111,0.06910681814998294,0.5581902580056662,0.9015319642165559
group|fl|fedavg|non_iid_label|3|5|0.0001|3,FedAvg (lr=0.0001) non_iid_label [3N] {group},group,heterogeneous,fl,fedavg,non_iid_label,node_c,selected_test_roc_auc,3,0.9794476996527779,0.011875023349196136,0.9499485063231241,1.0089468929824317
group|fl|fedavg|non_iid_label|3|5|0.0001|3,FedAvg (lr=0.0001) non_iid_label [3N] {group},group,heterogeneous,fl,fedavg,non_iid_label,node_c,selected_test_specificity,3,0.9857638888888888,0.00817448428263441,0.9654573442082863,1.0060704335694912
group|fl|fedavg|non_iid_label|3|5|0.0001|3,FedAvg (lr=0.0001) non_iid_label [3N] {group},group,heterogeneous,fl,fedavg,non_iid_label,node_c,selected_test_tn,3,1892.6666666666667,15.695009822658072,1853.67810087991,1931.6552324534234
group|fl|fedavg|non_iid_label|3|5|0.0001|3,FedAvg (lr=0.0001) non_iid_label [3N] {group},group,heterogeneous,fl,fedavg,non_iid_label,node_c,selected_test_tp,3,350.3333333333333,33.17127271199182,267.9313238427198,432.73534282394684
group|fl|fedavg|non_iid_label|10|5|0.001|3,FedAvg (R=10) non_iid_label [3N] {group},group,heterogeneous,fl,fedavg,non_iid_label,node_a,selected_test_accuracy,3,0.9952777777777778,0.004589642122738423,0.9838764746972455,1.0066790808583101
group|fl|fedavg|non_iid_label|10|5|0.001|3,FedAvg (R=10) non_iid_label [3N] {group},group,heterogeneous,fl,fedavg,non_iid_label,node_a,selected_test_balanced_accuracy,3,0.9967881944444444,0.002710502603471542,0.9900549327093633,1.0035214561795256
group|fl|fedavg|non_iid_label|10|5|0.001|3,FedAvg (R=10) non_iid_label [3N] {group},group,heterogeneous,fl,fedavg,non_iid_label,node_a,selected_test_f1,3,0.9970346032183244,0.002890371700131052,0.9898545218770529,1.0042146845595958
group|fl|fedavg|non_iid_label|10|5|0.001|3,FedAvg (R=10) non_iid_label [3N] {group},group,heterogeneous,fl,fedavg,non_iid_label,node_a,selected_test_fn,3,11.0,11.269427669584644,-16.99481026385785,38.99481026385785
group|fl|fedavg|non_iid_label|10|5|0.001|3,FedAvg (R=10) non_iid_label [3N] {group},group,heterogeneous,fl,fedavg,non_iid_label,node_a,selected_test_fp,3,0.3333333333333333,0.5773502691896258,-1.100884243249821,1.7675509099164874
group|fl|fedavg|non_iid_label|10|5|0.001|3,FedAvg (R=10) non_iid_label [3N] {group},group,heterogeneous,fl,fedavg,non_iid_label,node_a,selected_test_loss,3,0.015673733174192347,0.006928539000903371,-0.0015377118452846728,0.032885178193669366
group|fl|fedavg|non_iid_label|10|5|0.001|3,FedAvg (R=10) non_iid_label [3N] {group},group,heterogeneous,fl,fedavg,non_iid_label,node_a,selected_test_macro_f1,3,0.9927233536281886,0.007012971352660641,0.9753021670196196,1.0101445402367577
group|fl|fedavg|non_iid_label|10|5|0.001|3,FedAvg (R=10) non_iid_label [3N] {group},group,heterogeneous,fl,fedavg,non_iid_label,node_a,selected_test_macro_precision,3,0.9888773317317634,0.011006173195532959,0.9615364818346843,1.0162181816288425
group|fl|fedavg|non_iid_label|10|5|0.001|3,FedAvg (R=10) non_iid_label [3N] {group},group,heterogeneous,fl,fedavg,non_iid_label,node_a,selected_test_macro_recall,3,0.9967881944444444,0.002710502603471542,0.9900549327093633,1.0035214561795256
group|fl|fedavg|non_iid_label|10|5|0.001|3,FedAvg (R=10) non_iid_label [3N] {group},group,heterogeneous,fl,fedavg,non_iid_label,node_a,selected_test_macro_specificity,3,0.9967881944444444,0.002710502603471542,0.9900549327093633,1.0035214561795256
group|fl|fedavg|non_iid_label|10|5|0.001|3,FedAvg (R=10) non_iid_label [3N] {group},group,heterogeneous,fl,fedavg,non_iid_label,node_a,selected_test_mcc,3,0.9856093434844504,0.013768623418827933,0.9514061868108512,1.0198125001580496
group|fl|fedavg|non_iid_label|10|5|0.001|3,FedAvg (R=10) non_iid_label [3N] {group},group,heterogeneous,fl,fedavg,non_iid_label,node_a,selected_test_n_examples,3,2400.0,0.0,2400.0,2400.0
group|fl|fedavg|non_iid_label|10|5|0.001|3,FedAvg (R=10) non_iid_label [3N] {group},group,heterogeneous,fl,fedavg,non_iid_label,node_a,selected_test_precision,3,0.9998260264439806,0.000301331038199176,0.9990774786482691,1.000574574239692
group|fl|fedavg|non_iid_label|10|5|0.001|3,FedAvg (R=10) non_iid_label [3N] {group},group,heterogeneous,fl,fedavg,non_iid_label,node_a,selected_test_recall,3,0.9942708333333333,0.005869493577908656,0.979690202987574,1.0088514636790926
group|fl|fedavg|non_iid_label|10|5|0.001|3,FedAvg (R=10) non_iid_label [3N] {group},group,heterogeneous,fl,fedavg,non_iid_label,node_a,selected_test_roc_auc,3,0.999812282986111,0.00026399318128830096,0.9991564875688278,1.0004680784033941
group|fl|fedavg|non_iid_label|10|5|0.001|3,FedAvg (R=10) non_iid_label [3N] {group},group,heterogeneous,fl,fedavg,non_iid_label,node_a,selected_test_specificity,3,0.9993055555555556,0.0012028130608117162,0.9963176022710073,1.0022935088401037
group|fl|fedavg|non_iid_label|10|5|0.001|3,FedAvg (R=10) non_iid_label [3N] {group},group,heterogeneous,fl,fedavg,non_iid_label,node_a,selected_test_tn,3,479.6666666666667,0.5773502691896258,478.23244909008355,481.1008842432498
group|fl|fedavg|non_iid_label|10|5|0.001|3,FedAvg (R=10) non_iid_label [3N] {group},group,heterogeneous,fl,fedavg,non_iid_label,node_a,selected_test_tp,3,1909.0,11.269427669584644,1881.0051897361423,1936.9948102638577
group|fl|fedavg|non_iid_label|10|5|0.001|3,FedAvg (R=10) non_iid_label [3N] {group},group,heterogeneous,fl,fedavg,non_iid_label,node_b,selected_test_accuracy,3,0.9209063108145678,0.0767604437289006,0.7302227977769167,1.1115898238522188
group|fl|fedavg|non_iid_label|10|5|0.001|3,FedAvg (R=10) non_iid_label [3N] {group},group,heterogeneous,fl,fedavg,non_iid_label,node_b,selected_test_balanced_accuracy,3,0.9547841340090244,0.043203028048662294,0.8474618627715351,1.0621064052465137
group|fl|fedavg|non_iid_label|10|5|0.001|3,FedAvg (R=10) non_iid_label [3N] {group},group,heterogeneous,fl,fedavg,non_iid_label,node_b,selected_test_f1,3,0.9517621094722143,0.04833408569881256,0.8316935844248217,1.071830634519607
group|fl|fedavg|non_iid_label|10|5|0.001|3,FedAvg (R=10) non_iid_label [3N] {group},group,heterogeneous,fl,fedavg,non_iid_label,node_b,selected_test_fn,3,189.33333333333334,184.1855948040816,-268.20904868065145,646.8757153473181
group|fl|fedavg|non_iid_label|10|5|0.001|3,FedAvg (R=10) non_iid_label [3N] {group},group,heterogeneous,fl,fedavg,non_iid_label,node_b,selected_test_fp,3,0.3333333333333333,0.5773502691896258,-1.100884243249821,1.7675509099164874
group|fl|fedavg|non_iid_label|10|5|0.001|3,FedAvg (R=10) non_iid_label [3N] {group},group,heterogeneous,fl,fedavg,non_iid_label,node_b,selected_test_loss,3,0.24126676142299278,0.20099526323276248,-0.25803315185669706,0.7405666747026827
group|fl|fedavg|non_iid_label|10|5|0.001|3,FedAvg (R=10) non_iid_label [3N] {group},group,heterogeneous,fl,fedavg,non_iid_label,node_b,selected_test_macro_f1,3,0.8628452343947411,0.11492163082748313,0.577364077360341,1.1483263914291413
group|fl|fedavg|non_iid_label|10|5|0.001|3,FedAvg (R=10) non_iid_label [3N] {group},group,heterogeneous,fl,fedavg,non_iid_label,node_b,selected_test_macro_precision,3,0.8278177637766699,0.12205735639633686,0.5246104817559791,1.1310250457973607
group|fl|fedavg|non_iid_label|10|5|0.001|3,FedAvg (R=10) non_iid_label [3N] {group},group,heterogeneous,fl,fedavg,non_iid_label,node_b,selected_test_macro_recall,3,0.9547841340090244,0.043203028048662294,0.8474618627715351,1.0621064052465137
group|fl|fedavg|non_iid_label|10|5|0.001|3,FedAvg (R=10) non_iid_label [3N] {group},group,heterogeneous,fl,fedavg,non_iid_label,node_b,selected_test_macro_specificity,3,0.9547841340090244,0.043203028048662294,0.8474618627715351,1.0621064052465137
group|fl|fedavg|non_iid_label|10|5|0.001|3,FedAvg (R=10) non_iid_label [3N] {group},group,heterogeneous,fl,fedavg,non_iid_label,node_b,selected_test_mcc,3,0.7669797354064851,0.18120199338988807,0.3168490301823301,1.2171104406306401
group|fl|fedavg|non_iid_label|10|5|0.001|3,FedAvg (R=10) non_iid_label [3N] {group},group,heterogeneous,fl,fedavg,non_iid_label,node_b,selected_test_n_examples,3,2398.0,0.0,2398.0,2398.0
group|fl|fedavg|non_iid_label|10|5|0.001|3,FedAvg (R=10) non_iid_label [3N] {group},group,heterogeneous,fl,fedavg,non_iid_label,node_b,selected_test_precision,3,0.9998313090418355,0.00029218131031861523,0.9991054904302044,1.0005571276534666
group|fl|fedavg|non_iid_label|10|5|0.001|3,FedAvg (R=10) non_iid_label [3N] {group},group,heterogeneous,fl,fedavg,non_iid_label,node_b,selected_test_recall,3,0.9107759974866477,0.08679811253726749,0.6951575328240724,1.126394462149223
group|fl|fedavg|non_iid_label|10|5|0.001|3,FedAvg (R=10) non_iid_label [3N] {group},group,heterogeneous,fl,fedavg,non_iid_label,node_b,selected_test_roc_auc,3,0.9706917865289787,0.02657594922349186,0.9046734688373407,1.0367101042206168
group|fl|fedavg|non_iid_label|10|5|0.001|3,FedAvg (R=10) non_iid_label [3N] {group},group,heterogeneous,fl,fedavg,non_iid_label,node_b,selected_test_specificity,3,0.9987922705314011,0.002091848801411697,0.9935958300365345,1.0039887110262675
group|fl|fedavg|non_iid_label|10|5|0.001|3,FedAvg (R=10) non_iid_label [3N] {group},group,heterogeneous,fl,fedavg,non_iid_label,node_b,selected_test_tn,3,275.6666666666667,0.5773502691896258,274.23244909008355,277.1008842432498
group|fl|fedavg|non_iid_label|10|5|0.001|3,FedAvg (R=10) non_iid_label [3N] {group},group,heterogeneous,fl,fedavg,non_iid_label,node_b,selected_test_tp,3,1932.6666666666667,184.1855948040816,1475.124284652682,2390.2090486806514
group|fl|fedavg|non_iid_label|10|5|0.001|3,FedAvg (R=10) non_iid_label [3N] {group},group,heterogeneous,fl,fedavg,non_iid_label,node_c,selected_test_accuracy,3,0.9641666666666667,0.03188793310607917,0.8849526494880836,1.0433806838452497
group|fl|fedavg|non_iid_label|10|5|0.001|3,FedAvg (R=10) non_iid_label [3N] {group},group,heterogeneous,fl,fedavg,non_iid_label,node_c,selected_test_balanced_accuracy,3,0.9127604166666666,0.08042997312729219,0.7129612872660944,1.1125595460672388
group|fl|fedavg|non_iid_label|10|5|0.001|3,FedAvg (R=10) non_iid_label [3N] {group},group,heterogeneous,fl,fedavg,non_iid_label,node_c,selected_test_f1,3,0.8962661077657353,0.10122218572978468,0.6448162589285811,1.1477159566028896
group|fl|fedavg|non_iid_label|10|5|0.001|3,FedAvg (R=10) non_iid_label [3N] {group},group,heterogeneous,fl,fedavg,non_iid_label,node_c,selected_test_fn,3,83.0,77.44029958619737,-109.37236861131638,275.37236861131635
group|fl|fedavg|non_iid_label|10|5|0.001|3,FedAvg (R=10) non_iid_label [3N] {group},group,heterogeneous,fl,fedavg,non_iid_label,node_c,selected_test_fp,3,3.0,1.0,0.5158622882496697,5.48413771175033
group|fl|fedavg|non_iid_label|10|5|0.001|3,FedAvg (R=10) non_iid_label [3N] {group},group,heterogeneous,fl,fedavg,non_iid_label,node_c,selected_test_loss,3,0.10198583501495402,0.05975006868756116,-0.04644156389148922,0.25041323392139725
group|fl|fedavg|non_iid_label|10|5|0.001|3,FedAvg (R=10) non_iid_label [3N] {group},group,heterogeneous,fl,fedavg,non_iid_label,node_c,selected_test_macro_f1,3,0.9372894582132769,0.060050576650177746,0.7881155561442166,1.0864633602823373
group|fl|fedavg|non_iid_label|10|5|0.001|3,FedAvg (R=10) non_iid_label [3N] {group},group,heterogeneous,fl,fedavg,non_iid_label,node_c,selected_test_macro_precision,3,0.9760335457412054,0.017727880431975217,0.931995049410735,1.0200720420716758
group|fl|fedavg|non_iid_label|10|5|0.001|3,FedAvg (R=10) non_iid_label [3N] {group},group,heterogeneous,fl,fedavg,non_iid_label,node_c,selected_test_macro_recall,3,0.9127604166666666,0.08042997312729219,0.7129612872660944,1.1125595460672388
group|fl|fedavg|non_iid_label|10|5|0.001|3,FedAvg (R=10) non_iid_label [3N] {group},group,heterogeneous,fl,fedavg,non_iid_label,node_c,selected_test_macro_specificity,3,0.9127604166666666,0.08042997312729219,0.7129612872660944,1.1125595460672388
group|fl|fedavg|non_iid_label|10|5|0.001|3,FedAvg (R=10) non_iid_label [3N] {group},group,heterogeneous,fl,fedavg,non_iid_label,node_c,selected_test_mcc,3,0.8845536285392285,0.10476973589427398,0.6242911765541403,1.1448160805243166
group|fl|fedavg|non_iid_label|10|5|0.001|3,FedAvg (R=10) non_iid_label [3N] {group},group,heterogeneous,fl,fedavg,non_iid_label,node_c,selected_test_n_examples,3,2400.0,0.0,2400.0,2400.0
group|fl|fedavg|non_iid_label|10|5|0.001|3,FedAvg (R=10) non_iid_label [3N] {group},group,heterogeneous,fl,fedavg,non_iid_label,node_c,selected_test_precision,3,0.9926177921544556,0.0012707652774777848,0.9894610362058901,0.995774548103021
group|fl|fedavg|non_iid_label|10|5|0.001|3,FedAvg (R=10) non_iid_label [3N] {group},group,heterogeneous,fl,fedavg,non_iid_label,node_c,selected_test_recall,3,0.8270833333333334,0.1613339574712445,0.42630756539309106,1.2278591012735758
group|fl|fedavg|non_iid_label|10|5|0.001|3,FedAvg (R=10) non_iid_label [3N] {group},group,heterogeneous,fl,fedavg,non_iid_label,node_c,selected_test_roc_auc,3,0.9912123842592594,0.005783159587420533,0.9768462194350775,1.0055785490834412
group|fl|fedavg|non_iid_label|10|5|0.001|3,FedAvg (R=10) non_iid_label [3N] {group},group,heterogeneous,fl,fedavg,non_iid_label,node_c,selected_test_specificity,3,0.9984375,0.0005208333333333037,0.9971436782751301,0.9997313217248699
group|fl|fedavg|non_iid_label|10|5|0.001|3,FedAvg (R=10) non_iid_label [3N] {group},group,heterogeneous,fl,fedavg,non_iid_label,node_c,selected_test_tn,3,1917.0,1.0,1914.5158622882498,1919.4841377117502
group|fl|fedavg|non_iid_label|10|5|0.001|3,FedAvg (R=10) non_iid_label [3N] {group},group,heterogeneous,fl,fedavg,non_iid_label,node_c,selected_test_tp,3,397.0,77.44029958619737,204.62763138868362,589.3723686113163
group|fl|fedavg|non_iid_label|3|5|0.001|3,FedAvg non_iid_label [3N] {group},group,heterogeneous,fl,fedavg,non_iid_label,node_a,selected_test_accuracy,5,0.9724166666666667,0.014794307276036226,0.9540471079436486,0.9907862253896849
group|fl|fedavg|non_iid_label|3|5|0.001|3,FedAvg non_iid_label [3N] {group},group,heterogeneous,fl,fedavg,non_iid_label,node_a,selected_test_balanced_accuracy,5,0.9827604166666667,0.009246442047522636,0.9712794424647804,0.994241390868553
group|fl|fedavg|non_iid_label|3|5|0.001|3,FedAvg non_iid_label [3N] {group},group,heterogeneous,fl,fedavg,non_iid_label,node_a,selected_test_f1,5,0.9823861162119993,0.009550412651779416,0.970527712654295,0.9942445197697036
group|fl|fedavg|non_iid_label|3|5|0.001|3,FedAvg non_iid_label [3N] {group},group,heterogeneous,fl,fedavg,non_iid_label,node_a,selected_test_fn,5,66.2,35.50633746248689,22.113059064756442,110.28694093524356
group|fl|fedavg|non_iid_label|3|5|0.001|3,FedAvg non_iid_label [3N] {group},group,heterogeneous,fl,fedavg,non_iid_label,node_a,selected_test_fp,5,0.0,0.0,0.0,0.0
group|fl|fedavg|non_iid_label|3|5|0.001|3,FedAvg non_iid_label [3N] {group},group,heterogeneous,fl,fedavg,non_iid_label,node_a,selected_test_loss,5,0.0902666362801101,0.05189504699411593,0.02583042474242389,0.1547028478177963
group|fl|fedavg|non_iid_label|3|5|0.001|3,FedAvg non_iid_label [3N] {group},group,heterogeneous,fl,fedavg,non_iid_label,node_a,selected_test_macro_f1,5,0.9593910663568161,0.021141199407195835,0.9331408001740543,0.985641332539578
group|fl|fedavg|non_iid_label|3|5|0.001|3,FedAvg non_iid_label [3N] {group},group,heterogeneous,fl,fedavg,non_iid_label,node_a,selected_test_macro_precision,5,0.9409200178564951,0.029266730223606298,0.9045805725927012,0.9772594631202891
group|fl|fedavg|non_iid_label|3|5|0.001|3,FedAvg non_iid_label [3N] {group},group,heterogeneous,fl,fedavg,non_iid_label,node_a,selected_test_macro_recall,5,0.9827604166666667,0.009246442047522636,0.9712794424647804,0.994241390868553
group|fl|fedavg|non_iid_label|3|5|0.001|3,FedAvg non_iid_label [3N] {group},group,heterogeneous,fl,fedavg,non_iid_label,node_a,selected_test_macro_specificity,5,0.9827604166666667,0.009246442047522636,0.9712794424647804,0.994241390868553
group|fl|fedavg|non_iid_label|3|5|0.001|3,FedAvg non_iid_label [3N] {group},group,heterogeneous,fl,fedavg,non_iid_label,node_a,selected_test_mcc,5,0.9225291121275573,0.03937133980413996,0.8736431369317098,0.9714150873234048
group|fl|fedavg|non_iid_label|3|5|0.001|3,FedAvg non_iid_label [3N] {group},group,heterogeneous,fl,fedavg,non_iid_label,node_a,selected_test_n_examples,5,2400.0,0.0,2400.0,2400.0
group|fl|fedavg|non_iid_label|3|5|0.001|3,FedAvg non_iid_label [3N] {group},group,heterogeneous,fl,fedavg,non_iid_label,node_a,selected_test_precision,5,1.0,0.0,1.0,1.0
group|fl|fedavg|non_iid_label|3|5|0.001|3,FedAvg non_iid_label [3N] {group},group,heterogeneous,fl,fedavg,non_iid_label,node_a,selected_test_recall,5,0.9655208333333334,0.018492884095045254,0.9425588849295607,0.988482781737106
group|fl|fedavg|non_iid_label|3|5|0.001|3,FedAvg non_iid_label [3N] {group},group,heterogeneous,fl,fedavg,non_iid_label,node_a,selected_test_roc_auc,5,0.9967894965277777,0.005806122260900143,0.9895802435472486,1.003998749508307
group|fl|fedavg|non_iid_label|3|5|0.001|3,FedAvg non_iid_label [3N] {group},group,heterogeneous,fl,fedavg,non_iid_label,node_a,selected_test_specificity,5,1.0,0.0,1.0,1.0
group|fl|fedavg|non_iid_label|3|5|0.001|3,FedAvg non_iid_label [3N] {group},group,heterogeneous,fl,fedavg,non_iid_label,node_a,selected_test_tn,5,480.0,0.0,480.0,480.0
group|fl|fedavg|non_iid_label|3|5|0.001|3,FedAvg non_iid_label [3N] {group},group,heterogeneous,fl,fedavg,non_iid_label,node_a,selected_test_tp,5,1853.8,35.50633746248689,1809.7130590647564,1897.8869409352435
group|fl|fedavg|non_iid_label|3|5|0.001|3,FedAvg non_iid_label [3N] {group},group,heterogeneous,fl,fedavg,non_iid_label,node_b,selected_test_accuracy,5,0.8224353628023351,0.07201522155329362,0.7330166548769427,0.9118540707277275
group|fl|fedavg|non_iid_label|3|5|0.001|3,FedAvg non_iid_label [3N] {group},group,heterogeneous,fl,fedavg,non_iid_label,node_b,selected_test_balanced_accuracy,5,0.8996701225259189,0.04069097579754908,0.8491456028263216,0.9501946422255163
group|fl|fedavg|non_iid_label|3|5|0.001|3,FedAvg non_iid_label [3N] {group},group,heterogeneous,fl,fedavg,non_iid_label,node_b,selected_test_f1,5,0.8865846710779144,0.052449184386712325,0.8214604070897827,0.951708935066046
group|fl|fedavg|non_iid_label|3|5|0.001|3,FedAvg non_iid_label [3N] {group},group,heterogeneous,fl,fedavg,non_iid_label,node_b,selected_test_fn,5,425.8,172.6925012847981,211.37393839490892,640.2260616050911
group|fl|fedavg|non_iid_label|3|5|0.001|3,FedAvg non_iid_label [3N] {group},group,heterogeneous,fl,fedavg,non_iid_label,node_b,selected_test_fp,5,0.0,0.0,0.0,0.0
group|fl|fedavg|non_iid_label|3|5|0.001|3,FedAvg non_iid_label [3N] {group},group,heterogeneous,fl,fedavg,non_iid_label,node_b,selected_test_loss,5,0.3950824603363809,0.13028326267913234,0.23331442349917816,0.5568504971735836
group|fl|fedavg|non_iid_label|3|5|0.001|3,FedAvg non_iid_label [3N] {group},group,heterogeneous,fl,fedavg,non_iid_label,node_b,selected_test_macro_f1,5,0.731907886046206,0.07130952750248949,0.6433654130174437,0.8204503590749684
group|fl|fedavg|non_iid_label|3|5|0.001|3,FedAvg non_iid_label [3N] {group},group,heterogeneous,fl,fedavg,non_iid_label,node_b,selected_test_macro_precision,5,0.7050658506934033,0.043466217332736916,0.6510954134932434,0.7590362878935633
group|fl|fedavg|non_iid_label|3|5|0.001|3,FedAvg non_iid_label [3N] {group},group,heterogeneous,fl,fedavg,non_iid_label,node_b,selected_test_macro_recall,5,0.8996701225259189,0.04069097579754908,0.8491456028263216,0.9501946422255163
group|fl|fedavg|non_iid_label|3|5|0.001|3,FedAvg non_iid_label [3N] {group},group,heterogeneous,fl,fedavg,non_iid_label,node_b,selected_test_macro_specificity,5,0.8996701225259189,0.04069097579754908,0.8491456028263216,0.9501946422255163
group|fl|fedavg|non_iid_label|3|5|0.001|3,FedAvg non_iid_label [3N] {group},group,heterogeneous,fl,fedavg,non_iid_label,node_b,selected_test_mcc,5,0.5717758560203103,0.09001580546253549,0.4600064711081663,0.6835452409324544
group|fl|fedavg|non_iid_label|3|5|0.001|3,FedAvg non_iid_label [3N] {group},group,heterogeneous,fl,fedavg,non_iid_label,node_b,selected_test_n_examples,5,2398.0,0.0,2398.0,2398.0
group|fl|fedavg|non_iid_label|3|5|0.001|3,FedAvg non_iid_label [3N] {group},group,heterogeneous,fl,fedavg,non_iid_label,node_b,selected_test_precision,5,1.0,0.0,1.0,1.0
group|fl|fedavg|non_iid_label|3|5|0.001|3,FedAvg non_iid_label [3N] {group},group,heterogeneous,fl,fedavg,non_iid_label,node_b,selected_test_recall,5,0.7993402450518379,0.08138195159509809,0.6982912056526431,0.9003892844510326
group|fl|fedavg|non_iid_label|3|5|0.001|3,FedAvg non_iid_label [3N] {group},group,heterogeneous,fl,fedavg,non_iid_label,node_b,selected_test_roc_auc,5,0.9519693616905025,0.03341250216730783,0.9104822606594511,0.9934564627215539
group|fl|fedavg|non_iid_label|3|5|0.001|3,FedAvg non_iid_label [3N] {group},group,heterogeneous,fl,fedavg,non_iid_label,node_b,selected_test_specificity,5,1.0,0.0,1.0,1.0
group|fl|fedavg|non_iid_label|3|5|0.001|3,FedAvg non_iid_label [3N] {group},group,heterogeneous,fl,fedavg,non_iid_label,node_b,selected_test_tn,5,276.0,0.0,276.0,276.0
group|fl|fedavg|non_iid_label|3|5|0.001|3,FedAvg non_iid_label [3N] {group},group,heterogeneous,fl,fedavg,non_iid_label,node_b,selected_test_tp,5,1696.2,172.6925012847981,1481.773938394909,1910.626061605091
group|fl|fedavg|non_iid_label|3|5|0.001|3,FedAvg non_iid_label [3N] {group},group,heterogeneous,fl,fedavg,non_iid_label,node_c,selected_test_accuracy,5,0.9192500000000001,0.03659249126073087,0.8738144209969647,0.9646855790030355
group|fl|fedavg|non_iid_label|3|5|0.001|3,FedAvg non_iid_label [3N] {group},group,heterogeneous,fl,fedavg,non_iid_label,node_c,selected_test_balanced_accuracy,5,0.7995312499999999,0.09171999218352468,0.6856458377901866,0.9134166622098132
group|fl|fedavg|non_iid_label|3|5|0.001|3,FedAvg non_iid_label [3N] {group},group,heterogeneous,fl,fedavg,non_iid_label,node_c,selected_test_f1,5,0.7349215224863332,0.14530925959969665,0.5544962462357452,0.9153467987369213
group|fl|fedavg|non_iid_label|3|5|0.001|3,FedAvg non_iid_label [3N] {group},group,heterogeneous,fl,fedavg,non_iid_label,node_c,selected_test_fn,5,192.0,88.1277481840992,82.57494783703687,301.42505216296314
group|fl|fedavg|non_iid_label|3|5|0.001|3,FedAvg non_iid_label [3N] {group},group,heterogeneous,fl,fedavg,non_iid_label,node_c,selected_test_fp,5,1.8,0.4472135954999579,1.2447109789604416,2.3552890210395585
group|fl|fedavg|non_iid_label|3|5|0.001|3,FedAvg non_iid_label [3N] {group},group,heterogeneous,fl,fedavg,non_iid_label,node_c,selected_test_loss,5,0.22388723508579034,0.09973254317011344,0.10005292678215777,0.3477215433894229
group|fl|fedavg|non_iid_label|3|5|0.001|3,FedAvg non_iid_label [3N] {group},group,heterogeneous,fl,fedavg,non_iid_label,node_c,selected_test_macro_f1,5,0.8435994545414867,0.08299964974657749,0.7405417775876392,0.9466571314953341
group|fl|fedavg|non_iid_label|3|5|0.001|3,FedAvg non_iid_label [3N] {group},group,heterogeneous,fl,fedavg,non_iid_label,node_c,selected_test_macro_precision,5,0.9519573905973123,0.01939327689063138,0.9278774568750183,0.9760373243196063
group|fl|fedavg|non_iid_label|3|5|0.001|3,FedAvg non_iid_label [3N] {group},group,heterogeneous,fl,fedavg,non_iid_label,node_c,selected_test_macro_recall,5,0.7995312499999999,0.09171999218352468,0.6856458377901866,0.9134166622098132
group|fl|fedavg|non_iid_label|3|5|0.001|3,FedAvg non_iid_label [3N] {group},group,heterogeneous,fl,fedavg,non_iid_label,node_c,selected_test_macro_specificity,5,0.7995312499999999,0.09171999218352468,0.6856458377901866,0.9134166622098132
group|fl|fedavg|non_iid_label|3|5|0.001|3,FedAvg non_iid_label [3N] {group},group,heterogeneous,fl,fedavg,non_iid_label,node_c,selected_test_mcc,5,0.7305507135342703,0.12980971244639614,0.5693706669723971,0.8917307600961434
group|fl|fedavg|non_iid_label|3|5|0.001|3,FedAvg non_iid_label [3N] {group},group,heterogeneous,fl,fedavg,non_iid_label,node_c,selected_test_n_examples,5,2400.0,0.0,2400.0,2400.0
group|fl|fedavg|non_iid_label|3|5|0.001|3,FedAvg non_iid_label [3N] {group},group,heterogeneous,fl,fedavg,non_iid_label,node_c,selected_test_precision,5,0.993625752697181,0.0014550073014307204,0.9918191225138708,0.9954323828804912
group|fl|fedavg|non_iid_label|3|5|0.001|3,FedAvg non_iid_label [3N] {group},group,heterogeneous,fl,fedavg,non_iid_label,node_c,selected_test_recall,5,0.6,0.18359947538354,0.3720311413271602,0.8279688586728398
group|fl|fedavg|non_iid_label|3|5|0.001|3,FedAvg non_iid_label [3N] {group},group,heterogeneous,fl,fedavg,non_iid_label,node_c,selected_test_roc_auc,5,0.9211493055555555,0.10336608867591421,0.7928033546115351,1.049495256499576
group|fl|fedavg|non_iid_label|3|5|0.001|3,FedAvg non_iid_label [3N] {group},group,heterogeneous,fl,fedavg,non_iid_label,node_c,selected_test_specificity,5,0.9990625,0.0002329237476562645,0.9987732869682084,0.9993517130317915
group|fl|fedavg|non_iid_label|3|5|0.001|3,FedAvg non_iid_label [3N] {group},group,heterogeneous,fl,fedavg,non_iid_label,node_c,selected_test_tn,5,1918.2,0.4472135954999579,1917.6447109789606,1918.7552890210395
group|fl|fedavg|non_iid_label|3|5|0.001|3,FedAvg non_iid_label [3N] {group},group,heterogeneous,fl,fedavg,non_iid_label,node_c,selected_test_tp,5,288.0,88.1277481840992,178.57494783703686,397.42505216296314
group|fl|fedbn|non_iid_label|10|5|0.001|3,FedBN (R=10) non_iid_label [3N] {group},group,heterogeneous,fl,fedbn,non_iid_label,node_a,selected_test_accuracy,3,0.9662499999999999,0.023150323971815174,0.9087414071823762,1.0237585928176236
group|fl|fedbn|non_iid_label|10|5|0.001|3,FedBN (R=10) non_iid_label [3N] {group},group,heterogeneous,fl,fedbn,non_iid_label,node_a,selected_test_balanced_accuracy,3,0.97890625,0.01446895248238449,0.9429633794889851,1.0148491205110148
group|fl|fedbn|non_iid_label|10|5|0.001|3,FedBN (R=10) non_iid_label [3N] {group},group,heterogeneous,fl,fedbn,non_iid_label,node_a,selected_test_f1,3,0.9783030758693135,0.01508504270348121,0.9408297524062317,1.0157763993323954
group|fl|fedbn|non_iid_label|10|5|0.001|3,FedBN (R=10) non_iid_label [3N] {group},group,heterogeneous,fl,fedbn,non_iid_label,node_a,selected_test_fn,3,81.0,55.560777532356404,-57.020622762296995,219.020622762297
group|fl|fedbn|non_iid_label|10|5|0.001|3,FedBN (R=10) non_iid_label [3N] {group},group,heterogeneous,fl,fedbn,non_iid_label,node_a,selected_test_fp,3,0.0,0.0,0.0,0.0
group|fl|fedbn|non_iid_label|10|5|0.001|3,FedBN (R=10) non_iid_label [3N] {group},group,heterogeneous,fl,fedbn,non_iid_label,node_a,selected_test_loss,3,0.09327072201400848,0.071442527738841,-0.08420235536481548,0.27074379939283244
group|fl|fedbn|non_iid_label|10|5|0.001|3,FedBN (R=10) non_iid_label [3N] {group},group,heterogeneous,fl,fedbn,non_iid_label,node_a,selected_test_macro_f1,3,0.9511285903929471,0.03233628121582927,0.8708008147669417,1.0314563660189524
group|fl|fedbn|non_iid_label|10|5|0.001|3,FedBN (R=10) non_iid_label [3N] {group},group,heterogeneous,fl,fedbn,non_iid_label,node_a,selected_test_macro_precision,3,0.9306554311743724,0.04320174995544521,0.8233363348964429,1.037974527452302
group|fl|fedbn|non_iid_label|10|5|0.001|3,FedBN (R=10) non_iid_label [3N] {group},group,heterogeneous,fl,fedbn,non_iid_label,node_a,selected_test_macro_recall,3,0.97890625,0.01446895248238449,0.9429633794889851,1.0148491205110148
group|fl|fedbn|non_iid_label|10|5|0.001|3,FedBN (R=10) non_iid_label [3N] {group},group,heterogeneous,fl,fedbn,non_iid_label,node_a,selected_test_macro_specificity,3,0.97890625,0.01446895248238449,0.9429633794889851,1.0148491205110148
group|fl|fedbn|non_iid_label|10|5|0.001|3,FedBN (R=10) non_iid_label [3N] {group},group,heterogeneous,fl,fedbn,non_iid_label,node_a,selected_test_mcc,3,0.9079113238555546,0.05918960150379756,0.760876202616497,1.0549464450946122
group|fl|fedbn|non_iid_label|10|5|0.001|3,FedBN (R=10) non_iid_label [3N] {group},group,heterogeneous,fl,fedbn,non_iid_label,node_a,selected_test_n_examples,3,2400.0,0.0,2400.0,2400.0
group|fl|fedbn|non_iid_label|10|5|0.001|3,FedBN (R=10) non_iid_label [3N] {group},group,heterogeneous,fl,fedbn,non_iid_label,node_a,selected_test_precision,3,1.0,0.0,1.0,1.0
group|fl|fedbn|non_iid_label|10|5|0.001|3,FedBN (R=10) non_iid_label [3N] {group},group,heterogeneous,fl,fedbn,non_iid_label,node_a,selected_test_recall,3,0.9578125000000001,0.028937904964768984,0.8859267589779704,1.02969824102203
group|fl|fedbn|non_iid_label|10|5|0.001|3,FedBN (R=10) non_iid_label [3N] {group},group,heterogeneous,fl,fedbn,non_iid_label,node_a,selected_test_roc_auc,3,0.9994419126157408,0.0006336474204339859,0.9978678451626875,1.001015980068794
group|fl|fedbn|non_iid_label|10|5|0.001|3,FedBN (R=10) non_iid_label [3N] {group},group,heterogeneous,fl,fedbn,non_iid_label,node_a,selected_test_specificity,3,1.0,0.0,1.0,1.0
group|fl|fedbn|non_iid_label|10|5|0.001|3,FedBN (R=10) non_iid_label [3N] {group},group,heterogeneous,fl,fedbn,non_iid_label,node_a,selected_test_tn,3,480.0,0.0,480.0,480.0
group|fl|fedbn|non_iid_label|10|5|0.001|3,FedBN (R=10) non_iid_label [3N] {group},group,heterogeneous,fl,fedbn,non_iid_label,node_a,selected_test_tp,3,1839.0,55.560777532356404,1700.979377237703,1977.020622762297
group|fl|fedbn|non_iid_label|10|5|0.001|3,FedBN (R=10) non_iid_label [3N] {group},group,heterogeneous,fl,fedbn,non_iid_label,node_b,selected_test_accuracy,3,0.8967194884626076,0.0836155890815576,0.6890068503348913,1.104432126590324
group|fl|fedbn|non_iid_label|10|5|0.001|3,FedBN (R=10) non_iid_label [3N] {group},group,heterogeneous,fl,fedbn,non_iid_label,node_b,selected_test_balanced_accuracy,3,0.8896361786119192,0.01710301211766029,0.8471499412259165,0.932122415997922
group|fl|fedbn|non_iid_label|10|5|0.001|3,FedBN (R=10) non_iid_label [3N] {group},group,heterogeneous,fl,fedbn,non_iid_label,node_b,selected_test_f1,3,0.9366586651288804,0.055125061750707874,0.7997204203713812,1.0735969098863796
group|fl|fedbn|non_iid_label|10|5|0.001|3,FedBN (R=10) non_iid_label [3N] {group},group,heterogeneous,fl,fedbn,non_iid_label,node_b,selected_test_fn,3,214.66666666666666,231.94898864477366,-361.5265632281647,790.859896561498
group|fl|fedbn|non_iid_label|10|5|0.001|3,FedBN (R=10) non_iid_label [3N] {group},group,heterogeneous,fl,fedbn,non_iid_label,node_b,selected_test_fp,3,33.0,33.0,-48.97654448776089,114.97654448776089
group|fl|fedbn|non_iid_label|10|5|0.001|3,FedBN (R=10) non_iid_label [3N] {group},group,heterogeneous,fl,fedbn,non_iid_label,node_b,selected_test_loss,3,0.23974209767313345,0.1696065653844995,-0.18158396755894993,0.6610681629052169
group|fl|fedbn|non_iid_label|10|5|0.001|3,FedBN (R=10) non_iid_label [3N] {group},group,heterogeneous,fl,fedbn,non_iid_label,node_b,selected_test_macro_f1,3,0.8166698560156683,0.09893815770070004,0.570893847340258,1.0624458646910786
group|fl|fedbn|non_iid_label|10|5|0.001|3,FedBN (R=10) non_iid_label [3N] {group},group,heterogeneous,fl,fedbn,non_iid_label,node_b,selected_test_macro_precision,3,0.8052804532597112,0.11929300809095715,0.5089401931128273,1.1016207134065952
group|fl|fedbn|non_iid_label|10|5|0.001|3,FedBN (R=10) non_iid_label [3N] {group},group,heterogeneous,fl,fedbn,non_iid_label,node_b,selected_test_macro_recall,3,0.8896361786119192,0.01710301211766029,0.8471499412259165,0.932122415997922
group|fl|fedbn|non_iid_label|10|5|0.001|3,FedBN (R=10) non_iid_label [3N] {group},group,heterogeneous,fl,fedbn,non_iid_label,node_b,selected_test_macro_specificity,3,0.8896361786119192,0.01710301211766029,0.8471499412259165,0.932122415997922
group|fl|fedbn|non_iid_label|10|5|0.001|3,FedBN (R=10) non_iid_label [3N] {group},group,heterogeneous,fl,fedbn,non_iid_label,node_b,selected_test_mcc,3,0.6796103388214251,0.13274978997398515,0.34984157932011267,1.0093790983227375
group|fl|fedbn|non_iid_label|10|5|0.001|3,FedBN (R=10) non_iid_label [3N] {group},group,heterogeneous,fl,fedbn,non_iid_label,node_b,selected_test_n_examples,3,2398.0,0.0,2398.0,2398.0
group|fl|fedbn|non_iid_label|10|5|0.001|3,FedBN (R=10) non_iid_label [3N] {group},group,heterogeneous,fl,fedbn,non_iid_label,node_b,selected_test_precision,3,0.9843490261411948,0.015304576407202647,0.9463303507256984,1.0223677015566912
group|fl|fedbn|non_iid_label|10|5|0.001|3,FedBN (R=10) non_iid_label [3N] {group},group,heterogeneous,fl,fedbn,non_iid_label,node_b,selected_test_recall,3,0.8988375746151429,0.10930678069970483,0.627304478528983,1.1703706707013029
group|fl|fedbn|non_iid_label|10|5|0.001|3,FedBN (R=10) non_iid_label [3N] {group},group,heterogeneous,fl,fedbn,non_iid_label,node_b,selected_test_roc_auc,3,0.970791956362378,0.004939626483364473,0.9585212439330917,0.9830626687916644
group|fl|fedbn|non_iid_label|10|5|0.001|3,FedBN (R=10) non_iid_label [3N] {group},group,heterogeneous,fl,fedbn,non_iid_label,node_b,selected_test_specificity,3,0.8804347826086957,0.11956521739130432,0.5834183170733301,1.1774512481440613
group|fl|fedbn|non_iid_label|10|5|0.001|3,FedBN (R=10) non_iid_label [3N] {group},group,heterogeneous,fl,fedbn,non_iid_label,node_b,selected_test_tn,3,243.0,33.0,161.0234555122391,324.97654448776086
group|fl|fedbn|non_iid_label|10|5|0.001|3,FedBN (R=10) non_iid_label [3N] {group},group,heterogeneous,fl,fedbn,non_iid_label,node_b,selected_test_tp,3,1907.3333333333333,231.94898864477366,1331.140103438502,2483.5265632281644
group|fl|fedbn|non_iid_label|10|5|0.001|3,FedBN (R=10) non_iid_label [3N] {group},group,heterogeneous,fl,fedbn,non_iid_label,node_c,selected_test_accuracy,3,0.9293055555555556,0.058423046093256825,0.7841746635199686,1.0744364475911428
group|fl|fedbn|non_iid_label|10|5|0.001|3,FedBN (R=10) non_iid_label [3N] {group},group,heterogeneous,fl,fedbn,non_iid_label,node_c,selected_test_balanced_accuracy,3,0.8250868055555555,0.1470610370012306,0.4597669376116878,1.1904066734994232
group|fl|fedbn|non_iid_label|10|5|0.001|3,FedBN (R=10) non_iid_label [3N] {group},group,heterogeneous,fl,fedbn,non_iid_label,node_c,selected_test_f1,3,0.7574705729738974,0.24342341436544643,0.15277328942566493,1.36216785652213
group|fl|fedbn|non_iid_label|10|5|0.001|3,FedBN (R=10) non_iid_label [3N] {group},group,heterogeneous,fl,fedbn,non_iid_label,node_c,selected_test_fn,3,167.33333333333334,141.500294463769,-184.17288436789167,518.8395510345583
group|fl|fedbn|non_iid_label|10|5|0.001|3,FedBN (R=10) non_iid_label [3N] {group},group,heterogeneous,fl,fedbn,non_iid_label,node_c,selected_test_fp,3,2.3333333333333335,1.5275252316519465,-1.461249700263426,6.1279163669300925
group|fl|fedbn|non_iid_label|10|5|0.001|3,FedBN (R=10) non_iid_label [3N] {group},group,heterogeneous,fl,fedbn,non_iid_label,node_c,selected_test_loss,3,0.21114399809926274,0.17778251084141306,-0.23049224157155332,0.6527802377700788
group|fl|fedbn|non_iid_label|10|5|0.001|3,FedBN (R=10) non_iid_label [3N] {group},group,heterogeneous,fl,fedbn,non_iid_label,node_c,selected_test_macro_f1,3,0.8579446042230514,0.13815415080581406,0.5147506681714864,1.2011385402746164
group|fl|fedbn|non_iid_label|10|5|0.001|3,FedBN (R=10) non_iid_label [3N] {group},group,heterogeneous,fl,fedbn,non_iid_label,node_c,selected_test_macro_precision,3,0.9576711374487061,0.029809847493658562,0.8836193711081828,1.0317229037892295
group|fl|fedbn|non_iid_label|10|5|0.001|3,FedBN (R=10) non_iid_label [3N] {group},group,heterogeneous,fl,fedbn,non_iid_label,node_c,selected_test_macro_recall,3,0.8250868055555555,0.1470610370012306,0.4597669376116878,1.1904066734994232
group|fl|fedbn|non_iid_label|10|5|0.001|3,FedBN (R=10) non_iid_label [3N] {group},group,heterogeneous,fl,fedbn,non_iid_label,node_c,selected_test_macro_specificity,3,0.8250868055555555,0.1470610370012306,0.4597669376116878,1.1904066734994232
group|fl|fedbn|non_iid_label|10|5|0.001|3,FedBN (R=10) non_iid_label [3N] {group},group,heterogeneous,fl,fedbn,non_iid_label,node_c,selected_test_mcc,3,0.7593983103385948,0.21260722461563755,0.23125268588031656,1.2875439347968731
group|fl|fedbn|non_iid_label|10|5|0.001|3,FedBN (R=10) non_iid_label [3N] {group},group,heterogeneous,fl,fedbn,non_iid_label,node_c,selected_test_n_examples,3,2400.0,0.0,2400.0,2400.0
group|fl|fedbn|non_iid_label|10|5|0.001|3,FedBN (R=10) non_iid_label [3N] {group},group,heterogeneous,fl,fedbn,non_iid_label,node_c,selected_test_precision,3,0.9928394471026051,0.0021770891869031506,0.9874312577515751,0.998247636453635
group|fl|fedbn|non_iid_label|10|5|0.001|3,FedBN (R=10) non_iid_label [3N] {group},group,heterogeneous,fl,fedbn,non_iid_label,node_c,selected_test_recall,3,0.6513888888888889,0.2947922801328521,-0.08091573132199648,1.3836935090997744
group|fl|fedbn|non_iid_label|10|5|0.001|3,FedBN (R=10) non_iid_label [3N] {group},group,heterogeneous,fl,fedbn,non_iid_label,node_c,selected_test_roc_auc,3,0.9806785300925926,0.014265115497734529,0.9452420187221963,1.0161150414629891
group|fl|fedbn|non_iid_label|10|5|0.001|3,FedBN (R=10) non_iid_label [3N] {group},group,heterogeneous,fl,fedbn,non_iid_label,node_c,selected_test_specificity,3,0.9987847222222223,0.0007955860581520588,0.9968083768922239,1.0007610675522205
group|fl|fedbn|non_iid_label|10|5|0.001|3,FedBN (R=10) non_iid_label [3N] {group},group,heterogeneous,fl,fedbn,non_iid_label,node_c,selected_test_tn,3,1917.6666666666667,1.5275252316519465,1913.87208363307,1921.4612497002636
group|fl|fedbn|non_iid_label|10|5|0.001|3,FedBN (R=10) non_iid_label [3N] {group},group,heterogeneous,fl,fedbn,non_iid_label,node_c,selected_test_tp,3,312.6666666666667,141.500294463769,-38.839551034558326,664.1728843678917
group|fl|fedprox_0.001|non_iid_label|3|5|0.001|3,FedProx(mu=0.001) non_iid_label [3N] {group},group,heterogeneous,fl,fedprox_0.001,non_iid_label,node_a,selected_test_accuracy,3,0.9913888888888889,0.006254627916220962,0.975851531809238,1.0069262459685397
group|fl|fedprox_0.001|non_iid_label|3|5|0.001|3,FedProx(mu=0.001) non_iid_label [3N] {group},group,heterogeneous,fl,fedprox_0.001,non_iid_label,node_a,selected_test_balanced_accuracy,3,0.9946180555555556,0.003909142447638061,0.9849072073807739,1.0043289037303373
group|fl|fedprox_0.001|non_iid_label|3|5|0.001|3,FedProx(mu=0.001) non_iid_label [3N] {group},group,heterogeneous,fl,fedprox_0.001,non_iid_label,node_a,selected_test_f1,3,0.9945785559709267,0.003960590152730811,0.9847399046117411,1.0044172073301123
group|fl|fedprox_0.001|non_iid_label|3|5|0.001|3,FedProx(mu=0.001) non_iid_label [3N] {group},group,heterogeneous,fl,fedprox_0.001,non_iid_label,node_a,selected_test_fn,3,20.666666666666668,15.01110699893027,-16.622990324495337,57.956323657828676
group|fl|fedprox_0.001|non_iid_label|3|5|0.001|3,FedProx(mu=0.001) non_iid_label [3N] {group},group,heterogeneous,fl,fedprox_0.001,non_iid_label,node_a,selected_test_fp,3,0.0,0.0,0.0,0.0
group|fl|fedprox_0.001|non_iid_label|3|5|0.001|3,FedProx(mu=0.001) non_iid_label [3N] {group},group,heterogeneous,fl,fedprox_0.001,non_iid_label,node_a,selected_test_loss,3,0.034415190661626786,0.011501674154371023,0.005843448146489641,0.06298693317676393
group|fl|fedprox_0.001|non_iid_label|3|5|0.001|3,FedProx(mu=0.001) non_iid_label [3N] {group},group,heterogeneous,fl,fedprox_0.001,non_iid_label,node_a,selected_test_macro_f1,3,0.9868280262639132,0.009408042917197783,0.9634571520595366,1.0101989004682899
group|fl|fedprox_0.001|non_iid_label|3|5|0.001|3,FedProx(mu=0.001) non_iid_label [3N] {group},group,heterogeneous,fl,fedprox_0.001,non_iid_label,node_a,selected_test_macro_precision,3,0.9796434064726748,0.01413608343434437,0.9445274285169708,1.0147593844283787
group|fl|fedprox_0.001|non_iid_label|3|5|0.001|3,FedProx(mu=0.001) non_iid_label [3N] {group},group,heterogeneous,fl,fedprox_0.001,non_iid_label,node_a,selected_test_macro_recall,3,0.9946180555555556,0.003909142447638061,0.9849072073807739,1.0043289037303373
group|fl|fedprox_0.001|non_iid_label|3|5|0.001|3,FedProx(mu=0.001) non_iid_label [3N] {group},group,heterogeneous,fl,fedprox_0.001,non_iid_label,node_a,selected_test_macro_specificity,3,0.9946180555555556,0.003909142447638061,0.9849072073807739,1.0043289037303373
group|fl|fedprox_0.001|non_iid_label|3|5|0.001|3,FedProx(mu=0.001) non_iid_label [3N] {group},group,heterogeneous,fl,fedprox_0.001,non_iid_label,node_a,selected_test_mcc,3,0.9741081859049614,0.018238352500930505,0.928801606657204,1.0194147651527188
group|fl|fedprox_0.001|non_iid_label|3|5|0.001|3,FedProx(mu=0.001) non_iid_label [3N] {group},group,heterogeneous,fl,fedprox_0.001,non_iid_label,node_a,selected_test_n_examples,3,2400.0,0.0,2400.0,2400.0
group|fl|fedprox_0.001|non_iid_label|3|5|0.001|3,FedProx(mu=0.001) non_iid_label [3N] {group},group,heterogeneous,fl,fedprox_0.001,non_iid_label,node_a,selected_test_precision,3,1.0,0.0,1.0,1.0
group|fl|fedprox_0.001|non_iid_label|3|5|0.001|3,FedProx(mu=0.001) non_iid_label [3N] {group},group,heterogeneous,fl,fedprox_0.001,non_iid_label,node_a,selected_test_recall,3,0.9892361111111111,0.007818284895276187,0.9698144147615475,1.0086578074606747
group|fl|fedprox_0.001|non_iid_label|3|5|0.001|3,FedProx(mu=0.001) non_iid_label [3N] {group},group,heterogeneous,fl,fedprox_0.001,non_iid_label,node_a,selected_test_roc_auc,3,0.9999106626157408,5.0128955712272436e-05,0.9997861353864053,1.0000351898450763
group|fl|fedprox_0.001|non_iid_label|3|5|0.001|3,FedProx(mu=0.001) non_iid_label [3N] {group},group,heterogeneous,fl,fedprox_0.001,non_iid_label,node_a,selected_test_specificity,3,1.0,0.0,1.0,1.0
group|fl|fedprox_0.001|non_iid_label|3|5|0.001|3,FedProx(mu=0.001) non_iid_label [3N] {group},group,heterogeneous,fl,fedprox_0.001,non_iid_label,node_a,selected_test_tn,3,480.0,0.0,480.0,480.0
group|fl|fedprox_0.001|non_iid_label|3|5|0.001|3,FedProx(mu=0.001) non_iid_label [3N] {group},group,heterogeneous,fl,fedprox_0.001,non_iid_label,node_a,selected_test_tp,3,1899.3333333333333,15.01110699893027,1862.0436763421712,1936.6229903244953
group|fl|fedprox_0.001|non_iid_label|3|5|0.001|3,FedProx(mu=0.001) non_iid_label [3N] {group},group,heterogeneous,fl,fedprox_0.001,non_iid_label,node_b,selected_test_accuracy,3,0.8664164581595775,0.008467886800399213,0.8453810612198729,0.887451855099282
group|fl|fedprox_0.001|non_iid_label|3|5|0.001|3,FedProx(mu=0.001) non_iid_label [3N] {group},group,heterogeneous,fl,fedprox_0.001,non_iid_label,node_b,selected_test_balanced_accuracy,3,0.9245208922400252,0.004784635378736411,0.9126351990587313,0.9364065854213192
group|fl|fedprox_0.001|non_iid_label|3|5|0.001|3,FedProx(mu=0.001) non_iid_label [3N] {group},group,heterogeneous,fl,fedprox_0.001,non_iid_label,node_b,selected_test_f1,3,0.9183394195010468,0.00558192708932382,0.9044731439142167,0.9322056950878769
group|fl|fedprox_0.001|non_iid_label|3|5|0.001|3,FedProx(mu=0.001) non_iid_label [3N] {group},group,heterogeneous,fl,fedprox_0.001,non_iid_label,node_b,selected_test_fn,3,320.3333333333333,20.305992547357377,269.8904514719217,370.7762151947449
group|fl|fedprox_0.001|non_iid_label|3|5|0.001|3,FedProx(mu=0.001) non_iid_label [3N] {group},group,heterogeneous,fl,fedprox_0.001,non_iid_label,node_b,selected_test_fp,3,0.0,0.0,0.0,0.0
group|fl|fedprox_0.001|non_iid_label|3|5|0.001|3,FedProx(mu=0.001) non_iid_label [3N] {group},group,heterogeneous,fl,fedprox_0.001,non_iid_label,node_b,selected_test_loss,3,0.40049497837556514,0.005939085112483221,0.38574147307435064,0.41524848367677963
group|fl|fedprox_0.001|non_iid_label|3|5|0.001|3,FedProx(mu=0.001) non_iid_label [3N] {group},group,heterogeneous,fl,fedprox_0.001,non_iid_label,node_b,selected_test_macro_f1,3,0.7756783512973664,0.010254678231464663,0.7502043183807199,0.8011523842140129
group|fl|fedprox_0.001|non_iid_label|3|5|0.001|3,FedProx(mu=0.001) non_iid_label [3N] {group},group,heterogeneous,fl,fedprox_0.001,non_iid_label,node_b,selected_test_macro_precision,3,0.7315966589363425,0.008037725956833901,0.7116298407702569,0.7515634771024281
group|fl|fedprox_0.001|non_iid_label|3|5|0.001|3,FedProx(mu=0.001) non_iid_label [3N] {group},group,heterogeneous,fl,fedprox_0.001,non_iid_label,node_b,selected_test_macro_recall,3,0.9245208922400252,0.004784635378736411,0.9126351990587313,0.9364065854213192
group|fl|fedprox_0.001|non_iid_label|3|5|0.001|3,FedProx(mu=0.001) non_iid_label [3N] {group},group,heterogeneous,fl,fedprox_0.001,non_iid_label,node_b,selected_test_macro_specificity,3,0.9245208922400252,0.004784635378736411,0.9126351990587313,0.9364065854213192
group|fl|fedprox_0.001|non_iid_label|3|5|0.001|3,FedProx(mu=0.001) non_iid_label [3N] {group},group,heterogeneous,fl,fedprox_0.001,non_iid_label,node_b,selected_test_mcc,3,0.6270844630224638,0.01439319346887379,0.5913297883339158,0.6628391377110118
group|fl|fedprox_0.001|non_iid_label|3|5|0.001|3,FedProx(mu=0.001) non_iid_label [3N] {group},group,heterogeneous,fl,fedprox_0.001,non_iid_label,node_b,selected_test_n_examples,3,2398.0,0.0,2398.0,2398.0
group|fl|fedprox_0.001|non_iid_label|3|5|0.001|3,FedProx(mu=0.001) non_iid_label [3N] {group},group,heterogeneous,fl,fedprox_0.001,non_iid_label,node_b,selected_test_precision,3,1.0,0.0,1.0,1.0
group|fl|fedprox_0.001|non_iid_label|3|5|0.001|3,FedProx(mu=0.001) non_iid_label [3N] {group},group,heterogeneous,fl,fedprox_0.001,non_iid_label,node_b,selected_test_recall,3,0.8490417844800503,0.00956927075747286,0.8252703981174623,0.8728131708426383
group|fl|fedprox_0.001|non_iid_label|3|5|0.001|3,FedProx(mu=0.001) non_iid_label [3N] {group},group,heterogeneous,fl,fedprox_0.001,non_iid_label,node_b,selected_test_roc_auc,3,0.9741920392301493,0.006679928881923254,0.9575981759827535,0.990785902477545
group|fl|fedprox_0.001|non_iid_label|3|5|0.001|3,FedProx(mu=0.001) non_iid_label [3N] {group},group,heterogeneous,fl,fedprox_0.001,non_iid_label,node_b,selected_test_specificity,3,1.0,0.0,1.0,1.0
group|fl|fedprox_0.001|non_iid_label|3|5|0.001|3,FedProx(mu=0.001) non_iid_label [3N] {group},group,heterogeneous,fl,fedprox_0.001,non_iid_label,node_b,selected_test_tn,3,276.0,0.0,276.0,276.0
group|fl|fedprox_0.001|non_iid_label|3|5|0.001|3,FedProx(mu=0.001) non_iid_label [3N] {group},group,heterogeneous,fl,fedprox_0.001,non_iid_label,node_b,selected_test_tp,3,1801.6666666666667,20.305992547357377,1751.223784805255,1852.1095485280784
group|fl|fedprox_0.001|non_iid_label|3|5|0.001|3,FedProx(mu=0.001) non_iid_label [3N] {group},group,heterogeneous,fl,fedprox_0.001,non_iid_label,node_c,selected_test_accuracy,3,0.9633333333333334,0.003410563654946865,0.9548610235397548,0.971805643126912
group|fl|fedprox_0.001|non_iid_label|3|5|0.001|3,FedProx(mu=0.001) non_iid_label [3N] {group},group,heterogeneous,fl,fedprox_0.001,non_iid_label,node_c,selected_test_balanced_accuracy,3,0.9098958333333332,0.008526409137367146,0.888715058849387,0.9310766078172795
group|fl|fedprox_0.001|non_iid_label|3|5|0.001|3,FedProx(mu=0.001) non_iid_label [3N] {group},group,heterogeneous,fl,fedprox_0.001,non_iid_label,node_c,selected_test_f1,3,0.8994791128090972,0.01031678867388526,0.8738507890001401,0.9251074366180543
group|fl|fedprox_0.001|non_iid_label|3|5|0.001|3,FedProx(mu=0.001) non_iid_label [3N] {group},group,heterogeneous,fl,fedprox_0.001,non_iid_label,node_c,selected_test_fn,3,86.0,8.18535277187245,65.66645649541155,106.33354350458845
group|fl|fedprox_0.001|non_iid_label|3|5|0.001|3,FedProx(mu=0.001) non_iid_label [3N] {group},group,heterogeneous,fl,fedprox_0.001,non_iid_label,node_c,selected_test_fp,3,2.0,0.0,2.0,2.0
group|fl|fedprox_0.001|non_iid_label|3|5|0.001|3,FedProx(mu=0.001) non_iid_label [3N] {group},group,heterogeneous,fl,fedprox_0.001,non_iid_label,node_c,selected_test_loss,3,0.11740030717512127,0.0163091730413002,0.07688607537576563,0.15791453897447694
group|fl|fedprox_0.001|non_iid_label|3|5|0.001|3,FedProx(mu=0.001) non_iid_label [3N] {group},group,heterogeneous,fl,fedprox_0.001,non_iid_label,node_c,selected_test_macro_f1,3,0.9385279253796365,0.006177250136474879,0.9231827853607043,0.9538730653985686
group|fl|fedprox_0.001|non_iid_label|3|5|0.001|3,FedProx(mu=0.001) non_iid_label [3N] {group},group,heterogeneous,fl,fedprox_0.001,non_iid_label,node_c,selected_test_macro_precision,3,0.9760222519463485,0.0020044873500483806,0.9710428293273669,0.9810016745653302
group|fl|fedprox_0.001|non_iid_label|3|5|0.001|3,FedProx(mu=0.001) non_iid_label [3N] {group},group,heterogeneous,fl,fedprox_0.001,non_iid_label,node_c,selected_test_macro_recall,3,0.9098958333333332,0.008526409137367146,0.888715058849387,0.9310766078172795
group|fl|fedprox_0.001|non_iid_label|3|5|0.001|3,FedProx(mu=0.001) non_iid_label [3N] {group},group,heterogeneous,fl,fedprox_0.001,non_iid_label,node_c,selected_test_macro_specificity,3,0.9098958333333332,0.008526409137367146,0.888715058849387,0.9310766078172795
group|fl|fedprox_0.001|non_iid_label|3|5|0.001|3,FedProx(mu=0.001) non_iid_label [3N] {group},group,heterogeneous,fl,fedprox_0.001,non_iid_label,node_c,selected_test_mcc,3,0.8834263900059846,0.011059397454384766,0.8559533237203117,0.9108994562916574
group|fl|fedprox_0.001|non_iid_label|3|5|0.001|3,FedProx(mu=0.001) non_iid_label [3N] {group},group,heterogeneous,fl,fedprox_0.001,non_iid_label,node_c,selected_test_n_examples,3,2400.0,0.0,2400.0,2400.0
group|fl|fedprox_0.001|non_iid_label|3|5|0.001|3,FedProx(mu=0.001) non_iid_label [3N] {group},group,heterogeneous,fl,fedprox_0.001,non_iid_label,node_c,selected_test_precision,3,0.9949480455197336,0.00010518791415926132,0.9946867442553502,0.995209346784117
group|fl|fedprox_0.001|non_iid_label|3|5|0.001|3,FedProx(mu=0.001) non_iid_label [3N] {group},group,heterogeneous,fl,fedprox_0.001,non_iid_label,node_c,selected_test_recall,3,0.8208333333333333,0.017052818274734257,0.7784717843654407,0.8631948823012259
group|fl|fedprox_0.001|non_iid_label|3|5|0.001|3,FedProx(mu=0.001) non_iid_label [3N] {group},group,heterogeneous,fl,fedprox_0.001,non_iid_label,node_c,selected_test_roc_auc,3,0.9914131221064815,0.006478979758190634,0.9753184441554931,1.0075078000574698
group|fl|fedprox_0.001|non_iid_label|3|5|0.001|3,FedProx(mu=0.001) non_iid_label [3N] {group},group,heterogeneous,fl,fedprox_0.001,non_iid_label,node_c,selected_test_specificity,3,0.9989583333333333,0.0,0.9989583333333333,0.9989583333333333
group|fl|fedprox_0.001|non_iid_label|3|5|0.001|3,FedProx(mu=0.001) non_iid_label [3N] {group},group,heterogeneous,fl,fedprox_0.001,non_iid_label,node_c,selected_test_tn,3,1918.0,0.0,1918.0,1918.0
group|fl|fedprox_0.001|non_iid_label|3|5|0.001|3,FedProx(mu=0.001) non_iid_label [3N] {group},group,heterogeneous,fl,fedprox_0.001,non_iid_label,node_c,selected_test_tp,3,394.0,8.18535277187245,373.6664564954115,414.3335435045885
group|fl|fedprox_0.01|non_iid_label|3|1|0.001|3,FedProx(mu=0.01) (E=1) non_iid_label [3N] {group},group,heterogeneous,fl,fedprox_0.01,non_iid_label,node_a,selected_test_accuracy,3,0.9881944444444444,0.015151625630910357,0.9505557198203771,1.0258331690685116
group|fl|fedprox_0.01|non_iid_label|3|1|0.001|3,FedProx(mu=0.01) (E=1) non_iid_label [3N] {group},group,heterogeneous,fl,fedprox_0.01,non_iid_label,node_a,selected_test_balanced_accuracy,3,0.9926215277777777,0.009469766019319013,0.9690973248877355,1.0161457306678199
group|fl|fedprox_0.01|non_iid_label|3|1|0.001|3,FedProx(mu=0.01) (E=1) non_iid_label [3N] {group},group,heterogeneous,fl,fedprox_0.01,non_iid_label,node_a,selected_test_f1,3,0.9925052345585629,0.00966128755222152,0.9685052658060254,1.0165052033111004
group|fl|fedprox_0.01|non_iid_label|3|1|0.001|3,FedProx(mu=0.01) (E=1) non_iid_label [3N] {group},group,heterogeneous,fl,fedprox_0.01,non_iid_label,node_a,selected_test_fn,3,28.333333333333332,36.363901514184825,-61.999605764428125,118.66627243109478
group|fl|fedprox_0.01|non_iid_label|3|1|0.001|3,FedProx(mu=0.01) (E=1) non_iid_label [3N] {group},group,heterogeneous,fl,fedprox_0.01,non_iid_label,node_a,selected_test_fp,3,0.0,0.0,0.0,0.0
group|fl|fedprox_0.01|non_iid_label|3|1|0.001|3,FedProx(mu=0.01) (E=1) non_iid_label [3N] {group},group,heterogeneous,fl,fedprox_0.01,non_iid_label,node_a,selected_test_loss,3,0.07189430812994639,0.07844144501934788,-0.12296504360680578,0.2667536598666986
group|fl|fedprox_0.01|non_iid_label|3|1|0.001|3,FedProx(mu=0.01) (E=1) non_iid_label [3N] {group},group,heterogeneous,fl,fedprox_0.01,non_iid_label,node_a,selected_test_macro_f1,3,0.9823489324695486,0.022370025863738093,0.9267787076086065,1.0379191573304907
group|fl|fedprox_0.01|non_iid_label|3|1|0.001|3,FedProx(mu=0.01) (E=1) non_iid_label [3N] {group},group,heterogeneous,fl,fedprox_0.01,non_iid_label,node_a,selected_test_macro_precision,3,0.9736876414501016,0.032641475368948125,0.892601721518928,1.0547735613812752
group|fl|fedprox_0.01|non_iid_label|3|1|0.001|3,FedProx(mu=0.01) (E=1) non_iid_label [3N] {group},group,heterogeneous,fl,fedprox_0.01,non_iid_label,node_a,selected_test_macro_recall,3,0.9926215277777777,0.009469766019319013,0.9690973248877355,1.0161457306678199
group|fl|fedprox_0.01|non_iid_label|3|1|0.001|3,FedProx(mu=0.01) (E=1) non_iid_label [3N] {group},group,heterogeneous,fl,fedprox_0.01,non_iid_label,node_a,selected_test_macro_specificity,3,0.9926215277777777,0.009469766019319013,0.9690973248877355,1.0161457306678199
group|fl|fedprox_0.01|non_iid_label|3|1|0.001|3,FedProx(mu=0.01) (E=1) non_iid_label [3N] {group},group,heterogeneous,fl,fedprox_0.01,non_iid_label,node_a,selected_test_mcc,3,0.9659198354583686,0.042742983517749945,0.8597403781892031,1.072099292727534
group|fl|fedprox_0.01|non_iid_label|3|1|0.001|3,FedProx(mu=0.01) (E=1) non_iid_label [3N] {group},group,heterogeneous,fl,fedprox_0.01,non_iid_label,node_a,selected_test_n_examples,3,2400.0,0.0,2400.0,2400.0
group|fl|fedprox_0.01|non_iid_label|3|1|0.001|3,FedProx(mu=0.01) (E=1) non_iid_label [3N] {group},group,heterogeneous,fl,fedprox_0.01,non_iid_label,node_a,selected_test_precision,3,1.0,0.0,1.0,1.0
group|fl|fedprox_0.01|non_iid_label|3|1|0.001|3,FedProx(mu=0.01) (E=1) non_iid_label [3N] {group},group,heterogeneous,fl,fedprox_0.01,non_iid_label,node_a,selected_test_recall,3,0.9852430555555555,0.01893953203863795,0.9381946497754713,1.0322914613356395
group|fl|fedprox_0.01|non_iid_label|3|1|0.001|3,FedProx(mu=0.01) (E=1) non_iid_label [3N] {group},group,heterogeneous,fl,fedprox_0.01,non_iid_label,node_a,selected_test_roc_auc,3,0.9998014322916667,0.0002335219695509552,0.999221331560583,1.0003815330227506
group|fl|fedprox_0.01|non_iid_label|3|1|0.001|3,FedProx(mu=0.01) (E=1) non_iid_label [3N] {group},group,heterogeneous,fl,fedprox_0.01,non_iid_label,node_a,selected_test_specificity,3,1.0,0.0,1.0,1.0
group|fl|fedprox_0.01|non_iid_label|3|1|0.001|3,FedProx(mu=0.01) (E=1) non_iid_label [3N] {group},group,heterogeneous,fl,fedprox_0.01,non_iid_label,node_a,selected_test_tn,3,480.0,0.0,480.0,480.0
group|fl|fedprox_0.01|non_iid_label|3|1|0.001|3,FedProx(mu=0.01) (E=1) non_iid_label [3N] {group},group,heterogeneous,fl,fedprox_0.01,non_iid_label,node_a,selected_test_tp,3,1891.6666666666667,36.363901514184825,1801.3337275689053,1981.9996057644282
group|fl|fedprox_0.01|non_iid_label|3|1|0.001|3,FedProx(mu=0.01) (E=1) non_iid_label [3N] {group},group,heterogeneous,fl,fedprox_0.01,non_iid_label,node_b,selected_test_accuracy,3,0.8669724770642202,0.08496145801015353,0.6559165151759057,1.0780284389525348
group|fl|fedprox_0.01|non_iid_label|3|1|0.001|3,FedProx(mu=0.01) (E=1) non_iid_label [3N] {group},group,heterogeneous,fl,fedprox_0.01,non_iid_label,node_b,selected_test_balanced_accuracy,3,0.9064487745131519,0.051260598504620565,0.7791103886409314,1.0337871603853723
group|fl|fedprox_0.01|non_iid_label|3|1|0.001|3,FedProx(mu=0.01) (E=1) non_iid_label [3N] {group},group,heterogeneous,fl,fedprox_0.01,non_iid_label,node_b,selected_test_f1,3,0.9171819943702375,0.05683238564869317,0.7760025219315806,1.0583614668088945
group|fl|fedprox_0.01|non_iid_label|3|1|0.001|3,FedProx(mu=0.01) (E=1) non_iid_label [3N] {group},group,heterogeneous,fl,fedprox_0.01,non_iid_label,node_b,selected_test_fn,3,307.3333333333333,207.4616430411495,-208.0299578868716,822.6966245535382
group|fl|fedprox_0.01|non_iid_label|3|1|0.001|3,FedProx(mu=0.01) (E=1) non_iid_label [3N] {group},group,heterogeneous,fl,fedprox_0.01,non_iid_label,node_b,selected_test_fp,3,11.666666666666666,17.672954855748753,-32.23538696855992,55.56872030189325
group|fl|fedprox_0.01|non_iid_label|3|1|0.001|3,FedProx(mu=0.01) (E=1) non_iid_label [3N] {group},group,heterogeneous,fl,fedprox_0.01,non_iid_label,node_b,selected_test_loss,3,0.28204144648135676,0.14073256989370722,-0.06755763766314049,0.631640530625854
group|fl|fedprox_0.01|non_iid_label|3|1|0.001|3,FedProx(mu=0.01) (E=1) non_iid_label [3N] {group},group,heterogeneous,fl,fedprox_0.01,non_iid_label,node_b,selected_test_macro_f1,3,0.7822245523739108,0.10433360139328206,0.5230455185501319,1.0414035861976896
group|fl|fedprox_0.01|non_iid_label|3|1|0.001|3,FedProx(mu=0.01) (E=1) non_iid_label [3N] {group},group,heterogeneous,fl,fedprox_0.01,non_iid_label,node_b,selected_test_macro_precision,3,0.7483360948896967,0.08798038274384093,0.5297807082214934,0.9668914815579
group|fl|fedprox_0.01|non_iid_label|3|1|0.001|3,FedProx(mu=0.01) (E=1) non_iid_label [3N] {group},group,heterogeneous,fl,fedprox_0.01,non_iid_label,node_b,selected_test_macro_recall,3,0.9064487745131519,0.051260598504620565,0.7791103886409314,1.0337871603853723
group|fl|fedprox_0.01|non_iid_label|3|1|0.001|3,FedProx(mu=0.01) (E=1) non_iid_label [3N] {group},group,heterogeneous,fl,fedprox_0.01,non_iid_label,node_b,selected_test_macro_specificity,3,0.9064487745131519,0.051260598504620565,0.7791103886409314,1.0337871603853723
group|fl|fedprox_0.01|non_iid_label|3|1|0.001|3,FedProx(mu=0.01) (E=1) non_iid_label [3N] {group},group,heterogeneous,fl,fedprox_0.01,non_iid_label,node_b,selected_test_mcc,3,0.632393017557679,0.1515310982171211,0.25596890197358524,1.0088171331417728
group|fl|fedprox_0.01|non_iid_label|3|1|0.001|3,FedProx(mu=0.01) (E=1) non_iid_label [3N] {group},group,heterogeneous,fl,fedprox_0.01,non_iid_label,node_b,selected_test_n_examples,3,2398.0,0.0,2398.0,2398.0
group|fl|fedprox_0.01|non_iid_label|3|1|0.001|3,FedProx(mu=0.01) (E=1) non_iid_label [3N] {group},group,heterogeneous,fl,fedprox_0.01,non_iid_label,node_b,selected_test_precision,3,0.9938477879654349,0.009388149372323932,0.9705263320660998,1.01716924386477
group|fl|fedprox_0.01|non_iid_label|3|1|0.001|3,FedProx(mu=0.01) (E=1) non_iid_label [3N] {group},group,heterogeneous,fl,fedprox_0.01,non_iid_label,node_b,selected_test_recall,3,0.8551680804272698,0.09776703253588569,0.6123013079389547,1.098034852915585
group|fl|fedprox_0.01|non_iid_label|3|1|0.001|3,FedProx(mu=0.01) (E=1) non_iid_label [3N] {group},group,heterogeneous,fl,fedprox_0.01,non_iid_label,node_b,selected_test_roc_auc,3,0.96924103138503,0.019182552064958256,0.9215889303928531,1.016893132377207
group|fl|fedprox_0.01|non_iid_label|3|1|0.001|3,FedProx(mu=0.01) (E=1) non_iid_label [3N] {group},group,heterogeneous,fl,fedprox_0.01,non_iid_label,node_b,selected_test_specificity,3,0.9577294685990339,0.06403244512952443,0.7986640568771985,1.1167948803208692
group|fl|fedprox_0.01|non_iid_label|3|1|0.001|3,FedProx(mu=0.01) (E=1) non_iid_label [3N] {group},group,heterogeneous,fl,fedprox_0.01,non_iid_label,node_b,selected_test_tn,3,264.3333333333333,17.67295485574875,220.43127969810672,308.2353869685599
group|fl|fedprox_0.01|non_iid_label|3|1|0.001|3,FedProx(mu=0.01) (E=1) non_iid_label [3N] {group},group,heterogeneous,fl,fedprox_0.01,non_iid_label,node_b,selected_test_tp,3,1814.6666666666667,207.4616430411495,1299.3033754464618,2330.0299578868717
group|fl|fedprox_0.01|non_iid_label|3|1|0.001|3,FedProx(mu=0.01) (E=1) non_iid_label [3N] {group},group,heterogeneous,fl,fedprox_0.01,non_iid_label,node_c,selected_test_accuracy,3,0.9400000000000001,0.044378423185647844,0.8297578853765171,1.050242114623483
group|fl|fedprox_0.01|non_iid_label|3|1|0.001|3,FedProx(mu=0.01) (E=1) non_iid_label [3N] {group},group,heterogeneous,fl,fedprox_0.01,non_iid_label,node_c,selected_test_balanced_accuracy,3,0.8546874999999999,0.11349237987987833,0.5727567991440998,1.1366182008559
group|fl|fedprox_0.01|non_iid_label|3|1|0.001|3,FedProx(mu=0.01) (E=1) non_iid_label [3N] {group},group,heterogeneous,fl,fedprox_0.01,non_iid_label,node_c,selected_test_f1,3,0.8121626013122213,0.15297654269608724,0.4321478025876865,1.1921774000367562
group|fl|fedprox_0.01|non_iid_label|3|1|0.001|3,FedProx(mu=0.01) (E=1) non_iid_label [3N] {group},group,heterogeneous,fl,fedprox_0.01,non_iid_label,node_c,selected_test_fn,3,138.0,109.77704678119193,-134.70130179373905,410.70130179373905
group|fl|fedprox_0.01|non_iid_label|3|1|0.001|3,FedProx(mu=0.01) (E=1) non_iid_label [3N] {group},group,heterogeneous,fl,fedprox_0.01,non_iid_label,node_c,selected_test_fp,3,6.0,4.358898943540674,-4.82810524735806,16.82810524735806
group|fl|fedprox_0.01|non_iid_label|3|1|0.001|3,FedProx(mu=0.01) (E=1) non_iid_label [3N] {group},group,heterogeneous,fl,fedprox_0.01,non_iid_label,node_c,selected_test_loss,3,0.19514507139825987,0.09002069566329797,-0.028478733536938028,0.4187688763334578
group|fl|fedprox_0.01|non_iid_label|3|1|0.001|3,FedProx(mu=0.01) (E=1) non_iid_label [3N] {group},group,heterogeneous,fl,fedprox_0.01,non_iid_label,node_c,selected_test_macro_f1,3,0.8881997903652096,0.08938315509177183,0.6661597240065107,1.1102398567239085
group|fl|fedprox_0.01|non_iid_label|3|1|0.001|3,FedProx(mu=0.01) (E=1) non_iid_label [3N] {group},group,heterogeneous,fl,fedprox_0.01,non_iid_label,node_c,selected_test_macro_precision,3,0.9593366592009213,0.02287272069099551,0.9025176711620873,1.0161556472397553
group|fl|fedprox_0.01|non_iid_label|3|1|0.001|3,FedProx(mu=0.01) (E=1) non_iid_label [3N] {group},group,heterogeneous,fl,fedprox_0.01,non_iid_label,node_c,selected_test_macro_recall,3,0.8546874999999999,0.11349237987987833,0.5727567991440998,1.1366182008559
group|fl|fedprox_0.01|non_iid_label|3|1|0.001|3,FedProx(mu=0.01) (E=1) non_iid_label [3N] {group},group,heterogeneous,fl,fedprox_0.01,non_iid_label,node_c,selected_test_macro_specificity,3,0.8546874999999999,0.11349237987987833,0.5727567991440998,1.1366182008559
group|fl|fedprox_0.01|non_iid_label|3|1|0.001|3,FedProx(mu=0.01) (E=1) non_iid_label [3N] {group},group,heterogeneous,fl,fedprox_0.01,non_iid_label,node_c,selected_test_mcc,3,0.8021987084928078,0.14943678014569725,0.4309771674103383,1.1734202495752775
group|fl|fedprox_0.01|non_iid_label|3|1|0.001|3,FedProx(mu=0.01) (E=1) non_iid_label [3N] {group},group,heterogeneous,fl,fedprox_0.01,non_iid_label,node_c,selected_test_n_examples,3,2400.0,0.0,2400.0,2400.0
group|fl|fedprox_0.01|non_iid_label|3|1|0.001|3,FedProx(mu=0.01) (E=1) non_iid_label [3N] {group},group,heterogeneous,fl,fedprox_0.01,non_iid_label,node_c,selected_test_precision,3,0.9840803835145674,0.011116147927416144,0.9564663412386777,1.0116944257904572
group|fl|fedprox_0.01|non_iid_label|3|1|0.001|3,FedProx(mu=0.01) (E=1) non_iid_label [3N] {group},group,heterogeneous,fl,fedprox_0.01,non_iid_label,node_c,selected_test_recall,3,0.7125,0.2287021807941498,0.14437228792971046,1.2806277120702896
group|fl|fedprox_0.01|non_iid_label|3|1|0.001|3,FedProx(mu=0.01) (E=1) non_iid_label [3N] {group},group,heterogeneous,fl,fedprox_0.01,non_iid_label,node_c,selected_test_roc_auc,3,0.9694925491898148,0.042009619662603,0.8651348687296545,1.073850229649975
group|fl|fedprox_0.01|non_iid_label|3|1|0.001|3,FedProx(mu=0.01) (E=1) non_iid_label [3N] {group},group,heterogeneous,fl,fedprox_0.01,non_iid_label,node_c,selected_test_specificity,3,0.9968750000000001,0.0022702598664274326,0.9912353618503345,1.0025146381496657
group|fl|fedprox_0.01|non_iid_label|3|1|0.001|3,FedProx(mu=0.01) (E=1) non_iid_label [3N] {group},group,heterogeneous,fl,fedprox_0.01,non_iid_label,node_c,selected_test_tn,3,1914.0,4.358898943540674,1903.171894752642,1924.828105247358
group|fl|fedprox_0.01|non_iid_label|3|1|0.001|3,FedProx(mu=0.01) (E=1) non_iid_label [3N] {group},group,heterogeneous,fl,fedprox_0.01,non_iid_label,node_c,selected_test_tp,3,342.0,109.77704678119193,69.29869820626095,614.701301793739
group|fl|fedprox_0.01|non_iid_label|3|2|0.001|3,FedProx(mu=0.01) (E=2) non_iid_label [3N] {group},group,heterogeneous,fl,fedprox_0.01,non_iid_label,node_a,selected_test_accuracy,3,0.9931944444444444,0.005023094811118096,0.9807163851944485,1.0056725036944403
group|fl|fedprox_0.01|non_iid_label|3|2|0.001|3,FedProx(mu=0.01) (E=2) non_iid_label [3N] {group},group,heterogeneous,fl,fedprox_0.01,non_iid_label,node_a,selected_test_balanced_accuracy,3,0.9954861111111111,0.0035547908384450295,0.9866555211319452,1.004316701090277
group|fl|fedprox_0.01|non_iid_label|3|2|0.001|3,FedProx(mu=0.01) (E=2) non_iid_label [3N] {group},group,heterogeneous,fl,fedprox_0.01,non_iid_label,node_a,selected_test_f1,3,0.9957230301603947,0.0031658864535780667,0.9878585322299419,1.0035875280908475
group|fl|fedprox_0.01|non_iid_label|3|2|0.001|3,FedProx(mu=0.01) (E=2) non_iid_label [3N] {group},group,heterogeneous,fl,fedprox_0.01,non_iid_label,node_a,selected_test_fn,3,16.0,11.532562594670797,-12.648473654542961,44.64847365454296
group|fl|fedprox_0.01|non_iid_label|3|2|0.001|3,FedProx(mu=0.01) (E=2) non_iid_label [3N] {group},group,heterogeneous,fl,fedprox_0.01,non_iid_label,node_a,selected_test_fp,3,0.3333333333333333,0.5773502691896258,-1.100884243249821,1.7675509099164874
group|fl|fedprox_0.01|non_iid_label|3|2|0.001|3,FedProx(mu=0.01) (E=2) non_iid_label [3N] {group},group,heterogeneous,fl,fedprox_0.01,non_iid_label,node_a,selected_test_loss,3,0.045025534191065364,0.04941433955642704,-0.07772649020229112,0.16777755858442184
group|fl|fedprox_0.01|non_iid_label|3|2|0.001|3,FedProx(mu=0.01) (E=2) non_iid_label [3N] {group},group,heterogeneous,fl,fedprox_0.01,non_iid_label,node_a,selected_test_macro_f1,3,0.9895368603990219,0.007657799823567336,0.9705138310682633,1.0085598897297805
group|fl|fedprox_0.01|non_iid_label|3|2|0.001|3,FedProx(mu=0.01) (E=2) non_iid_label [3N] {group},group,heterogeneous,fl,fedprox_0.01,non_iid_label,node_a,selected_test_macro_precision,3,0.9839387674784833,0.011388734851974499,0.9556475817435681,1.0122299532133985
group|fl|fedprox_0.01|non_iid_label|3|2|0.001|3,FedProx(mu=0.01) (E=2) non_iid_label [3N] {group},group,heterogeneous,fl,fedprox_0.01,non_iid_label,node_a,selected_test_macro_recall,3,0.9954861111111111,0.0035547908384450295,0.9866555211319452,1.004316701090277
group|fl|fedprox_0.01|non_iid_label|3|2|0.001|3,FedProx(mu=0.01) (E=2) non_iid_label [3N] {group},group,heterogeneous,fl,fedprox_0.01,non_iid_label,node_a,selected_test_macro_specificity,3,0.9954861111111111,0.0035547908384450295,0.9866555211319452,1.004316701090277
group|fl|fedprox_0.01|non_iid_label|3|2|0.001|3,FedProx(mu=0.01) (E=2) non_iid_label [3N] {group},group,heterogeneous,fl,fedprox_0.01,non_iid_label,node_a,selected_test_mcc,3,0.9793348412611618,0.015031941957552912,0.9419934273635625,1.0166762551587611
group|fl|fedprox_0.01|non_iid_label|3|2|0.001|3,FedProx(mu=0.01) (E=2) non_iid_label [3N] {group},group,heterogeneous,fl,fedprox_0.01,non_iid_label,node_a,selected_test_n_examples,3,2400.0,0.0,2400.0,2400.0
group|fl|fedprox_0.01|non_iid_label|3|2|0.001|3,FedProx(mu=0.01) (E=2) non_iid_label [3N] {group},group,heterogeneous,fl,fedprox_0.01,non_iid_label,node_a,selected_test_precision,3,0.9998239126606797,0.00030499221827235545,0.999066269989479,1.0005815553318804
group|fl|fedprox_0.01|non_iid_label|3|2|0.001|3,FedProx(mu=0.01) (E=2) non_iid_label [3N] {group},group,heterogeneous,fl,fedprox_0.01,non_iid_label,node_a,selected_test_recall,3,0.9916666666666667,0.0060065430180576964,0.976745586638259,1.0065877466950746
group|fl|fedprox_0.01|non_iid_label|3|2|0.001|3,FedProx(mu=0.01) (E=2) non_iid_label [3N] {group},group,heterogeneous,fl,fedprox_0.01,non_iid_label,node_a,selected_test_roc_auc,3,0.9998054108796297,0.00016164378731239887,0.9994038654516968,1.0002069563075626
group|fl|fedprox_0.01|non_iid_label|3|2|0.001|3,FedProx(mu=0.01) (E=2) non_iid_label [3N] {group},group,heterogeneous,fl,fedprox_0.01,non_iid_label,node_a,selected_test_specificity,3,0.9993055555555556,0.0012028130608117162,0.9963176022710073,1.0022935088401037
group|fl|fedprox_0.01|non_iid_label|3|2|0.001|3,FedProx(mu=0.01) (E=2) non_iid_label [3N] {group},group,heterogeneous,fl,fedprox_0.01,non_iid_label,node_a,selected_test_tn,3,479.6666666666667,0.5773502691896258,478.23244909008355,481.1008842432498
group|fl|fedprox_0.01|non_iid_label|3|2|0.001|3,FedProx(mu=0.01) (E=2) non_iid_label [3N] {group},group,heterogeneous,fl,fedprox_0.01,non_iid_label,node_a,selected_test_tp,3,1904.0,11.532562594670797,1875.351526345457,1932.648473654543
group|fl|fedprox_0.01|non_iid_label|3|2|0.001|3,FedProx(mu=0.01) (E=2) non_iid_label [3N] {group},group,heterogeneous,fl,fedprox_0.01,non_iid_label,node_b,selected_test_accuracy,3,0.8882402001668056,0.00435375584191432,0.877424871092153,0.8990555292414583
group|fl|fedprox_0.01|non_iid_label|3|2|0.001|3,FedProx(mu=0.01) (E=2) non_iid_label [3N] {group},group,heterogeneous,fl,fedprox_0.01,non_iid_label,node_b,selected_test_balanced_accuracy,3,0.9358013814330661,0.0020688613867997775,0.9306620448417328,0.9409407180243995
group|fl|fedprox_0.01|non_iid_label|3|2|0.001|3,FedProx(mu=0.01) (E=2) non_iid_label [3N] {group},group,heterogeneous,fl,fedprox_0.01,non_iid_label,node_b,selected_test_f1,3,0.9326129355584234,0.0028090291200933773,0.9256349203877946,0.9395909507290522
group|fl|fedprox_0.01|non_iid_label|3|2|0.001|3,FedProx(mu=0.01) (E=2) non_iid_label [3N] {group},group,heterogeneous,fl,fedprox_0.01,non_iid_label,node_b,selected_test_fn,3,267.3333333333333,10.785793124908956,240.53993788060953,294.1267287860571
group|fl|fedprox_0.01|non_iid_label|3|2|0.001|3,FedProx(mu=0.01) (E=2) non_iid_label [3N] {group},group,heterogeneous,fl,fedprox_0.01,non_iid_label,node_b,selected_test_fp,3,0.6666666666666666,0.5773502691896258,-0.7675509099164876,2.100884243249821
group|fl|fedprox_0.01|non_iid_label|3|2|0.001|3,FedProx(mu=0.01) (E=2) non_iid_label [3N] {group},group,heterogeneous,fl,fedprox_0.01,non_iid_label,node_b,selected_test_loss,3,0.2657481901788313,0.0020500042226391886,0.26065569738012584,0.2708406829775367
group|fl|fedprox_0.01|non_iid_label|3|2|0.001|3,FedProx(mu=0.01) (E=2) non_iid_label [3N] {group},group,heterogeneous,fl,fedprox_0.01,non_iid_label,node_b,selected_test_macro_f1,3,0.8026634149450684,0.005594415045885516,0.7887661175544007,0.8165607123357361
group|fl|fedprox_0.01|non_iid_label|3|2|0.001|3,FedProx(mu=0.01) (E=2) non_iid_label [3N] {group},group,heterogeneous,fl,fedprox_0.01,non_iid_label,node_b,selected_test_macro_precision,3,0.7535736692453145,0.004854157791980265,0.7415152728154697,0.7656320656751594
group|fl|fedprox_0.01|non_iid_label|3|2|0.001|3,FedProx(mu=0.01) (E=2) non_iid_label [3N] {group},group,heterogeneous,fl,fedprox_0.01,non_iid_label,node_b,selected_test_macro_recall,3,0.9358013814330661,0.0020688613867997775,0.9306620448417328,0.9409407180243995
group|fl|fedprox_0.01|non_iid_label|3|2|0.001|3,FedProx(mu=0.01) (E=2) non_iid_label [3N] {group},group,heterogeneous,fl,fedprox_0.01,non_iid_label,node_b,selected_test_macro_specificity,3,0.9358013814330661,0.0020688613867997775,0.9306620448417328,0.9409407180243995
group|fl|fedprox_0.01|non_iid_label|3|2|0.001|3,FedProx(mu=0.01) (E=2) non_iid_label [3N] {group},group,heterogeneous,fl,fedprox_0.01,non_iid_label,node_b,selected_test_mcc,3,0.6648421628290336,0.007860716780753476,0.6453150598325753,0.684369265825492
group|fl|fedprox_0.01|non_iid_label|3|2|0.001|3,FedProx(mu=0.01) (E=2) non_iid_label [3N] {group},group,heterogeneous,fl,fedprox_0.01,non_iid_label,node_b,selected_test_n_examples,3,2398.0,0.0,2398.0,2398.0
group|fl|fedprox_0.01|non_iid_label|3|2|0.001|3,FedProx(mu=0.01) (E=2) non_iid_label [3N] {group},group,heterogeneous,fl,fedprox_0.01,non_iid_label,node_b,selected_test_precision,3,0.9996414731933007,0.0003105030540935356,0.9988701408470132,1.000412805539588
group|fl|fedprox_0.01|non_iid_label|3|2|0.001|3,FedProx(mu=0.01) (E=2) non_iid_label [3N] {group},group,heterogeneous,fl,fedprox_0.01,non_iid_label,node_b,selected_test_recall,3,0.8740182218033302,0.005082843131436804,0.8613917394976169,0.8866447041090435
group|fl|fedprox_0.01|non_iid_label|3|2|0.001|3,FedProx(mu=0.01) (E=2) non_iid_label [3N] {group},group,heterogeneous,fl,fedprox_0.01,non_iid_label,node_b,selected_test_roc_auc,3,0.9759706229197684,0.006411363304989603,0.9600439135501115,0.9918973322894253
group|fl|fedprox_0.01|non_iid_label|3|2|0.001|3,FedProx(mu=0.01) (E=2) non_iid_label [3N] {group},group,heterogeneous,fl,fedprox_0.01,non_iid_label,node_b,selected_test_specificity,3,0.9975845410628019,0.002091848801411697,0.9923881005679354,1.0027809815576685
group|fl|fedprox_0.01|non_iid_label|3|2|0.001|3,FedProx(mu=0.01) (E=2) non_iid_label [3N] {group},group,heterogeneous,fl,fedprox_0.01,non_iid_label,node_b,selected_test_tn,3,275.3333333333333,0.5773502691896258,273.8991157567502,276.76755090991645
group|fl|fedprox_0.01|non_iid_label|3|2|0.001|3,FedProx(mu=0.01) (E=2) non_iid_label [3N] {group},group,heterogeneous,fl,fedprox_0.01,non_iid_label,node_b,selected_test_tp,3,1854.6666666666667,10.785793124908958,1827.8732712139429,1881.4600621193906
group|fl|fedprox_0.01|non_iid_label|3|2|0.001|3,FedProx(mu=0.01) (E=2) non_iid_label [3N] {group},group,heterogeneous,fl,fedprox_0.01,non_iid_label,node_c,selected_test_accuracy,3,0.9622222222222222,0.00411073571859684,0.9520105886006167,0.9724338558438277
group|fl|fedprox_0.01|non_iid_label|3|2|0.001|3,FedProx(mu=0.01) (E=2) non_iid_label [3N] {group},group,heterogeneous,fl,fedprox_0.01,non_iid_label,node_c,selected_test_balanced_accuracy,3,0.9107638888888889,0.0148810143847915,0.8737973998665293,0.9477303779112486
group|fl|fedprox_0.01|non_iid_label|3|2|0.001|3,FedProx(mu=0.01) (E=2) non_iid_label [3N] {group},group,heterogeneous,fl,fedprox_0.01,non_iid_label,node_c,selected_test_f1,3,0.8970698781073496,0.013610664643263014,0.8632591127850331,0.9308806434296661
group|fl|fedprox_0.01|non_iid_label|3|2|0.001|3,FedProx(mu=0.01) (E=2) non_iid_label [3N] {group},group,heterogeneous,fl,fedprox_0.01,non_iid_label,node_c,selected_test_fn,3,84.0,16.0,44.253796611994716,123.74620338800528
group|fl|fedprox_0.01|non_iid_label|3|2|0.001|3,FedProx(mu=0.01) (E=2) non_iid_label [3N] {group},group,heterogeneous,fl,fedprox_0.01,non_iid_label,node_c,selected_test_fp,3,6.666666666666667,8.082903768654761,-13.41237940549749,26.745712738830825
group|fl|fedprox_0.01|non_iid_label|3|2|0.001|3,FedProx(mu=0.01) (E=2) non_iid_label [3N] {group},group,heterogeneous,fl,fedprox_0.01,non_iid_label,node_c,selected_test_loss,3,0.14459661004107652,0.07501357767437596,-0.04174744715315343,0.33094066723530646
group|fl|fedprox_0.01|non_iid_label|3|2|0.001|3,FedProx(mu=0.01) (E=2) non_iid_label [3N] {group},group,heterogeneous,fl,fedprox_0.01,non_iid_label,node_c,selected_test_macro_f1,3,0.9369663066191546,0.007996856446899694,0.9171010139439573,0.9568315992943519
group|fl|fedprox_0.01|non_iid_label|3|2|0.001|3,FedProx(mu=0.01) (E=2) non_iid_label [3N] {group},group,heterogeneous,fl,fedprox_0.01,non_iid_label,node_c,selected_test_macro_precision,3,0.9710602133756115,0.006362957652478986,0.9552537503128181,0.986866676438405
group|fl|fedprox_0.01|non_iid_label|3|2|0.001|3,FedProx(mu=0.01) (E=2) non_iid_label [3N] {group},group,heterogeneous,fl,fedprox_0.01,non_iid_label,node_c,selected_test_macro_recall,3,0.9107638888888889,0.0148810143847915,0.8737973998665293,0.9477303779112486
group|fl|fedprox_0.01|non_iid_label|3|2|0.001|3,FedProx(mu=0.01) (E=2) non_iid_label [3N] {group},group,heterogeneous,fl,fedprox_0.01,non_iid_label,node_c,selected_test_macro_specificity,3,0.9107638888888889,0.0148810143847915,0.8737973998665293,0.9477303779112486
group|fl|fedprox_0.01|non_iid_label|3|2|0.001|3,FedProx(mu=0.01) (E=2) non_iid_label [3N] {group},group,heterogeneous,fl,fedprox_0.01,non_iid_label,node_c,selected_test_mcc,3,0.8796062080987523,0.013149734004170697,0.8469404579595062,0.9122719582379984
group|fl|fedprox_0.01|non_iid_label|3|2|0.001|3,FedProx(mu=0.01) (E=2) non_iid_label [3N] {group},group,heterogeneous,fl,fedprox_0.01,non_iid_label,node_c,selected_test_n_examples,3,2400.0,0.0,2400.0,2400.0
group|fl|fedprox_0.01|non_iid_label|3|2|0.001|3,FedProx(mu=0.01) (E=2) non_iid_label [3N] {group},group,heterogeneous,fl,fedprox_0.01,non_iid_label,node_c,selected_test_precision,3,0.9841186982358416,0.018621468053461564,0.9378604071960838,1.0303769892755996
group|fl|fedprox_0.01|non_iid_label|3|2|0.001|3,FedProx(mu=0.01) (E=2) non_iid_label [3N] {group},group,heterogeneous,fl,fedprox_0.01,non_iid_label,node_c,selected_test_recall,3,0.8249999999999998,0.033333333333333326,0.7421954096083222,0.9078045903916775
group|fl|fedprox_0.01|non_iid_label|3|2|0.001|3,FedProx(mu=0.01) (E=2) non_iid_label [3N] {group},group,heterogeneous,fl,fedprox_0.01,non_iid_label,node_c,selected_test_roc_auc,3,0.983107277199074,0.01040287491280011,0.9572651033175658,1.008949451080582
group|fl|fedprox_0.01|non_iid_label|3|2|0.001|3,FedProx(mu=0.01) (E=2) non_iid_label [3N] {group},group,heterogeneous,fl,fedprox_0.01,non_iid_label,node_c,selected_test_specificity,3,0.9965277777777778,0.004209845712840974,0.9860699412818591,1.0069856142736966
group|fl|fedprox_0.01|non_iid_label|3|2|0.001|3,FedProx(mu=0.01) (E=2) non_iid_label [3N] {group},group,heterogeneous,fl,fedprox_0.01,non_iid_label,node_c,selected_test_tn,3,1913.3333333333333,8.082903768654761,1893.254287261169,1933.4123794054974
group|fl|fedprox_0.01|non_iid_label|3|2|0.001|3,FedProx(mu=0.01) (E=2) non_iid_label [3N] {group},group,heterogeneous,fl,fedprox_0.01,non_iid_label,node_c,selected_test_tp,3,396.0,16.0,356.25379661199474,435.74620338800526
group|fl|fedprox_0.01|non_iid_label|3|5|0.0001|3,FedProx(mu=0.01) (lr=0.0001) non_iid_label [3N] {group},group,heterogeneous,fl,fedprox_0.01,non_iid_label,node_a,selected_test_accuracy,3,0.9961111111111111,0.0017347216662218173,0.991801823600659,1.000420398621563
group|fl|fedprox_0.01|non_iid_label|3|5|0.0001|3,FedProx(mu=0.01) (lr=0.0001) non_iid_label [3N] {group},group,heterogeneous,fl,fedprox_0.01,non_iid_label,node_a,selected_test_balanced_accuracy,3,0.9947048611111112,0.0026343734210926032,0.9881607147489424,1.00124900747328
group|fl|fedprox_0.01|non_iid_label|3|5|0.0001|3,FedProx(mu=0.01) (lr=0.0001) non_iid_label [3N] {group},group,heterogeneous,fl,fedprox_0.01,non_iid_label,node_a,selected_test_f1,3,0.9975680870234958,0.001084918361619633,0.994873000407226,1.0002631736397654
group|fl|fedprox_0.01|non_iid_label|3|5|0.0001|3,FedProx(mu=0.01) (lr=0.0001) non_iid_label [3N] {group},group,heterogeneous,fl,fedprox_0.01,non_iid_label,node_a,selected_test_fn,3,5.666666666666667,2.516611478423583,-0.5849428127091079,11.918276146042441
group|fl|fedprox_0.01|non_iid_label|3|5|0.0001|3,FedProx(mu=0.01) (lr=0.0001) non_iid_label [3N] {group},group,heterogeneous,fl,fedprox_0.01,non_iid_label,node_a,selected_test_fp,3,3.6666666666666665,2.081665999466133,-1.5044783458755968,8.83781167920893
group|fl|fedprox_0.01|non_iid_label|3|5|0.0001|3,FedProx(mu=0.01) (lr=0.0001) non_iid_label [3N] {group},group,heterogeneous,fl,fedprox_0.01,non_iid_label,node_a,selected_test_loss,3,0.015711246098795123,0.004770002718771176,0.00386190245994404,0.027560589737646204
group|fl|fedprox_0.01|non_iid_label|3|5|0.0001|3,FedProx(mu=0.01) (lr=0.0001) non_iid_label [3N] {group},group,heterogeneous,fl,fedprox_0.01,non_iid_label,node_a,selected_test_macro_f1,3,0.9939337485551252,0.0027051425701329007,0.9872138018809968,1.0006536952292535
group|fl|fedprox_0.01|non_iid_label|3|5|0.0001|3,FedProx(mu=0.01) (lr=0.0001) non_iid_label [3N] {group},group,heterogeneous,fl,fedprox_0.01,non_iid_label,node_a,selected_test_macro_precision,3,0.9931701992454753,0.0029798274633374244,0.9857678974692895,1.000572501021661
group|fl|fedprox_0.01|non_iid_label|3|5|0.0001|3,FedProx(mu=0.01) (lr=0.0001) non_iid_label [3N] {group},group,heterogeneous,fl,fedprox_0.01,non_iid_label,node_a,selected_test_macro_recall,3,0.9947048611111112,0.0026343734210926032,0.9881607147489424,1.00124900747328
group|fl|fedprox_0.01|non_iid_label|3|5|0.0001|3,FedProx(mu=0.01) (lr=0.0001) non_iid_label [3N] {group},group,heterogeneous,fl,fedprox_0.01,non_iid_label,node_a,selected_test_macro_specificity,3,0.9947048611111112,0.0026343734210926032,0.9881607147489424,1.00124900747328
group|fl|fedprox_0.01|non_iid_label|3|5|0.0001|3,FedProx(mu=0.01) (lr=0.0001) non_iid_label [3N] {group},group,heterogeneous,fl,fedprox_0.01,non_iid_label,node_a,selected_test_mcc,3,0.9878730713455656,0.005410579818012119,0.9744324459772065,1.0013136967139247
group|fl|fedprox_0.01|non_iid_label|3|5|0.0001|3,FedProx(mu=0.01) (lr=0.0001) non_iid_label [3N] {group},group,heterogeneous,fl,fedprox_0.01,non_iid_label,node_a,selected_test_n_examples,3,2400.0,0.0,2400.0,2400.0
group|fl|fedprox_0.01|non_iid_label|3|5|0.0001|3,FedProx(mu=0.01) (lr=0.0001) non_iid_label [3N] {group},group,heterogeneous,fl,fedprox_0.01,non_iid_label,node_a,selected_test_precision,3,0.9980884666870574,0.0010851576039805763,0.9953927857598166,1.0007841476142982
group|fl|fedprox_0.01|non_iid_label|3|5|0.0001|3,FedProx(mu=0.01) (lr=0.0001) non_iid_label [3N] {group},group,heterogeneous,fl,fedprox_0.01,non_iid_label,node_a,selected_test_recall,3,0.9970486111111111,0.0013107351450122673,0.9937925645072696,1.0003046577149526
group|fl|fedprox_0.01|non_iid_label|3|5|0.0001|3,FedProx(mu=0.01) (lr=0.0001) non_iid_label [3N] {group},group,heterogeneous,fl,fedprox_0.01,non_iid_label,node_a,selected_test_roc_auc,3,0.9998498987268518,6.08058562497003e-05,0.9996988486062467,1.000000948847457
group|fl|fedprox_0.01|non_iid_label|3|5|0.0001|3,FedProx(mu=0.01) (lr=0.0001) non_iid_label [3N] {group},group,heterogeneous,fl,fedprox_0.01,non_iid_label,node_a,selected_test_specificity,3,0.9923611111111111,0.0043368041655544275,0.9815878923349814,1.0031343298872408
group|fl|fedprox_0.01|non_iid_label|3|5|0.0001|3,FedProx(mu=0.01) (lr=0.0001) non_iid_label [3N] {group},group,heterogeneous,fl,fedprox_0.01,non_iid_label,node_a,selected_test_tn,3,476.3333333333333,2.0816659994661326,471.1621883207911,481.50447834587555
group|fl|fedprox_0.01|non_iid_label|3|5|0.0001|3,FedProx(mu=0.01) (lr=0.0001) non_iid_label [3N] {group},group,heterogeneous,fl,fedprox_0.01,non_iid_label,node_a,selected_test_tp,3,1914.3333333333333,2.5166114784235836,1908.0817238539576,1920.584942812709
group|fl|fedprox_0.01|non_iid_label|3|5|0.0001|3,FedProx(mu=0.01) (lr=0.0001) non_iid_label [3N] {group},group,heterogeneous,fl,fedprox_0.01,non_iid_label,node_b,selected_test_accuracy,3,0.9267445093133166,0.024288465689056925,0.8664086157345764,0.9870804028920569
group|fl|fedprox_0.01|non_iid_label|3|5|0.0001|3,FedProx(mu=0.01) (lr=0.0001) non_iid_label [3N] {group},group,heterogeneous,fl,fedprox_0.01,non_iid_label,node_b,selected_test_balanced_accuracy,3,0.8777085695292474,0.04928223319658604,0.7552847155263339,1.0001324235321607
group|fl|fedprox_0.01|non_iid_label|3|5|0.0001|3,FedProx(mu=0.01) (lr=0.0001) non_iid_label [3N] {group},group,heterogeneous,fl,fedprox_0.01,non_iid_label,node_b,selected_test_f1,3,0.9577348490341476,0.014617076620242368,0.9214240177662595,0.9940456803020358
group|fl|fedprox_0.01|non_iid_label|3|5|0.0001|3,FedProx(mu=0.01) (lr=0.0001) non_iid_label [3N] {group},group,heterogeneous,fl,fedprox_0.01,non_iid_label,node_b,selected_test_fn,3,124.33333333333333,66.7108187128095,-41.38552721289635,290.052193879563
group|fl|fedprox_0.01|non_iid_label|3|5|0.0001|3,FedProx(mu=0.01) (lr=0.0001) non_iid_label [3N] {group},group,heterogeneous,fl,fedprox_0.01,non_iid_label,node_b,selected_test_fp,3,51.333333333333336,30.369941279714936,-24.10978310324962,126.7764497699163
group|fl|fedprox_0.01|non_iid_label|3|5|0.0001|3,FedProx(mu=0.01) (lr=0.0001) non_iid_label [3N] {group},group,heterogeneous,fl,fedprox_0.01,non_iid_label,node_b,selected_test_loss,3,0.2200936968929844,0.02310560074752869,0.16269620272340174,0.27749119106256703
group|fl|fedprox_0.01|non_iid_label|3|5|0.0001|3,FedProx(mu=0.01) (lr=0.0001) non_iid_label [3N] {group},group,heterogeneous,fl,fedprox_0.01,non_iid_label,node_b,selected_test_macro_f1,3,0.8394905263838757,0.044482981826376576,0.728988673697869,0.9499923790698823
group|fl|fedprox_0.01|non_iid_label|3|5|0.0001|3,FedProx(mu=0.01) (lr=0.0001) non_iid_label [3N] {group},group,heterogeneous,fl,fedprox_0.01,non_iid_label,node_b,selected_test_macro_precision,3,0.8164577804173953,0.05407729445409013,0.682122333914563,0.9507932269202275
group|fl|fedprox_0.01|non_iid_label|3|5|0.0001|3,FedProx(mu=0.01) (lr=0.0001) non_iid_label [3N] {group},group,heterogeneous,fl,fedprox_0.01,non_iid_label,node_b,selected_test_macro_recall,3,0.8777085695292474,0.04928223319658604,0.7552847155263339,1.0001324235321607
group|fl|fedprox_0.01|non_iid_label|3|5|0.0001|3,FedProx(mu=0.01) (lr=0.0001) non_iid_label [3N] {group},group,heterogeneous,fl,fedprox_0.01,non_iid_label,node_b,selected_test_macro_specificity,3,0.8777085695292474,0.04928223319658604,0.7552847155263339,1.0001324235321607
group|fl|fedprox_0.01|non_iid_label|3|5|0.0001|3,FedProx(mu=0.01) (lr=0.0001) non_iid_label [3N] {group},group,heterogeneous,fl,fedprox_0.01,non_iid_label,node_b,selected_test_mcc,3,0.6894232980152495,0.08348029970696978,0.48204673732494585,0.8967998587055531
group|fl|fedprox_0.01|non_iid_label|3|5|0.0001|3,FedProx(mu=0.01) (lr=0.0001) non_iid_label [3N] {group},group,heterogeneous,fl,fedprox_0.01,non_iid_label,node_b,selected_test_n_examples,3,2398.0,0.0,2398.0,2398.0
group|fl|fedprox_0.01|non_iid_label|3|5|0.0001|3,FedProx(mu=0.01) (lr=0.0001) non_iid_label [3N] {group},group,heterogeneous,fl,fedprox_0.01,non_iid_label,node_b,selected_test_precision,3,0.975228330721893,0.014065344856456788,0.9402880771351951,1.0101685843085908
group|fl|fedprox_0.01|non_iid_label|3|5|0.0001|3,FedProx(mu=0.01) (lr=0.0001) non_iid_label [3N] {group},group,heterogeneous,fl,fedprox_0.01,non_iid_label,node_b,selected_test_recall,3,0.941407477222746,0.031437709101229755,0.8633118784733446,1.0195030759721475
group|fl|fedprox_0.01|non_iid_label|3|5|0.0001|3,FedProx(mu=0.01) (lr=0.0001) non_iid_label [3N] {group},group,heterogeneous,fl,fedprox_0.01,non_iid_label,node_b,selected_test_roc_auc,3,0.9616224325788725,0.02178525911445705,0.9075048488523971,1.0157400163053478
group|fl|fedprox_0.01|non_iid_label|3|5|0.0001|3,FedProx(mu=0.01) (lr=0.0001) non_iid_label [3N] {group},group,heterogeneous,fl,fedprox_0.01,non_iid_label,node_b,selected_test_specificity,3,0.8140096618357487,0.11003601912940197,0.5406650370655206,1.0873542866059769
group|fl|fedprox_0.01|non_iid_label|3|5|0.0001|3,FedProx(mu=0.01) (lr=0.0001) non_iid_label [3N] {group},group,heterogeneous,fl,fedprox_0.01,non_iid_label,node_b,selected_test_tn,3,224.66666666666666,30.369941279714936,149.2235502300837,300.1097831032496
group|fl|fedprox_0.01|non_iid_label|3|5|0.0001|3,FedProx(mu=0.01) (lr=0.0001) non_iid_label [3N] {group},group,heterogeneous,fl,fedprox_0.01,non_iid_label,node_b,selected_test_tp,3,1997.6666666666667,66.7108187128095,1831.947806120437,2163.3855272128962
group|fl|fedprox_0.01|non_iid_label|3|5|0.0001|3,FedProx(mu=0.01) (lr=0.0001) non_iid_label [3N] {group},group,heterogeneous,fl,fedprox_0.01,non_iid_label,node_c,selected_test_accuracy,3,0.9611111111111111,0.0146269189940759,0.92477583003121,0.9974463921910123
group|fl|fedprox_0.01|non_iid_label|3|5|0.0001|3,FedProx(mu=0.01) (lr=0.0001) non_iid_label [3N] {group},group,heterogeneous,fl,fedprox_0.01,non_iid_label,node_c,selected_test_balanced_accuracy,3,0.9197048611111112,0.040924653854534046,0.8180423851307346,1.0213673370914877
group|fl|fedprox_0.01|non_iid_label|3|5|0.0001|3,FedProx(mu=0.01) (lr=0.0001) non_iid_label [3N] {group},group,heterogeneous,fl,fedprox_0.01,non_iid_label,node_c,selected_test_f1,3,0.8960290513844584,0.04240230888902198,0.7906958768079527,1.0013622259609642
group|fl|fedprox_0.01|non_iid_label|3|5|0.0001|3,FedProx(mu=0.01) (lr=0.0001) non_iid_label [3N] {group},group,heterogeneous,fl,fedprox_0.01,non_iid_label,node_c,selected_test_fn,3,71.66666666666667,41.01625693957621,-30.22336399177577,173.5566973251091
group|fl|fedprox_0.01|non_iid_label|3|5|0.0001|3,FedProx(mu=0.01) (lr=0.0001) non_iid_label [3N] {group},group,heterogeneous,fl,fedprox_0.01,non_iid_label,node_c,selected_test_fp,3,21.666666666666668,11.846237095944574,-7.76101764570496,51.094350979038296
group|fl|fedprox_0.01|non_iid_label|3|5|0.0001|3,FedProx(mu=0.01) (lr=0.0001) non_iid_label [3N] {group},group,heterogeneous,fl,fedprox_0.01,non_iid_label,node_c,selected_test_loss,3,0.08815637711311865,0.026296595759266125,0.022832011896871868,0.15348074232936543
group|fl|fedprox_0.01|non_iid_label|3|5|0.0001|3,FedProx(mu=0.01) (lr=0.0001) non_iid_label [3N] {group},group,heterogeneous,fl,fedprox_0.01,non_iid_label,node_c,selected_test_macro_f1,3,0.936050870458368,0.02559808829106123,0.8724616939858283,0.9996400469309077
group|fl|fedprox_0.01|non_iid_label|3|5|0.0001|3,FedProx(mu=0.01) (lr=0.0001) non_iid_label [3N] {group},group,heterogeneous,fl,fedprox_0.01,non_iid_label,node_c,selected_test_macro_precision,3,0.9573777320209995,0.012170575301728553,0.9271443469402785,0.9876111171017206
group|fl|fedprox_0.01|non_iid_label|3|5|0.0001|3,FedProx(mu=0.01) (lr=0.0001) non_iid_label [3N] {group},group,heterogeneous,fl,fedprox_0.01,non_iid_label,node_c,selected_test_macro_recall,3,0.9197048611111112,0.040924653854534046,0.8180423851307346,1.0213673370914877
group|fl|fedprox_0.01|non_iid_label|3|5|0.0001|3,FedProx(mu=0.01) (lr=0.0001) non_iid_label [3N] {group},group,heterogeneous,fl,fedprox_0.01,non_iid_label,node_c,selected_test_macro_specificity,3,0.9197048611111112,0.040924653854534046,0.8180423851307346,1.0213673370914877
group|fl|fedprox_0.01|non_iid_label|3|5|0.0001|3,FedProx(mu=0.01) (lr=0.0001) non_iid_label [3N] {group},group,heterogeneous,fl,fedprox_0.01,non_iid_label,node_c,selected_test_mcc,3,0.8756946782980518,0.04828498352135733,0.7557481298214048,0.9956412267746988
group|fl|fedprox_0.01|non_iid_label|3|5|0.0001|3,FedProx(mu=0.01) (lr=0.0001) non_iid_label [3N] {group},group,heterogeneous,fl,fedprox_0.01,non_iid_label,node_c,selected_test_n_examples,3,2400.0,0.0,2400.0,2400.0
group|fl|fedprox_0.01|non_iid_label|3|5|0.0001|3,FedProx(mu=0.01) (lr=0.0001) non_iid_label [3N] {group},group,heterogeneous,fl,fedprox_0.01,non_iid_label,node_c,selected_test_precision,3,0.9508066621516346,0.02525053045779512,0.8880808671997253,1.0135324571035438
group|fl|fedprox_0.01|non_iid_label|3|5|0.0001|3,FedProx(mu=0.01) (lr=0.0001) non_iid_label [3N] {group},group,heterogeneous,fl,fedprox_0.01,non_iid_label,node_c,selected_test_recall,3,0.8506944444444443,0.08545053529078375,0.6384235472393559,1.0629653416495326
group|fl|fedprox_0.01|non_iid_label|3|5|0.0001|3,FedProx(mu=0.01) (lr=0.0001) non_iid_label [3N] {group},group,heterogeneous,fl,fedprox_0.01,non_iid_label,node_c,selected_test_roc_auc,3,0.9940972222222223,0.0029693884407823224,0.9867208524156394,1.0014735920288051
group|fl|fedprox_0.01|non_iid_label|3|5|0.0001|3,FedProx(mu=0.01) (lr=0.0001) non_iid_label [3N] {group},group,heterogeneous,fl,fedprox_0.01,non_iid_label,node_c,selected_test_specificity,3,0.9887152777777778,0.006169915154137803,0.9733883588650842,1.0040421966904713
group|fl|fedprox_0.01|non_iid_label|3|5|0.0001|3,FedProx(mu=0.01) (lr=0.0001) non_iid_label [3N] {group},group,heterogeneous,fl,fedprox_0.01,non_iid_label,node_c,selected_test_tn,3,1898.3333333333333,11.846237095944574,1868.9056490209616,1927.761017645705
group|fl|fedprox_0.01|non_iid_label|3|5|0.0001|3,FedProx(mu=0.01) (lr=0.0001) non_iid_label [3N] {group},group,heterogeneous,fl,fedprox_0.01,non_iid_label,node_c,selected_test_tp,3,408.3333333333333,41.01625693957621,306.4433026748909,510.2233639917757
group|fl|fedprox_0.01|non_iid_label|3|5|0.001|3,FedProx(mu=0.01) non_iid_label [3N] {group},group,heterogeneous,fl,fedprox_0.01,non_iid_label,node_a,selected_test_accuracy,5,0.9951666666666666,0.0022553947671207168,0.9923662241825957,0.9979671091507376
group|fl|fedprox_0.01|non_iid_label|3|5|0.001|3,FedProx(mu=0.01) non_iid_label [3N] {group},group,heterogeneous,fl,fedprox_0.01,non_iid_label,node_a,selected_test_balanced_accuracy,5,0.9969791666666667,0.0014096217294504415,0.9952288901141224,0.9987294432192111
group|fl|fedprox_0.01|non_iid_label|3|5|0.001|3,FedProx(mu=0.01) non_iid_label [3N] {group},group,heterogeneous,fl,fedprox_0.01,non_iid_label,node_a,selected_test_f1,5,0.9969684083800867,0.001419135266552703,0.9952063192110269,0.9987304975491466
group|fl|fedprox_0.01|non_iid_label|3|5|0.001|3,FedProx(mu=0.01) non_iid_label [3N] {group},group,heterogeneous,fl,fedprox_0.01,non_iid_label,node_a,selected_test_fn,5,11.6,5.412947441089743,4.878938038229675,18.321061961770326
group|fl|fedprox_0.01|non_iid_label|3|5|0.001|3,FedProx(mu=0.01) non_iid_label [3N] {group},group,heterogeneous,fl,fedprox_0.01,non_iid_label,node_a,selected_test_fp,5,0.0,0.0,0.0,0.0
group|fl|fedprox_0.01|non_iid_label|3|5|0.001|3,FedProx(mu=0.01) non_iid_label [3N] {group},group,heterogeneous,fl,fedprox_0.01,non_iid_label,node_a,selected_test_loss,5,0.019603666880303836,0.0038981521231017044,0.014763471729526882,0.024443862031080787
group|fl|fedprox_0.01|non_iid_label|3|5|0.001|3,FedProx(mu=0.01) non_iid_label [3N] {group},group,heterogeneous,fl,fedprox_0.01,non_iid_label,node_a,selected_test_macro_f1,5,0.9925269046830554,0.0034548191390195047,0.9882371801378296,0.9968166292282812
group|fl|fedprox_0.01|non_iid_label|3|5|0.001|3,FedProx(mu=0.01) non_iid_label [3N] {group},group,heterogeneous,fl,fedprox_0.01,non_iid_label,node_a,selected_test_macro_precision,5,0.9882489055825936,0.00534906501091016,0.981607164134495,0.9948906470306922
group|fl|fedprox_0.01|non_iid_label|3|5|0.001|3,FedProx(mu=0.01) non_iid_label [3N] {group},group,heterogeneous,fl,fedprox_0.01,non_iid_label,node_a,selected_test_macro_recall,5,0.9969791666666667,0.0014096217294504415,0.9952288901141224,0.9987294432192111
group|fl|fedprox_0.01|non_iid_label|3|5|0.001|3,FedProx(mu=0.01) non_iid_label [3N] {group},group,heterogeneous,fl,fedprox_0.01,non_iid_label,node_a,selected_test_macro_specificity,5,0.9969791666666667,0.0014096217294504415,0.9952288901141224,0.9987294432192111
group|fl|fedprox_0.01|non_iid_label|3|5|0.001|3,FedProx(mu=0.01) non_iid_label [3N] {group},group,heterogeneous,fl,fedprox_0.01,non_iid_label,node_a,selected_test_mcc,5,0.9851828762391766,0.006797455552181724,0.9767427204006423,0.9936230320777109
group|fl|fedprox_0.01|non_iid_label|3|5|0.001|3,FedProx(mu=0.01) non_iid_label [3N] {group},group,heterogeneous,fl,fedprox_0.01,non_iid_label,node_a,selected_test_n_examples,5,2400.0,0.0,2400.0,2400.0
group|fl|fedprox_0.01|non_iid_label|3|5|0.001|3,FedProx(mu=0.01) non_iid_label [3N] {group},group,heterogeneous,fl,fedprox_0.01,non_iid_label,node_a,selected_test_precision,5,1.0,0.0,1.0,1.0
group|fl|fedprox_0.01|non_iid_label|3|5|0.001|3,FedProx(mu=0.01) non_iid_label [3N] {group},group,heterogeneous,fl,fedprox_0.01,non_iid_label,node_a,selected_test_recall,5,0.9939583333333333,0.002819243458900901,0.9904577802282446,0.997458886438422
group|fl|fedprox_0.01|non_iid_label|3|5|0.001|3,FedProx(mu=0.01) non_iid_label [3N] {group},group,heterogeneous,fl,fedprox_0.01,non_iid_label,node_a,selected_test_roc_auc,5,0.9999359809027778,4.0563315196455305e-05,0.9998856148946506,0.999986346910905
group|fl|fedprox_0.01|non_iid_label|3|5|0.001|3,FedProx(mu=0.01) non_iid_label [3N] {group},group,heterogeneous,fl,fedprox_0.01,non_iid_label,node_a,selected_test_specificity,5,1.0,0.0,1.0,1.0
group|fl|fedprox_0.01|non_iid_label|3|5|0.001|3,FedProx(mu=0.01) non_iid_label [3N] {group},group,heterogeneous,fl,fedprox_0.01,non_iid_label,node_a,selected_test_tn,5,480.0,0.0,480.0,480.0
group|fl|fedprox_0.01|non_iid_label|3|5|0.001|3,FedProx(mu=0.01) non_iid_label [3N] {group},group,heterogeneous,fl,fedprox_0.01,non_iid_label,node_a,selected_test_tp,5,1908.4,5.4129474410897425,1901.6789380382297,1915.1210619617705
group|fl|fedprox_0.01|non_iid_label|3|5|0.001|3,FedProx(mu=0.01) non_iid_label [3N] {group},group,heterogeneous,fl,fedprox_0.01,non_iid_label,node_b,selected_test_accuracy,5,0.8804837364470393,0.0807423881881424,0.78022881990483,0.9807386529892486
group|fl|fedprox_0.01|non_iid_label|3|5|0.001|3,FedProx(mu=0.01) non_iid_label [3N] {group},group,heterogeneous,fl,fedprox_0.01,non_iid_label,node_b,selected_test_balanced_accuracy,5,0.932469368520264,0.04562211283580712,0.8758220334900524,0.9891167035504755
group|fl|fedprox_0.01|non_iid_label|3|5|0.001|3,FedProx(mu=0.01) non_iid_label [3N] {group},group,heterogeneous,fl,fedprox_0.01,non_iid_label,node_b,selected_test_f1,5,0.9253978222680093,0.05573560043659615,0.8561929337876178,0.9946027107484007
group|fl|fedprox_0.01|non_iid_label|3|5|0.001|3,FedProx(mu=0.01) non_iid_label [3N] {group},group,heterogeneous,fl,fedprox_0.01,non_iid_label,node_b,selected_test_fn,5,286.6,193.6202468751654,46.18871013178227,527.0112898682178
group|fl|fedprox_0.01|non_iid_label|3|5|0.001|3,FedProx(mu=0.01) non_iid_label [3N] {group},group,heterogeneous,fl,fedprox_0.01,non_iid_label,node_b,selected_test_fp,5,0.0,0.0,0.0,0.0
group|fl|fedprox_0.01|non_iid_label|3|5|0.001|3,FedProx(mu=0.01) non_iid_label [3N] {group},group,heterogeneous,fl,fedprox_0.01,non_iid_label,node_b,selected_test_loss,5,0.28107639475398577,0.17245355291278625,0.06694702673985123,0.49520576276812034
group|fl|fedprox_0.01|non_iid_label|3|5|0.001|3,FedProx(mu=0.01) non_iid_label [3N] {group},group,heterogeneous,fl,fedprox_0.01,non_iid_label,node_b,selected_test_macro_f1,5,0.8034545092102894,0.09113194479113068,0.6902992542768494,0.9166097641437294
group|fl|fedprox_0.01|non_iid_label|3|5|0.001|3,FedProx(mu=0.01) non_iid_label [3N] {group},group,heterogeneous,fl,fedprox_0.01,non_iid_label,node_b,selected_test_macro_precision,5,0.7636664162275866,0.06794240804494843,0.6793047742069043,0.8480280582482689
group|fl|fedprox_0.01|non_iid_label|3|5|0.001|3,FedProx(mu=0.01) non_iid_label [3N] {group},group,heterogeneous,fl,fedprox_0.01,non_iid_label,node_b,selected_test_macro_recall,5,0.932469368520264,0.04562211283580712,0.8758220334900524,0.9891167035504755
group|fl|fedprox_0.01|non_iid_label|3|5|0.001|3,FedProx(mu=0.01) non_iid_label [3N] {group},group,heterogeneous,fl,fedprox_0.01,non_iid_label,node_b,selected_test_macro_specificity,5,0.932469368520264,0.04562211283580712,0.8758220334900524,0.9891167035504755
group|fl|fedprox_0.01|non_iid_label|3|5|0.001|3,FedProx(mu=0.01) non_iid_label [3N] {group},group,heterogeneous,fl,fedprox_0.01,non_iid_label,node_b,selected_test_mcc,5,0.673404987918821,0.12440176079007091,0.5189398002326333,0.8278701756050086
group|fl|fedprox_0.01|non_iid_label|3|5|0.001|3,FedProx(mu=0.01) non_iid_label [3N] {group},group,heterogeneous,fl,fedprox_0.01,non_iid_label,node_b,selected_test_n_examples,5,2398.0,0.0,2398.0,2398.0
group|fl|fedprox_0.01|non_iid_label|3|5|0.001|3,FedProx(mu=0.01) non_iid_label [3N] {group},group,heterogeneous,fl,fedprox_0.01,non_iid_label,node_b,selected_test_precision,5,1.0,0.0,1.0,1.0
group|fl|fedprox_0.01|non_iid_label|3|5|0.001|3,FedProx(mu=0.01) non_iid_label [3N] {group},group,heterogeneous,fl,fedprox_0.01,non_iid_label,node_b,selected_test_recall,5,0.8649387370405279,0.09124422567161423,0.7516440669801049,0.978233407100951
group|fl|fedprox_0.01|non_iid_label|3|5|0.001|3,FedProx(mu=0.01) non_iid_label [3N] {group},group,heterogeneous,fl,fedprox_0.01,non_iid_label,node_b,selected_test_roc_auc,5,0.9803497520796624,0.01474143320955313,0.9620458451814349,0.9986536589778898
group|fl|fedprox_0.01|non_iid_label|3|5|0.001|3,FedProx(mu=0.01) non_iid_label [3N] {group},group,heterogeneous,fl,fedprox_0.01,non_iid_label,node_b,selected_test_specificity,5,1.0,0.0,1.0,1.0
group|fl|fedprox_0.01|non_iid_label|3|5|0.001|3,FedProx(mu=0.01) non_iid_label [3N] {group},group,heterogeneous,fl,fedprox_0.01,non_iid_label,node_b,selected_test_tn,5,276.0,0.0,276.0,276.0
group|fl|fedprox_0.01|non_iid_label|3|5|0.001|3,FedProx(mu=0.01) non_iid_label [3N] {group},group,heterogeneous,fl,fedprox_0.01,non_iid_label,node_b,selected_test_tp,5,1835.4,193.6202468751654,1594.9887101317822,2075.811289868218
group|fl|fedprox_0.01|non_iid_label|3|5|0.001|3,FedProx(mu=0.01) non_iid_label [3N] {group},group,heterogeneous,fl,fedprox_0.01,non_iid_label,node_c,selected_test_accuracy,5,0.9666666666666668,0.005472468973568196,0.9598716989609001,0.9734616343724335
group|fl|fedprox_0.01|non_iid_label|3|5|0.001|3,FedProx(mu=0.01) non_iid_label [3N] {group},group,heterogeneous,fl,fedprox_0.01,non_iid_label,node_c,selected_test_balanced_accuracy,5,0.9183854166666666,0.01377454012768363,0.9012820660983087,0.9354887672350245
group|fl|fedprox_0.01|non_iid_label|3|5|0.001|3,FedProx(mu=0.01) non_iid_label [3N] {group},group,heterogeneous,fl,fedprox_0.01,non_iid_label,node_c,selected_test_f1,5,0.9093479110146815,0.016146163927562004,0.8892998005567314,0.9293960214726316
group|fl|fedprox_0.01|non_iid_label|3|5|0.001|3,FedProx(mu=0.01) non_iid_label [3N] {group},group,heterogeneous,fl,fedprox_0.01,non_iid_label,node_c,selected_test_fn,5,77.8,13.255187663703596,61.341510688544574,94.25848931145542
group|fl|fedprox_0.01|non_iid_label|3|5|0.001|3,FedProx(mu=0.01) non_iid_label [3N] {group},group,heterogeneous,fl,fedprox_0.01,non_iid_label,node_c,selected_test_fp,5,2.2,0.44721359549995787,1.6447109789604415,2.755289021039559
group|fl|fedprox_0.01|non_iid_label|3|5|0.001|3,FedProx(mu=0.01) non_iid_label [3N] {group},group,heterogeneous,fl,fedprox_0.01,non_iid_label,node_c,selected_test_loss,5,0.10920066533458157,0.015679564176753806,0.08973191498878093,0.1286694156803822
group|fl|fedprox_0.01|non_iid_label|3|5|0.001|3,FedProx(mu=0.01) non_iid_label [3N] {group},group,heterogeneous,fl,fedprox_0.01,non_iid_label,node_c,selected_test_macro_f1,5,0.944462895181483,0.009716960768117339,0.9323976948237532,0.9565280955392127
group|fl|fedprox_0.01|non_iid_label|3|5|0.001|3,FedProx(mu=0.01) non_iid_label [3N] {group},group,heterogeneous,fl,fedprox_0.01,non_iid_label,node_c,selected_test_macro_precision,5,0.9778065953506149,0.0031669938752907196,0.9738742530731346,0.9817389376280952
group|fl|fedprox_0.01|non_iid_label|3|5|0.001|3,FedProx(mu=0.01) non_iid_label [3N] {group},group,heterogeneous,fl,fedprox_0.01,non_iid_label,node_c,selected_test_macro_recall,5,0.9183854166666666,0.01377454012768363,0.9012820660983087,0.9354887672350245
group|fl|fedprox_0.01|non_iid_label|3|5|0.001|3,FedProx(mu=0.01) non_iid_label [3N] {group},group,heterogeneous,fl,fedprox_0.01,non_iid_label,node_c,selected_test_macro_specificity,5,0.9183854166666666,0.01377454012768363,0.9012820660983087,0.9354887672350245
group|fl|fedprox_0.01|non_iid_label|3|5|0.001|3,FedProx(mu=0.01) non_iid_label [3N] {group},group,heterogeneous,fl,fedprox_0.01,non_iid_label,node_c,selected_test_mcc,5,0.8941579083263376,0.01763165373600654,0.8722653186535434,0.9160504979991317
group|fl|fedprox_0.01|non_iid_label|3|5|0.001|3,FedProx(mu=0.01) non_iid_label [3N] {group},group,heterogeneous,fl,fedprox_0.01,non_iid_label,node_c,selected_test_n_examples,5,2400.0,0.0,2400.0,2400.0
group|fl|fedprox_0.01|non_iid_label|3|5|0.001|3,FedProx(mu=0.01) non_iid_label [3N] {group},group,heterogeneous,fl,fedprox_0.01,non_iid_label,node_c,selected_test_precision,5,0.9945646593221626,0.001043425913825687,0.9932690749301725,0.9958602437141528
group|fl|fedprox_0.01|non_iid_label|3|5|0.001|3,FedProx(mu=0.01) non_iid_label [3N] {group},group,heterogeneous,fl,fedprox_0.01,non_iid_label,node_c,selected_test_recall,5,0.8379166666666666,0.02761497429938248,0.8036281472678012,0.8722051860655321
group|fl|fedprox_0.01|non_iid_label|3|5|0.001|3,FedProx(mu=0.01) non_iid_label [3N] {group},group,heterogeneous,fl,fedprox_0.01,non_iid_label,node_c,selected_test_roc_auc,5,0.9857183159722223,0.005652002844361282,0.9787004275226335,0.992736204421811
group|fl|fedprox_0.01|non_iid_label|3|5|0.001|3,FedProx(mu=0.01) non_iid_label [3N] {group},group,heterogeneous,fl,fedprox_0.01,non_iid_label,node_c,selected_test_specificity,5,0.9988541666666666,0.00023292374765621489,0.9985649536348752,0.999143379698458
group|fl|fedprox_0.01|non_iid_label|3|5|0.001|3,FedProx(mu=0.01) non_iid_label [3N] {group},group,heterogeneous,fl,fedprox_0.01,non_iid_label,node_c,selected_test_tn,5,1917.8,0.44721359549995804,1917.2447109789605,1918.3552890210394
group|fl|fedprox_0.01|non_iid_label|3|5|0.001|3,FedProx(mu=0.01) non_iid_label [3N] {group},group,heterogeneous,fl,fedprox_0.01,non_iid_label,node_c,selected_test_tp,5,402.2,13.255187663703596,385.74151068854457,418.6584893114554
group|fl|fedprox_0.05|non_iid_label|3|5|0.001|3,FedProx(mu=0.05) non_iid_label [3N] {group},group,heterogeneous,fl,fedprox_0.05,non_iid_label,node_a,selected_test_accuracy,3,0.9973611111111111,0.0010485881160098285,0.9947562738280379,0.9999659483941844
group|fl|fedprox_0.05|non_iid_label|3|5|0.001|3,FedProx(mu=0.05) non_iid_label [3N] {group},group,heterogeneous,fl,fedprox_0.05,non_iid_label,node_a,selected_test_balanced_accuracy,3,0.9970486111111111,0.0018291065543147235,0.9925048585407282,1.001592363681494
group|fl|fedprox_0.05|non_iid_label|3|5|0.001|3,FedProx(mu=0.05) non_iid_label [3N] {group},group,heterogeneous,fl,fedprox_0.05,non_iid_label,node_a,selected_test_f1,3,0.9983491767491257,0.0006571881573014356,0.9967166308638575,0.9999817226343939
group|fl|fedprox_0.05|non_iid_label|3|5|0.001|3,FedProx(mu=0.05) non_iid_label [3N] {group},group,heterogeneous,fl,fedprox_0.05,non_iid_label,node_a,selected_test_fn,3,4.666666666666667,3.0550504633038935,-2.9224994005268528,12.255832733860187
group|fl|fedprox_0.05|non_iid_label|3|5|0.001|3,FedProx(mu=0.05) non_iid_label [3N] {group},group,heterogeneous,fl,fedprox_0.05,non_iid_label,node_a,selected_test_fp,3,1.6666666666666667,2.0816659994661326,-3.5044783458755955,6.837811679208929
group|fl|fedprox_0.05|non_iid_label|3|5|0.001|3,FedProx(mu=0.05) non_iid_label [3N] {group},group,heterogeneous,fl,fedprox_0.05,non_iid_label,node_a,selected_test_loss,3,0.027363684137122212,0.008745540710504512,0.0056385566485101755,0.04908881162573425
group|fl|fedprox_0.05|non_iid_label|3|5|0.001|3,FedProx(mu=0.05) non_iid_label [3N] {group},group,heterogeneous,fl,fedprox_0.05,non_iid_label,node_a,selected_test_macro_f1,3,0.9958879948611313,0.0016249824624083257,0.9918513146453299,0.9999246750769327
group|fl|fedprox_0.05|non_iid_label|3|5|0.001|3,FedProx(mu=0.05) non_iid_label [3N] {group},group,heterogeneous,fl,fedprox_0.05,non_iid_label,node_a,selected_test_macro_precision,3,0.994753404573844,0.0028401352653030423,0.9876981174548327,1.0018086916928552
group|fl|fedprox_0.05|non_iid_label|3|5|0.001|3,FedProx(mu=0.05) non_iid_label [3N] {group},group,heterogeneous,fl,fedprox_0.05,non_iid_label,node_a,selected_test_macro_recall,3,0.9970486111111111,0.0018291065543147235,0.9925048585407282,1.001592363681494
group|fl|fedprox_0.05|non_iid_label|3|5|0.001|3,FedProx(mu=0.05) non_iid_label [3N] {group},group,heterogeneous,fl,fedprox_0.05,non_iid_label,node_a,selected_test_macro_specificity,3,0.9970486111111111,0.0018291065543147235,0.9925048585407282,1.001592363681494
group|fl|fedprox_0.05|non_iid_label|3|5|0.001|3,FedProx(mu=0.05) non_iid_label [3N] {group},group,heterogeneous,fl,fedprox_0.05,non_iid_label,node_a,selected_test_mcc,3,0.9917951830616087,0.0032349420180992905,0.9837591415991226,0.9998312245240949
group|fl|fedprox_0.05|non_iid_label|3|5|0.001|3,FedProx(mu=0.05) non_iid_label [3N] {group},group,heterogeneous,fl,fedprox_0.05,non_iid_label,node_a,selected_test_n_examples,3,2400.0,0.0,2400.0,2400.0
group|fl|fedprox_0.05|non_iid_label|3|5|0.001|3,FedProx(mu=0.05) non_iid_label [3N] {group},group,heterogeneous,fl,fedprox_0.05,non_iid_label,node_a,selected_test_precision,3,0.9991320317980613,0.0010826817318209047,0.9964425012782219,1.0018215623179008
group|fl|fedprox_0.05|non_iid_label|3|5|0.001|3,FedProx(mu=0.05) non_iid_label [3N] {group},group,heterogeneous,fl,fedprox_0.05,non_iid_label,node_a,selected_test_recall,3,0.9975694444444444,0.0015911721163040812,0.9936167537844478,1.001522135104441
group|fl|fedprox_0.05|non_iid_label|3|5|0.001|3,FedProx(mu=0.05) non_iid_label [3N] {group},group,heterogeneous,fl,fedprox_0.05,non_iid_label,node_a,selected_test_roc_auc,3,0.99994140625,1.3595881169883135e-05,0.9999076322088615,0.9999751802911386
group|fl|fedprox_0.05|non_iid_label|3|5|0.001|3,FedProx(mu=0.05) non_iid_label [3N] {group},group,heterogeneous,fl,fedprox_0.05,non_iid_label,node_a,selected_test_specificity,3,0.9965277777777778,0.0043368041655544275,0.9857545590016481,1.0073009965539075
group|fl|fedprox_0.05|non_iid_label|3|5|0.001|3,FedProx(mu=0.05) non_iid_label [3N] {group},group,heterogeneous,fl,fedprox_0.05,non_iid_label,node_a,selected_test_tn,3,478.3333333333333,2.0816659994661326,473.1621883207911,483.50447834587555
group|fl|fedprox_0.05|non_iid_label|3|5|0.001|3,FedProx(mu=0.05) non_iid_label [3N] {group},group,heterogeneous,fl,fedprox_0.05,non_iid_label,node_a,selected_test_tp,3,1915.3333333333333,3.0550504633038935,1907.7441672661398,1922.9224994005267
group|fl|fedprox_0.05|non_iid_label|3|5|0.001|3,FedProx(mu=0.05) non_iid_label [3N] {group},group,heterogeneous,fl,fedprox_0.05,non_iid_label,node_b,selected_test_accuracy,3,0.9110369752571588,0.038302549877342294,0.8158881666506548,1.0061857838636628
group|fl|fedprox_0.05|non_iid_label|3|5|0.001|3,FedProx(mu=0.05) non_iid_label [3N] {group},group,heterogeneous,fl,fedprox_0.05,non_iid_label,node_b,selected_test_balanced_accuracy,3,0.9203148975308135,0.018899878679499344,0.8733649961555632,0.9672647989060639
group|fl|fedprox_0.05|non_iid_label|3|5|0.001|3,FedProx(mu=0.05) non_iid_label [3N] {group},group,heterogeneous,fl,fedprox_0.05,non_iid_label,node_b,selected_test_f1,3,0.9469941044082434,0.02402813556346804,0.8873049067119831,1.0066833021045036
group|fl|fedprox_0.05|non_iid_label|3|5|0.001|3,FedProx(mu=0.05) non_iid_label [3N] {group},group,heterogeneous,fl,fedprox_0.05,non_iid_label,node_b,selected_test_fn,3,194.66666666666666,117.5599138028492,-97.3683486011092,486.7016819344425
group|fl|fedprox_0.05|non_iid_label|3|5|0.001|3,FedProx(mu=0.05) non_iid_label [3N] {group},group,heterogeneous,fl,fedprox_0.05,non_iid_label,node_b,selected_test_fp,3,18.666666666666668,25.716402029314548,-45.216417424886316,82.54975075821966
group|fl|fedprox_0.05|non_iid_label|3|5|0.001|3,FedProx(mu=0.05) non_iid_label [3N] {group},group,heterogeneous,fl,fedprox_0.05,non_iid_label,node_b,selected_test_loss,3,0.19527982381978484,0.07401026926762548,0.011428122875279889,0.3791315247642898
group|fl|fedprox_0.05|non_iid_label|3|5|0.001|3,FedProx(mu=0.05) non_iid_label [3N] {group},group,heterogeneous,fl,fedprox_0.05,non_iid_label,node_b,selected_test_macro_f1,3,0.8321225017683753,0.051246698352192796,0.7048186457889997,0.959426357747751
group|fl|fedprox_0.05|non_iid_label|3|5|0.001|3,FedProx(mu=0.05) non_iid_label [3N] {group},group,heterogeneous,fl,fedprox_0.05,non_iid_label,node_b,selected_test_macro_precision,3,0.7971798230283382,0.07471585680201209,0.6115753454807226,0.9827843005759539
group|fl|fedprox_0.05|non_iid_label|3|5|0.001|3,FedProx(mu=0.05) non_iid_label [3N] {group},group,heterogeneous,fl,fedprox_0.05,non_iid_label,node_b,selected_test_macro_recall,3,0.9203148975308135,0.018899878679499344,0.8733649961555632,0.9672647989060639
group|fl|fedprox_0.05|non_iid_label|3|5|0.001|3,FedProx(mu=0.05) non_iid_label [3N] {group},group,heterogeneous,fl,fedprox_0.05,non_iid_label,node_b,selected_test_macro_specificity,3,0.9203148975308135,0.018899878679499344,0.8733649961555632,0.9672647989060639
group|fl|fedprox_0.05|non_iid_label|3|5|0.001|3,FedProx(mu=0.05) non_iid_label [3N] {group},group,heterogeneous,fl,fedprox_0.05,non_iid_label,node_b,selected_test_mcc,3,0.7018996141715181,0.06939101135584734,0.5295227860059624,0.8742764423370739
group|fl|fedprox_0.05|non_iid_label|3|5|0.001|3,FedProx(mu=0.05) non_iid_label [3N] {group},group,heterogeneous,fl,fedprox_0.05,non_iid_label,node_b,selected_test_n_examples,3,2398.0,0.0,2398.0,2398.0
group|fl|fedprox_0.05|non_iid_label|3|5|0.001|3,FedProx(mu=0.05) non_iid_label [3N] {group},group,heterogeneous,fl,fedprox_0.05,non_iid_label,node_b,selected_test_precision,3,0.9910017844318922,0.012104367512578124,0.9609328686170114,1.0210707002467732
group|fl|fedprox_0.05|non_iid_label|3|5|0.001|3,FedProx(mu=0.05) non_iid_label [3N] {group},group,heterogeneous,fl,fedprox_0.05,non_iid_label,node_b,selected_test_recall,3,0.9082626453031731,0.05540052488352929,0.7706401121892354,1.0458851784171108
group|fl|fedprox_0.05|non_iid_label|3|5|0.001|3,FedProx(mu=0.05) non_iid_label [3N] {group},group,heterogeneous,fl,fedprox_0.05,non_iid_label,node_b,selected_test_roc_auc,3,0.970652515401112,0.01184244741304337,0.9412342451829508,1.0000707856192732
group|fl|fedprox_0.05|non_iid_label|3|5|0.001|3,FedProx(mu=0.05) non_iid_label [3N] {group},group,heterogeneous,fl,fedprox_0.05,non_iid_label,node_b,selected_test_specificity,3,0.9323671497584541,0.09317536967142952,0.7009067001513781,1.1638275993655303
group|fl|fedprox_0.05|non_iid_label|3|5|0.001|3,FedProx(mu=0.05) non_iid_label [3N] {group},group,heterogeneous,fl,fedprox_0.05,non_iid_label,node_b,selected_test_tn,3,257.3333333333333,25.716402029314548,193.45024924178034,321.2164174248863
group|fl|fedprox_0.05|non_iid_label|3|5|0.001|3,FedProx(mu=0.05) non_iid_label [3N] {group},group,heterogeneous,fl,fedprox_0.05,non_iid_label,node_b,selected_test_tp,3,1927.3333333333333,117.5599138028492,1635.2983180655574,2219.368348601109
group|fl|fedprox_0.05|non_iid_label|3|5|0.001|3,FedProx(mu=0.05) non_iid_label [3N] {group},group,heterogeneous,fl,fedprox_0.05,non_iid_label,node_c,selected_test_accuracy,3,0.9454166666666666,0.010825317547305443,0.9185250871057326,0.9723082462276006
group|fl|fedprox_0.05|non_iid_label|3|5|0.001|3,FedProx(mu=0.05) non_iid_label [3N] {group},group,heterogeneous,fl,fedprox_0.05,non_iid_label,node_c,selected_test_balanced_accuracy,3,0.8979166666666667,0.04574817491236668,0.7842719001231063,1.0115614332102272
group|fl|fedprox_0.05|non_iid_label|3|5|0.001|3,FedProx(mu=0.05) non_iid_label [3N] {group},group,heterogeneous,fl,fedprox_0.05,non_iid_label,node_c,selected_test_f1,3,0.8561446132886799,0.031338513834089594,0.7782954292432085,0.9339937973341512
group|fl|fedprox_0.05|non_iid_label|3|5|0.001|3,FedProx(mu=0.05) non_iid_label [3N] {group},group,heterogeneous,fl,fedprox_0.05,non_iid_label,node_c,selected_test_fn,3,87.0,58.81326381013045,-59.100246581865974,233.10024658186597
group|fl|fedprox_0.05|non_iid_label|3|5|0.001|3,FedProx(mu=0.05) non_iid_label [3N] {group},group,heterogeneous,fl,fedprox_0.05,non_iid_label,node_c,selected_test_fp,3,44.0,66.70082458260917,-121.69403375050291,209.6940337505029
group|fl|fedprox_0.05|non_iid_label|3|5|0.001|3,FedProx(mu=0.05) non_iid_label [3N] {group},group,heterogeneous,fl,fedprox_0.05,non_iid_label,node_c,selected_test_loss,3,0.15292272490345768,0.026386028784130225,0.08737619573747007,0.21846925406944528
group|fl|fedprox_0.05|non_iid_label|3|5|0.001|3,FedProx(mu=0.05) non_iid_label [3N] {group},group,heterogeneous,fl,fedprox_0.05,non_iid_label,node_c,selected_test_macro_f1,3,0.9111694790797477,0.01822711531102532,0.8658908145592078,0.9564481436002875
group|fl|fedprox_0.05|non_iid_label|3|5|0.001|3,FedProx(mu=0.05) non_iid_label [3N] {group},group,heterogeneous,fl,fedprox_0.05,non_iid_label,node_c,selected_test_macro_precision,3,0.9384802836687866,0.043804129554588817,0.8296647935118353,1.0472957738257378
group|fl|fedprox_0.05|non_iid_label|3|5|0.001|3,FedProx(mu=0.05) non_iid_label [3N] {group},group,heterogeneous,fl,fedprox_0.05,non_iid_label,node_c,selected_test_macro_recall,3,0.8979166666666667,0.04574817491236668,0.7842719001231063,1.0115614332102272
group|fl|fedprox_0.05|non_iid_label|3|5|0.001|3,FedProx(mu=0.05) non_iid_label [3N] {group},group,heterogeneous,fl,fedprox_0.05,non_iid_label,node_c,selected_test_macro_specificity,3,0.8979166666666667,0.04574817491236668,0.7842719001231063,1.0115614332102272
group|fl|fedprox_0.05|non_iid_label|3|5|0.001|3,FedProx(mu=0.05) non_iid_label [3N] {group},group,heterogeneous,fl,fedprox_0.05,non_iid_label,node_c,selected_test_mcc,3,0.8324936847421937,0.031130770540085364,0.7551605636477214,0.9098268058366659
group|fl|fedprox_0.05|non_iid_label|3|5|0.001|3,FedProx(mu=0.05) non_iid_label [3N] {group},group,heterogeneous,fl,fedprox_0.05,non_iid_label,node_c,selected_test_n_examples,3,2400.0,0.0,2400.0,2400.0
group|fl|fedprox_0.05|non_iid_label|3|5|0.001|3,FedProx(mu=0.05) non_iid_label [3N] {group},group,heterogeneous,fl,fedprox_0.05,non_iid_label,node_c,selected_test_precision,3,0.9201409814294005,0.11280699004143796,0.6399128833184204,1.2003690795403805
group|fl|fedprox_0.05|non_iid_label|3|5|0.001|3,FedProx(mu=0.05) non_iid_label [3N] {group},group,heterogeneous,fl,fedprox_0.05,non_iid_label,node_c,selected_test_recall,3,0.81875,0.12252763293777172,0.5143744862877794,1.1231255137122207
group|fl|fedprox_0.05|non_iid_label|3|5|0.001|3,FedProx(mu=0.05) non_iid_label [3N] {group},group,heterogeneous,fl,fedprox_0.05,non_iid_label,node_c,selected_test_roc_auc,3,0.9841608796296296,0.006306983701376925,0.9684934635696445,0.9998282956896147
group|fl|fedprox_0.05|non_iid_label|3|5|0.001|3,FedProx(mu=0.05) non_iid_label [3N] {group},group,heterogeneous,fl,fedprox_0.05,non_iid_label,node_c,selected_test_specificity,3,0.9770833333333333,0.03474001280344226,0.8907843574216131,1.0633823092450536
group|fl|fedprox_0.05|non_iid_label|3|5|0.001|3,FedProx(mu=0.05) non_iid_label [3N] {group},group,heterogeneous,fl,fedprox_0.05,non_iid_label,node_c,selected_test_tn,3,1876.0,66.70082458260917,1710.305966249497,2041.694033750503
group|fl|fedprox_0.05|non_iid_label|3|5|0.001|3,FedProx(mu=0.05) non_iid_label [3N] {group},group,heterogeneous,fl,fedprox_0.05,non_iid_label,node_c,selected_test_tp,3,393.0,58.81326381013045,246.89975341813403,539.100246581866
group|fl|fedprox_0.1|non_iid_label|3|5|0.001|3,FedProx(mu=0.1) non_iid_label [3N] {group},group,heterogeneous,fl,fedprox_0.1,non_iid_label,node_a,selected_test_accuracy,3,0.9920833333333334,0.005788518328937392,0.977703856657262,1.0064628100094049
group|fl|fedprox_0.1|non_iid_label|3|5|0.001|3,FedProx(mu=0.1) non_iid_label [3N] {group},group,heterogeneous,fl,fedprox_0.1,non_iid_label,node_a,selected_test_balanced_accuracy,3,0.9895833333333334,0.007136557086481682,0.9718551427427452,1.0073115239239216
group|fl|fedprox_0.1|non_iid_label|3|5|0.001|3,FedProx(mu=0.1) non_iid_label [3N] {group},group,heterogeneous,fl,fedprox_0.1,non_iid_label,node_a,selected_test_f1,3,0.9950424500021922,0.0036320235490521166,0.9860200033340265,1.0040648966703578
group|fl|fedprox_0.1|non_iid_label|3|5|0.001|3,FedProx(mu=0.1) non_iid_label [3N] {group},group,heterogeneous,fl,fedprox_0.1,non_iid_label,node_a,selected_test_fn,3,12.0,9.539392014169456,-11.697163449568283,35.69716344956828
group|fl|fedprox_0.1|non_iid_label|3|5|0.001|3,FedProx(mu=0.1) non_iid_label [3N] {group},group,heterogeneous,fl,fedprox_0.1,non_iid_label,node_a,selected_test_fp,3,7.0,4.58257569495584,-4.383749100790277,18.383749100790276
group|fl|fedprox_0.1|non_iid_label|3|5|0.001|3,FedProx(mu=0.1) non_iid_label [3N] {group},group,heterogeneous,fl,fedprox_0.1,non_iid_label,node_a,selected_test_loss,3,0.037330317782600306,0.01818166935667685,-0.00783545272889602,0.08249608829409663
group|fl|fedprox_0.1|non_iid_label|3|5|0.001|3,FedProx(mu=0.1) non_iid_label [3N] {group},group,heterogeneous,fl,fedprox_0.1,non_iid_label,node_a,selected_test_macro_f1,3,0.9877014319856681,0.008939758037125208,0.9654938419117223,1.0099090220596139
group|fl|fedprox_0.1|non_iid_label|3|5|0.001|3,FedProx(mu=0.1) non_iid_label [3N] {group},group,heterogeneous,fl,fedprox_0.1,non_iid_label,node_a,selected_test_macro_precision,3,0.9858695395448939,0.010768749386501679,0.9591184830854969,1.0126205960042909
group|fl|fedprox_0.1|non_iid_label|3|5|0.001|3,FedProx(mu=0.1) non_iid_label [3N] {group},group,heterogeneous,fl,fedprox_0.1,non_iid_label,node_a,selected_test_macro_recall,3,0.9895833333333334,0.007136557086481682,0.9718551427427452,1.0073115239239216
group|fl|fedprox_0.1|non_iid_label|3|5|0.001|3,FedProx(mu=0.1) non_iid_label [3N] {group},group,heterogeneous,fl,fedprox_0.1,non_iid_label,node_a,selected_test_macro_specificity,3,0.9895833333333334,0.007136557086481682,0.9718551427427452,1.0073115239239216
group|fl|fedprox_0.1|non_iid_label|3|5|0.001|3,FedProx(mu=0.1) non_iid_label [3N] {group},group,heterogeneous,fl,fedprox_0.1,non_iid_label,node_a,selected_test_mcc,3,0.9754399046177634,0.017827571488171396,0.9311537619750719,1.019726047260455
group|fl|fedprox_0.1|non_iid_label|3|5|0.001|3,FedProx(mu=0.1) non_iid_label [3N] {group},group,heterogeneous,fl,fedprox_0.1,non_iid_label,node_a,selected_test_n_examples,3,2400.0,0.0,2400.0,2400.0
group|fl|fedprox_0.1|non_iid_label|3|5|0.001|3,FedProx(mu=0.1) non_iid_label [3N] {group},group,heterogeneous,fl,fedprox_0.1,non_iid_label,node_a,selected_test_precision,3,0.9963410747920429,0.002404994994636322,0.990366736029296,1.0023154135547898
group|fl|fedprox_0.1|non_iid_label|3|5|0.001|3,FedProx(mu=0.1) non_iid_label [3N] {group},group,heterogeneous,fl,fedprox_0.1,non_iid_label,node_a,selected_test_recall,3,0.99375,0.004968433340713232,0.9814077273700166,1.0060922726299835
group|fl|fedprox_0.1|non_iid_label|3|5|0.001|3,FedProx(mu=0.1) non_iid_label [3N] {group},group,heterogeneous,fl,fedprox_0.1,non_iid_label,node_a,selected_test_roc_auc,3,0.9996806278935185,0.0002310314749317535,0.9991067138940393,1.0002545418929978
group|fl|fedprox_0.1|non_iid_label|3|5|0.001|3,FedProx(mu=0.1) non_iid_label [3N] {group},group,heterogeneous,fl,fedprox_0.1,non_iid_label,node_a,selected_test_specificity,3,0.9854166666666666,0.009547032697824693,0.9617005227066868,1.0091328106266464
group|fl|fedprox_0.1|non_iid_label|3|5|0.001|3,FedProx(mu=0.1) non_iid_label [3N] {group},group,heterogeneous,fl,fedprox_0.1,non_iid_label,node_a,selected_test_tn,3,473.0,4.58257569495584,461.6162508992097,484.3837491007903
group|fl|fedprox_0.1|non_iid_label|3|5|0.001|3,FedProx(mu=0.1) non_iid_label [3N] {group},group,heterogeneous,fl,fedprox_0.1,non_iid_label,node_a,selected_test_tp,3,1908.0,9.539392014169456,1884.3028365504317,1931.6971634495683
group|fl|fedprox_0.1|non_iid_label|3|5|0.001|3,FedProx(mu=0.1) non_iid_label [3N] {group},group,heterogeneous,fl,fedprox_0.1,non_iid_label,node_b,selected_test_accuracy,3,0.8551570753405615,0.05840332824053706,0.7100751651665104,1.0002389855146128
group|fl|fedprox_0.1|non_iid_label|3|5|0.001|3,FedProx(mu=0.1) non_iid_label [3N] {group},group,heterogeneous,fl,fedprox_0.1,non_iid_label,node_b,selected_test_balanced_accuracy,3,0.86194946431905,0.07611528954387435,0.6728686031223161,1.0510303255157838
group|fl|fedprox_0.1|non_iid_label|3|5|0.001|3,FedProx(mu=0.1) non_iid_label [3N] {group},group,heterogeneous,fl,fedprox_0.1,non_iid_label,node_b,selected_test_f1,3,0.9118788896838291,0.03785546947188919,0.8178406903726958,1.0059170889949625
group|fl|fedprox_0.1|non_iid_label|3|5|0.001|3,FedProx(mu=0.1) non_iid_label [3N] {group},group,heterogeneous,fl,fedprox_0.1,non_iid_label,node_b,selected_test_fn,3,311.6666666666667,117.23622875772375,20.435729626216585,602.8976037071168
group|fl|fedprox_0.1|non_iid_label|3|5|0.001|3,FedProx(mu=0.1) non_iid_label [3N] {group},group,heterogeneous,fl,fedprox_0.1,non_iid_label,node_b,selected_test_fp,3,35.666666666666664,29.737742572921256,-38.20598112105032,109.53931445438366
group|fl|fedprox_0.1|non_iid_label|3|5|0.001|3,FedProx(mu=0.1) non_iid_label [3N] {group},group,heterogeneous,fl,fedprox_0.1,non_iid_label,node_b,selected_test_loss,3,0.3268184890247693,0.09194214208941826,0.09842154656133809,0.5552154314882005
group|fl|fedprox_0.1|non_iid_label|3|5|0.001|3,FedProx(mu=0.1) non_iid_label [3N] {group},group,heterogeneous,fl,fedprox_0.1,non_iid_label,node_b,selected_test_macro_f1,3,0.7502453086001424,0.07712403827517661,0.5586585766383003,0.9418320405619844
group|fl|fedprox_0.1|non_iid_label|3|5|0.001|3,FedProx(mu=0.1) non_iid_label [3N] {group},group,heterogeneous,fl,fedprox_0.1,non_iid_label,node_b,selected_test_macro_precision,3,0.7138036154862699,0.061193273021678395,0.5617910982676846,0.8658161327048552
group|fl|fedprox_0.1|non_iid_label|3|5|0.001|3,FedProx(mu=0.1) non_iid_label [3N] {group},group,heterogeneous,fl,fedprox_0.1,non_iid_label,node_b,selected_test_macro_recall,3,0.86194946431905,0.07611528954387435,0.6728686031223161,1.0510303255157838
group|fl|fedprox_0.1|non_iid_label|3|5|0.001|3,FedProx(mu=0.1) non_iid_label [3N] {group},group,heterogeneous,fl,fedprox_0.1,non_iid_label,node_b,selected_test_macro_specificity,3,0.86194946431905,0.07611528954387435,0.6728686031223161,1.0510303255157838
group|fl|fedprox_0.1|non_iid_label|3|5|0.001|3,FedProx(mu=0.1) non_iid_label [3N] {group},group,heterogeneous,fl,fedprox_0.1,non_iid_label,node_b,selected_test_mcc,3,0.5557826061172957,0.13713950952213486,0.21510917874241697,0.8964560334921744
group|fl|fedprox_0.1|non_iid_label|3|5|0.001|3,FedProx(mu=0.1) non_iid_label [3N] {group},group,heterogeneous,fl,fedprox_0.1,non_iid_label,node_b,selected_test_n_examples,3,2398.0,0.0,2398.0,2398.0
group|fl|fedprox_0.1|non_iid_label|3|5|0.001|3,FedProx(mu=0.1) non_iid_label [3N] {group},group,heterogeneous,fl,fedprox_0.1,non_iid_label,node_b,selected_test_precision,3,0.9803086248718974,0.017065166147486287,0.9379164020876416,1.0227008476561532
group|fl|fedprox_0.1|non_iid_label|3|5|0.001|3,FedProx(mu=0.1) non_iid_label [3N] {group},group,heterogeneous,fl,fedprox_0.1,non_iid_label,node_b,selected_test_recall,3,0.8531259817781968,0.05524798716198102,0.7158823733708216,0.9903695901855719
group|fl|fedprox_0.1|non_iid_label|3|5|0.001|3,FedProx(mu=0.1) non_iid_label [3N] {group},group,heterogeneous,fl,fedprox_0.1,non_iid_label,node_b,selected_test_roc_auc,3,0.9293620547564734,0.04254091173485111,0.8236845716236876,1.0350395378892592
group|fl|fedprox_0.1|non_iid_label|3|5|0.001|3,FedProx(mu=0.1) non_iid_label [3N] {group},group,heterogeneous,fl,fedprox_0.1,non_iid_label,node_b,selected_test_specificity,3,0.8707729468599034,0.1077454441047872,0.6031184258899143,1.1384274678298925
group|fl|fedprox_0.1|non_iid_label|3|5|0.001|3,FedProx(mu=0.1) non_iid_label [3N] {group},group,heterogeneous,fl,fedprox_0.1,non_iid_label,node_b,selected_test_tn,3,240.33333333333334,29.737742572921256,166.46068554561634,314.20598112105034
group|fl|fedprox_0.1|non_iid_label|3|5|0.001|3,FedProx(mu=0.1) non_iid_label [3N] {group},group,heterogeneous,fl,fedprox_0.1,non_iid_label,node_b,selected_test_tp,3,1810.3333333333333,117.23622875772375,1519.1023962928832,2101.5642703737835
group|fl|fedprox_0.1|non_iid_label|3|5|0.001|3,FedProx(mu=0.1) non_iid_label [3N] {group},group,heterogeneous,fl,fedprox_0.1,non_iid_label,node_c,selected_test_accuracy,3,0.9481944444444445,0.009649529829267653,0.9242236834949009,0.972165205393988
group|fl|fedprox_0.1|non_iid_label|3|5|0.001|3,FedProx(mu=0.1) non_iid_label [3N] {group},group,heterogeneous,fl,fedprox_0.1,non_iid_label,node_c,selected_test_balanced_accuracy,3,0.9066840277777778,0.02051569926610631,0.8557202055479145,0.9576478500076411
group|fl|fedprox_0.1|non_iid_label|3|5|0.001|3,FedProx(mu=0.1) non_iid_label [3N] {group},group,heterogeneous,fl,fedprox_0.1,non_iid_label,node_c,selected_test_f1,3,0.8661219005987855,0.02250597885074029,0.8102139497958062,0.9220298514017647
group|fl|fedprox_0.1|non_iid_label|3|5|0.001|3,FedProx(mu=0.1) non_iid_label [3N] {group},group,heterogeneous,fl,fedprox_0.1,non_iid_label,node_c,selected_test_fn,3,78.0,24.55605831561735,16.999369486234656,139.00063051376534
group|fl|fedprox_0.1|non_iid_label|3|5|0.001|3,FedProx(mu=0.1) non_iid_label [3N] {group},group,heterogeneous,fl,fedprox_0.1,non_iid_label,node_c,selected_test_fp,3,46.333333333333336,32.53203549323856,-34.48072287542082,127.1473895420875
group|fl|fedprox_0.1|non_iid_label|3|5|0.001|3,FedProx(mu=0.1) non_iid_label [3N] {group},group,heterogeneous,fl,fedprox_0.1,non_iid_label,node_c,selected_test_loss,3,0.16032484334026878,0.02889678177201826,0.08854125799217868,0.23210842868835888
group|fl|fedprox_0.1|non_iid_label|3|5|0.001|3,FedProx(mu=0.1) non_iid_label [3N] {group},group,heterogeneous,fl,fedprox_0.1,non_iid_label,node_c,selected_test_macro_f1,3,0.9169920142075041,0.014178331234012255,0.8817710868994066,0.9522129415156015
group|fl|fedprox_0.1|non_iid_label|3|5|0.001|3,FedProx(mu=0.1) non_iid_label [3N] {group},group,heterogeneous,fl,fedprox_0.1,non_iid_label,node_c,selected_test_macro_precision,3,0.9307894612457925,0.028266021330025225,0.8605727716987377,1.0010061507928474
group|fl|fedprox_0.1|non_iid_label|3|5|0.001|3,FedProx(mu=0.1) non_iid_label [3N] {group},group,heterogeneous,fl,fedprox_0.1,non_iid_label,node_c,selected_test_macro_recall,3,0.9066840277777778,0.02051569926610631,0.8557202055479145,0.9576478500076411
group|fl|fedprox_0.1|non_iid_label|3|5|0.001|3,FedProx(mu=0.1) non_iid_label [3N] {group},group,heterogeneous,fl,fedprox_0.1,non_iid_label,node_c,selected_test_macro_specificity,3,0.9066840277777778,0.02051569926610631,0.8557202055479145,0.9576478500076411
group|fl|fedprox_0.1|non_iid_label|3|5|0.001|3,FedProx(mu=0.1) non_iid_label [3N] {group},group,heterogeneous,fl,fedprox_0.1,non_iid_label,node_c,selected_test_mcc,3,0.8364968335121307,0.028703191460658087,0.7651941531571199,0.9077995138671414
group|fl|fedprox_0.1|non_iid_label|3|5|0.001|3,FedProx(mu=0.1) non_iid_label [3N] {group},group,heterogeneous,fl,fedprox_0.1,non_iid_label,node_c,selected_test_n_examples,3,2400.0,0.0,2400.0,2400.0
group|fl|fedprox_0.1|non_iid_label|3|5|0.001|3,FedProx(mu=0.1) non_iid_label [3N] {group},group,heterogeneous,fl,fedprox_0.1,non_iid_label,node_c,selected_test_precision,3,0.901363396724951,0.06355762069153405,0.7434775142959882,1.0592492791539139
group|fl|fedprox_0.1|non_iid_label|3|5|0.001|3,FedProx(mu=0.1) non_iid_label [3N] {group},group,heterogeneous,fl,fedprox_0.1,non_iid_label,node_c,selected_test_recall,3,0.8375,0.0511584548242028,0.7104153530963222,0.9645846469036778
group|fl|fedprox_0.1|non_iid_label|3|5|0.001|3,FedProx(mu=0.1) non_iid_label [3N] {group},group,heterogeneous,fl,fedprox_0.1,non_iid_label,node_c,selected_test_roc_auc,3,0.9788165509259259,0.00723663996659913,0.9608397406785374,0.9967933611733144
group|fl|fedprox_0.1|non_iid_label|3|5|0.001|3,FedProx(mu=0.1) non_iid_label [3N] {group},group,heterogeneous,fl,fedprox_0.1,non_iid_label,node_c,selected_test_specificity,3,0.9758680555555556,0.016943768486061786,0.9337774012801627,1.0179587098309484
group|fl|fedprox_0.1|non_iid_label|3|5|0.001|3,FedProx(mu=0.1) non_iid_label [3N] {group},group,heterogeneous,fl,fedprox_0.1,non_iid_label,node_c,selected_test_tn,3,1873.6666666666667,32.53203549323856,1792.8526104579125,1954.480722875421
group|fl|fedprox_0.1|non_iid_label|3|5|0.001|3,FedProx(mu=0.1) non_iid_label [3N] {group},group,heterogeneous,fl,fedprox_0.1,non_iid_label,node_c,selected_test_tp,3,402.0,24.55605831561735,340.9993694862346,463.0006305137654
group|fl|fedprox_0.5|non_iid_label|3|5|0.001|3,FedProx(mu=0.5) non_iid_label [3N] {group},group,heterogeneous,fl,fedprox_0.5,non_iid_label,node_a,selected_test_accuracy,3,0.9886111111111111,0.0004811252243246992,0.9874159297972918,0.9898062924249305
group|fl|fedprox_0.5|non_iid_label|3|5|0.001|3,FedProx(mu=0.5) non_iid_label [3N] {group},group,heterogeneous,fl,fedprox_0.5,non_iid_label,node_a,selected_test_balanced_accuracy,3,0.9754340277777778,0.001919561144747911,0.9706655735480989,0.9802024820074566
group|fl|fedprox_0.5|non_iid_label|3|5|0.001|3,FedProx(mu=0.5) non_iid_label [3N] {group},group,heterogeneous,fl,fedprox_0.5,non_iid_label,node_a,selected_test_f1,3,0.9929140766218524,0.00029418245672368994,0.9921832868869697,0.9936448663567351
group|fl|fedprox_0.5|non_iid_label|3|5|0.001|3,FedProx(mu=0.5) non_iid_label [3N] {group},group,heterogeneous,fl,fedprox_0.5,non_iid_label,node_a,selected_test_fn,3,5.0,1.0,2.5158622882496697,7.48413771175033
group|fl|fedprox_0.5|non_iid_label|3|5|0.001|3,FedProx(mu=0.5) non_iid_label [3N] {group},group,heterogeneous,fl,fedprox_0.5,non_iid_label,node_a,selected_test_fp,3,22.333333333333332,2.081665999466133,17.162188320791067,27.504478345875597
group|fl|fedprox_0.5|non_iid_label|3|5|0.001|3,FedProx(mu=0.5) non_iid_label [3N] {group},group,heterogeneous,fl,fedprox_0.5,non_iid_label,node_a,selected_test_loss,3,0.09718634942960408,0.027398672906066984,0.029124272811731078,0.16524842604747708
group|fl|fedprox_0.5|non_iid_label|3|5|0.001|3,FedProx(mu=0.5) non_iid_label [3N] {group},group,heterogeneous,fl,fedprox_0.5,non_iid_label,node_a,selected_test_macro_f1,3,0.98195781009206,0.0008029425598771503,0.9799631901986998,0.9839524299854201
group|fl|fedprox_0.5|non_iid_label|3|5|0.001|3,FedProx(mu=0.5) non_iid_label [3N] {group},group,heterogeneous,fl,fedprox_0.5,non_iid_label,node_a,selected_test_macro_precision,3,0.9888376666352654,0.0005603496998640376,0.9874456808140651,0.9902296524564657
group|fl|fedprox_0.5|non_iid_label|3|5|0.001|3,FedProx(mu=0.5) non_iid_label [3N] {group},group,heterogeneous,fl,fedprox_0.5,non_iid_label,node_a,selected_test_macro_recall,3,0.9754340277777778,0.001919561144747911,0.9706655735480989,0.9802024820074566
group|fl|fedprox_0.5|non_iid_label|3|5|0.001|3,FedProx(mu=0.5) non_iid_label [3N] {group},group,heterogeneous,fl,fedprox_0.5,non_iid_label,node_a,selected_test_macro_specificity,3,0.9754340277777778,0.001919561144747911,0.9706655735480989,0.9802024820074566
group|fl|fedprox_0.5|non_iid_label|3|5|0.001|3,FedProx(mu=0.5) non_iid_label [3N] {group},group,heterogeneous,fl,fedprox_0.5,non_iid_label,node_a,selected_test_mcc,3,0.9641765072587672,0.0015233643458684985,0.9603922604384595,0.967960754079075
group|fl|fedprox_0.5|non_iid_label|3|5|0.001|3,FedProx(mu=0.5) non_iid_label [3N] {group},group,heterogeneous,fl,fedprox_0.5,non_iid_label,node_a,selected_test_n_examples,3,2400.0,0.0,2400.0,2400.0
group|fl|fedprox_0.5|non_iid_label|3|5|0.001|3,FedProx(mu=0.5) non_iid_label [3N] {group},group,heterogeneous,fl,fedprox_0.5,non_iid_label,node_a,selected_test_precision,3,0.9884732330962342,0.0010570605025928775,0.9858473492381415,0.991099116954327
group|fl|fedprox_0.5|non_iid_label|3|5|0.001|3,FedProx(mu=0.5) non_iid_label [3N] {group},group,heterogeneous,fl,fedprox_0.5,non_iid_label,node_a,selected_test_recall,3,0.9973958333333334,0.0005208333333333592,0.9961020116084633,0.9986896550582034
group|fl|fedprox_0.5|non_iid_label|3|5|0.001|3,FedProx(mu=0.5) non_iid_label [3N] {group},group,heterogeneous,fl,fedprox_0.5,non_iid_label,node_a,selected_test_roc_auc,3,0.9992491319444444,0.0006177819797851903,0.9977144764308202,1.0007837874580685
group|fl|fedprox_0.5|non_iid_label|3|5|0.001|3,FedProx(mu=0.5) non_iid_label [3N] {group},group,heterogeneous,fl,fedprox_0.5,non_iid_label,node_a,selected_test_specificity,3,0.9534722222222222,0.00433680416555449,0.9426990034460924,0.964245440998352
group|fl|fedprox_0.5|non_iid_label|3|5|0.001|3,FedProx(mu=0.5) non_iid_label [3N] {group},group,heterogeneous,fl,fedprox_0.5,non_iid_label,node_a,selected_test_tn,3,457.6666666666667,2.0816659994661326,452.49552165412445,462.8378116792089
group|fl|fedprox_0.5|non_iid_label|3|5|0.001|3,FedProx(mu=0.5) non_iid_label [3N] {group},group,heterogeneous,fl,fedprox_0.5,non_iid_label,node_a,selected_test_tp,3,1915.0,1.0,1912.5158622882498,1917.4841377117502
group|fl|fedprox_0.5|non_iid_label|3|5|0.001|3,FedProx(mu=0.5) non_iid_label [3N] {group},group,heterogeneous,fl,fedprox_0.5,non_iid_label,node_b,selected_test_accuracy,3,0.9253544620517098,0.02434805767638866,0.8648705337699206,0.985838390333499
group|fl|fedprox_0.5|non_iid_label|3|5|0.001|3,FedProx(mu=0.5) non_iid_label [3N] {group},group,heterogeneous,fl,fedprox_0.5,non_iid_label,node_b,selected_test_balanced_accuracy,3,0.7818397783514777,0.0065252797297493175,0.7656300848950874,0.7980494718078679
group|fl|fedprox_0.5|non_iid_label|3|5|0.001|3,FedProx(mu=0.5) non_iid_label [3N] {group},group,heterogeneous,fl,fedprox_0.5,non_iid_label,node_b,selected_test_f1,3,0.958095389999114,0.014464121906935355,0.9221645193027418,0.9940262606954863
group|fl|fedprox_0.5|non_iid_label|3|5|0.001|3,FedProx(mu=0.5) non_iid_label [3N] {group},group,heterogeneous,fl,fedprox_0.5,non_iid_label,node_b,selected_test_fn,3,67.33333333333333,65.6226586883931,-95.68238785982443,230.3490545264911
group|fl|fedprox_0.5|non_iid_label|3|5|0.001|3,FedProx(mu=0.5) non_iid_label [3N] {group},group,heterogeneous,fl,fedprox_0.5,non_iid_label,node_b,selected_test_fp,3,111.66666666666667,8.082903768654761,91.58762059450251,131.74571273883083
group|fl|fedprox_0.5|non_iid_label|3|5|0.001|3,FedProx(mu=0.5) non_iid_label [3N] {group},group,heterogeneous,fl,fedprox_0.5,non_iid_label,node_b,selected_test_loss,3,0.20027691859224786,0.05116574988544124,0.07317414975183814,0.32737968743265755
group|fl|fedprox_0.5|non_iid_label|3|5|0.001|3,FedProx(mu=0.5) non_iid_label [3N] {group},group,heterogeneous,fl,fedprox_0.5,non_iid_label,node_b,selected_test_macro_f1,3,0.805606773460546,0.03769018012702328,0.7119791756443447,0.8992343712767473
group|fl|fedprox_0.5|non_iid_label|3|5|0.001|3,FedProx(mu=0.5) non_iid_label [3N] {group},group,heterogeneous,fl,fedprox_0.5,non_iid_label,node_b,selected_test_macro_precision,3,0.8469495080742618,0.08538265135384036,0.6348472439169566,1.059051772231567
group|fl|fedprox_0.5|non_iid_label|3|5|0.001|3,FedProx(mu=0.5) non_iid_label [3N] {group},group,heterogeneous,fl,fedprox_0.5,non_iid_label,node_b,selected_test_macro_recall,3,0.7818397783514777,0.0065252797297493175,0.7656300848950874,0.7980494718078679
group|fl|fedprox_0.5|non_iid_label|3|5|0.001|3,FedProx(mu=0.5) non_iid_label [3N] {group},group,heterogeneous,fl,fedprox_0.5,non_iid_label,node_b,selected_test_macro_specificity,3,0.7818397783514777,0.0065252797297493175,0.7656300848950874,0.7980494718078679
group|fl|fedprox_0.5|non_iid_label|3|5|0.001|3,FedProx(mu=0.5) non_iid_label [3N] {group},group,heterogeneous,fl,fedprox_0.5,non_iid_label,node_b,selected_test_mcc,3,0.6221748360481346,0.08319542450877807,0.41550594458080137,0.8288437275154679
group|fl|fedprox_0.5|non_iid_label|3|5|0.001|3,FedProx(mu=0.5) non_iid_label [3N] {group},group,heterogeneous,fl,fedprox_0.5,non_iid_label,node_b,selected_test_n_examples,3,2398.0,0.0,2398.0,2398.0
group|fl|fedprox_0.5|non_iid_label|3|5|0.001|3,FedProx(mu=0.5) non_iid_label [3N] {group},group,heterogeneous,fl,fedprox_0.5,non_iid_label,node_b,selected_test_precision,3,0.9484930140358815,0.00223261597988521,0.9429468884843922,0.9540391395873707
group|fl|fedprox_0.5|non_iid_label|3|5|0.001|3,FedProx(mu=0.5) non_iid_label [3N] {group},group,heterogeneous,fl,fedprox_0.5,non_iid_label,node_b,selected_test_recall,3,0.9682689286836318,0.030924909843729077,0.8914471939083454,1.045090663458918
group|fl|fedprox_0.5|non_iid_label|3|5|0.001|3,FedProx(mu=0.5) non_iid_label [3N] {group},group,heterogeneous,fl,fedprox_0.5,non_iid_label,node_b,selected_test_roc_auc,3,0.9518530280885319,0.03097236211533968,0.8749134153358293,1.0287926408412345
group|fl|fedprox_0.5|non_iid_label|3|5|0.001|3,FedProx(mu=0.5) non_iid_label [3N] {group},group,heterogeneous,fl,fedprox_0.5,non_iid_label,node_b,selected_test_specificity,3,0.5954106280193238,0.029285883219763647,0.5226604610911927,0.6681607949474548
group|fl|fedprox_0.5|non_iid_label|3|5|0.001|3,FedProx(mu=0.5) non_iid_label [3N] {group},group,heterogeneous,fl,fedprox_0.5,non_iid_label,node_b,selected_test_tn,3,164.33333333333334,8.082903768654761,144.2542872611692,184.4123794054975
group|fl|fedprox_0.5|non_iid_label|3|5|0.001|3,FedProx(mu=0.5) non_iid_label [3N] {group},group,heterogeneous,fl,fedprox_0.5,non_iid_label,node_b,selected_test_tp,3,2054.6666666666665,65.6226586883931,1891.6509454735087,2217.6823878598243
group|fl|fedprox_0.5|non_iid_label|3|5|0.001|3,FedProx(mu=0.5) non_iid_label [3N] {group},group,heterogeneous,fl,fedprox_0.5,non_iid_label,node_c,selected_test_accuracy,3,0.80625,0.03518798721786238,0.7188381939515195,0.8936618060484806
group|fl|fedprox_0.5|non_iid_label|3|5|0.001|3,FedProx(mu=0.5) non_iid_label [3N] {group},group,heterogeneous,fl,fedprox_0.5,non_iid_label,node_c,selected_test_balanced_accuracy,3,0.8302083333333333,0.0700607956168446,0.6561676688262974,1.0042489978403693
group|fl|fedprox_0.5|non_iid_label|3|5|0.001|3,FedProx(mu=0.5) non_iid_label [3N] {group},group,heterogeneous,fl,fedprox_0.5,non_iid_label,node_c,selected_test_f1,3,0.6407198180885997,0.07660650848413789,0.4504187013976311,0.8310209347795683
group|fl|fedprox_0.5|non_iid_label|3|5|0.001|3,FedProx(mu=0.5) non_iid_label [3N] {group},group,heterogeneous,fl,fedprox_0.5,non_iid_label,node_c,selected_test_fn,3,62.333333333333336,65.04101270224298,-99.2374991307407,223.9041657974074
group|fl|fedprox_0.5|non_iid_label|3|5|0.001|3,FedProx(mu=0.5) non_iid_label [3N] {group},group,heterogeneous,fl,fedprox_0.5,non_iid_label,node_c,selected_test_fp,3,402.6666666666667,48.003472096644565,283.41943133643724,521.9139019968961
group|fl|fedprox_0.5|non_iid_label|3|5|0.001|3,FedProx(mu=0.5) non_iid_label [3N] {group},group,heterogeneous,fl,fedprox_0.5,non_iid_label,node_c,selected_test_loss,3,0.3713746089653836,0.024481122374447172,0.3105601296490446,0.4321890882817226
group|fl|fedprox_0.5|non_iid_label|3|5|0.001|3,FedProx(mu=0.5) non_iid_label [3N] {group},group,heterogeneous,fl,fedprox_0.5,non_iid_label,node_c,selected_test_macro_f1,3,0.7539538793574257,0.04917639261760019,0.6317929479282046,0.8761148107866469
group|fl|fedprox_0.5|non_iid_label|3|5|0.001|3,FedProx(mu=0.5) non_iid_label [3N] {group},group,heterogeneous,fl,fedprox_0.5,non_iid_label,node_c,selected_test_macro_precision,3,0.7347913747382496,0.044239488295655174,0.6248943935144753,0.844688355962024
group|fl|fedprox_0.5|non_iid_label|3|5|0.001|3,FedProx(mu=0.5) non_iid_label [3N] {group},group,heterogeneous,fl,fedprox_0.5,non_iid_label,node_c,selected_test_macro_recall,3,0.8302083333333333,0.0700607956168446,0.6561676688262974,1.0042489978403693
group|fl|fedprox_0.5|non_iid_label|3|5|0.001|3,FedProx(mu=0.5) non_iid_label [3N] {group},group,heterogeneous,fl,fedprox_0.5,non_iid_label,node_c,selected_test_macro_specificity,3,0.8302083333333333,0.0700607956168446,0.6561676688262974,1.0042489978403693
group|fl|fedprox_0.5|non_iid_label|3|5|0.001|3,FedProx(mu=0.5) non_iid_label [3N] {group},group,heterogeneous,fl,fedprox_0.5,non_iid_label,node_c,selected_test_mcc,3,0.5567998754519813,0.11122888893481156,0.2804919978129269,0.8331077530910357
group|fl|fedprox_0.5|non_iid_label|3|5|0.001|3,FedProx(mu=0.5) non_iid_label [3N] {group},group,heterogeneous,fl,fedprox_0.5,non_iid_label,node_c,selected_test_n_examples,3,2400.0,0.0,2400.0,2400.0
group|fl|fedprox_0.5|non_iid_label|3|5|0.001|3,FedProx(mu=0.5) non_iid_label [3N] {group},group,heterogeneous,fl,fedprox_0.5,non_iid_label,node_c,selected_test_precision,3,0.508072546705843,0.053213339333662416,0.375883283698925,0.640261809712761
group|fl|fedprox_0.5|non_iid_label|3|5|0.001|3,FedProx(mu=0.5) non_iid_label [3N] {group},group,heterogeneous,fl,fedprox_0.5,non_iid_label,node_c,selected_test_recall,3,0.8701388888888889,0.13550210979633956,0.533532987922068,1.2067447898557098
group|fl|fedprox_0.5|non_iid_label|3|5|0.001|3,FedProx(mu=0.5) non_iid_label [3N] {group},group,heterogeneous,fl,fedprox_0.5,non_iid_label,node_c,selected_test_roc_auc,3,0.9152184606481483,0.02628706426995929,0.8499177729639378,0.9805191483323588
group|fl|fedprox_0.5|non_iid_label|3|5|0.001|3,FedProx(mu=0.5) non_iid_label [3N] {group},group,heterogeneous,fl,fedprox_0.5,non_iid_label,node_c,selected_test_specificity,3,0.7902777777777777,0.025001808383669014,0.72816984270995,0.8523857128456055
group|fl|fedprox_0.5|non_iid_label|3|5|0.001|3,FedProx(mu=0.5) non_iid_label [3N] {group},group,heterogeneous,fl,fedprox_0.5,non_iid_label,node_c,selected_test_tn,3,1517.3333333333333,48.003472096644565,1398.0860980031039,1636.5805686635626
group|fl|fedprox_0.5|non_iid_label|3|5|0.001|3,FedProx(mu=0.5) non_iid_label [3N] {group},group,heterogeneous,fl,fedprox_0.5,non_iid_label,node_c,selected_test_tp,3,417.6666666666667,65.041012702243,256.09583420259264,579.2374991307407
group|fl|fedavg|non_iid_label_sub0.01|3|5|0.001|3,FedAvg non_iid_label_sub0.01 [3N] {group},group,heterogeneous,fl,fedavg,non_iid_label_sub0.01,node_a,selected_test_accuracy,3,0.9654166666666667,0.0336108241493719,0.8819227508742032,1.04891058245913
group|fl|fedavg|non_iid_label_sub0.01|3|5|0.001|3,FedAvg non_iid_label_sub0.01 [3N] {group},group,heterogeneous,fl,fedavg,non_iid_label_sub0.01,node_a,selected_test_balanced_accuracy,3,0.9169270833333334,0.0866600777493353,0.7016515160929939,1.1322026505736729
group|fl|fedavg|non_iid_label_sub0.01|3|5|0.001|3,FedAvg non_iid_label_sub0.01 [3N] {group},group,heterogeneous,fl,fedavg,non_iid_label_sub0.01,node_a,selected_test_f1,3,0.9790910556697193,0.019896320316250115,0.9296658560470582,1.0285162552923806
group|fl|fedavg|non_iid_label_sub0.01|3|5|0.001|3,FedAvg non_iid_label_sub0.01 [3N] {group},group,heterogeneous,fl,fedavg,non_iid_label_sub0.01,node_a,selected_test_fn,3,4.333333333333333,6.658328118479393,-12.20687064298895,20.873537309655614
group|fl|fedavg|non_iid_label_sub0.01|3|5|0.001|3,FedAvg non_iid_label_sub0.01 [3N] {group},group,heterogeneous,fl,fedavg,non_iid_label_sub0.01,node_a,selected_test_fp,3,78.66666666666667,84.08527417647713,-130.21273391798638,287.5460672513197
group|fl|fedavg|non_iid_label_sub0.01|3|5|0.001|3,FedAvg non_iid_label_sub0.01 [3N] {group},group,heterogeneous,fl,fedavg,non_iid_label_sub0.01,node_a,selected_test_loss,3,0.09489143378892634,0.05614552008799567,-0.04458177000749941,0.2343646375853521
group|fl|fedavg|non_iid_label_sub0.01|3|5|0.001|3,FedAvg non_iid_label_sub0.01 [3N] {group},group,heterogeneous,fl,fedavg,non_iid_label_sub0.01,node_a,selected_test_macro_f1,3,0.9391879060020738,0.06336749615169392,0.7817743191124571,1.0966014928916905
group|fl|fedavg|non_iid_label_sub0.01|3|5|0.001|3,FedAvg non_iid_label_sub0.01 [3N] {group},group,heterogeneous,fl,fedavg,non_iid_label_sub0.01,node_a,selected_test_macro_precision,3,0.9760758404001842,0.01728939290826136,0.9331266074635035,1.019025073336865
group|fl|fedavg|non_iid_label_sub0.01|3|5|0.001|3,FedAvg non_iid_label_sub0.01 [3N] {group},group,heterogeneous,fl,fedavg,non_iid_label_sub0.01,node_a,selected_test_macro_recall,3,0.9169270833333334,0.0866600777493353,0.7016515160929939,1.1322026505736729
group|fl|fedavg|non_iid_label_sub0.01|3|5|0.001|3,FedAvg non_iid_label_sub0.01 [3N] {group},group,heterogeneous,fl,fedavg,non_iid_label_sub0.01,node_a,selected_test_macro_specificity,3,0.9169270833333334,0.0866600777493353,0.7016515160929939,1.1322026505736729
group|fl|fedavg|non_iid_label_sub0.01|3|5|0.001|3,FedAvg non_iid_label_sub0.01 [3N] {group},group,heterogeneous,fl,fedavg,non_iid_label_sub0.01,node_a,selected_test_mcc,3,0.8886109517459654,0.11030887476256566,0.6145885160075317,1.162633387484399
group|fl|fedavg|non_iid_label_sub0.01|3|5|0.001|3,FedAvg non_iid_label_sub0.01 [3N] {group},group,heterogeneous,fl,fedavg,non_iid_label_sub0.01,node_a,selected_test_n_examples,3,2400.0,0.0,2400.0,2400.0
group|fl|fedavg|non_iid_label_sub0.01|3|5|0.001|3,FedAvg non_iid_label_sub0.01 [3N] {group},group,heterogeneous,fl,fedavg,non_iid_label_sub0.01,node_a,selected_test_precision,3,0.961715581690291,0.03957238880949518,0.8634123183045773,1.0600188450760049
group|fl|fedavg|non_iid_label_sub0.01|3|5|0.001|3,FedAvg non_iid_label_sub0.01 [3N] {group},group,heterogeneous,fl,fedavg,non_iid_label_sub0.01,node_a,selected_test_recall,3,0.9977430555555555,0.0034678792283746786,0.9891283659845543,1.0063577451265566
group|fl|fedavg|non_iid_label_sub0.01|3|5|0.001|3,FedAvg non_iid_label_sub0.01 [3N] {group},group,heterogeneous,fl,fedavg,non_iid_label_sub0.01,node_a,selected_test_roc_auc,3,0.9981637008101852,0.0011027558859883204,0.995424303326947,1.0009030982934235
group|fl|fedavg|non_iid_label_sub0.01|3|5|0.001|3,FedAvg non_iid_label_sub0.01 [3N] {group},group,heterogeneous,fl,fedavg,non_iid_label_sub0.01,node_a,selected_test_specificity,3,0.8361111111111111,0.1751776545343274,0.4009456932264172,1.271276528995805
group|fl|fedavg|non_iid_label_sub0.01|3|5|0.001|3,FedAvg non_iid_label_sub0.01 [3N] {group},group,heterogeneous,fl,fedavg,non_iid_label_sub0.01,node_a,selected_test_tn,3,401.3333333333333,84.08527417647714,192.45393274868024,610.2127339179864
group|fl|fedavg|non_iid_label_sub0.01|3|5|0.001|3,FedAvg non_iid_label_sub0.01 [3N] {group},group,heterogeneous,fl,fedavg,non_iid_label_sub0.01,node_a,selected_test_tp,3,1915.6666666666667,6.6583281184793925,1899.1264626903444,1932.206870642989
group|fl|fedavg|non_iid_label_sub0.01|3|5|0.001|3,FedAvg non_iid_label_sub0.01 [3N] {group},group,heterogeneous,fl,fedavg,non_iid_label_sub0.01,node_b,selected_test_accuracy,3,0.9243814289685849,0.015386259774280452,0.8861598408205077,0.9626030171166621
group|fl|fedavg|non_iid_label_sub0.01|3|5|0.001|3,FedAvg non_iid_label_sub0.01 [3N] {group},group,heterogeneous,fl,fedavg,non_iid_label_sub0.01,node_b,selected_test_balanced_accuracy,3,0.6977637084693594,0.07365999464479703,0.5147821379248918,0.880745279013827
group|fl|fedavg|non_iid_label_sub0.01|3|5|0.001|3,FedAvg non_iid_label_sub0.01 [3N] {group},group,heterogeneous,fl,fedavg,non_iid_label_sub0.01,node_b,selected_test_f1,3,0.9587674240473628,0.007941807319018014,0.9390388809867354,0.9784959671079902
group|fl|fedavg|non_iid_label_sub0.01|3|5|0.001|3,FedAvg non_iid_label_sub0.01 [3N] {group},group,heterogeneous,fl,fedavg,non_iid_label_sub0.01,node_b,selected_test_fn,3,16.666666666666668,5.131601439446884,3.919062009264385,29.41427132406895
group|fl|fedavg|non_iid_label_sub0.01|3|5|0.001|3,FedAvg non_iid_label_sub0.01 [3N] {group},group,heterogeneous,fl,fedavg,non_iid_label_sub0.01,node_b,selected_test_fp,3,164.66666666666666,41.23509831846328,62.23300388603941,267.1003294472939
group|fl|fedavg|non_iid_label_sub0.01|3|5|0.001|3,FedAvg non_iid_label_sub0.01 [3N] {group},group,heterogeneous,fl,fedavg,non_iid_label_sub0.01,node_b,selected_test_loss,3,0.27852819986477034,0.06795875139943601,0.10970930266996584,0.44734709705957487
group|fl|fedavg|non_iid_label_sub0.01|3|5|0.001|3,FedAvg non_iid_label_sub0.01 [3N] {group},group,heterogeneous,fl,fedavg,non_iid_label_sub0.01,node_b,selected_test_macro_f1,3,0.7492619603578312,0.0795293368608323,0.5517001354713421,0.9468237852443203
group|fl|fedavg|non_iid_label_sub0.01|3|5|0.001|3,FedAvg non_iid_label_sub0.01 [3N] {group},group,heterogeneous,fl,fedavg,non_iid_label_sub0.01,node_b,selected_test_macro_precision,3,0.8972268319337465,0.016528013817718294,0.8561689695088219,0.9382846943586711
group|fl|fedavg|non_iid_label_sub0.01|3|5|0.001|3,FedAvg non_iid_label_sub0.01 [3N] {group},group,heterogeneous,fl,fedavg,non_iid_label_sub0.01,node_b,selected_test_macro_recall,3,0.6977637084693594,0.07365999464479703,0.5147821379248918,0.880745279013827
group|fl|fedavg|non_iid_label_sub0.01|3|5|0.001|3,FedAvg non_iid_label_sub0.01 [3N] {group},group,heterogeneous,fl,fedavg,non_iid_label_sub0.01,node_b,selected_test_macro_specificity,3,0.6977637084693594,0.07365999464479703,0.5147821379248918,0.880745279013827
group|fl|fedavg|non_iid_label_sub0.01|3|5|0.001|3,FedAvg non_iid_label_sub0.01 [3N] {group},group,heterogeneous,fl,fedavg,non_iid_label_sub0.01,node_b,selected_test_mcc,3,0.5544920361513209,0.12079046159043504,0.2544318952947915,0.8545521770078504
group|fl|fedavg|non_iid_label_sub0.01|3|5|0.001|3,FedAvg non_iid_label_sub0.01 [3N] {group},group,heterogeneous,fl,fedavg,non_iid_label_sub0.01,node_b,selected_test_n_examples,3,2398.0,0.0,2398.0,2398.0
group|fl|fedavg|non_iid_label_sub0.01|3|5|0.001|3,FedAvg non_iid_label_sub0.01 [3N] {group},group,heterogeneous,fl,fedavg,non_iid_label_sub0.01,node_b,selected_test_precision,3,0.9276815204190698,0.01655861296616365,0.8865476454955447,0.968815395342595
group|fl|fedavg|non_iid_label_sub0.01|3|5|0.001|3,FedAvg non_iid_label_sub0.01 [3N] {group},group,heterogeneous,fl,fedavg,non_iid_label_sub0.01,node_b,selected_test_recall,3,0.9921457744266414,0.0024182853154791966,0.9861384206766876,0.9981531281765953
group|fl|fedavg|non_iid_label_sub0.01|3|5|0.001|3,FedAvg non_iid_label_sub0.01 [3N] {group},group,heterogeneous,fl,fedavg,non_iid_label_sub0.01,node_b,selected_test_roc_auc,3,0.8634497352329177,0.07087956016445586,0.6873751468361164,1.039524323629719
group|fl|fedavg|non_iid_label_sub0.01|3|5|0.001|3,FedAvg non_iid_label_sub0.01 [3N] {group},group,heterogeneous,fl,fedavg,non_iid_label_sub0.01,node_b,selected_test_specificity,3,0.4033816425120773,0.14940253013935972,0.03224518316197855,0.7745181018621761
group|fl|fedavg|non_iid_label_sub0.01|3|5|0.001|3,FedAvg non_iid_label_sub0.01 [3N] {group},group,heterogeneous,fl,fedavg,non_iid_label_sub0.01,node_b,selected_test_tn,3,111.33333333333333,41.23509831846328,8.899670552706084,213.76699611396057
group|fl|fedavg|non_iid_label_sub0.01|3|5|0.001|3,FedAvg non_iid_label_sub0.01 [3N] {group},group,heterogeneous,fl,fedavg,non_iid_label_sub0.01,node_b,selected_test_tp,3,2105.3333333333335,5.131601439446884,2092.585728675931,2118.080937990736
group|fl|fedavg|non_iid_label_sub0.01|3|5|0.001|3,FedAvg non_iid_label_sub0.01 [3N] {group},group,heterogeneous,fl,fedavg,non_iid_label_sub0.01,node_c,selected_test_accuracy,3,0.7266666666666666,0.20687783230689555,0.21275364170794653,1.2405796916253866
group|fl|fedavg|non_iid_label_sub0.01|3|5|0.001|3,FedAvg non_iid_label_sub0.01 [3N] {group},group,heterogeneous,fl,fedavg,non_iid_label_sub0.01,node_c,selected_test_balanced_accuracy,3,0.7638020833333333,0.12518622196260593,0.45282226836447653,1.0747818983021902
group|fl|fedavg|non_iid_label_sub0.01|3|5|0.001|3,FedAvg non_iid_label_sub0.01 [3N] {group},group,heterogeneous,fl,fedavg,non_iid_label_sub0.01,node_c,selected_test_f1,3,0.5762742085086341,0.17484000940597863,0.1419475476204602,1.010600869396808
group|fl|fedavg|non_iid_label_sub0.01|3|5|0.001|3,FedAvg non_iid_label_sub0.01 [3N] {group},group,heterogeneous,fl,fedavg,non_iid_label_sub0.01,node_c,selected_test_fn,3,83.66666666666667,119.87632515777806,-214.12263340381463,381.455966737148
group|fl|fedavg|non_iid_label_sub0.01|3|5|0.001|3,FedAvg non_iid_label_sub0.01 [3N] {group},group,heterogeneous,fl,fedavg,non_iid_label_sub0.01,node_c,selected_test_fp,3,572.3333333333334,556.0074939542932,-808.8658504143201,1953.532517080987
group|fl|fedavg|non_iid_label_sub0.01|3|5|0.001|3,FedAvg non_iid_label_sub0.01 [3N] {group},group,heterogeneous,fl,fedavg,non_iid_label_sub0.01,node_c,selected_test_loss,3,0.6150307863272205,0.37521255431545303,-0.3170488697699654,1.5471104424244064
group|fl|fedavg|non_iid_label_sub0.01|3|5|0.001|3,FedAvg non_iid_label_sub0.01 [3N] {group},group,heterogeneous,fl,fedavg,non_iid_label_sub0.01,node_c,selected_test_macro_f1,3,0.6774488210436251,0.18100158378117714,0.2278159608862661,1.127081681200984
group|fl|fedavg|non_iid_label_sub0.01|3|5|0.001|3,FedAvg non_iid_label_sub0.01 [3N] {group},group,heterogeneous,fl,fedavg,non_iid_label_sub0.01,node_c,selected_test_macro_precision,3,0.7160371710178487,0.09327405862304632,0.48433156446432823,0.9477427775713692
group|fl|fedavg|non_iid_label_sub0.01|3|5|0.001|3,FedAvg non_iid_label_sub0.01 [3N] {group},group,heterogeneous,fl,fedavg,non_iid_label_sub0.01,node_c,selected_test_macro_recall,3,0.7638020833333333,0.12518622196260593,0.45282226836447653,1.0747818983021902
group|fl|fedavg|non_iid_label_sub0.01|3|5|0.001|3,FedAvg non_iid_label_sub0.01 [3N] {group},group,heterogeneous,fl,fedavg,non_iid_label_sub0.01,node_c,selected_test_macro_specificity,3,0.7638020833333333,0.12518622196260593,0.45282226836447653,1.0747818983021902
group|fl|fedavg|non_iid_label_sub0.01|3|5|0.001|3,FedAvg non_iid_label_sub0.01 [3N] {group},group,heterogeneous,fl,fedavg,non_iid_label_sub0.01,node_c,selected_test_mcc,3,0.4770904440213484,0.21565759270499157,-0.058632714842414,1.012813602885111
group|fl|fedavg|non_iid_label_sub0.01|3|5|0.001|3,FedAvg non_iid_label_sub0.01 [3N] {group},group,heterogeneous,fl,fedavg,non_iid_label_sub0.01,node_c,selected_test_n_examples,3,2400.0,0.0,2400.0,2400.0
group|fl|fedavg|non_iid_label_sub0.01|3|5|0.001|3,FedAvg non_iid_label_sub0.01 [3N] {group},group,heterogeneous,fl,fedavg,non_iid_label_sub0.01,node_c,selected_test_precision,3,0.4772713382342011,0.18805597113287106,0.010114408423204657,0.9444282680451975
group|fl|fedavg|non_iid_label_sub0.01|3|5|0.001|3,FedAvg non_iid_label_sub0.01 [3N] {group},group,heterogeneous,fl,fedavg,non_iid_label_sub0.01,node_c,selected_test_recall,3,0.8256944444444444,0.24974234407870433,0.20530006929760825,1.4460888195912807
group|fl|fedavg|non_iid_label_sub0.01|3|5|0.001|3,FedAvg non_iid_label_sub0.01 [3N] {group},group,heterogeneous,fl,fedavg,non_iid_label_sub0.01,node_c,selected_test_roc_auc,3,0.8581336805555555,0.12647136697643604,0.5439613883927754,1.1723059727183356
group|fl|fedavg|non_iid_label_sub0.01|3|5|0.001|3,FedAvg non_iid_label_sub0.01 [3N] {group},group,heterogeneous,fl,fedavg,non_iid_label_sub0.01,node_c,selected_test_specificity,3,0.7019097222222221,0.28958723643452766,-0.01746485264634723,1.4212842970907915
group|fl|fedavg|non_iid_label_sub0.01|3|5|0.001|3,FedAvg non_iid_label_sub0.01 [3N] {group},group,heterogeneous,fl,fedavg,non_iid_label_sub0.01,node_c,selected_test_tn,3,1347.6666666666667,556.0074939542932,-33.532517080986736,2728.8658504143204
group|fl|fedavg|non_iid_label_sub0.01|3|5|0.001|3,FedAvg non_iid_label_sub0.01 [3N] {group},group,heterogeneous,fl,fedavg,non_iid_label_sub0.01,node_c,selected_test_tp,3,396.3333333333333,119.87632515777806,98.544033262852,694.1226334038147
group|fl|fedprox_0.01|non_iid_label_sub0.01|3|5|0.001|3,FedProx(mu=0.01) non_iid_label_sub0.01 [3N] {group},group,heterogeneous,fl,fedprox_0.01,non_iid_label_sub0.01,node_a,selected_test_accuracy,3,0.9870833333333332,0.006705615391429634,0.9704256612589894,1.003741005407677
group|fl|fedprox_0.01|non_iid_label_sub0.01|3|5|0.001|3,FedProx(mu=0.01) non_iid_label_sub0.01 [3N] {group},group,heterogeneous,fl,fedprox_0.01,non_iid_label_sub0.01,node_a,selected_test_balanced_accuracy,3,0.9692708333333333,0.0175177396446272,0.9257543556574911,1.0127873110091756
group|fl|fedprox_0.01|non_iid_label_sub0.01|3|5|0.001|3,FedProx(mu=0.01) non_iid_label_sub0.01 [3N] {group},group,heterogeneous,fl,fedprox_0.01,non_iid_label_sub0.01,node_a,selected_test_f1,3,0.991996286348417,0.0041323582784002656,0.9817309393105792,1.0022616333862548
group|fl|fedprox_0.01|non_iid_label_sub0.01|3|5|0.001|3,FedProx(mu=0.01) non_iid_label_sub0.01 [3N] {group},group,heterogeneous,fl,fedprox_0.01,non_iid_label_sub0.01,node_a,selected_test_fn,3,2.0,1.0,-0.48413771175033027,4.48413771175033
group|fl|fedprox_0.01|non_iid_label_sub0.01|3|5|0.001|3,FedProx(mu=0.01) non_iid_label_sub0.01 [3N] {group},group,heterogeneous,fl,fedprox_0.01,non_iid_label_sub0.01,node_a,selected_test_fp,3,29.0,17.05872210923198,-13.37621490581229,71.37621490581229
group|fl|fedprox_0.01|non_iid_label_sub0.01|3|5|0.001|3,FedProx(mu=0.01) non_iid_label_sub0.01 [3N] {group},group,heterogeneous,fl,fedprox_0.01,non_iid_label_sub0.01,node_a,selected_test_loss,3,0.12179023454300679,0.10680574141855384,-0.14352993554627697,0.3871104046322906
group|fl|fedprox_0.01|non_iid_label_sub0.01|3|5|0.001|3,FedProx(mu=0.01) non_iid_label_sub0.01 [3N] {group},group,heterogeneous,fl,fedprox_0.01,non_iid_label_sub0.01,node_a,selected_test_macro_f1,3,0.979270723184866,0.01094454869094753,0.9520829570435955,1.0064584893261364
group|fl|fedprox_0.01|non_iid_label_sub0.01|3|5|0.001|3,FedProx(mu=0.01) non_iid_label_sub0.01 [3N] {group},group,heterogeneous,fl,fedprox_0.01,non_iid_label_sub0.01,node_a,selected_test_macro_precision,3,0.9903977093900798,0.003372491075611355,0.9820199771266122,0.9987754416535474
group|fl|fedprox_0.01|non_iid_label_sub0.01|3|5|0.001|3,FedProx(mu=0.01) non_iid_label_sub0.01 [3N] {group},group,heterogeneous,fl,fedprox_0.01,non_iid_label_sub0.01,node_a,selected_test_macro_recall,3,0.9692708333333333,0.0175177396446272,0.9257543556574911,1.0127873110091756
group|fl|fedprox_0.01|non_iid_label_sub0.01|3|5|0.001|3,FedProx(mu=0.01) non_iid_label_sub0.01 [3N] {group},group,heterogeneous,fl,fedprox_0.01,non_iid_label_sub0.01,node_a,selected_test_macro_specificity,3,0.9692708333333333,0.0175177396446272,0.9257543556574911,1.0127873110091756
group|fl|fedprox_0.01|non_iid_label_sub0.01|3|5|0.001|3,FedProx(mu=0.01) non_iid_label_sub0.01 [3N] {group},group,heterogeneous,fl,fedprox_0.01,non_iid_label_sub0.01,node_a,selected_test_mcc,3,0.9593622586084223,0.02115374968905133,0.9068134312609231,1.0119110859559215
group|fl|fedprox_0.01|non_iid_label_sub0.01|3|5|0.001|3,FedProx(mu=0.01) non_iid_label_sub0.01 [3N] {group},group,heterogeneous,fl,fedprox_0.01,non_iid_label_sub0.01,node_a,selected_test_n_examples,3,2400.0,0.0,2400.0,2400.0
group|fl|fedprox_0.01|non_iid_label_sub0.01|3|5|0.001|3,FedProx(mu=0.01) non_iid_label_sub0.01 [3N] {group},group,heterogeneous,fl,fedprox_0.01,non_iid_label_sub0.01,node_a,selected_test_precision,3,0.9851587139307275,0.008656086596627454,0.9636558027798687,1.0066616250815863
group|fl|fedprox_0.01|non_iid_label_sub0.01|3|5|0.001|3,FedProx(mu=0.01) non_iid_label_sub0.01 [3N] {group},group,heterogeneous,fl,fedprox_0.01,non_iid_label_sub0.01,node_a,selected_test_recall,3,0.9989583333333334,0.0005208333333333592,0.9976645116084634,1.0002521550582035
group|fl|fedprox_0.01|non_iid_label_sub0.01|3|5|0.001|3,FedProx(mu=0.01) non_iid_label_sub0.01 [3N] {group},group,heterogeneous,fl,fedprox_0.01,non_iid_label_sub0.01,node_a,selected_test_roc_auc,3,0.9953247974537037,0.0035988258530583904,0.9863848184340993,1.0042647764733081
group|fl|fedprox_0.01|non_iid_label_sub0.01|3|5|0.001|3,FedProx(mu=0.01) non_iid_label_sub0.01 [3N] {group},group,heterogeneous,fl,fedprox_0.01,non_iid_label_sub0.01,node_a,selected_test_specificity,3,0.9395833333333332,0.03553900439423328,0.8512995522795577,1.0278671143871088
group|fl|fedprox_0.01|non_iid_label_sub0.01|3|5|0.001|3,FedProx(mu=0.01) non_iid_label_sub0.01 [3N] {group},group,heterogeneous,fl,fedprox_0.01,non_iid_label_sub0.01,node_a,selected_test_tn,3,451.0,17.05872210923198,408.6237850941877,493.3762149058123
group|fl|fedprox_0.01|non_iid_label_sub0.01|3|5|0.001|3,FedProx(mu=0.01) non_iid_label_sub0.01 [3N] {group},group,heterogeneous,fl,fedprox_0.01,non_iid_label_sub0.01,node_a,selected_test_tp,3,1918.0,1.0,1915.5158622882498,1920.4841377117502
group|fl|fedprox_0.01|non_iid_label_sub0.01|3|5|0.001|3,FedProx(mu=0.01) non_iid_label_sub0.01 [3N] {group},group,heterogeneous,fl,fedprox_0.01,non_iid_label_sub0.01,node_b,selected_test_accuracy,3,0.9385599110369753,0.0048691353595042815,0.9264643082668137,0.950655513807137
group|fl|fedprox_0.01|non_iid_label_sub0.01|3|5|0.001|3,FedProx(mu=0.01) non_iid_label_sub0.01 [3N] {group},group,heterogeneous,fl,fedprox_0.01,non_iid_label_sub0.01,node_b,selected_test_balanced_accuracy,3,0.7541046865822508,0.020914514810222214,0.702150151619217,0.8060592215452846
group|fl|fedprox_0.01|non_iid_label_sub0.01|3|5|0.001|3,FedProx(mu=0.01) non_iid_label_sub0.01 [3N] {group},group,heterogeneous,fl,fedprox_0.01,non_iid_label_sub0.01,node_b,selected_test_f1,3,0.9662485317458769,0.002586729722444863,0.9598227388922461,0.9726743245995076
group|fl|fedprox_0.01|non_iid_label_sub0.01|3|5|0.001|3,FedProx(mu=0.01) non_iid_label_sub0.01 [3N] {group},group,heterogeneous,fl,fedprox_0.01,non_iid_label_sub0.01,node_b,selected_test_fn,3,13.333333333333334,1.1547005383792517,10.464898180167026,16.201768486499642
group|fl|fedprox_0.01|non_iid_label_sub0.01|3|5|0.001|3,FedProx(mu=0.01) non_iid_label_sub0.01 [3N] {group},group,heterogeneous,fl,fedprox_0.01,non_iid_label_sub0.01,node_b,selected_test_fp,3,134.0,11.532562594670797,105.35152634545705,162.64847365454295
group|fl|fedprox_0.01|non_iid_label_sub0.01|3|5|0.001|3,FedProx(mu=0.01) non_iid_label_sub0.01 [3N] {group},group,heterogeneous,fl,fedprox_0.01,non_iid_label_sub0.01,node_b,selected_test_loss,3,0.2501291537357844,0.026675283532930767,0.18386407593999854,0.3163942315315703
group|fl|fedprox_0.01|non_iid_label_sub0.01|3|5|0.001|3,FedProx(mu=0.01) non_iid_label_sub0.01 [3N] {group},group,heterogeneous,fl,fedprox_0.01,non_iid_label_sub0.01,node_b,selected_test_macro_f1,3,0.8120185368542243,0.01939086802235513,0.7638489503363184,0.8601881233721302
group|fl|fedprox_0.01|non_iid_label_sub0.01|3|5|0.001|3,FedProx(mu=0.01) non_iid_label_sub0.01 [3N] {group},group,heterogeneous,fl,fedprox_0.01,non_iid_label_sub0.01,node_b,selected_test_macro_precision,3,0.9270540896765941,0.006995938551542563,0.9096752148916192,0.944432964461569
group|fl|fedprox_0.01|non_iid_label_sub0.01|3|5|0.001|3,FedProx(mu=0.01) non_iid_label_sub0.01 [3N] {group},group,heterogeneous,fl,fedprox_0.01,non_iid_label_sub0.01,node_b,selected_test_macro_recall,3,0.7541046865822508,0.020914514810222214,0.702150151619217,0.8060592215452846
group|fl|fedprox_0.01|non_iid_label_sub0.01|3|5|0.001|3,FedProx(mu=0.01) non_iid_label_sub0.01 [3N] {group},group,heterogeneous,fl,fedprox_0.01,non_iid_label_sub0.01,node_b,selected_test_macro_specificity,3,0.7541046865822508,0.020914514810222214,0.702150151619217,0.8060592215452846
group|fl|fedprox_0.01|non_iid_label_sub0.01|3|5|0.001|3,FedProx(mu=0.01) non_iid_label_sub0.01 [3N] {group},group,heterogeneous,fl,fedprox_0.01,non_iid_label_sub0.01,node_b,selected_test_mcc,3,0.658577325236371,0.03196273183607112,0.5791774977118239,0.7379771527609181
group|fl|fedprox_0.01|non_iid_label_sub0.01|3|5|0.001|3,FedProx(mu=0.01) non_iid_label_sub0.01 [3N] {group},group,heterogeneous,fl,fedprox_0.01,non_iid_label_sub0.01,node_b,selected_test_n_examples,3,2398.0,0.0,2398.0,2398.0
group|fl|fedprox_0.01|non_iid_label_sub0.01|3|5|0.001|3,FedProx(mu=0.01) non_iid_label_sub0.01 [3N] {group},group,heterogeneous,fl,fedprox_0.01,non_iid_label_sub0.01,node_b,selected_test_precision,3,0.9402661501499457,0.004835672112355016,0.9282536746939852,0.9522786256059063
group|fl|fedprox_0.01|non_iid_label_sub0.01|3|5|0.001|3,FedProx(mu=0.01) non_iid_label_sub0.01 [3N] {group},group,heterogeneous,fl,fedprox_0.01,non_iid_label_sub0.01,node_b,selected_test_recall,3,0.9937166195413133,0.0005441567098865052,0.9923648593371822,0.9950683797454444
group|fl|fedprox_0.01|non_iid_label_sub0.01|3|5|0.001|3,FedProx(mu=0.01) non_iid_label_sub0.01 [3N] {group},group,heterogeneous,fl,fedprox_0.01,non_iid_label_sub0.01,node_b,selected_test_roc_auc,3,0.8741713222873325,0.07797004546225583,0.6804829919676552,1.0678596526070099
group|fl|fedprox_0.01|non_iid_label_sub0.01|3|5|0.001|3,FedProx(mu=0.01) non_iid_label_sub0.01 [3N] {group},group,heterogeneous,fl,fedprox_0.01,non_iid_label_sub0.01,node_b,selected_test_specificity,3,0.5144927536231884,0.04178464708214058,0.4106939360342646,0.6182915712121122
group|fl|fedprox_0.01|non_iid_label_sub0.01|3|5|0.001|3,FedProx(mu=0.01) non_iid_label_sub0.01 [3N] {group},group,heterogeneous,fl,fedprox_0.01,non_iid_label_sub0.01,node_b,selected_test_tn,3,142.0,11.532562594670797,113.35152634545705,170.64847365454295
group|fl|fedprox_0.01|non_iid_label_sub0.01|3|5|0.001|3,FedProx(mu=0.01) non_iid_label_sub0.01 [3N] {group},group,heterogeneous,fl,fedprox_0.01,non_iid_label_sub0.01,node_b,selected_test_tp,3,2108.6666666666665,1.1547005383792517,2105.7982315135,2111.535101819833
group|fl|fedprox_0.01|non_iid_label_sub0.01|3|5|0.001|3,FedProx(mu=0.01) non_iid_label_sub0.01 [3N] {group},group,heterogeneous,fl,fedprox_0.01,non_iid_label_sub0.01,node_c,selected_test_accuracy,3,0.7915277777777777,0.1282875549664084,0.4728438245374793,1.1102117310180761
group|fl|fedprox_0.01|non_iid_label_sub0.01|3|5|0.001|3,FedProx(mu=0.01) non_iid_label_sub0.01 [3N] {group},group,heterogeneous,fl,fedprox_0.01,non_iid_label_sub0.01,node_c,selected_test_balanced_accuracy,3,0.8345486111111112,0.08411149267627754,0.6256040801623585,1.0434931420598639
group|fl|fedprox_0.01|non_iid_label_sub0.01|3|5|0.001|3,FedProx(mu=0.01) non_iid_label_sub0.01 [3N] {group},group,heterogeneous,fl,fedprox_0.01,non_iid_label_sub0.01,node_c,selected_test_f1,3,0.6597955103360372,0.17191773200261276,0.23272818894976027,1.0868628317223141
group|fl|fedprox_0.01|non_iid_label_sub0.01|3|5|0.001|3,FedProx(mu=0.01) non_iid_label_sub0.01 [3N] {group},group,heterogeneous,fl,fedprox_0.01,non_iid_label_sub0.01,node_c,selected_test_fn,3,45.0,30.04995840263344,-29.64823490451043,119.64823490451043
group|fl|fedprox_0.01|non_iid_label_sub0.01|3|5|0.001|3,FedProx(mu=0.01) non_iid_label_sub0.01 [3N] {group},group,heterogeneous,fl,fedprox_0.01,non_iid_label_sub0.01,node_c,selected_test_fp,3,455.3333333333333,308.59898466024373,-311.26904226903974,1221.9357089357063
group|fl|fedprox_0.01|non_iid_label_sub0.01|3|5|0.001|3,FedProx(mu=0.01) non_iid_label_sub0.01 [3N] {group},group,heterogeneous,fl,fedprox_0.01,non_iid_label_sub0.01,node_c,selected_test_loss,3,0.4397467397391382,0.2144627020395926,-0.09300814616128833,0.9725016256395647
group|fl|fedprox_0.01|non_iid_label_sub0.01|3|5|0.001|3,FedProx(mu=0.01) non_iid_label_sub0.01 [3N] {group},group,heterogeneous,fl,fedprox_0.01,non_iid_label_sub0.01,node_c,selected_test_macro_f1,3,0.7539989650831548,0.1348529309786004,0.41900571369914913,1.0889922164671604
group|fl|fedprox_0.01|non_iid_label_sub0.01|3|5|0.001|3,FedProx(mu=0.01) non_iid_label_sub0.01 [3N] {group},group,heterogeneous,fl,fedprox_0.01,non_iid_label_sub0.01,node_c,selected_test_macro_precision,3,0.7558231205072447,0.12002728180521997,0.4576588233360135,1.0539874176784758
group|fl|fedprox_0.01|non_iid_label_sub0.01|3|5|0.001|3,FedProx(mu=0.01) non_iid_label_sub0.01 [3N] {group},group,heterogeneous,fl,fedprox_0.01,non_iid_label_sub0.01,node_c,selected_test_macro_recall,3,0.8345486111111112,0.08411149267627754,0.6256040801623585,1.0434931420598639
group|fl|fedprox_0.01|non_iid_label_sub0.01|3|5|0.001|3,FedProx(mu=0.01) non_iid_label_sub0.01 [3N] {group},group,heterogeneous,fl,fedprox_0.01,non_iid_label_sub0.01,node_c,selected_test_macro_specificity,3,0.8345486111111112,0.08411149267627754,0.6256040801623585,1.0434931420598639
group|fl|fedprox_0.01|non_iid_label_sub0.01|3|5|0.001|3,FedProx(mu=0.01) non_iid_label_sub0.01 [3N] {group},group,heterogeneous,fl,fedprox_0.01,non_iid_label_sub0.01,node_c,selected_test_mcc,3,0.5829137695609354,0.2090677444246384,0.06356070132511138,1.1022668377967595
group|fl|fedprox_0.01|non_iid_label_sub0.01|3|5|0.001|3,FedProx(mu=0.01) non_iid_label_sub0.01 [3N] {group},group,heterogeneous,fl,fedprox_0.01,non_iid_label_sub0.01,node_c,selected_test_n_examples,3,2400.0,0.0,2400.0,2400.0
group|fl|fedprox_0.01|non_iid_label_sub0.01|3|5|0.001|3,FedProx(mu=0.01) non_iid_label_sub0.01 [3N] {group},group,heterogeneous,fl,fedprox_0.01,non_iid_label_sub0.01,node_c,selected_test_precision,3,0.5416112873629055,0.2330944904604833,-0.03742752679120853,1.1206501015170196
group|fl|fedprox_0.01|non_iid_label_sub0.01|3|5|0.001|3,FedProx(mu=0.01) non_iid_label_sub0.01 [3N] {group},group,heterogeneous,fl,fedprox_0.01,non_iid_label_sub0.01,node_c,selected_test_recall,3,0.90625,0.06260408000548633,0.7507328439489366,1.0617671560510633
group|fl|fedprox_0.01|non_iid_label_sub0.01|3|5|0.001|3,FedProx(mu=0.01) non_iid_label_sub0.01 [3N] {group},group,heterogeneous,fl,fedprox_0.01,non_iid_label_sub0.01,node_c,selected_test_roc_auc,3,0.9103917100694444,0.0653306092727339,0.7481014798434203,1.0726819402954684
group|fl|fedprox_0.01|non_iid_label_sub0.01|3|5|0.001|3,FedProx(mu=0.01) non_iid_label_sub0.01 [3N] {group},group,heterogeneous,fl,fedprox_0.01,non_iid_label_sub0.01,node_c,selected_test_specificity,3,0.7628472222222222,0.16072863784387695,0.36357515159598625,1.1621192928484583
group|fl|fedprox_0.01|non_iid_label_sub0.01|3|5|0.001|3,FedProx(mu=0.01) non_iid_label_sub0.01 [3N] {group},group,heterogeneous,fl,fedprox_0.01,non_iid_label_sub0.01,node_c,selected_test_tn,3,1464.6666666666667,308.59898466024373,698.0642910642937,2231.26904226904
group|fl|fedprox_0.01|non_iid_label_sub0.01|3|5|0.001|3,FedProx(mu=0.01) non_iid_label_sub0.01 [3N] {group},group,heterogeneous,fl,fedprox_0.01,non_iid_label_sub0.01,node_c,selected_test_tp,3,435.0,30.04995840263344,360.35176509548955,509.64823490451045
group|fl|fedavg|non_iid_label_sub0.05|3|5|0.001|3,FedAvg non_iid_label_sub0.05 [3N] {group},group,heterogeneous,fl,fedavg,non_iid_label_sub0.05,node_a,selected_test_accuracy,3,0.9973611111111111,0.00024056261216238168,0.9967635204542014,0.9979587017680209
group|fl|fedavg|non_iid_label_sub0.05|3|5|0.001|3,FedAvg non_iid_label_sub0.05 [3N] {group},group,heterogeneous,fl,fedavg,non_iid_label_sub0.05,node_a,selected_test_balanced_accuracy,3,0.9965277777777778,0.0017339396141872795,0.9922204329922774,1.0008351225632783
group|fl|fedavg|non_iid_label_sub0.05|3|5|0.001|3,FedAvg non_iid_label_sub0.05 [3N] {group},group,heterogeneous,fl,fedavg,non_iid_label_sub0.05,node_a,selected_test_f1,3,0.9983499010861457,0.0001517315627410314,0.9979729789890779,0.9987268231832136
group|fl|fedavg|non_iid_label_sub0.05|3|5|0.001|3,FedAvg non_iid_label_sub0.05 [3N] {group},group,heterogeneous,fl,fedavg,non_iid_label_sub0.05,node_a,selected_test_fn,3,4.0,2.6457513110645907,-2.572410607728428,10.572410607728429
group|fl|fedavg|non_iid_label_sub0.05|3|5|0.001|3,FedAvg non_iid_label_sub0.05 [3N] {group},group,heterogeneous,fl,fedavg,non_iid_label_sub0.05,node_a,selected_test_fp,3,2.3333333333333335,2.3094010767585034,-3.4035369729992833,8.07020363966595
group|fl|fedavg|non_iid_label_sub0.05|3|5|0.001|3,FedAvg non_iid_label_sub0.05 [3N] {group},group,heterogeneous,fl,fedavg,non_iid_label_sub0.05,node_a,selected_test_loss,3,0.011493632572978918,0.0053377766592684036,-0.0017661397232104168,0.02475340486916825
group|fl|fedavg|non_iid_label_sub0.05|3|5|0.001|3,FedAvg non_iid_label_sub0.05 [3N] {group},group,heterogeneous,fl,fedavg,non_iid_label_sub0.05,node_a,selected_test_macro_f1,3,0.9958826000384029,0.0003658307480178247,0.9949738260811339,0.9967913739956719
group|fl|fedavg|non_iid_label_sub0.05|3|5|0.001|3,FedAvg non_iid_label_sub0.05 [3N] {group},group,heterogeneous,fl,fedavg,non_iid_label_sub0.05,node_a,selected_test_macro_precision,3,0.9952590967754252,0.0021326872342246565,0.9899612079895193,1.0005569855613312
group|fl|fedavg|non_iid_label_sub0.05|3|5|0.001|3,FedAvg non_iid_label_sub0.05 [3N] {group},group,heterogeneous,fl,fedavg,non_iid_label_sub0.05,node_a,selected_test_macro_recall,3,0.9965277777777778,0.0017339396141872795,0.9922204329922774,1.0008351225632783
group|fl|fedavg|non_iid_label_sub0.05|3|5|0.001|3,FedAvg non_iid_label_sub0.05 [3N] {group},group,heterogeneous,fl,fedavg,non_iid_label_sub0.05,node_a,selected_test_macro_specificity,3,0.9965277777777778,0.0017339396141872795,0.9922204329922774,1.0008351225632783
group|fl|fedavg|non_iid_label_sub0.05|3|5|0.001|3,FedAvg non_iid_label_sub0.05 [3N] {group},group,heterogeneous,fl,fedavg,non_iid_label_sub0.05,node_a,selected_test_mcc,3,0.9917811611399693,0.0007273844976127888,0.9899742378785068,0.9935880844014318
group|fl|fedavg|non_iid_label_sub0.05|3|5|0.001|3,FedAvg non_iid_label_sub0.05 [3N] {group},group,heterogeneous,fl,fedavg,non_iid_label_sub0.05,node_a,selected_test_n_examples,3,2400.0,0.0,2400.0,2400.0
group|fl|fedavg|non_iid_label_sub0.05|3|5|0.001|3,FedAvg non_iid_label_sub0.05 [3N] {group},group,heterogeneous,fl,fedavg,non_iid_label_sub0.05,node_a,selected_test_precision,3,0.9987857111739004,0.001198980805480682,0.995807277739341,1.0017641446084598
group|fl|fedavg|non_iid_label_sub0.05|3|5|0.001|3,FedAvg non_iid_label_sub0.05 [3N] {group},group,heterogeneous,fl,fedavg,non_iid_label_sub0.05,node_a,selected_test_recall,3,0.9979166666666667,0.0013779954745128343,0.994493536141808,1.0013397971915252
group|fl|fedavg|non_iid_label_sub0.05|3|5|0.001|3,FedAvg non_iid_label_sub0.05 [3N] {group},group,heterogeneous,fl,fedavg,non_iid_label_sub0.05,node_a,selected_test_roc_auc,3,0.9999497251157408,1.1136287846032188e-05,0.9999220610431335,0.999977389188348
group|fl|fedavg|non_iid_label_sub0.05|3|5|0.001|3,FedAvg non_iid_label_sub0.05 [3N] {group},group,heterogeneous,fl,fedavg,non_iid_label_sub0.05,node_a,selected_test_specificity,3,0.9951388888888889,0.004811252243246865,0.983187075750696,1.0070907020270818
group|fl|fedavg|non_iid_label_sub0.05|3|5|0.001|3,FedAvg non_iid_label_sub0.05 [3N] {group},group,heterogeneous,fl,fedavg,non_iid_label_sub0.05,node_a,selected_test_tn,3,477.6666666666667,2.309401076758503,471.9297963603341,483.4035369729993
group|fl|fedavg|non_iid_label_sub0.05|3|5|0.001|3,FedAvg non_iid_label_sub0.05 [3N] {group},group,heterogeneous,fl,fedavg,non_iid_label_sub0.05,node_a,selected_test_tp,3,1916.0,2.6457513110645907,1909.4275893922716,1922.5724106077284
group|fl|fedavg|non_iid_label_sub0.05|3|5|0.001|3,FedAvg non_iid_label_sub0.05 [3N] {group},group,heterogeneous,fl,fedavg,non_iid_label_sub0.05,node_b,selected_test_accuracy,3,0.9053377814845703,0.03469247195294926,0.8191569035924084,0.9915186593767322
group|fl|fedavg|non_iid_label_sub0.05|3|5|0.001|3,FedAvg non_iid_label_sub0.05 [3N] {group},group,heterogeneous,fl,fedavg,non_iid_label_sub0.05,node_b,selected_test_balanced_accuracy,3,0.8734928993247643,0.07828736348725125,0.6790163073325776,1.0679694913169508
group|fl|fedavg|non_iid_label_sub0.05|3|5|0.001|3,FedAvg non_iid_label_sub0.05 [3N] {group},group,heterogeneous,fl,fedavg,non_iid_label_sub0.05,node_b,selected_test_f1,3,0.9440193017648838,0.022387825380192856,0.8884048604538656,0.999633743075902
group|fl|fedavg|non_iid_label_sub0.05|3|5|0.001|3,FedAvg non_iid_label_sub0.05 [3N] {group},group,heterogeneous,fl,fedavg,non_iid_label_sub0.05,node_b,selected_test_fn,3,180.66666666666666,144.46222112833976,-178.19738476145747,539.5307180947908
group|fl|fedavg|non_iid_label_sub0.05|3|5|0.001|3,FedAvg non_iid_label_sub0.05 [3N] {group},group,heterogeneous,fl,fedavg,non_iid_label_sub0.05,node_b,selected_test_fp,3,46.333333333333336,61.857362806163444,-107.3288743628795,199.9955410295462
group|fl|fedavg|non_iid_label_sub0.05|3|5|0.001|3,FedAvg non_iid_label_sub0.05 [3N] {group},group,heterogeneous,fl,fedavg,non_iid_label_sub0.05,node_b,selected_test_loss,3,0.18233454186134443,0.05453424171175708,0.0468639754434608,0.31780510827922803
group|fl|fedavg|non_iid_label_sub0.05|3|5|0.001|3,FedAvg non_iid_label_sub0.05 [3N] {group},group,heterogeneous,fl,fedavg,non_iid_label_sub0.05,node_b,selected_test_macro_f1,3,0.8094487314275707,0.026178460655997167,0.7444178300764358,0.8744796327787056
group|fl|fedavg|non_iid_label_sub0.05|3|5|0.001|3,FedAvg non_iid_label_sub0.05 [3N] {group},group,heterogeneous,fl,fedavg,non_iid_label_sub0.05,node_b,selected_test_macro_precision,3,0.809421226706323,0.10730185690878012,0.5428686374183846,1.0759738159942613
group|fl|fedavg|non_iid_label_sub0.05|3|5|0.001|3,FedAvg non_iid_label_sub0.05 [3N] {group},group,heterogeneous,fl,fedavg,non_iid_label_sub0.05,node_b,selected_test_macro_recall,3,0.8734928993247643,0.07828736348725125,0.6790163073325776,1.0679694913169508
group|fl|fedavg|non_iid_label_sub0.05|3|5|0.001|3,FedAvg non_iid_label_sub0.05 [3N] {group},group,heterogeneous,fl,fedavg,non_iid_label_sub0.05,node_b,selected_test_macro_specificity,3,0.8734928993247643,0.07828736348725125,0.6790163073325776,1.0679694913169508
group|fl|fedavg|non_iid_label_sub0.05|3|5|0.001|3,FedAvg non_iid_label_sub0.05 [3N] {group},group,heterogeneous,fl,fedavg,non_iid_label_sub0.05,node_b,selected_test_mcc,3,0.6629315352737147,0.03795597001574979,0.5686436787715259,0.7572193917759036
group|fl|fedavg|non_iid_label_sub0.05|3|5|0.001|3,FedAvg non_iid_label_sub0.05 [3N] {group},group,heterogeneous,fl,fedavg,non_iid_label_sub0.05,node_b,selected_test_n_examples,3,2398.0,0.0,2398.0,2398.0
group|fl|fedavg|non_iid_label_sub0.05|3|5|0.001|3,FedAvg non_iid_label_sub0.05 [3N] {group},group,heterogeneous,fl,fedavg,non_iid_label_sub0.05,node_b,selected_test_precision,3,0.9785737568109534,0.027401740350270862,0.9105040602392548,1.0466434533826519
group|fl|fedavg|non_iid_label_sub0.05|3|5|0.001|3,FedAvg non_iid_label_sub0.05 [3N] {group},group,heterogeneous,fl,fedavg,non_iid_label_sub0.05,node_b,selected_test_recall,3,0.9148601947847942,0.06807833229422236,0.7457442421796461,1.0839761473899423
group|fl|fedavg|non_iid_label_sub0.05|3|5|0.001|3,FedAvg non_iid_label_sub0.05 [3N] {group},group,heterogeneous,fl,fedavg,non_iid_label_sub0.05,node_b,selected_test_roc_auc,3,0.9805755895222354,0.013783818100185273,0.9463346871676585,1.0148164918768126
group|fl|fedavg|non_iid_label_sub0.05|3|5|0.001|3,FedAvg non_iid_label_sub0.05 [3N] {group},group,heterogeneous,fl,fedavg,non_iid_label_sub0.05,node_b,selected_test_specificity,3,0.8321256038647343,0.22412087973247624,0.2753784745306299,1.3888727331988386
group|fl|fedavg|non_iid_label_sub0.05|3|5|0.001|3,FedAvg non_iid_label_sub0.05 [3N] {group},group,heterogeneous,fl,fedavg,non_iid_label_sub0.05,node_b,selected_test_tn,3,229.66666666666666,61.85736280616345,76.00445897045381,383.3288743628795
group|fl|fedavg|non_iid_label_sub0.05|3|5|0.001|3,FedAvg non_iid_label_sub0.05 [3N] {group},group,heterogeneous,fl,fedavg,non_iid_label_sub0.05,node_b,selected_test_tp,3,1941.3333333333333,144.46222112833976,1582.469281905209,2300.197384761457
group|fl|fedavg|non_iid_label_sub0.05|3|5|0.001|3,FedAvg non_iid_label_sub0.05 [3N] {group},group,heterogeneous,fl,fedavg,non_iid_label_sub0.05,node_c,selected_test_accuracy,3,0.9488888888888889,0.026726278855865464,0.882497131688278,1.0152806460894999
group|fl|fedavg|non_iid_label_sub0.05|3|5|0.001|3,FedAvg non_iid_label_sub0.05 [3N] {group},group,heterogeneous,fl,fedavg,non_iid_label_sub0.05,node_c,selected_test_balanced_accuracy,3,0.9008680555555556,0.07614208077088763,0.711720641261454,1.0900154698496571
group|fl|fedavg|non_iid_label_sub0.05|3|5|0.001|3,FedAvg non_iid_label_sub0.05 [3N] {group},group,heterogeneous,fl,fedavg,non_iid_label_sub0.05,node_c,selected_test_f1,3,0.8596589707137302,0.0888306597222427,0.638991378938046,1.0803265624894145
group|fl|fedavg|non_iid_label_sub0.05|3|5|0.001|3,FedAvg non_iid_label_sub0.05 [3N] {group},group,heterogeneous,fl,fedavg,non_iid_label_sub0.05,node_c,selected_test_fn,3,86.0,76.53103945458993,-104.11364122859928,276.11364122859925
group|fl|fedavg|non_iid_label_sub0.05|3|5|0.001|3,FedAvg non_iid_label_sub0.05 [3N] {group},group,heterogeneous,fl,fedavg,non_iid_label_sub0.05,node_c,selected_test_fp,3,36.666666666666664,20.428737928059416,-14.08113162389003,87.41446495722336
group|fl|fedavg|non_iid_label_sub0.05|3|5|0.001|3,FedAvg non_iid_label_sub0.05 [3N] {group},group,heterogeneous,fl,fedavg,non_iid_label_sub0.05,node_c,selected_test_loss,3,0.15780915769890674,0.1043867337578977,-0.1015018642355282,0.4171201796333417
group|fl|fedavg|non_iid_label_sub0.05|3|5|0.001|3,FedAvg non_iid_label_sub0.05 [3N] {group},group,heterogeneous,fl,fedavg,non_iid_label_sub0.05,node_c,selected_test_macro_f1,3,0.9141723320007665,0.05219483450996603,0.7845131752359924,1.0438314887655407
group|fl|fedavg|non_iid_label_sub0.05|3|5|0.001|3,FedAvg non_iid_label_sub0.05 [3N] {group},group,heterogeneous,fl,fedavg,non_iid_label_sub0.05,node_c,selected_test_macro_precision,3,0.9375702598741865,0.01707037863151198,0.8951650885617907,0.9799754311865824
group|fl|fedavg|non_iid_label_sub0.05|3|5|0.001|3,FedAvg non_iid_label_sub0.05 [3N] {group},group,heterogeneous,fl,fedavg,non_iid_label_sub0.05,node_c,selected_test_macro_recall,3,0.9008680555555556,0.07614208077088763,0.711720641261454,1.0900154698496571
group|fl|fedavg|non_iid_label_sub0.05|3|5|0.001|3,FedAvg non_iid_label_sub0.05 [3N] {group},group,heterogeneous,fl,fedavg,non_iid_label_sub0.05,node_c,selected_test_macro_specificity,3,0.9008680555555556,0.07614208077088763,0.711720641261454,1.0900154698496571
group|fl|fedavg|non_iid_label_sub0.05|3|5|0.001|3,FedAvg non_iid_label_sub0.05 [3N] {group},group,heterogeneous,fl,fedavg,non_iid_label_sub0.05,node_c,selected_test_mcc,3,0.8355199638508263,0.09273017017368175,0.6051654511053578,1.0658744765962949
group|fl|fedavg|non_iid_label_sub0.05|3|5|0.001|3,FedAvg non_iid_label_sub0.05 [3N] {group},group,heterogeneous,fl,fedavg,non_iid_label_sub0.05,node_c,selected_test_n_examples,3,2400.0,0.0,2400.0,2400.0
group|fl|fedavg|non_iid_label_sub0.05|3|5|0.001|3,FedAvg non_iid_label_sub0.05 [3N] {group},group,heterogeneous,fl,fedavg,non_iid_label_sub0.05,node_c,selected_test_precision,3,0.9177042564769788,0.03176925351182528,0.838785055754097,0.9966234571998607
group|fl|fedavg|non_iid_label_sub0.05|3|5|0.001|3,FedAvg non_iid_label_sub0.05 [3N] {group},group,heterogeneous,fl,fedavg,non_iid_label_sub0.05,node_c,selected_test_recall,3,0.8208333333333334,0.1594396655303957,0.4247632474404182,1.2169034192262487
group|fl|fedavg|non_iid_label_sub0.05|3|5|0.001|3,FedAvg non_iid_label_sub0.05 [3N] {group},group,heterogeneous,fl,fedavg,non_iid_label_sub0.05,node_c,selected_test_roc_auc,3,0.975816333912037,0.024613051626059427,0.9146741241664851,1.036958543657589
group|fl|fedavg|non_iid_label_sub0.05|3|5|0.001|3,FedAvg non_iid_label_sub0.05 [3N] {group},group,heterogeneous,fl,fedavg,non_iid_label_sub0.05,node_c,selected_test_specificity,3,0.9809027777777777,0.010639967670864284,0.9544716328347794,1.007333922720776
group|fl|fedavg|non_iid_label_sub0.05|3|5|0.001|3,FedAvg non_iid_label_sub0.05 [3N] {group},group,heterogeneous,fl,fedavg,non_iid_label_sub0.05,node_c,selected_test_tn,3,1883.3333333333333,20.428737928059416,1832.5855350427767,1934.0811316238899
group|fl|fedavg|non_iid_label_sub0.05|3|5|0.001|3,FedAvg non_iid_label_sub0.05 [3N] {group},group,heterogeneous,fl,fedavg,non_iid_label_sub0.05,node_c,selected_test_tp,3,394.0,76.53103945458993,203.88635877140072,584.1136412285992
group|fl|fedprox_0.01|non_iid_label_sub0.05|3|5|0.001|3,FedProx(mu=0.01) non_iid_label_sub0.05 [3N] {group},group,heterogeneous,fl,fedprox_0.01,non_iid_label_sub0.05,node_a,selected_test_accuracy,3,0.9844444444444443,0.015780247263706113,0.945244137115927,1.0236447517729617
group|fl|fedprox_0.01|non_iid_label_sub0.05|3|5|0.001|3,FedProx(mu=0.01) non_iid_label_sub0.05 [3N] {group},group,heterogeneous,fl,fedprox_0.01,non_iid_label_sub0.05,node_a,selected_test_balanced_accuracy,3,0.9900173611111112,0.009776325156459091,0.9657316231076177,1.0143030991146047
group|fl|fedprox_0.01|non_iid_label_sub0.05|3|5|0.001|3,FedProx(mu=0.01) non_iid_label_sub0.05 [3N] {group},group,heterogeneous,fl,fedprox_0.01,non_iid_label_sub0.05,node_a,selected_test_f1,3,0.9901165977672016,0.010093634117136166,0.9650426206082139,1.0151905749261894
group|fl|fedprox_0.01|non_iid_label_sub0.05|3|5|0.001|3,FedProx(mu=0.01) non_iid_label_sub0.05 [3N] {group},group,heterogeneous,fl,fedprox_0.01,non_iid_label_sub0.05,node_a,selected_test_fn,3,37.0,38.0,-57.397233046512554,131.39723304651255
group|fl|fedprox_0.01|non_iid_label_sub0.05|3|5|0.001|3,FedProx(mu=0.01) non_iid_label_sub0.05 [3N] {group},group,heterogeneous,fl,fedprox_0.01,non_iid_label_sub0.05,node_a,selected_test_fp,3,0.3333333333333333,0.5773502691896258,-1.100884243249821,1.7675509099164874
group|fl|fedprox_0.01|non_iid_label_sub0.05|3|5|0.001|3,FedProx(mu=0.01) non_iid_label_sub0.05 [3N] {group},group,heterogeneous,fl,fedprox_0.01,non_iid_label_sub0.05,node_a,selected_test_loss,3,0.053460640293027,0.03019030345934047,-0.021536231059507117,0.12845751164556113
group|fl|fedprox_0.01|non_iid_label_sub0.05|3|5|0.001|3,FedProx(mu=0.01) non_iid_label_sub0.05 [3N] {group},group,heterogeneous,fl,fedprox_0.01,non_iid_label_sub0.05,node_a,selected_test_macro_f1,3,0.9767893719212918,0.023106365784599712,0.9193899772942702,1.0341887665483134
group|fl|fedprox_0.01|non_iid_label_sub0.05|3|5|0.001|3,FedProx(mu=0.01) non_iid_label_sub0.05 [3N] {group},group,heterogeneous,fl,fedprox_0.01,non_iid_label_sub0.05,node_a,selected_test_macro_precision,3,0.965746543710649,0.03335975302201719,0.8828763231739791,1.048616764247319
group|fl|fedprox_0.01|non_iid_label_sub0.05|3|5|0.001|3,FedProx(mu=0.01) non_iid_label_sub0.05 [3N] {group},group,heterogeneous,fl,fedprox_0.01,non_iid_label_sub0.05,node_a,selected_test_macro_recall,3,0.9900173611111112,0.009776325156459091,0.9657316231076177,1.0143030991146047
group|fl|fedprox_0.01|non_iid_label_sub0.05|3|5|0.001|3,FedProx(mu=0.01) non_iid_label_sub0.05 [3N] {group},group,heterogeneous,fl,fedprox_0.01,non_iid_label_sub0.05,node_a,selected_test_macro_specificity,3,0.9900173611111112,0.009776325156459091,0.9657316231076177,1.0143030991146047
group|fl|fedprox_0.01|non_iid_label_sub0.05|3|5|0.001|3,FedProx(mu=0.01) non_iid_label_sub0.05 [3N] {group},group,heterogeneous,fl,fedprox_0.01,non_iid_label_sub0.05,node_a,selected_test_mcc,3,0.9552394225777546,0.043864331578822136,0.8462743823020816,1.0642044628534275
group|fl|fedprox_0.01|non_iid_label_sub0.05|3|5|0.001|3,FedProx(mu=0.01) non_iid_label_sub0.05 [3N] {group},group,heterogeneous,fl,fedprox_0.01,non_iid_label_sub0.05,node_a,selected_test_n_examples,3,2400.0,0.0,2400.0,2400.0
group|fl|fedprox_0.01|non_iid_label_sub0.05|3|5|0.001|3,FedProx(mu=0.01) non_iid_label_sub0.05 [3N] {group},group,heterogeneous,fl,fedprox_0.01,non_iid_label_sub0.05,node_a,selected_test_precision,3,0.9998240056318197,0.00030483118753409436,0.9990667629831487,1.0005812482804908
group|fl|fedprox_0.01|non_iid_label_sub0.05|3|5|0.001|3,FedProx(mu=0.01) non_iid_label_sub0.05 [3N] {group},group,heterogeneous,fl,fedprox_0.01,non_iid_label_sub0.05,node_a,selected_test_recall,3,0.9807291666666668,0.019791666666666683,0.9315639411216081,1.0298943922117254
group|fl|fedprox_0.01|non_iid_label_sub0.05|3|5|0.001|3,FedProx(mu=0.01) non_iid_label_sub0.05 [3N] {group},group,heterogeneous,fl,fedprox_0.01,non_iid_label_sub0.05,node_a,selected_test_roc_auc,3,0.9995627170138889,0.00020072025073021978,0.999064100269538,1.0000613337582398
group|fl|fedprox_0.01|non_iid_label_sub0.05|3|5|0.001|3,FedProx(mu=0.01) non_iid_label_sub0.05 [3N] {group},group,heterogeneous,fl,fedprox_0.01,non_iid_label_sub0.05,node_a,selected_test_specificity,3,0.9993055555555556,0.0012028130608117162,0.9963176022710073,1.0022935088401037
group|fl|fedprox_0.01|non_iid_label_sub0.05|3|5|0.001|3,FedProx(mu=0.01) non_iid_label_sub0.05 [3N] {group},group,heterogeneous,fl,fedprox_0.01,non_iid_label_sub0.05,node_a,selected_test_tn,3,479.6666666666667,0.5773502691896258,478.23244909008355,481.1008842432498
group|fl|fedprox_0.01|non_iid_label_sub0.05|3|5|0.001|3,FedProx(mu=0.01) non_iid_label_sub0.05 [3N] {group},group,heterogeneous,fl,fedprox_0.01,non_iid_label_sub0.05,node_a,selected_test_tp,3,1883.0,38.0,1788.6027669534874,1977.3972330465126
group|fl|fedprox_0.01|non_iid_label_sub0.05|3|5|0.001|3,FedProx(mu=0.01) non_iid_label_sub0.05 [3N] {group},group,heterogeneous,fl,fedprox_0.01,non_iid_label_sub0.05,node_b,selected_test_accuracy,3,0.8883792048929663,0.06859513532647073,0.7179794423858631,1.0587789674000696
group|fl|fedprox_0.01|non_iid_label_sub0.05|3|5|0.001|3,FedProx(mu=0.01) non_iid_label_sub0.05 [3N] {group},group,heterogeneous,fl,fedprox_0.01,non_iid_label_sub0.05,node_b,selected_test_balanced_accuracy,3,0.8833476758322064,0.04261116658066563,0.7774956699874995,0.9891996816769133
group|fl|fedprox_0.01|non_iid_label_sub0.05|3|5|0.001|3,FedProx(mu=0.01) non_iid_label_sub0.05 [3N] {group},group,heterogeneous,fl,fedprox_0.01,non_iid_label_sub0.05,node_b,selected_test_f1,3,0.9322231354706295,0.04546855360256098,0.8192729867677664,1.0451732841734926
group|fl|fedprox_0.01|non_iid_label_sub0.05|3|5|0.001|3,FedProx(mu=0.01) non_iid_label_sub0.05 [3N] {group},group,heterogeneous,fl,fedprox_0.01,non_iid_label_sub0.05,node_b,selected_test_fn,3,233.66666666666666,189.61627918861117,-237.3662832275417,704.699616560875
group|fl|fedprox_0.01|non_iid_label_sub0.05|3|5|0.001|3,FedProx(mu=0.01) non_iid_label_sub0.05 [3N] {group},group,heterogeneous,fl,fedprox_0.01,non_iid_label_sub0.05,node_b,selected_test_fp,3,34.0,35.59494346111537,-54.422741399377514,122.42274139937751
group|fl|fedprox_0.01|non_iid_label_sub0.05|3|5|0.001|3,FedProx(mu=0.01) non_iid_label_sub0.05 [3N] {group},group,heterogeneous,fl,fedprox_0.01,non_iid_label_sub0.05,node_b,selected_test_loss,3,0.24398626649328867,0.1250609211649454,-0.06668228403878726,0.5546548170253646
group|fl|fedprox_0.01|non_iid_label_sub0.05|3|5|0.001|3,FedProx(mu=0.01) non_iid_label_sub0.05 [3N] {group},group,heterogeneous,fl,fedprox_0.01,non_iid_label_sub0.05,node_b,selected_test_macro_f1,3,0.7975605853953622,0.08081989026907853,0.5967928481184207,0.9983283226723038
group|fl|fedprox_0.01|non_iid_label_sub0.05|3|5|0.001|3,FedProx(mu=0.01) non_iid_label_sub0.05 [3N] {group},group,heterogeneous,fl,fedprox_0.01,non_iid_label_sub0.05,node_b,selected_test_macro_precision,3,0.769432896389171,0.07788532553476679,0.5759550220363059,0.9629107707420361
group|fl|fedprox_0.01|non_iid_label_sub0.05|3|5|0.001|3,FedProx(mu=0.01) non_iid_label_sub0.05 [3N] {group},group,heterogeneous,fl,fedprox_0.01,non_iid_label_sub0.05,node_b,selected_test_macro_recall,3,0.8833476758322064,0.04261116658066563,0.7774956699874995,0.9891996816769133
group|fl|fedprox_0.01|non_iid_label_sub0.05|3|5|0.001|3,FedProx(mu=0.01) non_iid_label_sub0.05 [3N] {group},group,heterogeneous,fl,fedprox_0.01,non_iid_label_sub0.05,node_b,selected_test_macro_specificity,3,0.8833476758322064,0.04261116658066563,0.7774956699874995,0.9891996816769133
group|fl|fedprox_0.01|non_iid_label_sub0.05|3|5|0.001|3,FedProx(mu=0.01) non_iid_label_sub0.05 [3N] {group},group,heterogeneous,fl,fedprox_0.01,non_iid_label_sub0.05,node_b,selected_test_mcc,3,0.6382068440072844,0.11096284527456476,0.3625598554576212,0.9138538325569476
group|fl|fedprox_0.01|non_iid_label_sub0.05|3|5|0.001|3,FedProx(mu=0.01) non_iid_label_sub0.05 [3N] {group},group,heterogeneous,fl,fedprox_0.01,non_iid_label_sub0.05,node_b,selected_test_n_examples,3,2398.0,0.0,2398.0,2398.0
group|fl|fedprox_0.01|non_iid_label_sub0.05|3|5|0.001|3,FedProx(mu=0.01) non_iid_label_sub0.05 [3N] {group},group,heterogeneous,fl,fedprox_0.01,non_iid_label_sub0.05,node_b,selected_test_precision,3,0.9833888651132073,0.017407727826038093,0.9401456719446605,1.026632058281754
group|fl|fedprox_0.01|non_iid_label_sub0.05|3|5|0.001|3,FedProx(mu=0.01) non_iid_label_sub0.05 [3N] {group},group,heterogeneous,fl,fedprox_0.01,non_iid_label_sub0.05,node_b,selected_test_recall,3,0.8898837574615143,0.0893573417476961,0.6679078150043002,1.1118596999187282
group|fl|fedprox_0.01|non_iid_label_sub0.05|3|5|0.001|3,FedProx(mu=0.01) non_iid_label_sub0.05 [3N] {group},group,heterogeneous,fl,fedprox_0.01,non_iid_label_sub0.05,node_b,selected_test_roc_auc,3,0.9652387912233014,0.017187800558719102,0.9225419276733439,1.007935654773259
group|fl|fedprox_0.01|non_iid_label_sub0.05|3|5|0.001|3,FedProx(mu=0.01) non_iid_label_sub0.05 [3N] {group},group,heterogeneous,fl,fedprox_0.01,non_iid_label_sub0.05,node_b,selected_test_specificity,3,0.8768115942028984,0.1289671864533166,0.5564393427558785,1.1971838456499184
group|fl|fedprox_0.01|non_iid_label_sub0.05|3|5|0.001|3,FedProx(mu=0.01) non_iid_label_sub0.05 [3N] {group},group,heterogeneous,fl,fedprox_0.01,non_iid_label_sub0.05,node_b,selected_test_tn,3,242.0,35.59494346111537,153.57725860062249,330.4227413993775
group|fl|fedprox_0.01|non_iid_label_sub0.05|3|5|0.001|3,FedProx(mu=0.01) non_iid_label_sub0.05 [3N] {group},group,heterogeneous,fl,fedprox_0.01,non_iid_label_sub0.05,node_b,selected_test_tp,3,1888.3333333333333,189.61627918861117,1417.300383439125,2359.3662832275418
group|fl|fedprox_0.01|non_iid_label_sub0.05|3|5|0.001|3,FedProx(mu=0.01) non_iid_label_sub0.05 [3N] {group},group,heterogeneous,fl,fedprox_0.01,non_iid_label_sub0.05,node_c,selected_test_accuracy,3,0.9069444444444444,0.024903749903563904,0.8450801001450027,0.9688087887438862
group|fl|fedprox_0.01|non_iid_label_sub0.05|3|5|0.001|3,FedProx(mu=0.01) non_iid_label_sub0.05 [3N] {group},group,heterogeneous,fl,fedprox_0.01,non_iid_label_sub0.05,node_c,selected_test_balanced_accuracy,3,0.7848090277777778,0.0572125005436806,0.6426852975936845,0.9269327579618711
group|fl|fedprox_0.01|non_iid_label_sub0.05|3|5|0.001|3,FedProx(mu=0.01) non_iid_label_sub0.05 [3N] {group},group,heterogeneous,fl,fedprox_0.01,non_iid_label_sub0.05,node_c,selected_test_f1,3,0.7105178568644578,0.09142164206705343,0.48341390813554996,0.9376218055933656
group|fl|fedprox_0.01|non_iid_label_sub0.05|3|5|0.001|3,FedProx(mu=0.01) non_iid_label_sub0.05 [3N] {group},group,heterogeneous,fl,fedprox_0.01,non_iid_label_sub0.05,node_c,selected_test_fn,3,201.0,53.32916650389353,68.52300635146557,333.4769936485344
group|fl|fedprox_0.01|non_iid_label_sub0.05|3|5|0.001|3,FedProx(mu=0.01) non_iid_label_sub0.05 [3N] {group},group,heterogeneous,fl,fedprox_0.01,non_iid_label_sub0.05,node_c,selected_test_fp,3,22.333333333333332,7.094598884597588,4.709372694362639,39.95729397230403
group|fl|fedprox_0.01|non_iid_label_sub0.05|3|5|0.001|3,FedProx(mu=0.01) non_iid_label_sub0.05 [3N] {group},group,heterogeneous,fl,fedprox_0.01,non_iid_label_sub0.05,node_c,selected_test_loss,3,0.25006340075905126,0.08894502507121488,0.029111709707067807,0.47101509181103474
group|fl|fedprox_0.01|non_iid_label_sub0.05|3|5|0.001|3,FedProx(mu=0.01) non_iid_label_sub0.05 [3N] {group},group,heterogeneous,fl,fedprox_0.01,non_iid_label_sub0.05,node_c,selected_test_macro_f1,3,0.8275273707489559,0.05286104548881532,0.6962132541676401,0.9588414873302716
group|fl|fedprox_0.01|non_iid_label_sub0.05|3|5|0.001|3,FedProx(mu=0.01) non_iid_label_sub0.05 [3N] {group},group,heterogeneous,fl,fedprox_0.01,non_iid_label_sub0.05,node_c,selected_test_macro_precision,3,0.9136383004132019,0.028154383658276397,0.8436989342165904,0.9835776666098135
group|fl|fedprox_0.01|non_iid_label_sub0.05|3|5|0.001|3,FedProx(mu=0.01) non_iid_label_sub0.05 [3N] {group},group,heterogeneous,fl,fedprox_0.01,non_iid_label_sub0.05,node_c,selected_test_macro_recall,3,0.7848090277777778,0.0572125005436806,0.6426852975936845,0.9269327579618711
group|fl|fedprox_0.01|non_iid_label_sub0.05|3|5|0.001|3,FedProx(mu=0.01) non_iid_label_sub0.05 [3N] {group},group,heterogeneous,fl,fedprox_0.01,non_iid_label_sub0.05,node_c,selected_test_macro_specificity,3,0.7848090277777778,0.0572125005436806,0.6426852975936845,0.9269327579618711
group|fl|fedprox_0.01|non_iid_label_sub0.05|3|5|0.001|3,FedProx(mu=0.01) non_iid_label_sub0.05 [3N] {group},group,heterogeneous,fl,fedprox_0.01,non_iid_label_sub0.05,node_c,selected_test_mcc,3,0.6854718628013381,0.0913822844989886,0.4584656836915029,0.9124780419111733
group|fl|fedprox_0.01|non_iid_label_sub0.05|3|5|0.001|3,FedProx(mu=0.01) non_iid_label_sub0.05 [3N] {group},group,heterogeneous,fl,fedprox_0.01,non_iid_label_sub0.05,node_c,selected_test_n_examples,3,2400.0,0.0,2400.0,2400.0
group|fl|fedprox_0.01|non_iid_label_sub0.05|3|5|0.001|3,FedProx(mu=0.01) non_iid_label_sub0.05 [3N] {group},group,heterogeneous,fl,fedprox_0.01,non_iid_label_sub0.05,node_c,selected_test_precision,3,0.9227006472655358,0.03373379232951658,0.8389012615794297,1.006500032951642
group|fl|fedprox_0.01|non_iid_label_sub0.05|3|5|0.001|3,FedProx(mu=0.01) non_iid_label_sub0.05 [3N] {group},group,heterogeneous,fl,fedprox_0.01,non_iid_label_sub0.05,node_c,selected_test_recall,3,0.5812499999999999,0.11110243021644488,0.3052562632322198,0.8572437367677801
group|fl|fedprox_0.01|non_iid_label_sub0.05|3|5|0.001|3,FedProx(mu=0.01) non_iid_label_sub0.05 [3N] {group},group,heterogeneous,fl,fedprox_0.01,non_iid_label_sub0.05,node_c,selected_test_roc_auc,3,0.9174902343749999,0.05930640428240021,0.7701649589487782,1.0648155098012215
group|fl|fedprox_0.01|non_iid_label_sub0.05|3|5|0.001|3,FedProx(mu=0.01) non_iid_label_sub0.05 [3N] {group},group,heterogeneous,fl,fedprox_0.01,non_iid_label_sub0.05,node_c,selected_test_specificity,3,0.9883680555555555,0.0036951035857279192,0.9791889093894249,0.9975472017216861
group|fl|fedprox_0.01|non_iid_label_sub0.05|3|5|0.001|3,FedProx(mu=0.01) non_iid_label_sub0.05 [3N] {group},group,heterogeneous,fl,fedprox_0.01,non_iid_label_sub0.05,node_c,selected_test_tn,3,1897.6666666666667,7.094598884597588,1880.042706027696,1915.2906273056374
group|fl|fedprox_0.01|non_iid_label_sub0.05|3|5|0.001|3,FedProx(mu=0.01) non_iid_label_sub0.05 [3N] {group},group,heterogeneous,fl,fedprox_0.01,non_iid_label_sub0.05,node_c,selected_test_tp,3,279.0,53.32916650389353,146.52300635146557,411.4769936485344
