run_dir,run_name,protocol,power_config,kind,strategy,strategy_display,variant,mu,distribution,seed,seed_label,num_rounds,local_epochs,lr,n_nodes,schema_version,config_id,label,timestamp,time_estimated,comm_estimated,n_curve_points,headline_source,selected_round,selected_epoch,selected_val_loss,tags,final_accuracy,round1_accuracy,final_loss,selected_test_accuracy,selected_test_balanced_accuracy,selected_test_recall,selected_test_specificity,selected_test_macro_f1,selected_test_mcc,selected_test_roc_auc,selected_test_loss,v1_final_round_accuracy,selected_test_clean_accuracy,selected_test_clean_balanced_accuracy,clean_excluded_n,pred_check_max_diff,total_time_s,total_time_raw_s,round1_time_s,steady_round_time_s,final_elapsed_s,final_cumulative_mb
C:\Users\CORSAIR\projects\FedRGBD\results\rev_baselines_sel\rev_dirichlet0.1_centralized_seed123,rev_dirichlet0.1_centralized_seed123,group,desktop_gpu,centralized,centralized,Centralized,Centralized,,dirichlet_0.1,123.0,123,3,15.0,0.001,3,3,group|centralized|centralized|dirichlet_0.1|3|15|0.001|3,Centralized dirichlet_0.1 {group},2026-09-19T22:21:19.703622,False,False,3,selected_round_test,,15.0,0.24845350203683733,,0.911993,0.683343,0.738913,0.9119933370349805,0.9125738232043646,0.9104575163398693,0.91469013006886,0.9062161606312127,0.8138262896040083,0.9725473526994748,0.7389126183388289,,0.8976849603367331,0.8985842525969452,1027.0,3.370349804798778e-07,3609.67,3995.13,,,3609.4999999999995,0.0
C:\Users\CORSAIR\projects\FedRGBD\results\rev_dirichlet0.1_centralized_seed123,rev_dirichlet0.1_centralized_seed123,group_final_epoch,desktop_gpu,centralized,centralized,Centralized,Centralized,,dirichlet_0.1,123.0,123,3,15.0,0.001,3,2,group_final_epoch|centralized|centralized|dirichlet_0.1|3|15|0.001|3,Centralized dirichlet_0.1 {group_final_epoch},2026-09-17T14:32:51.691437,False,False,3,final_epoch_test,,,,,0.911993,0.683343,0.738913,,,,,,,,,,,,,,2694.1,2694.1,,,2694.0000000000005,0.0
C:\Users\CORSAIR\projects\FedRGBD\results\rev_baselines_sel\rev_dirichlet0.1_centralized_seed42,rev_dirichlet0.1_centralized_seed42,group,desktop_gpu,centralized,centralized,Centralized,Centralized,,dirichlet_0.1,42.0,42,3,15.0,0.001,3,3,group|centralized|centralized|dirichlet_0.1|3|15|0.001|3,Centralized dirichlet_0.1 {group},2026-09-19T22:32:42.358596,False,False,3,selected_round_test,,1.0,0.20353395403204635,,0.828845,0.934181,0.933707,0.887423653525819,0.8932104321793327,0.8721132897603486,0.9143075745983168,0.8814820242362404,0.7679069890399853,0.9542131942464991,0.48860035937207213,,0.8789056176137283,0.8838034167151918,1027.0,4.3217933276551435e-07,3636.63,4050.11,,,3636.3999999999996,0.0
C:\Users\CORSAIR\projects\FedRGBD\results\rev_dirichlet0.1_centralized_seed42,rev_dirichlet0.1_centralized_seed42,group_final_epoch,desktop_gpu,centralized,centralized,Centralized,Centralized,,dirichlet_0.1,42.0,42,3,15.0,0.001,3,2,group_final_epoch|centralized|centralized|dirichlet_0.1|3|15|0.001|3,Centralized dirichlet_0.1 {group_final_epoch},2026-09-17T14:32:51.509594,False,False,3,final_epoch_test,,,,,0.828845,0.934181,0.933706,,,,,,,,,,,,,,2686.4,2686.4,,,2686.5,0.0
C:\Users\CORSAIR\projects\FedRGBD\results\rev_baselines_sel\rev_dirichlet0.1_centralized_seed456,rev_dirichlet0.1_centralized_seed456,group,desktop_gpu,centralized,centralized,Centralized,Centralized,,dirichlet_0.1,456.0,456,3,15.0,0.001,3,3,group|centralized|centralized|dirichlet_0.1|3|15|0.001|3,Centralized dirichlet_0.1 {group},2026-09-19T22:21:37.644974,False,False,3,selected_round_test,,4.0,0.1642974538325042,,0.940033,0.905534,0.406517,0.9466962798445309,0.9433477854288872,0.9555555555555556,0.9311400153022188,0.9424726422637223,0.8849695429977859,0.9846017672562521,0.26826291835865085,,0.9388052452646916,0.9352019258046695,1027.0,4.570022141825447e-07,3584.73,3969.88,,,3584.7000000000003,0.0
C:\Users\CORSAIR\projects\FedRGBD\results\rev_dirichlet0.1_centralized_seed456,rev_dirichlet0.1_centralized_seed456,group_final_epoch,desktop_gpu,centralized,centralized,Centralized,Centralized,,dirichlet_0.1,456.0,456,3,15.0,0.001,3,2,group_final_epoch|centralized|centralized|dirichlet_0.1|3|15|0.001|3,Centralized dirichlet_0.1 {group_final_epoch},2026-09-17T14:32:37.505741,False,False,3,final_epoch_test,,,,,0.940033,0.905534,0.406517,,,,,,,,,,,,,,2678.72,2678.72,,,2678.6999999999994,0.0
C:\Users\CORSAIR\projects\FedRGBD\results\rev_baselines_sel\rev_dirichlet0.5_centralized_seed123,rev_dirichlet0.5_centralized_seed123,group,desktop_gpu,centralized,centralized,Centralized,Centralized,,dirichlet_0.5,123.0,123,3,15.0,0.001,3,3,group|centralized|centralized|dirichlet_0.5|3|15|0.001|3,Centralized dirichlet_0.5 {group},2026-09-19T23:40:08.025281,False,False,3,selected_round_test,,11.0,0.061001573121905205,,0.929454,0.953744,0.431739,0.8715456186640744,0.8971029160369646,0.7975690607734807,0.9966367713004485,0.869309157603178,0.7675872156741046,0.9838565022421525,0.4438411292622575,,0.8667917448405253,0.8957332629230024,272.0,3.813359256144011e-07,3589.52,4002.53,,,3589.7,0.0
C:\Users\CORSAIR\projects\FedRGBD\results\rev_dirichlet0.5_centralized_seed123,rev_dirichlet0.5_centralized_seed123,group_final_epoch,desktop_gpu,centralized,centralized,Centralized,Centralized,,dirichlet_0.5,123.0,123,3,15.0,0.001,3,2,group_final_epoch|centralized|centralized|dirichlet_0.5|3|15|0.001|3,Centralized dirichlet_0.5 {group_final_epoch},2026-09-17T15:18:18.562388,False,False,3,final_epoch_test,,,,,0.929454,0.953744,0.431739,,,,,,,,,,,,,,2687.94,2687.94,,,2687.9,0.0
C:\Users\CORSAIR\projects\FedRGBD\results\rev_baselines_sel\rev_dirichlet0.5_centralized_seed42,rev_dirichlet0.5_centralized_seed42,group,desktop_gpu,centralized,centralized,Centralized,Centralized,,dirichlet_0.5,42.0,42,3,15.0,0.001,3,3,group|centralized|centralized|dirichlet_0.5|3|15|0.001|3,Centralized dirichlet_0.5 {group},2026-09-19T22:22:20.275559,False,False,3,selected_round_test,,5.0,0.06544020297910123,,0.911818,0.978747,0.37107,0.9295931120677684,0.9269521178637201,0.9372375690607735,0.9166666666666666,0.924967163820337,0.850084353090464,0.9796694992939078,0.38314321042863025,,0.9269735892625198,0.923102372552033,272.0,3.5309046408915634e-07,3600.56,3996.48,,,3600.5,0.0
C:\Users\CORSAIR\projects\FedRGBD\results\rev_dirichlet0.5_centralized_seed42,rev_dirichlet0.5_centralized_seed42,group_final_epoch,desktop_gpu,centralized,centralized,Centralized,Centralized,,dirichlet_0.5,42.0,42,3,15.0,0.001,3,2,group_final_epoch|centralized|centralized|dirichlet_0.5|3|15|0.001|3,Centralized dirichlet_0.5 {group_final_epoch},2026-09-17T14:32:59.400783,False,False,3,final_epoch_test,,,,,0.911818,0.978747,0.37107,,,,,,,,,,,,,,2697.94,2697.94,,,2697.8000000000006,0.0
C:\Users\CORSAIR\projects\FedRGBD\results\rev_baselines_sel\rev_dirichlet0.5_centralized_seed456,rev_dirichlet0.5_centralized_seed456,group,desktop_gpu,centralized,centralized,Centralized,Centralized,,dirichlet_0.5,456.0,456,3,15.0,0.001,3,3,group|centralized|centralized|dirichlet_0.5|3|15|0.001|3,Centralized dirichlet_0.5 {group},2026-09-19T23:28:33.720477,False,False,3,selected_round_test,,6.0,0.046887188529348346,,0.769893,0.980414,0.560359,0.8819608387723927,0.9013437223860137,0.8258563535911603,0.976831091180867,0.8790184987442599,0.7769570556362354,0.9751124379588567,0.4573234508790924,,0.8779044595179679,0.8995665477538632,272.0,2.7761398635473e-07,3605.68,4012.87,,,3605.5000000000005,0.0
C:\Users\CORSAIR\projects\FedRGBD\results\rev_dirichlet0.5_centralized_seed456,rev_dirichlet0.5_centralized_seed456,group_final_epoch,desktop_gpu,centralized,centralized,Centralized,Centralized,,dirichlet_0.5,456.0,456,3,15.0,0.001,3,2,group_final_epoch|centralized|centralized|dirichlet_0.5|3|15|0.001|3,Centralized dirichlet_0.5 {group_final_epoch},2026-09-17T15:18:13.108972,False,False,3,final_epoch_test,,,,,0.769893,0.980414,0.560359,,,,,,,,,,,,,,2681.89,2681.89,,,2681.7000000000003,0.0
C:\Users\CORSAIR\projects\FedRGBD\results\rev_baselines_sel\rev_dirichlet1_centralized_seed123,rev_dirichlet1_centralized_seed123,group,desktop_gpu,centralized,centralized,Centralized,Centralized,,dirichlet_1,123.0,123,3,15.0,0.001,3,3,group|centralized|centralized|dirichlet_1|3|15|0.001|3,Centralized dirichlet_1 {group},2026-09-19T23:28:13.977110,False,False,3,selected_round_test,,8.0,0.04944812949795958,,0.735315,0.898166,0.916631,0.9211220663796695,0.9267768184095648,0.9047303271441203,0.9488233096750094,0.9172744017951162,0.8379050178970927,0.9897471237945006,0.19427620853442704,,0.9158725431804645,0.9220607518901117,485.0,1.815904351332165e-07,3611.5,4008.75,,,3611.3000000000006,0.0
C:\Users\CORSAIR\projects\FedRGBD\results\rev_dirichlet1_centralized_seed123,rev_dirichlet1_centralized_seed123,group_final_epoch,desktop_gpu,centralized,centralized,Centralized,Centralized,,dirichlet_1,123.0,123,3,15.0,0.001,3,2,group_final_epoch|centralized|centralized|dirichlet_1|3|15|0.001|3,Centralized dirichlet_1 {group_final_epoch},2026-09-17T15:18:25.879405,False,False,3,final_epoch_test,,,,,0.735315,0.898166,0.916631,,,,,,,,,,,,,,2687.58,2687.58,,,2687.7000000000003,0.0
C:\Users\CORSAIR\projects\FedRGBD\results\rev_baselines_sel\rev_dirichlet1_centralized_seed42,rev_dirichlet1_centralized_seed42,group,desktop_gpu,centralized,centralized,Centralized,Centralized,,dirichlet_1,42.0,42,3,15.0,0.001,3,3,group|centralized|centralized|dirichlet_1|3|15|0.001|3,Centralized dirichlet_1 {group},2026-09-19T23:39:25.108442,False,False,3,selected_round_test,,12.0,0.09810124034070589,,0.691015,0.898444,1.430375,0.9119566726843494,0.9234476268517848,0.8786472148541115,0.9682480388494583,0.908584751760212,0.825312072004552,0.9862122471708601,0.3811413789187857,,0.9066408576533651,0.9193486465679861,485.0,3.7314821521583497e-07,3590.9,3997.33,,,3590.6,0.0
C:\Users\CORSAIR\projects\FedRGBD\results\rev_dirichlet1_centralized_seed42,rev_dirichlet1_centralized_seed42,group_final_epoch,desktop_gpu,centralized,centralized,Centralized,Centralized,,dirichlet_1,42.0,42,3,15.0,0.001,3,2,group_final_epoch|centralized|centralized|dirichlet_1|3|15|0.001|3,Centralized dirichlet_1 {group_final_epoch},2026-09-17T15:17:50.735060,False,False,3,final_epoch_test,,,,,0.691015,0.898444,1.430375,,,,,,,,,,,,,,2673.89,2673.89,,,2673.8,0.0
C:\Users\CORSAIR\projects\FedRGBD\results\rev_baselines_sel\rev_dirichlet1_centralized_seed456,rev_dirichlet1_centralized_seed456,group,desktop_gpu,centralized,centralized,Centralized,Centralized,,dirichlet_1,456.0,456,3,15.0,0.001,3,3,group|centralized|centralized|dirichlet_1|3|15|0.001|3,Centralized dirichlet_1 {group},2026-09-19T23:28:03.567901,False,False,3,selected_round_test,,10.0,0.0898835436856736,,0.681017,0.949708,1.286006,0.7762810720733232,0.8208057834247728,0.6472148541114059,0.9943967127381397,0.7759753875958325,0.6307535577777693,0.9830215276546089,0.985215451958127,,0.7602739726027398,0.8112210821205026,485.0,4.4222223072321043e-07,3586.51,3980.93,,,3586.2999999999993,0.0
C:\Users\CORSAIR\projects\FedRGBD\results\rev_dirichlet1_centralized_seed456,rev_dirichlet1_centralized_seed456,group_final_epoch,desktop_gpu,centralized,centralized,Centralized,Centralized,,dirichlet_1,456.0,456,3,15.0,0.001,3,2,group_final_epoch|centralized|centralized|dirichlet_1|3|15|0.001|3,Centralized dirichlet_1 {group_final_epoch},2026-09-17T16:04:00.879636,False,False,3,final_epoch_test,,,,,0.681017,0.949708,1.286005,,,,,,,,,,,,,,2703.36,2703.36,,,2703.2,0.0
C:\Users\CORSAIR\projects\FedRGBD\results\rev_baselines_sel\rev_iid_centralized_seed1011,rev_iid_centralized_seed1011,group,desktop_gpu,centralized,centralized,Centralized,Centralized,,iid,1011.0,1011,3,15.0,0.001,3,3,group|centralized|centralized|iid|3|15|0.001|3,Centralized iid {group},2026-09-19T19:02:52.081836,False,False,3,selected_round_test,,3.0,0.1375286677728642,,0.88599,0.931078,0.932899,0.9388543823326432,0.9475236567535925,0.9126878868258178,0.9823594266813671,0.9362809345046024,0.8772263068375058,0.9832274340030109,0.2889315737313576,,0.9347826086956522,0.9439431947500949,483.0,3.8233264321174687e-07,3955.92,4340.27,,,3955.8,0.0
C:\Users\CORSAIR\projects\FedRGBD\results\rev_iid_centralized_seed1011,rev_iid_centralized_seed1011,group_final_epoch,desktop_gpu,centralized,centralized,Centralized,Centralized,,iid,1011.0,1011,3,15.0,0.001,3,2,group_final_epoch|centralized|centralized|iid|3|15|0.001|3,Centralized iid {group_final_epoch},2026-09-17T13:02:03.026611,False,False,3,final_epoch_test,,,,,0.88599,0.931078,0.932898,,,,,,,,,,,,,,2743.73,2743.73,,,2743.7,0.0
C:\Users\CORSAIR\projects\FedRGBD\results\centralized_iid_seed123,centralized_iid_seed123,image,desktop_gpu,centralized,centralized,Centralized,Centralized,,iid,123.0,123,3,15.0,0.001,3,1,image|centralized|centralized|iid|3|15|0.001|3,Centralized iid {image},2026-04-02T02:42:08.926377,False,False,3,final_epoch_test,,,,,0.996375,0.988268,0.011951,,,,,,,,,,,,,,14662.88,14662.88,,,14662.799999999997,0.0
C:\Users\CORSAIR\projects\FedRGBD\results\rev_baselines_sel\rev_iid_centralized_seed123,rev_iid_centralized_seed123,group,desktop_gpu,centralized,centralized,Centralized,Centralized,,iid,123.0,123,3,15.0,0.001,3,3,group|centralized|centralized|iid|3|15|0.001|3,Centralized iid {group},2026-09-19T19:02:53.682157,False,False,3,selected_round_test,,7.0,0.07878673963926346,,0.892063,0.90702,0.584952,0.9145617667356798,0.9175261035837776,0.9056145004420867,0.9294377067254685,0.9103631937070881,0.8228278056699926,0.9765238341731517,0.5855529930896345,,0.9087548062703342,0.9118990548133395,483.0,2.3326432019299403e-07,3957.2,4341.87,,,3957.0,0.0
C:\Users\CORSAIR\projects\FedRGBD\results\rev_iid_centralized_seed123,rev_iid_centralized_seed123,group_final_epoch,desktop_gpu,centralized,centralized,Centralized,Centralized,,iid,123.0,123,3,15.0,0.001,3,2,group_final_epoch|centralized|centralized|iid|3|15|0.001|3,Centralized iid {group_final_epoch},2026-09-17T18:52:37.174555,False,False,3,final_epoch_test,,,,,0.892063,0.90702,0.584951,,,,,,,,,,,,,,2804.1,2804.1,,,2803.8999999999996,0.0
C:\Users\CORSAIR\projects\FedRGBD\results\centralized_iid_seed42,centralized_iid_seed42,image,desktop_gpu,centralized,centralized,Centralized,Centralized,,iid,42.0,42,3,15.0,0.001,3,1,image|centralized|centralized|iid|3|15|0.001|3,Centralized iid {image},2026-04-01T22:33:22.988971,False,False,3,final_epoch_test,,,,,0.995193,0.993349,0.016093,,,,,,,,,,,,,,15864.91,15864.91,,,15864.8,0.0
C:\Users\CORSAIR\projects\FedRGBD\results\rev_baselines_sel\rev_iid_centralized_seed42,rev_iid_centralized_seed42,group,desktop_gpu,centralized,centralized,Centralized,Centralized,,iid,42.0,42,3,15.0,0.001,3,3,group|centralized|centralized|iid|3|15|0.001|3,Centralized iid {group},2026-09-19T19:02:55.967550,False,False,3,selected_round_test,,3.0,0.07821041542078902,,0.920635,0.949901,0.51748,0.9409247757073844,0.943542439830886,0.9330238726790451,0.9540610069827269,0.937795439864873,0.8768428745035431,0.9764994633545749,0.2974726258244592,,0.9371487725524993,0.9398764980183794,483.0,4.398308860453781e-07,3958.89,4344.14,,,3958.6000000000004,0.0
C:\Users\CORSAIR\projects\FedRGBD\results\rev_iid_centralized_seed42,rev_iid_centralized_seed42,group_final_epoch,desktop_gpu,centralized,centralized,Centralized,Centralized,,iid,42.0,42,3,15.0,0.001,3,2,group_final_epoch|centralized|centralized|iid|3|15|0.001|3,Centralized iid {group_final_epoch},2026-09-17T18:52:36.525914,False,False,3,final_epoch_test,,,,,0.920635,0.949901,0.51748,,,,,,,,,,,,,,2803.3,2803.3,,,2803.3999999999996,0.0
C:\Users\CORSAIR\projects\FedRGBD\results\centralized_iid_seed456,centralized_iid_seed456,image,desktop_gpu,centralized,centralized,Centralized,Centralized,,iid,456.0,456,3,15.0,0.001,3,1,image|centralized|centralized|iid|3|15|0.001|3,Centralized iid {image},2026-04-02T07:00:41.934482,False,False,3,final_epoch_test,,,,,0.997872,0.99305,0.008769,,,,,,,,,,,,,,15301.26,15301.26,,,15301.100000000002,0.0
C:\Users\CORSAIR\projects\FedRGBD\results\rev_baselines_sel\rev_iid_centralized_seed456,rev_iid_centralized_seed456,group,desktop_gpu,centralized,centralized,Centralized,Centralized,,iid,456.0,456,3,15.0,0.001,3,3,group|centralized|centralized|iid|3|15|0.001|3,Centralized iid {group},2026-09-19T19:02:39.436924,False,False,3,selected_round_test,,7.0,0.1185874443134158,,0.945066,0.886216,0.228333,0.9301587301587302,0.9292094740094968,0.9330238726790451,0.9253950753399486,0.9260741358669289,0.8525419580733673,0.9795700240231282,0.3004231816623838,,0.9257616089914227,0.9248500107599105,483.0,4.7400949687581573e-07,3944.75,4327.68,,,3944.6000000000004,0.0
C:\Users\CORSAIR\projects\FedRGBD\results\rev_iid_centralized_seed456,rev_iid_centralized_seed456,group_final_epoch,desktop_gpu,centralized,centralized,Centralized,Centralized,,iid,456.0,456,3,15.0,0.001,3,2,group_final_epoch|centralized|centralized|iid|3|15|0.001|3,Centralized iid {group_final_epoch},2026-09-17T18:52:38.080858,False,False,3,final_epoch_test,,,,,0.945066,0.886216,0.228333,,,,,,,,,,,,,,2804.98,2804.98,,,2804.8999999999996,0.0
C:\Users\CORSAIR\projects\FedRGBD\results\rev_baselines_sel\rev_iid_centralized_seed789,rev_iid_centralized_seed789,group,desktop_gpu,centralized,centralized,Centralized,Centralized,,iid,789.0,789,3,15.0,0.001,3,3,group|centralized|centralized|iid|3|15|0.001|3,Centralized iid {group},2026-09-19T19:02:40.324040,False,False,3,selected_round_test,,6.0,0.068208873939135,,0.902001,0.926974,0.8115,0.9449275362318841,0.9492375345700061,0.9319186560565871,0.9665564130834252,0.9421555485684546,0.8861724989715315,0.9825837194483357,0.3588981687540292,,0.9415853297840876,0.9460710589884269,483.0,4.989715315373289e-07,3946.26,4328.5,,,3946.0,0.0
C:\Users\CORSAIR\projects\FedRGBD\results\rev_iid_centralized_seed789,rev_iid_centralized_seed789,group_final_epoch,desktop_gpu,centralized,centralized,Centralized,Centralized,,iid,789.0,789,3,15.0,0.001,3,2,group_final_epoch|centralized|centralized|iid|3|15|0.001|3,Centralized iid {group_final_epoch},2026-09-17T13:02:13.879615,False,False,3,final_epoch_test,,,,,0.902001,0.926974,0.811502,,,,,,,,,,,,,,2755.79,2755.79,,,2755.9000000000005,0.0
C:\Users\CORSAIR\projects\FedRGBD\results\rev_baselines_sel\rev_iid_sub0.01_centralized_seed123,rev_iid_sub0.01_centralized_seed123,group,desktop_gpu,centralized,centralized,Centralized,Centralized,,iid_sub0.01,123.0,123,3,15.0,0.001,3,3,group|centralized|centralized|iid_sub0.01|3|15|0.001|3,Centralized iid_sub0.01 {group},2026-09-20T01:22:25.649404,False,False,3,selected_round_test,,14.0,0.32702047339550916,,0.906004,0.759694,0.412704,0.9271221532091097,0.9239218593569809,0.9367816091954023,0.9110621095185594,0.9225572042919151,0.8451908781633904,0.9788727749036459,0.35513777823995146,,0.9268495428096426,0.9235627203931156,27.0,1.532091097322663e-07,507.72,980.35,,,507.6,0.0
C:\Users\CORSAIR\projects\FedRGBD\results\rev_iid_sub0.01_centralized_seed123,rev_iid_sub0.01_centralized_seed123,group_final_epoch,desktop_gpu,centralized,centralized,Centralized,Centralized,,iid_sub0.01,123.0,123,3,15.0,0.001,3,2,group_final_epoch|centralized|centralized|iid_sub0.01|3|15|0.001|3,Centralized iid_sub0.01 {group_final_epoch},2026-09-17T17:02:15.244915,False,False,3,final_epoch_test,,,,,0.906004,0.759694,0.412704,,,,,,,,,,,,,,279.4,279.4,,,279.40000000000003,0.0
C:\Users\CORSAIR\projects\FedRGBD\results\rev_baselines_sel\rev_iid_sub0.01_centralized_seed42,rev_iid_sub0.01_centralized_seed42,group,desktop_gpu,centralized,centralized,Centralized,Centralized,,iid_sub0.01,42.0,42,3,15.0,0.001,3,3,group|centralized|centralized|iid_sub0.01|3|15|0.001|3,Centralized iid_sub0.01 {group},2026-09-20T00:50:06.941060,False,False,3,selected_round_test,,13.0,0.30787562797977247,,0.83989,0.775262,0.820714,0.893719806763285,0.9012767384436016,0.8709106984969054,0.9316427783902976,0.8895666719455222,0.7849233530116575,0.9594521569961634,0.5625855897984063,,0.8933222499307287,0.9009204734987457,27.0,3.530116574612663e-07,423.56,823.72,,,423.40000000000003,0.0
C:\Users\CORSAIR\projects\FedRGBD\results\rev_iid_sub0.01_centralized_seed42,rev_iid_sub0.01_centralized_seed42,group_final_epoch,desktop_gpu,centralized,centralized,Centralized,Centralized,,iid_sub0.01,42.0,42,3,15.0,0.001,3,2,group_final_epoch|centralized|centralized|iid_sub0.01|3|15|0.001|3,Centralized iid_sub0.01 {group_final_epoch},2026-09-17T17:38:13.046761,False,False,3,final_epoch_test,,,,,0.83989,0.775262,0.820714,,,,,,,,,,,,,,210.98,210.98,,,210.9,0.0
C:\Users\CORSAIR\projects\FedRGBD\results\rev_baselines_sel\rev_iid_sub0.01_centralized_seed456,rev_iid_sub0.01_centralized_seed456,group,desktop_gpu,centralized,centralized,Centralized,Centralized,,iid_sub0.01,456.0,456,3,15.0,0.001,3,3,group|centralized|centralized|iid_sub0.01|3|15|0.001|3,Centralized iid_sub0.01 {group},2026-09-20T01:06:24.355224,False,False,3,selected_round_test,,9.0,0.2701665023374277,,0.903382,0.712709,0.515911,0.9156659765355417,0.9230240384006114,0.8934571175950486,0.9525909592061742,0.9121470046405336,0.8289886511409521,0.9625691440741054,0.3856184725834843,,0.9153505126073704,0.9227599947394491,27.0,3.4885904787174127e-07,515.59,989.78,,,515.4000000000001,0.0
C:\Users\CORSAIR\projects\FedRGBD\results\rev_iid_sub0.01_centralized_seed456,rev_iid_sub0.01_centralized_seed456,group_final_epoch,desktop_gpu,centralized,centralized,Centralized,Centralized,,iid_sub0.01,456.0,456,3,15.0,0.001,3,2,group_final_epoch|centralized|centralized|iid_sub0.01|3|15|0.001|3,Centralized iid_sub0.01 {group_final_epoch},2026-09-17T17:02:41.201203,False,False,3,final_epoch_test,,,,,0.903382,0.712709,0.515911,,,,,,,,,,,,,,278.97,278.97,,,279.0,0.0
C:\Users\CORSAIR\projects\FedRGBD\results\rev_baselines_sel\rev_iid_sub0.05_centralized_seed123,rev_iid_sub0.05_centralized_seed123,group,desktop_gpu,centralized,centralized,Centralized,Centralized,,iid_sub0.05,123.0,123,3,15.0,0.001,3,3,group|centralized|centralized|iid_sub0.05|3|15|0.001|3,Centralized iid_sub0.05 {group},2026-09-20T00:49:48.985424,False,False,3,selected_round_test,,3.0,0.19169333675872008,,0.916494,0.740023,0.307644,0.9257418909592823,0.9365846929813018,0.8930150309460654,0.980154355016538,0.9229756346105326,0.8529546651043324,0.9767414655830425,0.2777202847462189,,0.9233290580019952,0.9340807915112685,228.0,3.3489566764188794e-07,524.59,907.99,,,524.3999999999999,0.0
C:\Users\CORSAIR\projects\FedRGBD\results\rev_iid_sub0.05_centralized_seed123,rev_iid_sub0.05_centralized_seed123,group_final_epoch,desktop_gpu,centralized,centralized,Centralized,Centralized,,iid_sub0.05,123.0,123,3,15.0,0.001,3,2,group_final_epoch|centralized|centralized|iid_sub0.05|3|15|0.001|3,Centralized iid_sub0.05 {group_final_epoch},2026-09-17T16:57:24.145703,False,False,3,final_epoch_test,,,,,0.916494,0.740023,0.307644,,,,,,,,,,,,,,377.11,377.11,,,377.0,0.0
C:\Users\CORSAIR\projects\FedRGBD\results\rev_baselines_sel\rev_iid_sub0.05_centralized_seed42,rev_iid_sub0.05_centralized_seed42,group,desktop_gpu,centralized,centralized,Centralized,Centralized,,iid_sub0.05,42.0,42,3,15.0,0.001,3,3,group|centralized|centralized|iid_sub0.05|3|15|0.001|3,Centralized iid_sub0.05 {group},2026-09-20T01:05:59.824364,False,False,3,selected_round_test,,8.0,0.2052646723947116,,0.90559,0.846589,0.461316,0.8923395445134575,0.8838402707305495,0.9179929266136163,0.8496876148474826,0.8849080576049928,0.7698712910128493,0.9734383260692047,0.2658124445056202,,0.8888413852073536,0.8810152586700506,228.0,4.5548654248328546e-07,640.12,1131.34,,,640.0,0.0
C:\Users\CORSAIR\projects\FedRGBD\results\rev_iid_sub0.05_centralized_seed42,rev_iid_sub0.05_centralized_seed42,group_final_epoch,desktop_gpu,centralized,centralized,Centralized,Centralized,,iid_sub0.05,42.0,42,3,15.0,0.001,3,2,group_final_epoch|centralized|centralized|iid_sub0.05|3|15|0.001|3,Centralized iid_sub0.05 {group_final_epoch},2026-09-17T16:56:57.035545,False,False,3,final_epoch_test,,,,,0.90559,0.846589,0.461317,,,,,,,,,,,,,,378.79,378.79,,,378.49999999999994,0.0
C:\Users\CORSAIR\projects\FedRGBD\results\rev_baselines_sel\rev_iid_sub0.05_centralized_seed456,rev_iid_sub0.05_centralized_seed456,group,desktop_gpu,centralized,centralized,Centralized,Centralized,,iid_sub0.05,456.0,456,3,15.0,0.001,3,3,group|centralized|centralized|iid_sub0.05|3|15|0.001|3,Centralized iid_sub0.05 {group},2026-09-20T00:49:53.267382,False,False,3,selected_round_test,,8.0,0.17696319210822253,,0.817253,0.813331,0.573994,0.9472739820565907,0.9459900011405543,0.9511494252873564,0.9408305769937523,0.9440347944842487,0.8882149923788829,0.982148375392492,0.23677684679122582,,0.9455607809605244,0.9445107734051388,228.0,1.794340920291404e-08,537.69,919.84,,,537.5,0.0
C:\Users\CORSAIR\projects\FedRGBD\results\rev_iid_sub0.05_centralized_seed456,rev_iid_sub0.05_centralized_seed456,group_final_epoch,desktop_gpu,centralized,centralized,Centralized,Centralized,,iid_sub0.05,456.0,456,3,15.0,0.001,3,2,group_final_epoch|centralized|centralized|iid_sub0.05|3|15|0.001|3,Centralized iid_sub0.05 {group_final_epoch},2026-09-17T17:39:14.440445,False,False,3,final_epoch_test,,,,,0.817253,0.813331,0.573994,,,,,,,,,,,,,,285.02,285.02,,,284.90000000000003,0.0
C:\Users\CORSAIR\projects\FedRGBD\results\rev_baselines_sel\rev_noniid_centralized_seed1011,rev_noniid_centralized_seed1011,group,desktop_gpu,centralized,centralized,Centralized,Centralized,,non_iid_label,1011.0,1011,3,15.0,0.001,3,3,group|centralized|centralized|non_iid_label|3|15|0.001|3,Centralized non_iid_label {group},2026-09-19T20:09:18.776668,False,False,3,selected_round_test,,1.0,0.1689469550313274,,0.938177,0.915266,0.166453,0.923450958599611,0.9366348144166801,0.8852277753206546,0.9880418535127056,0.9206214001938944,0.8503257372605236,0.9938425098620992,0.16443448675173605,,0.9188224799286352,0.9342330968364052,472.0,2.627394763976554e-07,3616.62,3993.39,,,3616.6000000000004,0.0
C:\Users\CORSAIR\projects\FedRGBD\results\rev_noniid_centralized_seed1011,rev_noniid_centralized_seed1011,group_final_epoch,desktop_gpu,centralized,centralized,Centralized,Centralized,,non_iid_label,1011.0,1011,3,15.0,0.001,3,2,group_final_epoch|centralized|centralized|non_iid_label|3|15|0.001|3,Centralized non_iid_label {group_final_epoch},2026-09-17T13:02:25.211470,False,False,3,final_epoch_test,,,,,0.938177,0.915266,0.166453,,,,,,,,,,,,,,2767.02,2767.02,,,2766.9999999999995,0.0
C:\Users\CORSAIR\projects\FedRGBD\results\centralized_noniid_seed123,centralized_noniid_seed123,image,desktop_gpu,centralized,centralized,Centralized,Centralized,,non_iid_label,123.0,123,3,15.0,0.001,3,1,image|centralized|centralized|non_iid_label|3|15|0.001|3,Centralized non_iid_label {image},2026-04-02T15:51:06.135012,False,False,3,final_epoch_test,,,,,0.996398,0.996609,0.011276,,,,,,,,,,,,,,15429.06,15429.06,,,15429.100000000002,0.0
C:\Users\CORSAIR\projects\FedRGBD\results\rev_baselines_sel\rev_noniid_centralized_seed123,rev_noniid_centralized_seed123,group,desktop_gpu,centralized,centralized,Centralized,Centralized,,non_iid_label,123.0,123,3,15.0,0.001,3,3,group|centralized|centralized|non_iid_label|3|15|0.001|3,Centralized non_iid_label {group},2026-09-19T20:09:54.807101,False,False,3,selected_round_test,,5.0,0.1139637387578962,,0.965963,0.952354,0.137391,0.9626285079188663,0.959959331856415,0.9703670942061035,0.9495515695067265,0.9599944173317262,0.9199888770123467,0.9950637441665361,0.09413605981640982,,0.9603033006244425,0.9567156187093389,472.0,4.920811336184272e-07,3630.18,4013.68,,,3630.3999999999996,0.0
C:\Users\CORSAIR\projects\FedRGBD\results\rev_noniid_centralized_seed123,rev_noniid_centralized_seed123,group_final_epoch,desktop_gpu,centralized,centralized,Centralized,Centralized,,non_iid_label,123.0,123,3,15.0,0.001,3,2,group_final_epoch|centralized|centralized|non_iid_label|3|15|0.001|3,Centralized non_iid_label {group_final_epoch},2026-09-17T19:37:07.142573,False,False,3,final_epoch_test,,,,,0.965963,0.952354,0.137391,,,,,,,,,,,,,,2633.68,2633.68,,,2633.7,0.0
C:\Users\CORSAIR\projects\FedRGBD\results\centralized_noniid_seed42,centralized_noniid_seed42,image,desktop_gpu,centralized,centralized,Centralized,Centralized,,non_iid_label,42.0,42,3,15.0,0.001,3,1,image|centralized|centralized|non_iid_label|3|15|0.001|3,Centralized non_iid_label {image},2026-04-02T11:30:12.692893,False,False,3,final_epoch_test,,,,,0.997839,0.995382,0.007624,,,,,,,,,,,,,,15944.45,15944.45,,,15944.400000000001,0.0
C:\Users\CORSAIR\projects\FedRGBD\results\rev_baselines_sel\rev_noniid_centralized_seed42,rev_noniid_centralized_seed42,group,desktop_gpu,centralized,centralized,Centralized,Centralized,,non_iid_label,42.0,42,3,15.0,0.001,3,3,group|centralized|centralized|non_iid_label|3|15|0.001|3,Centralized non_iid_label {group},2026-09-19T19:02:52.377500,False,False,3,selected_round_test,,3.0,0.20731593459829517,,0.924007,0.871093,0.313356,0.9373437065851625,0.9441069205591135,0.9177355152587351,0.9704783258594918,0.9342846607736794,0.8719707737421648,0.9909057793520996,0.2033603001106097,,0.9336901575973833,0.9411555325292418,472.0,2.934148374267309e-07,3952.37,4340.56,,,3952.5,0.0
C:\Users\CORSAIR\projects\FedRGBD\results\rev_noniid_centralized_seed42,rev_noniid_centralized_seed42,group_final_epoch,desktop_gpu,centralized,centralized,Centralized,Centralized,,non_iid_label,42.0,42,3,15.0,0.001,3,2,group_final_epoch|centralized|centralized|non_iid_label|3|15|0.001|3,Centralized non_iid_label {group_final_epoch},2026-09-17T18:52:38.061350,False,False,3,final_epoch_test,,,,,0.924007,0.871093,0.313356,,,,,,,,,,,,,,2805.21,2805.21,,,2805.0999999999995,0.0
C:\Users\CORSAIR\projects\FedRGBD\results\centralized_noniid_seed456,centralized_noniid_seed456,image,desktop_gpu,centralized,centralized,Centralized,Centralized,,non_iid_label,456.0,456,3,15.0,0.001,3,1,image|centralized|centralized|non_iid_label|3|15|0.001|3,Centralized non_iid_label {image},2026-04-02T20:10:29.959576,False,False,3,final_epoch_test,,,,,0.997334,0.99798,0.011323,,,,,,,,,,,,,,15343.02,15343.02,,,15343.000000000002,0.0
C:\Users\CORSAIR\projects\FedRGBD\results\rev_baselines_sel\rev_noniid_centralized_seed456,rev_noniid_centralized_seed456,group,desktop_gpu,centralized,centralized,Centralized,Centralized,,non_iid_label,456.0,456,3,15.0,0.001,3,3,group|centralized|centralized|non_iid_label|3|15|0.001|3,Centralized non_iid_label {group},2026-09-19T20:09:07.572527,False,False,3,selected_round_test,,1.0,0.13887809150033717,,0.963323,0.762189,0.159231,0.9344262295081968,0.9424714185886769,0.9111012826183105,0.9738415545590433,0.9313908711580006,0.8671168477681831,0.9909230508346837,0.20229417153242932,,0.9310139756170086,0.9400204206255074,472.0,4.185886769425551e-07,3594.97,3969.17,,,3594.6,0.0
C:\Users\CORSAIR\projects\FedRGBD\results\rev_noniid_centralized_seed456,rev_noniid_centralized_seed456,group_final_epoch,desktop_gpu,centralized,centralized,Centralized,Centralized,,non_iid_label,456.0,456,3,15.0,0.001,3,2,group_final_epoch|centralized|centralized|non_iid_label|3|15|0.001|3,Centralized non_iid_label {group_final_epoch},2026-09-17T19:37:03.681892,False,False,3,final_epoch_test,,,,,0.963323,0.762189,0.159231,,,,,,,,,,,,,,2629.83,2629.83,,,2629.8999999999996,0.0
C:\Users\CORSAIR\projects\FedRGBD\results\rev_baselines_sel\rev_noniid_centralized_seed789,rev_noniid_centralized_seed789,group,desktop_gpu,centralized,centralized,Centralized,Centralized,,non_iid_label,789.0,789,3,15.0,0.001,3,3,group|centralized|centralized|non_iid_label|3|15|0.001|3,Centralized non_iid_label {group},2026-09-19T20:09:17.404261,False,False,3,selected_round_test,,7.0,0.11126409519421783,,0.9197,0.955688,0.1596,0.9562378438455127,0.9523559955018117,0.9674922600619195,0.9372197309417041,0.9530813070486677,0.9061812021249073,0.9934013019888154,0.1482218698908835,,0.9536128456735058,0.9482375073749458,472.0,2.0212490725590726e-07,3617.45,3992.7,,,3617.3,0.0
C:\Users\CORSAIR\projects\FedRGBD\results\rev_noniid_centralized_seed789,rev_noniid_centralized_seed789,group_final_epoch,desktop_gpu,centralized,centralized,Centralized,Centralized,,non_iid_label,789.0,789,3,15.0,0.001,3,2,group_final_epoch|centralized|centralized|non_iid_label|3|15|0.001|3,Centralized non_iid_label {group_final_epoch},2026-09-17T13:02:18.618603,False,False,3,final_epoch_test,,,,,0.9197,0.955688,0.1596,,,,,,,,,,,,,,2760.14,2760.14,,,2760.1,0.0
C:\Users\CORSAIR\projects\FedRGBD\results\rev_baselines_sel\rev_noniid_sub0.01_centralized_seed123,rev_noniid_sub0.01_centralized_seed123,group,desktop_gpu,centralized,centralized,Centralized,Centralized,,non_iid_label_sub0.01,123.0,123,3,15.0,0.001,3,3,group|centralized|centralized|non_iid_label_sub0.01|3|15|0.001|3,Centralized non_iid_label_sub0.01 {group},2026-09-20T01:25:06.729760,False,False,3,selected_round_test,,10.0,0.17265256422406086,,0.93137,0.864842,0.184502,0.936926924145596,0.943165004968237,0.9188412206988058,0.9674887892376681,0.9337931873936767,0.8706953814523589,0.9916305205112491,0.14744741935850214,,0.9365389991613083,0.9427693514698917,44.0,3.8145235892184104e-07,493.25,950.95,,,493.1000000000001,0.0
C:\Users\CORSAIR\projects\FedRGBD\results\rev_noniid_sub0.01_centralized_seed123,rev_noniid_sub0.01_centralized_seed123,group_final_epoch,desktop_gpu,centralized,centralized,Centralized,Centralized,,non_iid_label_sub0.01,123.0,123,3,15.0,0.001,3,2,group_final_epoch|centralized|centralized|non_iid_label_sub0.01|3|15|0.001|3,Centralized non_iid_label_sub0.01 {group_final_epoch},2026-09-17T17:48:24.574081,False,False,3,final_epoch_test,,,,,0.93137,0.864842,0.184502,,,,,,,,,,,,,,208.77,208.77,,,208.8,0.0
C:\Users\CORSAIR\projects\FedRGBD\results\rev_baselines_sel\rev_noniid_sub0.01_centralized_seed42,rev_noniid_sub0.01_centralized_seed42,group,desktop_gpu,centralized,centralized,Centralized,Centralized,,non_iid_label_sub0.01,42.0,42,3,15.0,0.001,3,3,group|centralized|centralized|non_iid_label_sub0.01|3|15|0.001|3,Centralized non_iid_label_sub0.01 {group},2026-09-20T01:22:53.580327,False,False,3,selected_round_test,,3.0,0.13270806946779193,,0.920533,0.892485,0.21287,0.9395665462628507,0.9445030903558025,0.9252543122512162,0.9637518684603886,0.9364046183319451,0.8751294225958726,0.9933369264628202,0.1213191532945123,,0.9391948560246016,0.9441375223524944,44.0,4.537371492974174e-07,504.28,983.85,,,504.2000000000001,0.0
C:\Users\CORSAIR\projects\FedRGBD\results\rev_noniid_sub0.01_centralized_seed42,rev_noniid_sub0.01_centralized_seed42,group_final_epoch,desktop_gpu,centralized,centralized,Centralized,Centralized,,non_iid_label_sub0.01,42.0,42,3,15.0,0.001,3,2,group_final_epoch|centralized|centralized|non_iid_label_sub0.01|3|15|0.001|3,Centralized non_iid_label_sub0.01 {group_final_epoch},2026-09-17T17:08:05.547619,False,False,3,final_epoch_test,,,,,0.920533,0.892485,0.21287,,,,,,,,,,,,,,285.65,285.65,,,285.8,0.0
C:\Users\CORSAIR\projects\FedRGBD\results\rev_baselines_sel\rev_noniid_sub0.01_centralized_seed456,rev_noniid_sub0.01_centralized_seed456,group,desktop_gpu,centralized,centralized,Centralized,Centralized,,non_iid_label_sub0.01,456.0,456,3,15.0,0.001,3,3,group|centralized|centralized|non_iid_label_sub0.01|3|15|0.001|3,Centralized non_iid_label_sub0.01 {group},2026-09-20T01:25:24.033447,False,False,3,selected_round_test,,14.0,0.16841757724631157,,0.828841,0.916516,0.468125,0.941511530980828,0.9386523549707823,0.9498009730207873,0.9275037369207773,0.9375495976392003,0.8751439388817316,0.984692590748832,0.1915007371669964,,0.9411518031870283,0.9383978399717894,44.0,4.690191720557735e-07,524.62,980.7,,,524.4,0.0
C:\Users\CORSAIR\projects\FedRGBD\results\rev_noniid_sub0.01_centralized_seed456,rev_noniid_sub0.01_centralized_seed456,group_final_epoch,desktop_gpu,centralized,centralized,Centralized,Centralized,,non_iid_label_sub0.01,456.0,456,3,15.0,0.001,3,2,group_final_epoch|centralized|centralized|non_iid_label_sub0.01|3|15|0.001|3,Centralized non_iid_label_sub0.01 {group_final_epoch},2026-09-17T17:47:26.071288,False,False,3,final_epoch_test,,,,,0.828841,0.916516,0.468125,,,,,,,,,,,,,,209.07,209.07,,,209.00000000000006,0.0
C:\Users\CORSAIR\projects\FedRGBD\results\rev_baselines_sel\rev_noniid_sub0.05_centralized_seed123,rev_noniid_sub0.05_centralized_seed123,group,desktop_gpu,centralized,centralized,Centralized,Centralized,,non_iid_label_sub0.05,123.0,123,3,15.0,0.001,3,3,group|centralized|centralized|non_iid_label_sub0.05|3|15|0.001|3,Centralized non_iid_label_sub0.05 {group},2026-09-20T01:08:57.697750,False,False,3,selected_round_test,,4.0,0.27393350430809654,,0.929564,0.908321,0.296792,0.9028896915809947,0.9030321120659734,0.9024767801857585,0.9035874439461884,0.89741386771728,0.7961154952550183,0.9753828484426577,0.2231226381616365,,0.9020734099187447,0.902219278190495,60.0,4.952550183290327e-07,683.69,1125.71,,,683.7,0.0
C:\Users\CORSAIR\projects\FedRGBD\results\rev_noniid_sub0.05_centralized_seed123,rev_noniid_sub0.05_centralized_seed123,group_final_epoch,desktop_gpu,centralized,centralized,Centralized,Centralized,,non_iid_label_sub0.05,123.0,123,3,15.0,0.001,3,2,group_final_epoch|centralized|centralized|non_iid_label_sub0.05|3|15|0.001|3,Centralized non_iid_label_sub0.05 {group_final_epoch},2026-09-17T17:43:29.091026,False,False,3,final_epoch_test,,,,,0.929564,0.908321,0.296792,,,,,,,,,,,,,,287.94,287.94,,,287.9,0.0
C:\Users\CORSAIR\projects\FedRGBD\results\rev_baselines_sel\rev_noniid_sub0.05_centralized_seed42,rev_noniid_sub0.05_centralized_seed42,group,desktop_gpu,centralized,centralized,Centralized,Centralized,,non_iid_label_sub0.05,42.0,42,3,15.0,0.001,3,3,group|centralized|centralized|non_iid_label_sub0.05|3|15|0.001|3,Centralized non_iid_label_sub0.05 {group},2026-09-20T01:09:10.664889,False,False,3,selected_round_test,,8.0,0.052041717051308736,,0.954154,0.962078,0.173859,0.9435954431786607,0.9519047883491372,0.9195046439628483,0.984304932735426,0.9409482922015941,0.886022626894027,0.9956731217386647,0.12508015506698872,,0.9431213224992995,0.9514986551866236,60.0,4.431786607694832e-07,689.36,1152.05,,,688.9999999999999,0.0
C:\Users\CORSAIR\projects\FedRGBD\results\rev_noniid_sub0.05_centralized_seed42,rev_noniid_sub0.05_centralized_seed42,group_final_epoch,desktop_gpu,centralized,centralized,Centralized,Centralized,,non_iid_label_sub0.05,42.0,42,3,15.0,0.001,3,2,group_final_epoch|centralized|centralized|non_iid_label_sub0.05|3|15|0.001|3,Centralized non_iid_label_sub0.05 {group_final_epoch},2026-09-17T17:44:27.959317,False,False,3,final_epoch_test,,,,,0.954154,0.962078,0.173859,,,,,,,,,,,,,,285.86,285.86,,,285.8,0.0
C:\Users\CORSAIR\projects\FedRGBD\results\rev_baselines_sel\rev_noniid_sub0.05_centralized_seed456,rev_noniid_sub0.05_centralized_seed456,group,desktop_gpu,centralized,centralized,Centralized,Centralized,,non_iid_label_sub0.05,456.0,456,3,15.0,0.001,3,3,group|centralized|centralized|non_iid_label_sub0.05|3|15|0.001|3,Centralized non_iid_label_sub0.05 {group},2026-09-20T01:41:33.536881,False,False,3,selected_round_test,,8.0,0.12709795541020688,,0.855099,0.838589,0.448868,0.9123367602111697,0.9294672317829658,0.862671384343211,0.9962630792227205,0.9096778447924818,0.8333445549497228,0.9846377186701917,0.20971209759663895,,0.9115998879237882,0.9288698425012117,60.0,4.4505027718688694e-07,665.23,1142.53,,,665.2,0.0
C:\Users\CORSAIR\projects\FedRGBD\results\rev_noniid_sub0.05_centralized_seed456,rev_noniid_sub0.05_centralized_seed456,group_final_epoch,desktop_gpu,centralized,centralized,Centralized,Centralized,,non_iid_label_sub0.05,456.0,456,3,15.0,0.001,3,2,group_final_epoch|centralized|centralized|non_iid_label_sub0.05|3|15|0.001|3,Centralized non_iid_label_sub0.05 {group_final_epoch},2026-09-17T17:09:14.528303,False,False,3,final_epoch_test,,,,,0.855099,0.838589,0.448868,,,,,,,,,,,,,,380.9,380.9,,,380.90000000000003,0.0
C:\Users\CORSAIR\projects\FedRGBD\results\rev_dirichlet0.1_fedavg_seed123,rev_dirichlet0.1_fedavg_seed123,group,heterogeneous,fl,fedavg,FedAvg,FedAvg,0.0,dirichlet_0.1,123.0,123,3,5.0,0.001,3,3,group|fl|fedavg|dirichlet_0.1|3|5|0.001|3,FedAvg dirichlet_0.1 [3N] {group},2026-09-24T19:12:51.179113,False,False,3,selected_round_test,3.0,,0.6847349914632734,dirichlet0.1,0.6633594186696479,0.37367244270542205,0.6847349914632734,0.8341199333703498,0.8693316364206143,0.740958605664488,0.9977046671767407,0.832085292786542,0.7113761079028281,0.9429793153340568,0.4281207035815175,,0.8198154443904808,0.8578024068486326,1027.0,1.1102230246251565e-16,3459.07,3515.47,1153.317,1152.8404999999998,3458.998,165.465288
C:\Users\CORSAIR\projects\FedRGBD\results\rev_dirichlet0.1_fedavg_seed42,rev_dirichlet0.1_fedavg_seed42,group,heterogeneous,fl,fedavg,FedAvg,FedAvg,0.0,dirichlet_0.1,42.0,42,3,5.0,0.001,3,3,group|fl|fedavg|dirichlet_0.1|3|5|0.001|3,FedAvg dirichlet_0.1 [3N] {group},2026-09-24T18:13:18.164354,False,False,3,selected_round_test,3.0,,0.7900399089366898,dirichlet0.1,0.6573504751257686,0.3883454443823365,0.7900399089366898,0.8085785674625208,0.8482999201550891,0.7034858387799564,0.9931140015302219,0.8070891492224381,0.673160052318313,0.8795805391781808,0.46591302806839935,,0.8060547191193136,0.8459320633989882,1027.0,0.0,3455.25,3508.44,1163.834,1145.671,3455.176,165.465288
C:\Users\CORSAIR\projects\FedRGBD\results\rev_dirichlet0.1_fedavg_seed456,rev_dirichlet0.1_fedavg_seed456,group,heterogeneous,fl,fedavg,FedAvg,FedAvg,0.0,dirichlet_0.1,456.0,456,3,5.0,0.001,3,3,group|fl|fedavg|dirichlet_0.1|3|5|0.001|3,FedAvg dirichlet_0.1 [3N] {group},2026-09-24T20:12:13.352989,False,False,3,selected_round_test,3.0,,0.812478560492185,dirichlet0.1,0.6472889882615986,0.3669647847959754,0.812478560492185,0.8124652970571904,0.8525852081885207,0.706318082788671,0.9988523335883703,0.811015398124116,0.6814800039381258,0.9334390153238886,0.4379839151380801,,0.7969888295288975,0.8400250566353256,1027.0,0.0,3455.72,3508.38,1163.627,1146.011,3455.649,165.465288
C:\Users\CORSAIR\projects\FedRGBD\results\rev_dirichlet0.1_fedprox_0.01_seed123,rev_dirichlet0.1_fedprox_0.01_seed123,group,heterogeneous,fl,fedprox_0.01,FedProx(mu=0.01),FedProx(mu=0.01),0.01,dirichlet_0.1,123.0,123,3,5.0,0.001,3,3,group|fl|fedprox_0.01|dirichlet_0.1|3|5|0.001|3,FedProx(mu=0.01) dirichlet_0.1 [3N] {group},2026-09-24T23:24:09.156469,False,False,3,selected_round_test,1.0,,0.522198517564757,dirichlet0.1,0.667272219116825,0.6636389044158748,0.717178627756482,0.8529983342587452,0.8843934870556232,0.7699346405228759,0.9988523335883703,0.8505449441791233,0.7394216557515281,0.9691247730920983,0.36388226992826883,,0.8429658410231504,0.876118115024344,1027.0,0.0,5553.1,5608.33,1852.053,1850.4845,5553.022,165.465288
C:\Users\CORSAIR\projects\FedRGBD\results\rev_dirichlet0.1_fedprox_0.01_seed42,rev_dirichlet0.1_fedprox_0.01_seed42,group,heterogeneous,fl,fedprox_0.01,FedProx(mu=0.01),FedProx(mu=0.01),0.01,dirichlet_0.1,42.0,42,3,5.0,0.001,3,3,group|fl|fedprox_0.01|dirichlet_0.1|3|5|0.001|3,FedProx(mu=0.01) dirichlet_0.1 [3N] {group},2026-09-24T21:49:41.080036,False,False,3,selected_round_test,1.0,,0.6400846502446408,dirichlet0.1,0.677054220234768,0.6164058133035215,0.7820749673622782,0.6998889505830095,0.7644056721557959,0.529193899782135,0.9996174445294568,0.6996930419236862,0.5377935057866242,0.9602529033376507,0.5120181106578781,,0.7027683341427877,0.7659605405500787,1027.0,0.0,5730.42,5785.5,1909.289,1910.528,5730.345,165.465288
C:\Users\CORSAIR\projects\FedRGBD\results\rev_dirichlet0.1_fedprox_0.01_seed456,rev_dirichlet0.1_fedprox_0.01_seed456,group,heterogeneous,fl,fedprox_0.01,FedProx(mu=0.01),FedProx(mu=0.01),0.01,dirichlet_0.1,456.0,456,3,5.0,0.001,3,3,group|fl|fedprox_0.01|dirichlet_0.1|3|5|0.001|3,FedProx(mu=0.01) dirichlet_0.1 [3N] {group},2026-09-25T00:59:37.972946,False,False,3,selected_round_test,3.0,,0.2995165769914514,dirichlet0.1,0.8774455002794858,0.8405533817775294,0.2995165769914514,0.9096335369239311,0.9178860101381368,0.8877995642701525,0.9479724560061209,0.9049631319559788,0.815456846045272,0.9692446238037848,0.2475761704869106,,0.8967136150234741,0.9060416895719061,1027.0,1.1102230246251565e-16,5615.44,5670.03,1888.242,1863.5610000000001,5615.365,165.465288
C:\Users\CORSAIR\projects\FedRGBD\results\rev_dirichlet0.5_fedavg_seed123,rev_dirichlet0.5_fedavg_seed123,group,heterogeneous,fl,fedavg,FedAvg,FedAvg,0.0,dirichlet_0.5,123.0,123,3,5.0,0.001,3,3,group|fl|fedavg|dirichlet_0.5|3|5|0.001|3,FedAvg dirichlet_0.5 [3N] {group},2026-09-25T05:05:28.044082,False,False,3,selected_round_test,3.0,,0.1458365590223203,dirichlet0.5,0.9651340463953327,0.9274899291568274,0.1458365590223203,0.8966810165254826,0.9175610088447341,0.836243093922652,0.9988789237668162,0.8941616844540744,0.8082074868463663,0.9829025757913601,0.5508781641060461,,0.8937797662000289,0.9172357532615643,272.0,0.0,7226.96,7348.26,2362.613,2432.138,7226.89,165.465288
C:\Users\CORSAIR\projects\FedRGBD\results\rev_dirichlet0.5_fedavg_seed42,rev_dirichlet0.5_fedavg_seed42,group,heterogeneous,fl,fedavg,FedAvg,FedAvg,0.0,dirichlet_0.5,42.0,42,3,5.0,0.001,3,3,group|fl|fedavg|dirichlet_0.5|3|5|0.001|3,FedAvg dirichlet_0.5 [3N] {group},2026-09-25T03:02:01.147442,False,False,3,selected_round_test,2.0,,0.08063064232811934,dirichlet0.5,0.9705514654813169,0.936380052785109,0.11254089271871762,0.9304263296764338,0.9418159783299886,0.8974585635359116,0.9861733931240658,0.9276031856997538,0.8622771850802811,0.9829315627348479,0.5091795120139931,,0.9287054409005628,0.9412823526932679,272.0,0.0,7161.02,7280.27,2456.907,2352.0164999999997,7160.94,165.465288
C:\Users\CORSAIR\projects\FedRGBD\results\rev_dirichlet0.5_fedavg_seed456,rev_dirichlet0.5_fedavg_seed456,group,heterogeneous,fl,fedavg,FedAvg,FedAvg,0.0,dirichlet_0.5,456.0,456,3,5.0,0.001,3,3,group|fl|fedavg|dirichlet_0.5|3|5|0.001|3,FedAvg dirichlet_0.5 [3N] {group},2026-09-25T07:06:55.163518,False,False,3,selected_round_test,3.0,,0.0867087012987793,dirichlet0.5,0.9751354354771496,0.943464370051396,0.0867087012987793,0.7880849881960839,0.8265712409880336,0.6766850828729282,0.976457399103139,0.787257883406127,0.6368221784498292,0.9574320541089612,0.6858798777740152,,0.7799105209987011,0.8233720245004699,272.0,0.0,7112.36,7226.22,2393.045,2359.6195,7112.284,165.465288
C:\Users\CORSAIR\projects\FedRGBD\results\rev_dirichlet0.5_fedprox_0.01_seed123,rev_dirichlet0.5_fedprox_0.01_seed123,group,heterogeneous,fl,fedprox_0.01,FedProx(mu=0.01),FedProx(mu=0.01),0.01,dirichlet_0.5,123.0,123,3,5.0,0.001,3,3,group|fl|fedprox_0.01|dirichlet_0.5|3|5|0.001|3,FedProx(mu=0.01) dirichlet_0.5 [3N] {group},2026-09-25T13:41:54.629982,False,False,3,selected_round_test,2.0,,0.17342313090665068,dirichlet0.5,0.9331851646061953,0.9129045700791777,0.20637458588036242,0.6392167754478545,0.7128518279942851,0.4260773480662983,0.999626307922272,0.6352921273683342,0.46452159829878625,0.966531476847608,0.9772979392056022,,0.6277962187905902,0.7108487405887947,272.0,0.0,11695.13,11812.03,3878.129,3908.4610000000002,11695.05,165.465288
C:\Users\CORSAIR\projects\FedRGBD\results\rev_dirichlet0.5_fedprox_0.01_seed42,rev_dirichlet0.5_fedprox_0.01_seed42,group,heterogeneous,fl,fedprox_0.01,FedProx(mu=0.01),FedProx(mu=0.01),0.01,dirichlet_0.5,42.0,42,3,5.0,0.001,3,3,group|fl|fedprox_0.01|dirichlet_0.5|3|5|0.001|3,FedProx(mu=0.01) dirichlet_0.5 [3N] {group},2026-09-25T10:23:58.975136,False,False,3,selected_round_test,2.0,,0.08820284031718222,dirichlet0.5,0.6639811084872899,0.946381441866926,1.2366281943003141,0.7793362033050966,0.8241144942975828,0.6497237569060773,0.9985052316890882,0.7790301359470773,0.6371769651314241,0.9844049418196533,0.3599832524682247,,0.7716842257179968,0.8223234537248264,272.0,0.0,11648.41,11763.12,3897.142,3875.596,11648.334,165.465288
C:\Users\CORSAIR\projects\FedRGBD\results\rev_dirichlet0.5_fedprox_0.01_seed456,rev_dirichlet0.5_fedprox_0.01_seed456,group,heterogeneous,fl,fedprox_0.01,FedProx(mu=0.01),FedProx(mu=0.01),0.01,dirichlet_0.5,456.0,456,3,5.0,0.001,3,3,group|fl|fedprox_0.01|dirichlet_0.5|3|5|0.001|3,FedProx(mu=0.01) dirichlet_0.5 [3N] {group},2026-09-25T17:03:03.643919,False,False,3,selected_round_test,3.0,,0.1585365959442885,dirichlet0.5,0.9501319627726073,0.9390193082372552,0.1585365959442885,0.6629634772948202,0.7316705068172996,0.46408839779005523,0.9992526158445441,0.6608082981197935,0.4924863851940898,0.9888079016260767,1.1569938164885254,,0.6524751046327031,0.7299243361428436,272.0,0.0,11897.05,12009.83,3959.912,3968.532,11896.975,165.465288
C:\Users\CORSAIR\projects\FedRGBD\results\rev_dirichlet1_fedavg_seed123,rev_dirichlet1_fedavg_seed123,group,heterogeneous,fl,fedavg,FedAvg,FedAvg,0.0,dirichlet_1,123.0,123,3,5.0,0.001,3,3,group|fl|fedavg|dirichlet_1|3|5|0.001|3,FedAvg dirichlet_1 [3N] {group},2026-09-25T19:08:05.040868,False,False,3,selected_round_test,3.0,,0.43644334044411043,dirichlet1,0.8466240622395109,0.37663239788830233,0.43644334044411043,0.5883905013192612,0.6724137931034483,0.3448275862068966,1.0,0.5782424276052552,0.4045266488837646,0.9906176728307781,1.3859787182000285,,0.5631328171530673,0.6584400465657742,485.0,0.0,3629.81,3691.0,1218.739,1205.4985000000001,3629.737,165.465288
C:\Users\CORSAIR\projects\FedRGBD\results\rev_dirichlet1_fedavg_seed42,rev_dirichlet1_fedavg_seed42,group,heterogeneous,fl,fedavg,FedAvg,FedAvg,0.0,dirichlet_1,42.0,42,3,5.0,0.001,3,3,group|fl|fedavg|dirichlet_1|3|5|0.001|3,FedAvg dirichlet_1 [3N] {group},2026-09-25T18:05:28.347196,False,False,3,selected_round_test,3.0,,0.2567031783397315,dirichlet1,0.8739927757710475,0.3941372603500973,0.2567031783397315,0.6046382446882378,0.6853448275862069,0.3706896551724138,1.0,0.5968638584495372,0.42384062738859074,0.9758499640154349,0.7750533272079333,,0.5802561048243002,0.6718277066356229,485.0,0.0,3625.49,3687.51,1218.183,1203.6145000000001,3625.412,165.465288
C:\Users\CORSAIR\projects\FedRGBD\results\rev_dirichlet1_fedavg_seed456,rev_dirichlet1_fedavg_seed456,group,heterogeneous,fl,fedavg,FedAvg,FedAvg,0.0,dirichlet_1,456.0,456,3,5.0,0.001,3,3,group|fl|fedavg|dirichlet_1|3|5|0.001|3,FedAvg dirichlet_1 [3N] {group},2026-09-25T20:10:56.526958,False,False,3,selected_round_test,3.0,,0.28007527665848975,dirichlet1,0.8942761878299528,0.3838566268407891,0.28007527665848975,0.6660186085265936,0.7341191477190343,0.46861184792219274,0.9996264475158759,0.6640155987169722,0.49642108955321973,0.8951490857542408,0.6623642462196461,,0.6436867182846933,0.7214202561117579,485.0,0.0,3654.64,3712.23,1224.099,1215.2330000000002,3654.565,165.465288
C:\Users\CORSAIR\projects\FedRGBD\results\rev_dirichlet1_fedprox_0.01_seed123,rev_dirichlet1_fedprox_0.01_seed123,group,heterogeneous,fl,fedprox_0.01,FedProx(mu=0.01),FedProx(mu=0.01),0.01,dirichlet_1,123.0,123,3,5.0,0.001,3,3,group|fl|fedprox_0.01|dirichlet_1|3|5|0.001|3,FedProx(mu=0.01) dirichlet_1 [3N] {group},2026-09-25T23:32:59.740944,False,False,3,selected_round_test,3.0,,0.14396262259645531,dirichlet1,0.9424840233398166,0.847179772158933,0.14396262259645531,0.6264407721149841,0.7026967285587975,0.40539345711759506,1.0,0.6212501186850742,0.44967294176581946,0.9582564181832535,0.8533001312286184,,0.6021441334127456,0.6889406286379511,485.0,0.0,5952.57,6011.51,1996.404,1978.0439999999999,5952.491,165.465288
C:\Users\CORSAIR\projects\FedRGBD\results\rev_dirichlet1_fedprox_0.01_seed42,rev_dirichlet1_fedprox_0.01_seed42,group,heterogeneous,fl,fedprox_0.01,FedProx(mu=0.01),FedProx(mu=0.01),0.01,dirichlet_1,42.0,42,3,5.0,0.001,3,3,group|fl|fedprox_0.01|dirichlet_1|3|5|0.001|3,FedProx(mu=0.01) dirichlet_1 [3N] {group},2026-09-25T21:51:44.751151,False,False,3,selected_round_test,2.0,,0.20353971533825355,dirichlet1,0.8688524590163934,0.8378716310086135,0.3098808420773763,0.6340786001944174,0.7087754199823165,0.41755083996463305,1.0,0.6296436721027824,0.45872227900087326,0.9966101185492424,0.7272452247437616,,0.6110780226325193,0.6959254947613505,485.0,0.0,5926.61,5984.56,1983.021,1971.7535,5926.528,165.465288
C:\Users\CORSAIR\projects\FedRGBD\results\rev_dirichlet1_fedprox_0.01_seed456,rev_dirichlet1_fedprox_0.01_seed456,group,heterogeneous,fl,fedprox_0.01,FedProx(mu=0.01),FedProx(mu=0.01),0.01,dirichlet_1,456.0,456,3,5.0,0.001,3,3,group|fl|fedprox_0.01|dirichlet_1|3|5|0.001|3,FedProx(mu=0.01) dirichlet_1 [3N] {group},2026-09-26T01:13:17.828022,False,False,3,selected_round_test,2.0,,0.1288942377486632,dirichlet1,0.9384551264240066,0.9006668519033064,0.13856429538528944,0.6768504374392446,0.7427398373742068,0.4858532272325376,0.9996264475158759,0.6754202545206123,0.5094154091326554,0.9954197709340497,0.5176163704234973,,0.6554496724240619,0.7305268847141259,485.0,1.1102230246251565e-16,5899.11,5959.12,1973.214,1962.9085,5899.032,165.465288
C:\Users\CORSAIR\projects\FedRGBD\results\pc_maxn\rev_iid_fedavg_r10_seed1011,rev_iid_fedavg_r10_seed1011,group,maxn,fl,fedavg,FedAvg,FedAvg (R=10),0.0,iid,1011.0,1011,10,5.0,0.001,3,3,group|fl|fedavg|iid|10|5|0.001|3|pc=maxn,FedAvg (R=10) iid [3N] {group} [pc:maxn],2026-09-29T04:21:05.879414,False,False,10,selected_round_test,8.0,,0.2641725248062579,iid,0.9031984149448061,0.3597509198981036,0.28139606177690313,0.9327812284334024,0.9461759504862953,0.8923519009725907,1.0,0.9304877408008945,0.8699918168536273,0.9903926171367148,0.5787611055396722,,0.9287193138124815,0.9427961072869688,483.0,1.1102230246251565e-16,9192.84,9344.42,932.113,916.828,9192.684,551.55096
C:\Users\CORSAIR\projects\FedRGBD\results\rev_iid_fedavg_seed1011,rev_iid_fedavg_seed1011,group,heterogeneous,fl,fedavg,FedAvg,FedAvg,0.0,iid,1011.0,1011,3,5.0,0.001,3,3,group|fl|fedavg|iid|3|5|0.001|3,FedAvg iid [3N] {group},2026-09-22T17:06:04.581666,False,False,3,selected_round_test,3.0,,1.0287883881919033,iid,0.5590150014152279,0.3597509198981036,1.0287883881919033,0.6374051069703244,0.7096595932802829,0.4193191865605659,1.0,0.6326533554647774,0.4618925302947947,0.9656201674697664,0.9457157338088363,,0.6168293404318249,0.6924994065986233,483.0,5.551115123125783e-17,4132.02,4198.05,1385.443,1373.254,4131.952,165.465288
C:\Users\CORSAIR\projects\FedRGBD\results\3node_iid_fedavg_seed123,3node_iid_fedavg_seed123,image,unrecorded,fl,fedavg,FedAvg,FedAvg,,iid,123.0,123,3,,,3,1,image|fl|fedavg|iid|3|||3,FedAvg iid [3N] {image},2026-03-29T00:04:16.213827,True,True,3,v1_final_round_val,,,,,0.9934240023912718,0.5626214317740248,0.045860659865017445,,,,,,,,,0.9934240023912718,,,,,6251.16,6251.16,,,6251.16,110.310192
C:\Users\CORSAIR\projects\FedRGBD\results\pc_maxn\rev_iid_fedavg_r10_seed123,rev_iid_fedavg_r10_seed123,group,maxn,fl,fedavg,FedAvg,FedAvg (R=10),0.0,iid,123.0,123,10,5.0,0.001,3,3,group|fl|fedavg|iid|10|5|0.001|3|pc=maxn,FedAvg (R=10) iid [3N] {group} [pc:maxn],2026-09-28T20:17:57.396826,False,False,10,selected_round_test,10.0,,0.2580057112579813,iid,0.9332012454005095,0.3597509198981036,0.2580057112579813,0.9468599033816425,0.9573026914157203,0.9153404067197171,0.9992649761117236,0.9447307549162745,0.8951193772281933,0.9875469991236253,0.3915310302627612,,0.9433599526767229,0.9543905043860486,483.0,1.1102230246251565e-16,9282.94,9433.88,936.784,927.43,9282.795,551.55096
C:\Users\CORSAIR\projects\FedRGBD\results\rev_iid_fedavg_seed123,rev_iid_fedavg_seed123,group,heterogeneous,fl,fedavg,FedAvg,FedAvg,0.0,iid,123.0,123,3,5.0,0.001,3,3,group|fl|fedavg|iid|3|5|0.001|3,FedAvg iid [3N] {group},2026-09-22T13:33:35.992514,False,False,3,selected_round_test,3.0,,0.3788430069918812,iid,0.9194735352391735,0.3603170110387772,0.3788430069918812,0.9514147688060731,0.9588993455947796,0.9288240495137047,0.9889746416758545,0.9492053921508485,0.9017800177925238,0.9877472460162647,0.2550226626575729,,0.9485359361135759,0.9563750117912042,483.0,0.0,4125.14,4191.13,1386.128,1369.4675,4125.063,165.465288
C:\Users\CORSAIR\projects\FedRGBD\results\pc_maxn\rev_iid_fedavg_r10_seed42,rev_iid_fedavg_r10_seed42,group,maxn,fl,fedavg,FedAvg,FedAvg (R=10),0.0,iid,42.0,42,10,5.0,0.001,3,3,group|fl|fedavg|iid|10|5|0.001|3|pc=maxn,FedAvg (R=10) iid [3N] {group} [pc:maxn],2026-09-28T17:39:31.978903,False,False,10,selected_round_test,10.0,,0.18088172164232502,iid,0.9240022643645627,0.3597509198981036,0.18088172164232502,0.9360938578329883,0.9486087674507246,0.8983200707338639,0.9988974641675854,0.9338092555534953,0.8756071294632625,0.9868226171594608,0.6730266959119615,,0.9319727891156463,0.9451746481053013,483.0,0.0,9328.39,9478.63,1046.26,919.389,9328.235,551.55096
C:\Users\CORSAIR\projects\FedRGBD\results\rev_iid_fedavg_seed42,rev_iid_fedavg_seed42,group,heterogeneous,fl,fedavg,FedAvg,FedAvg,0.0,iid,42.0,42,3,5.0,0.001,3,3,group|fl|fedavg|iid|3|5|0.001|3,FedAvg iid [3N] {group},2026-09-22T12:22:44.259747,False,False,3,selected_round_test,2.0,,0.5138566535574635,iid,0.86810076422304,0.3597509198981036,0.5605075206410403,0.895376121463078,0.9162245800176835,0.832449160035367,1.0,0.8931532355344566,0.8068929412163164,0.9791711549590879,0.39417579481389375,,0.8890860692102928,0.9109897934963209,483.0,1.1102230246251565e-16,4145.35,4211.35,1425.096,1360.085,4145.267,165.465288
C:\Users\CORSAIR\projects\FedRGBD\results\3node_iid_fedavg_seed456,3node_iid_fedavg_seed456,image,unrecorded,fl,fedavg,FedAvg,FedAvg,,iid,456.0,456,3,,,3,1,image|fl|fedavg|iid|3|||3,FedAvg iid [3N] {image},2026-03-29T01:54:31.605200,True,True,3,v1_final_round_val,,,,,0.9929756389179495,0.8020475265281721,0.05808906665035934,,,,,,,,,0.9929756389179495,,,,,5963.28,5963.28,,,5963.28,110.310192
C:\Users\CORSAIR\projects\FedRGBD\results\pc_maxn\rev_iid_fedavg_r10_seed456,rev_iid_fedavg_r10_seed456,group,maxn,fl,fedavg,FedAvg,FedAvg (R=10),0.0,iid,456.0,456,10,5.0,0.001,3,3,group|fl|fedavg|iid|10|5|0.001|3|pc=maxn,FedAvg (R=10) iid [3N] {group} [pc:maxn],2026-09-28T22:55:57.653799,False,False,10,selected_round_test,10.0,,0.16647457749080788,iid,0.9531559581092556,0.3597509198981036,0.16647457749080788,0.9548654244306418,0.9637861821358,0.9279398762157383,0.9996324880558618,0.952905486097446,0.9099876183013815,0.9879847802613266,0.2216471169793457,,0.9522330671398994,0.9615887959860459,483.0,0.0,9258.61,9409.2,937.493,923.756,9258.459,551.55096
C:\Users\CORSAIR\projects\FedRGBD\results\rev_iid_fedavg_seed456,rev_iid_fedavg_seed456,group,heterogeneous,fl,fedavg,FedAvg,FedAvg,0.0,iid,456.0,456,3,5.0,0.001,3,3,group|fl|fedavg|iid|3|5|0.001|3,FedAvg iid [3N] {group},2026-09-22T14:44:15.486131,False,False,3,selected_round_test,2.0,,0.5398159078102239,iid,0.8160203792810643,0.3597509198981036,0.5470550902464084,0.7873015873015873,0.8296861184792219,0.6593722369584438,1.0,0.7870230660272,0.6488179803674026,0.9575093559572516,0.4717152551393827,,0.7738834664300502,0.8185378590078329,483.0,1.1102230246251565e-16,4114.71,4180.76,1380.313,1367.162,4114.638,165.465288
C:\Users\CORSAIR\projects\FedRGBD\results\pc_maxn\rev_iid_fedavg_r10_seed789,rev_iid_fedavg_r10_seed789,group,maxn,fl,fedavg,FedAvg,FedAvg (R=10),0.0,iid,789.0,789,10,5.0,0.001,3,3,group|fl|fedavg|iid|10|5|0.001|3|pc=maxn,FedAvg (R=10) iid [3N] {group} [pc:maxn],2026-09-29T01:44:11.117576,False,False,10,selected_round_test,6.0,,0.42185971142353157,iid,0.7744126804415511,0.40192470987829043,2.8304651355219526,0.8712215320910973,0.8968832891246684,0.7937665782493368,1.0,0.8693373926280309,0.7688230649177659,0.9840539296970122,0.8197173442702648,,0.862910381543922,0.8899833847614527,483.0,0.0,9237.7,9397.58,1056.901,908.815,9237.55,551.55096
C:\Users\CORSAIR\projects\FedRGBD\results\rev_iid_fedavg_seed789,rev_iid_fedavg_seed789,group,heterogeneous,fl,fedavg,FedAvg,FedAvg,0.0,iid,789.0,789,3,5.0,0.001,3,3,group|fl|fedavg|iid|3|5|0.001|3,FedAvg iid [3N] {group},2026-09-22T15:55:06.856530,False,False,3,selected_round_test,2.0,,0.3866965219920447,iid,0.599915086328899,0.35989244268327203,0.5772586419940904,0.8818495514147688,0.905393457117595,0.8107869142351901,1.0,0.8797958243192284,0.7853408103006755,0.9841719656949859,0.3688314224205992,,0.8748890860692103,0.89959648706385,483.0,0.0,4126.0,4192.27,1384.2,1370.8595,4125.92,165.465288
C:\Users\CORSAIR\projects\FedRGBD\results\pc_maxn\rev_iid_fedbn_r10_seed1011,rev_iid_fedbn_r10_seed1011,group,maxn,fl,fedbn,FedBN,FedBN (R=10),0.0,iid,1011.0,1011,10,5.0,0.001,3,3,group|fl|fedbn|iid|10|5|0.001|3|pc=maxn,FedBN (R=10) iid [3N] {group} [pc:maxn],2026-10-02T01:36:31.505341,False,False,10,selected_round_test,5.0,,1.9965429775289794,iid,0.49122558731955845,0.3603170110387772,5.629503251248591,0.6739820565907523,0.73894783377542,0.47789566755083995,1.0,0.6720295995534018,0.5057906103633599,0.9275932419395142,2.813382746930319,,0.657941437444543,0.7254925231426537,483.0,0.0,9156.93,9308.86,925.806,915.312,9156.785,551.55096
C:\Users\CORSAIR\projects\FedRGBD\results\3n_iid_fedbn_seed123,3n_iid_fedbn_seed123,image,unrecorded,fl,fedbn,FedBN,FedBN,,iid,123.0,123,3,,,3,1,image|fl|fedbn|iid|3|||3,FedBN iid [3N] {image},2026-04-14T23:18:33.274033,True,True,3,v1_final_round_val,,,,,0.9501569272156628,0.5203258107906142,0.2639684935372215,,,,,,,,,0.9501569272156628,,,,,6311.39,6311.39,,,6311.39,110.310192
C:\Users\CORSAIR\projects\FedRGBD\results\pc_maxn\rev_iid_fedbn_r10_seed123,rev_iid_fedbn_r10_seed123,group,maxn,fl,fedbn,FedBN,FedBN (R=10),0.0,iid,123.0,123,10,5.0,0.001,3,3,group|fl|fedbn|iid|10|5|0.001|3|pc=maxn,FedBN (R=10) iid [3N] {group} [pc:maxn],2026-10-01T17:45:54.524804,False,False,10,selected_round_test,4.0,,0.3567293842635903,iid,0.4868383809793377,0.37800735918482875,3.3838735338658883,0.8651483781918564,0.8911415242679738,0.7866931918656057,0.9955898566703418,0.8632663045026782,0.7577483292328314,0.9602589935631795,0.7956616599490268,,0.8572907423839101,0.8845438333421641,483.0,2.220446049250313e-16,9127.25,9278.87,930.619,911.196,9127.093,551.55096
C:\Users\CORSAIR\projects\FedRGBD\results\3n_iid_fedbn_seed42,3n_iid_fedbn_seed42,image,unrecorded,fl,fedbn,FedBN,FedBN,,iid,42.0,42,3,,,3,1,image|fl|fedbn|iid|3|||3,FedBN iid [3N] {image},2026-04-14T21:10:45.842635,True,True,3,v1_final_round_val,,,,,0.9908832760424451,0.5398296218801375,0.05967640129596267,,,,,,,,,0.9908832760424451,,,,,6418.8,6418.8,,,6418.8,110.310192
C:\Users\CORSAIR\projects\FedRGBD\results\pc_maxn\rev_iid_fedbn_r10_seed42,rev_iid_fedbn_r10_seed42,group,maxn,fl,fedbn,FedBN,FedBN (R=10),0.0,iid,42.0,42,10,5.0,0.001,3,3,group|fl|fedbn|iid|10|5|0.001|3|pc=maxn,FedBN (R=10) iid [3N] {group} [pc:maxn],2026-10-01T15:10:09.018876,False,False,10,selected_round_test,7.0,,1.313685079119359,iid,0.516133597509199,0.3597509198981036,16.071465260619675,0.7570738440303658,0.804822765658982,0.6129531388152077,0.9966923925027563,0.7570566218570085,0.6070311219665873,0.9642702678287973,2.643397476907754,,0.7420881396036676,0.792324324092785,483.0,0.0,9274.14,9425.89,1039.627,913.891,9273.98,551.55096
C:\Users\CORSAIR\projects\FedRGBD\results\3n_iid_fedbn_seed456,3n_iid_fedbn_seed456,image,unrecorded,fl,fedbn,FedBN,FedBN,,iid,456.0,456,3,,,3,1,image|fl|fedbn|iid|3|||3,FedBN iid [3N] {image},2026-04-15T02:26:45.388446,True,True,3,v1_final_round_val,,,,,0.9295322074428336,0.6522941264384995,0.18845051203210905,,,,,,,,,0.9295322074428336,,,,,6237.64,6237.64,,,6237.64,110.310192
C:\Users\CORSAIR\projects\FedRGBD\results\pc_maxn\rev_iid_fedbn_r10_seed456,rev_iid_fedbn_r10_seed456,group,maxn,fl,fedbn,FedBN,FedBN (R=10),0.0,iid,456.0,456,10,5.0,0.001,3,3,group|fl|fedbn|iid|10|5|0.001|3|pc=maxn,FedBN (R=10) iid [3N] {group} [pc:maxn],2026-10-01T20:23:04.076396,False,False,10,selected_round_test,3.0,,0.45603945631899745,iid,0.5148598924426833,0.3949900934050382,14.076151333728683,0.8077294685990338,0.8455306843228373,0.6936339522546419,0.9974274163910327,0.8070686874382876,0.6752116574236859,0.9618251436009867,0.47156874900789064,,0.8096716947648624,0.846716160081766,483.0,0.0,9209.39,9358.59,929.345,919.038,9209.239,551.55096
C:\Users\CORSAIR\projects\FedRGBD\results\pc_maxn\rev_iid_fedbn_r10_seed789,rev_iid_fedbn_r10_seed789,group,maxn,fl,fedbn,FedBN,FedBN (R=10),0.0,iid,789.0,789,10,5.0,0.001,3,3,group|fl|fedbn|iid|10|5|0.001|3|pc=maxn,FedBN (R=10) iid [3N] {group} [pc:maxn],2026-10-01T23:00:15.091621,False,False,10,selected_round_test,2.0,,0.5987558026684002,iid,0.6896405321256722,0.5202377582790829,2.2540185658329275,0.5856452726017943,0.6682139699381079,0.3364279398762157,1.0,0.5739773296562765,0.39994330028056735,0.9485337053295081,1.025903747330005,,0.570097604259095,0.6549964395917398,483.0,0.0,9214.11,9363.68,928.672,920.037,9213.961,551.55096
C:\Users\CORSAIR\projects\FedRGBD\results\pc_maxn\rev_iid_fedprox_0.01_r10_seed1011,rev_iid_fedprox_0.01_r10_seed1011,group,maxn,fl,fedprox_0.01,FedProx(mu=0.01),FedProx(mu=0.01) (R=10),0.01,iid,1011.0,1011,10,5.0,0.001,3,3,group|fl|fedprox_0.01|iid|10|5|0.001|3|pc=maxn,FedProx(mu=0.01) (R=10) iid [3N] {group} [pc:maxn],2026-09-30T14:19:58.165587,False,False,10,selected_round_test,6.0,,0.08478230670855169,iid,0.9540050948202661,0.8822530427398811,0.12985846246947252,0.9538992408557626,0.9615478443036136,0.9308134394341291,0.9922822491730982,0.951802843688589,0.9069845647933051,0.9820840364314493,0.20837940432043425,,0.950902099970423,0.9589711719139427,483.0,1.1102230246251565e-16,15136.24,15285.62,1543.55,1512.842,15136.084,551.55096
C:\Users\CORSAIR\projects\FedRGBD\results\rev_iid_fedprox_0.01_seed1011,rev_iid_fedprox_0.01_seed1011,group,heterogeneous,fl,fedprox_0.01,FedProx(mu=0.01),FedProx(mu=0.01),0.01,iid,1011.0,1011,3,5.0,0.001,3,3,group|fl|fedprox_0.01|iid|3|5|0.001|3,FedProx(mu=0.01) iid [3N] {group},2026-09-23T07:59:55.994756,False,False,3,selected_round_test,2.0,,0.19310092658464562,iid,0.9033399377299746,0.8753184262666289,0.19888867973547694,0.93567977915804,0.936193541343144,0.9341290893015031,0.938257993384785,0.9320568417327725,0.8647810423499567,0.9834147643618046,0.1635467631126679,,0.9315291333924874,0.9320352191282992,483.0,0.0,6438.69,6504.95,2159.972,2139.3215,6438.616,165.465288
C:\Users\CORSAIR\projects\FedRGBD\results\3node_iid_fedprox_0.01_seed123,3node_iid_fedprox_0.01_seed123,image,unrecorded,fl,fedprox_0.01,FedProx(mu=0.01),FedProx(mu=0.01),0.01,iid,123.0,123,3,,,3,1,image|fl|fedprox_0.01|iid|3|||3,FedProx(mu=0.01) iid [3N] {image},2026-03-31T20:48:27.006931,True,True,3,v1_final_round_val,,,,,0.9923030937079659,0.9802720071738156,0.023590821641418114,,,,,,,,,0.9923030937079659,,,,,10277.64,10277.64,,,10277.64,110.310192
C:\Users\CORSAIR\projects\FedRGBD\results\pc_maxn\rev_iid_fedprox_0.01_r10_seed123,rev_iid_fedprox_0.01_r10_seed123,group,maxn,fl,fedprox_0.01,FedProx(mu=0.01),FedProx(mu=0.01) (R=10),0.01,iid,123.0,123,10,5.0,0.001,3,3,group|fl|fedprox_0.01|iid|10|5|0.001|3|pc=maxn,FedProx(mu=0.01) (R=10) iid [3N] {group} [pc:maxn],2026-09-30T01:39:18.111394,False,False,10,selected_round_test,10.0,,0.08612408689072974,iid,0.9721200113218228,0.9440984998584773,0.08612408689072974,0.93567977915804,0.9466660476478748,0.9025198938992043,0.9908122013965454,0.9332327471505899,0.8731041040565056,0.9804420931478681,0.21115492087956503,,0.9316770186335404,0.9432328358011599,483.0,0.0,14603.81,14754.91,1482.175,1455.846,14603.657,551.55096
C:\Users\CORSAIR\projects\FedRGBD\results\rev_iid_fedprox_0.01_seed123,rev_iid_fedprox_0.01_seed123,group,heterogeneous,fl,fedprox_0.01,FedProx(mu=0.01),FedProx(mu=0.01),0.01,iid,123.0,123,3,5.0,0.001,3,3,group|fl|fedprox_0.01|iid|3|5|0.001|3,FedProx(mu=0.01) iid [3N] {group},2026-09-23T02:35:16.518868,False,False,3,selected_round_test,3.0,,0.17517328685503575,iid,0.9373054061703935,0.8955561845457118,0.17517328685503575,0.9058661145617667,0.906755054751481,0.903183023872679,0.910327085630283,0.9009824303827584,0.8033879169114527,0.9772934646238072,0.17554872060210958,,0.8997338065661047,0.9006308538731533,483.0,2.220446049250313e-16,6351.42,6417.98,2124.594,2113.3725000000004,6351.338,165.465288
C:\Users\CORSAIR\projects\FedRGBD\results\3node_iid_fedprox_0.01_seed42,3node_iid_fedprox_0.01_seed42,image,unrecorded,fl,fedprox_0.01,FedProx(mu=0.01),FedProx(mu=0.01),0.01,iid,42.0,42,3,,,3,1,image|fl|fedprox_0.01|iid|3|||3,FedProx(mu=0.01) iid [3N] {image},2026-03-31T16:54:20.124890,True,True,3,v1_final_round_val,,,,,0.9926767299357345,0.9850545508892542,0.02742777826569884,,,,,,,,,0.9926767299357345,,,,,10500.71,10500.71,,,10500.71,110.310192
C:\Users\CORSAIR\projects\FedRGBD\results\pc_maxn\rev_iid_fedprox_0.01_r10_seed42,rev_iid_fedprox_0.01_r10_seed42,group,maxn,fl,fedprox_0.01,FedProx(mu=0.01),FedProx(mu=0.01) (R=10),0.01,iid,42.0,42,10,5.0,0.001,3,3,group|fl|fedprox_0.01|iid|10|5|0.001|3|pc=maxn,FedProx(mu=0.01) (R=10) iid [3N] {group} [pc:maxn],2026-09-29T21:32:15.625550,False,False,10,selected_round_test,4.0,,0.1277038674164187,iid,0.9457967732804982,0.9157939428247948,0.13553784487765977,0.9458937198067633,0.950597060684313,0.9316976127320955,0.9694965086365307,0.9432027168877704,0.888424743564705,0.9857712194280266,0.1505153029907164,,0.9424726412304052,0.94740294127808,483.0,1.1102230246251565e-16,14893.59,15042.04,1505.034,1486.655,14893.433,551.55096
C:\Users\CORSAIR\projects\FedRGBD\results\rev_iid_fedprox_0.01_seed42,rev_iid_fedprox_0.01_seed42,group,heterogeneous,fl,fedprox_0.01,FedProx(mu=0.01),FedProx(mu=0.01),0.01,iid,42.0,42,3,5.0,0.001,3,3,group|fl|fedprox_0.01|iid|3|5|0.001|3,FedProx(mu=0.01) iid [3N] {group},2026-09-23T00:47:18.984049,False,False,3,selected_round_test,3.0,,0.17121898740801,iid,0.9490517973393716,0.7969148032833286,0.17121898740801,0.94824016563147,0.9574558620104756,0.9204244031830239,0.9944873208379272,0.9460554975680076,0.8967729524296714,0.9843376872613081,0.1422758653241731,,0.9451345755693582,0.954807491653969,483.0,0.0,6376.95,6443.02,2135.124,2120.873,6376.87,165.465288
C:\Users\CORSAIR\projects\FedRGBD\results\3node_iid_fedprox_0.01_seed456,3node_iid_fedprox_0.01_seed456,image,unrecorded,fl,fedprox_0.01,FedProx(mu=0.01),FedProx(mu=0.01),0.01,iid,456.0,456,3,,,3,1,image|fl|fedprox_0.01|iid|3|||3,FedProx(mu=0.01) iid [3N] {image},2026-03-31T23:47:00.339176,True,True,3,v1_final_round_val,,,,,0.9905096398146764,0.9819160065759976,0.027440743251661782,,,,,,,,,0.9905096398146764,,,,,10287.41,10287.41,,,10287.41,110.310192
C:\Users\CORSAIR\projects\FedRGBD\results\pc_maxn\rev_iid_fedprox_0.01_r10_seed456,rev_iid_fedprox_0.01_r10_seed456,group,maxn,fl,fedprox_0.01,FedProx(mu=0.01),FedProx(mu=0.01) (R=10),0.01,iid,456.0,456,10,5.0,0.001,3,3,group|fl|fedprox_0.01|iid|10|5|0.001|3|pc=maxn,FedProx(mu=0.01) (R=10) iid [3N] {group} [pc:maxn],2026-09-30T05:51:10.963275,False,False,10,selected_round_test,10.0,,0.0869337371848376,iid,0.971129351825644,0.9095669402773846,0.0869337371848376,0.9554175293305728,0.9624706453490242,0.9341290893015031,0.9908122013965454,0.9533364739663952,0.9096373533878456,0.9900610115319464,0.11523644339162842,,0.9525288376220054,0.9599667546238515,483.0,2.220446049250313e-16,14894.63,15045.32,1506.534,1487.527,14894.477,551.55096
C:\Users\CORSAIR\projects\FedRGBD\results\rev_iid_fedprox_0.01_seed456,rev_iid_fedprox_0.01_seed456,group,heterogeneous,fl,fedprox_0.01,FedProx(mu=0.01),FedProx(mu=0.01),0.01,iid,456.0,456,3,5.0,0.001,3,3,group|fl|fedprox_0.01|iid|3|5|0.001|3,FedProx(mu=0.01) iid [3N] {group},2026-09-23T04:23:00.861728,False,False,3,selected_round_test,3.0,,0.16429109027990932,iid,0.9561279365977923,0.8955561845457118,0.16429109027990932,0.9285024154589372,0.9222441722061537,0.9473916887709991,0.8970966556413084,0.9235441877521086,0.8471589793964968,0.983201113518948,0.15481291567899472,,0.9238391008577344,0.91718663588398,483.0,0.0,6342.05,6408.37,2123.461,2109.254,6341.969,165.465288
C:\Users\CORSAIR\projects\FedRGBD\results\pc_maxn\rev_iid_fedprox_0.01_r10_seed789,rev_iid_fedprox_0.01_r10_seed789,group,maxn,fl,fedprox_0.01,FedProx(mu=0.01),FedProx(mu=0.01) (R=10),0.01,iid,789.0,789,10,5.0,0.001,3,3,group|fl|fedprox_0.01|iid|10|5|0.001|3|pc=maxn,FedProx(mu=0.01) (R=10) iid [3N] {group} [pc:maxn],2026-09-30T10:04:01.162142,False,False,10,selected_round_test,5.0,,0.10040468992118097,iid,0.9319275403339937,0.8891876592131334,0.15029502221906052,0.9551414768806074,0.9629819451227656,0.9314765694076039,0.9944873208379272,0.9531100281044109,0.909672589652858,0.9840870740102767,0.19756194081366255,,0.9523809523809523,0.9606228251455428,483.0,1.1102230246251565e-16,14956.89,15104.06,1517.454,1493.959,14956.77,551.55096
C:\Users\CORSAIR\projects\FedRGBD\results\rev_iid_fedprox_0.01_seed789,rev_iid_fedprox_0.01_seed789,group,heterogeneous,fl,fedprox_0.01,FedProx(mu=0.01),FedProx(mu=0.01),0.01,iid,789.0,789,3,5.0,0.001,3,3,group|fl|fedprox_0.01|iid|3|5|0.001|3,FedProx(mu=0.01) iid [3N] {group},2026-09-23T06:10:34.792451,False,False,3,selected_round_test,3.0,,0.1699193696138978,iid,0.9508915935465609,0.811491650155675,0.1699193696138978,0.9174603174603174,0.9242411170803368,0.8969938107869142,0.9514884233737596,0.9139214716090324,0.8320620291150713,0.977610853917739,0.22823520007250414,,0.912008281573499,0.919158525652958,483.0,1.1102230246251565e-16,6334.74,6400.54,2120.473,2107.0935,6334.66,165.465288
C:\Users\CORSAIR\projects\FedRGBD\results\3node_iid_fedprox_0.1_seed123,3node_iid_fedprox_0.1_seed123,image,unrecorded,fl,fedprox_0.1,FedProx(mu=0.1),FedProx(mu=0.1),0.1,iid,123.0,123,3,,,3,1,image|fl|fedprox_0.1|iid|3|||3,FedProx(mu=0.1) iid [3N] {image},2026-04-01T11:07:38.274012,True,True,3,v1_final_round_val,,,,,0.9849798236437005,0.949559109251233,0.03663372831841414,,,,,,,,,0.9849798236437005,,,,,10285.04,10285.04,,,10285.04,110.310192
C:\Users\CORSAIR\projects\FedRGBD\results\3node_iid_fedprox_0.1_seed42,3node_iid_fedprox_0.1_seed42,image,unrecorded,fl,fedprox_0.1,FedProx(mu=0.1),FedProx(mu=0.1),0.1,iid,42.0,42,3,,,3,1,image|fl|fedprox_0.1|iid|3|||3,FedProx(mu=0.1) iid [3N] {image},2026-04-01T02:58:19.770489,True,True,3,v1_final_round_val,,,,,0.9863249140636676,0.9790016439994021,0.04169145955279204,,,,,,,,,0.9863249140636676,,,,,11003.76,11003.76,,,11003.76,110.310192
C:\Users\CORSAIR\projects\FedRGBD\results\3node_iid_fedprox_0.1_seed456,3node_iid_fedprox_0.1_seed456,image,unrecorded,fl,fedprox_0.1,FedProx(mu=0.1),FedProx(mu=0.1),0.1,iid,456.0,456,3,,,3,1,image|fl|fedprox_0.1|iid|3|||3,FedProx(mu=0.1) iid [3N] {image},2026-04-01T15:00:19.746914,True,True,3,v1_final_round_val,,,,,0.9775070990883276,0.9831116425048573,0.05797172040793949,,,,,,,,,0.9775070990883276,,,,,10352.16,10352.16,,,10352.16,110.310192
C:\Users\CORSAIR\projects\FedRGBD\results\rev_iid_sub0.01_fedavg_seed1011,rev_iid_sub0.01_fedavg_seed1011,group,heterogeneous,fl,fedavg,FedAvg,FedAvg,0.0,iid_sub0.01,1011.0,1011,3,5.0,0.001,3,3,group|fl|fedavg|iid_sub0.01|3|5|0.001|3,FedAvg iid_sub0.01 [3N] {group},2026-09-28T01:23:00.624752,False,False,3,selected_round_test,3.0,,1.055891612005679,iid_sub0.01,0.7376167562977639,0.7182281347296915,1.055891612005679,0.8732919254658386,0.842004226874774,0.9677276746242264,0.7162807791253216,0.8572459265064354,0.730619753843049,0.9476022932615337,0.4595562036475752,,0.8728179551122195,0.8410273806758333,27.0,0.0,120.56,186.94,46.644,36.918000000000006,120.48,165.465288
C:\Users\CORSAIR\projects\FedRGBD\results\rev_iid_sub0.01_fedavg_seed123,rev_iid_sub0.01_fedavg_seed123,group,heterogeneous,fl,fedavg,FedAvg,FedAvg,0.0,iid_sub0.01,123.0,123,3,5.0,0.001,3,3,group|fl|fedavg|iid_sub0.01|3|5|0.001|3,FedAvg iid_sub0.01 [3N] {group},2026-09-23T18:42:08.997280,False,False,3,selected_round_test,3.0,,0.802276739393678,iid_sub0.01,0.7696009057458251,0.7233229549957543,0.802276739393678,0.9055900621118013,0.894157413066853,0.9400972590627763,0.8482175670709298,0.8982573346746874,0.7973100260220416,0.958124597272223,0.38794468584055586,,0.9052369077306733,0.8935923294284804,27.0,0.0,120.28,187.14,45.895,37.156000000000006,120.206,165.465288
C:\Users\CORSAIR\projects\FedRGBD\results\rev_iid_sub0.01_fedavg_seed42,rev_iid_sub0.01_fedavg_seed42,group,heterogeneous,fl,fedavg,FedAvg,FedAvg,0.0,iid_sub0.01,42.0,42,3,5.0,0.001,3,3,group|fl|fedavg|iid_sub0.01|3|5|0.001|3,FedAvg iid_sub0.01 [3N] {group},2026-09-23T18:38:00.539314,False,False,3,selected_round_test,2.0,,0.7300890427681955,iid_sub0.01,0.7291253891876592,0.7187942258703651,2.1877422784657057,0.8688750862663907,0.8391998767811413,0.9584438549955792,0.7199558985667034,0.8530579572593414,0.7194412131282547,0.9177171301833887,0.47116855351691395,,0.8683845940703796,0.8382260144075182,27.0,0.0,119.61,186.11,45.871,36.83,119.531,165.465288
C:\Users\CORSAIR\projects\FedRGBD\results\rev_iid_sub0.01_fedavg_seed456,rev_iid_sub0.01_fedavg_seed456,group,heterogeneous,fl,fedavg,FedAvg,FedAvg,0.0,iid_sub0.01,456.0,456,3,5.0,0.001,3,3,group|fl|fedavg|iid_sub0.01|3|5|0.001|3,FedAvg iid_sub0.01 [3N] {group},2026-09-23T18:46:10.575844,False,False,3,selected_round_test,1.0,,1.4170308299388568,iid_sub0.01,0.7444098499858477,0.7454005094820266,1.4611951729940782,0.8536922015182885,0.8293127575386253,0.9272767462422635,0.7313487688349871,0.8387566137566137,0.6837015148760166,0.9510980028601592,0.6359828047928946,,0.8531449154890551,0.8283457656867046,27.0,0.0,119.5,185.8,45.535,36.938500000000005,119.413,165.465288
C:\Users\CORSAIR\projects\FedRGBD\results\rev_iid_sub0.01_fedavg_seed789,rev_iid_sub0.01_fedavg_seed789,group,heterogeneous,fl,fedavg,FedAvg,FedAvg,0.0,iid_sub0.01,789.0,789,3,5.0,0.001,3,3,group|fl|fedavg|iid_sub0.01|3|5|0.001|3,FedAvg iid_sub0.01 [3N] {group},2026-09-28T01:18:50.181064,False,False,3,selected_round_test,3.0,,1.987694666780198,iid_sub0.01,0.7364845740164166,0.7189357486555336,1.987694666780198,0.8795031055900621,0.840972488270325,0.9958001768346596,0.6861447997059904,0.8610861250716297,0.7525964767382092,0.9612980840312323,0.9159217689881395,,0.8790523690773068,0.8399232795355966,27.0,1.1102230246251565e-16,121.01,187.34,46.831,37.048500000000004,120.929,165.465288
C:\Users\CORSAIR\projects\FedRGBD\results\rev_iid_sub0.01_fedprox_0.01_seed1011,rev_iid_sub0.01_fedprox_0.01_seed1011,group,heterogeneous,fl,fedprox_0.01,FedProx(mu=0.01),FedProx(mu=0.01),0.01,iid_sub0.01,1011.0,1011,3,5.0,0.001,3,3,group|fl|fedprox_0.01|iid_sub0.01|3|5|0.001|3,FedProx(mu=0.01) iid_sub0.01 [3N] {group},2026-09-28T01:32:18.447042,False,False,3,selected_round_test,3.0,,1.4072066955698062,iid_sub0.01,0.734220209453722,0.719077271440702,1.4072066955698062,0.8716356107660456,0.8406047326180011,0.9652961980548187,0.7159132671811834,0.8555301907026783,0.7266054201480645,0.8960654856892929,0.7170351256247145,,0.8711554447215295,0.839624239340317,27.0,1.1102230246251565e-16,144.92,211.85,54.934,44.958,144.849,165.465288
C:\Users\CORSAIR\projects\FedRGBD\results\rev_iid_sub0.01_fedprox_0.01_seed123,rev_iid_sub0.01_fedprox_0.01_seed123,group,heterogeneous,fl,fedprox_0.01,FedProx(mu=0.01),FedProx(mu=0.01),0.01,iid_sub0.01,123.0,123,3,5.0,0.001,3,3,group|fl|fedprox_0.01|iid_sub0.01|3|5|0.001|3,FedProx(mu=0.01) iid_sub0.01 [3N] {group},2026-09-23T18:55:16.185272,False,False,3,selected_round_test,2.0,,0.8074262247309079,iid_sub0.01,0.7555901500141523,0.723181432210586,1.0109351616893485,0.8692891649413389,0.841362299513461,0.9535809018567639,0.729143697170158,0.8542105612647382,0.7195552135100652,0.9478206151779508,0.3685843205931121,,0.868800221668052,0.8404141823469187,27.0,0.0,144.34,210.74,54.717,44.7715,144.261,165.465288
C:\Users\CORSAIR\projects\FedRGBD\results\rev_iid_sub0.01_fedprox_0.01_seed42,rev_iid_sub0.01_fedprox_0.01_seed42,group,heterogeneous,fl,fedprox_0.01,FedProx(mu=0.01),FedProx(mu=0.01),0.01,iid_sub0.01,42.0,42,3,5.0,0.001,3,3,group|fl|fedprox_0.01|iid_sub0.01|3|5|0.001|3,FedProx(mu=0.01) iid_sub0.01 [3N] {group},2026-09-23T18:50:39.664494,False,False,3,selected_round_test,2.0,,1.4917012382275898,iid_sub0.01,0.7384658930087744,0.7228983866402491,1.5529927917968156,0.8750862663906143,0.8441733515822023,0.9683908045977011,0.7199558985667034,0.859369996200021,0.7345277160075153,0.9535380092160688,0.5866218783813575,,0.8746190080354669,0.8432094031118371,27.0,0.0,142.5,209.04,53.343,44.542,142.427,165.465288
C:\Users\CORSAIR\projects\FedRGBD\results\rev_iid_sub0.01_fedprox_0.01_seed456,rev_iid_sub0.01_fedprox_0.01_seed456,group,heterogeneous,fl,fedprox_0.01,FedProx(mu=0.01),FedProx(mu=0.01),0.01,iid_sub0.01,456.0,456,3,5.0,0.001,3,3,group|fl|fedprox_0.01|iid_sub0.01|3|5|0.001|3,FedProx(mu=0.01) iid_sub0.01 [3N] {group},2026-09-23T18:59:46.006424,False,False,3,selected_round_test,1.0,,0.9474121045645034,iid_sub0.01,0.739031984149448,0.7415793942824794,1.6750205320729308,0.8641821946169772,0.8423261653881735,0.9301503094606542,0.7545020213156928,0.8509994565898925,0.7067751658091113,0.9572207648472714,0.4031902889612117,,0.8636741479634248,0.8414391294034068,27.0,0.0,143.17,209.82,53.542,44.7705,143.083,165.465288
C:\Users\CORSAIR\projects\FedRGBD\results\rev_iid_sub0.01_fedprox_0.01_seed789,rev_iid_sub0.01_fedprox_0.01_seed789,group,heterogeneous,fl,fedprox_0.01,FedProx(mu=0.01),FedProx(mu=0.01),0.01,iid_sub0.01,789.0,789,3,5.0,0.001,3,3,group|fl|fedprox_0.01|iid_sub0.01|3|5|0.001|3,FedProx(mu=0.01) iid_sub0.01 [3N] {group},2026-09-28T01:27:36.164734,False,False,3,selected_round_test,3.0,,1.9339801591065835,iid_sub0.01,0.7387489385791113,0.719077271440702,1.9339801591065835,0.8634920634920635,0.834889531953555,0.9498231653404067,0.7199558985667034,0.8476238012421842,0.706642442646552,0.9541593838537153,0.7645158999178187,,0.8629814353006373,0.8339070775304418,27.0,1.1102230246251565e-16,143.42,209.63,54.513,44.413,143.34,165.465288
C:\Users\CORSAIR\projects\FedRGBD\results\rev_iid_sub0.05_fedavg_seed1011,rev_iid_sub0.05_fedavg_seed1011,group,heterogeneous,fl,fedavg,FedAvg,FedAvg,0.0,iid_sub0.05,1011.0,1011,3,5.0,0.001,3,3,group|fl|fedavg|iid_sub0.05|3|5|0.001|3,FedAvg iid_sub0.05 [3N] {group},2026-09-28T00:25:28.688480,False,False,3,selected_round_test,2.0,,0.22570485019282982,iid_sub0.05,0.8917350693461648,0.8055476931786018,0.3081706799174,0.9055900621118013,0.8878592624220499,0.9591069849690539,0.816611539875046,0.8967766764505232,0.7975515341531966,0.9839624578912873,0.26164992740412735,,0.9026649565341314,0.8859098459173514,228.0,1.1102230246251565e-16,281.98,348.34,99.655,91.12100000000001,281.897,165.465288
C:\Users\CORSAIR\projects\FedRGBD\results\rev_iid_sub0.05_fedavg_seed123,rev_iid_sub0.05_fedavg_seed123,group,heterogeneous,fl,fedavg,FedAvg,FedAvg,0.0,iid_sub0.05,123.0,123,3,5.0,0.001,3,3,group|fl|fedavg|iid_sub0.05|3|5|0.001|3,FedAvg iid_sub0.05 [3N] {group},2026-09-23T17:14:21.706763,False,False,3,selected_round_test,3.0,,0.11288964557759013,iid_sub0.05,0.9449476365694877,0.7816303424851401,0.11288964557759013,0.9336093857832988,0.9376847917318586,0.9213085764809903,0.9540610069827269,0.9303293532930921,0.8627369530239729,0.983933294145057,0.21929948141895886,,0.9314521875445347,0.9356329665681404,228.0,2.220446049250313e-16,284.0,350.47,101.114,91.404,283.922,165.465288
C:\Users\CORSAIR\projects\FedRGBD\results\rev_iid_sub0.05_fedavg_seed42,rev_iid_sub0.05_fedavg_seed42,group,heterogeneous,fl,fedavg,FedAvg,FedAvg,0.0,iid_sub0.05,42.0,42,3,5.0,0.001,3,3,group|fl|fedavg|iid_sub0.05|3|5|0.001|3,FedAvg iid_sub0.05 [3N] {group},2026-09-23T17:07:31.611002,False,False,3,selected_round_test,3.0,,0.19872285449458443,iid_sub0.05,0.9010755731672799,0.7373337107274271,0.19872285449458443,0.9267080745341615,0.9263731981435286,0.9277188328912467,0.9250275633958104,0.9225432059616299,0.8456779001639193,0.9751757217255449,0.3011742979466187,,0.9243266353142369,0.9242687909128894,228.0,1.1102230246251565e-16,284.01,350.47,101.616,91.159,283.934,165.465288
C:\Users\CORSAIR\projects\FedRGBD\results\rev_iid_sub0.05_fedavg_seed456,rev_iid_sub0.05_fedavg_seed456,group,heterogeneous,fl,fedavg,FedAvg,FedAvg,0.0,iid_sub0.05,456.0,456,3,5.0,0.001,3,3,group|fl|fedavg|iid_sub0.05|3|5|0.001|3,FedAvg iid_sub0.05 [3N] {group},2026-09-23T17:21:06.574480,False,False,3,selected_round_test,3.0,,0.5837389062209047,iid_sub0.05,0.8427681856778941,0.747947919615058,0.5837389062209047,0.8778467908902692,0.8533410442603311,0.9518125552608311,0.754869533259831,0.864782265140661,0.7376260736084536,0.97616842640224,0.5943335368645244,,0.874020236568334,0.8508160654503062,228.0,0.0,281.0,347.18,99.285,90.82,280.925,165.465288
C:\Users\CORSAIR\projects\FedRGBD\results\rev_iid_sub0.05_fedavg_seed789,rev_iid_sub0.05_fedavg_seed789,group,heterogeneous,fl,fedavg,FedAvg,FedAvg,0.0,iid_sub0.05,789.0,789,3,5.0,0.001,3,3,group|fl|fedavg|iid_sub0.05|3|5|0.001|3,FedAvg iid_sub0.05 [3N] {group},2026-09-28T00:18:34.133208,False,False,3,selected_round_test,2.0,,0.3200851522939302,iid_sub0.05,0.8199830172657798,0.7577129917916785,0.32070565188423267,0.8846100759144238,0.8707670325213952,0.9263925729442971,0.8151414920984932,0.8753671397684348,0.7518477489691193,0.966316035576196,0.3302630711957245,,0.881003277754026,0.8680827878281414,228.0,1.1102230246251565e-16,283.41,349.87,101.164,91.0835,283.332,165.465288
C:\Users\CORSAIR\projects\FedRGBD\results\rev_iid_sub0.05_fedprox_0.01_seed1011,rev_iid_sub0.05_fedprox_0.01_seed1011,group,heterogeneous,fl,fedprox_0.01,FedProx(mu=0.01),FedProx(mu=0.01),0.01,iid_sub0.05,1011.0,1011,3,5.0,0.001,3,3,group|fl|fedprox_0.01|iid_sub0.05|3|5|0.001|3,FedProx(mu=0.01) iid_sub0.05 [3N] {group},2026-09-28T00:43:04.967902,False,False,3,selected_round_test,3.0,,0.17015480957631976,iid_sub0.05,0.9330597226153411,0.7401641664307954,0.17015480957631976,0.9383022774327122,0.9361696579409389,0.9447391688771,0.9276001470047777,0.9344795233020468,0.8690713879169538,0.9842825279752626,0.19578108668759225,,0.9364400741057431,0.9346458987810602,228.0,0.0,394.39,460.39,138.15,128.0785,394.308,165.465288
C:\Users\CORSAIR\projects\FedRGBD\results\rev_iid_sub0.05_fedprox_0.01_seed123,rev_iid_sub0.05_fedprox_0.01_seed123,group,heterogeneous,fl,fedprox_0.01,FedProx(mu=0.01),FedProx(mu=0.01),0.01,iid_sub0.05,123.0,123,3,5.0,0.001,3,3,group|fl|fedprox_0.01|iid_sub0.05|3|5|0.001|3,FedProx(mu=0.01) iid_sub0.05 [3N] {group},2026-09-23T17:38:35.425859,False,False,3,selected_round_test,3.0,,0.21882509517071133,iid_sub0.05,0.9490517973393716,0.7739881120860459,0.21882509517071133,0.9238095238095239,0.9319615486972823,0.8992042440318302,0.9647188533627343,0.9206622406828662,0.8462514867058646,0.9794055209977348,0.2591199621831091,,0.9213339033775118,0.9294913260805646,228.0,2.220446049250313e-16,393.57,459.69,137.128,128.184,393.496,165.465288
C:\Users\CORSAIR\projects\FedRGBD\results\rev_iid_sub0.05_fedprox_0.01_seed42,rev_iid_sub0.05_fedprox_0.01_seed42,group,heterogeneous,fl,fedprox_0.01,FedProx(mu=0.01),FedProx(mu=0.01),0.01,iid_sub0.05,42.0,42,3,5.0,0.001,3,3,group|fl|fedprox_0.01|iid_sub0.05|3|5|0.001|3,FedProx(mu=0.01) iid_sub0.05 [3N] {group},2026-09-23T17:29:55.125453,False,False,3,selected_round_test,1.0,,0.40708076290969736,iid_sub0.05,0.7899801868100764,0.7882819133880554,0.5060456026590221,0.8985507246376812,0.8827352978162772,0.9462864721485411,0.8191841234840133,0.8897027777171929,0.7818692465008851,0.9691220103910672,0.21938991755023318,,0.8953968932592276,0.8805190165947064,228.0,1.1102230246251565e-16,402.18,468.61,140.495,130.803,402.101,165.465288
C:\Users\CORSAIR\projects\FedRGBD\results\rev_iid_sub0.05_fedprox_0.01_seed456,rev_iid_sub0.05_fedprox_0.01_seed456,group,heterogeneous,fl,fedprox_0.01,FedProx(mu=0.01),FedProx(mu=0.01),0.01,iid_sub0.05,456.0,456,3,5.0,0.001,3,3,group|fl|fedprox_0.01|iid_sub0.05|3|5|0.001|3,FedProx(mu=0.01) iid_sub0.05 [3N] {group},2026-09-23T17:47:14.112421,False,False,3,selected_round_test,1.0,,0.3252701581888873,iid_sub0.05,0.7557316727993207,0.8003113501273705,0.5869382237380569,0.8600414078674948,0.8386443439716831,0.9246242263483643,0.7526644615950019,0.8467316061570815,0.6976730981975948,0.9697448472778283,0.27363543735725077,,0.8556363118141656,0.835502071114275,228.0,0.0,393.89,460.08,137.773,128.02100000000002,393.815,165.465288
C:\Users\CORSAIR\projects\FedRGBD\results\rev_iid_sub0.05_fedprox_0.01_seed789,rev_iid_sub0.05_fedprox_0.01_seed789,group,heterogeneous,fl,fedprox_0.01,FedProx(mu=0.01),FedProx(mu=0.01),0.01,iid_sub0.05,789.0,789,3,5.0,0.001,3,3,group|fl|fedprox_0.01|iid_sub0.05|3|5|0.001|3,FedProx(mu=0.01) iid_sub0.05 [3N] {group},2026-09-28T00:34:17.756499,False,False,3,selected_round_test,3.0,,0.37249157448594833,iid_sub0.05,0.7935182564392868,0.7401641664307954,0.37249157448594833,0.9004830917874396,0.8812799943849634,0.9584438549955792,0.8041161337743477,0.8908924764393507,0.7866045928629439,0.980523166737667,0.22508157782683766,,0.897392047883711,0.8792321143935994,228.0,0.0,397.14,463.37,139.374,128.84300000000002,397.06,165.465288
C:\Users\CORSAIR\projects\FedRGBD\results\pc_maxn\rev_noniid_fedavg_r10_seed1011,rev_noniid_fedavg_r10_seed1011,group,maxn,fl,fedavg,FedAvg,FedAvg (R=10),0.0,non_iid_label,1011.0,1011,10,5.0,0.001,3,3,group|fl|fedavg|non_iid_label|10|5|0.001|3|pc=maxn,FedAvg (R=10) non_iid_label [3N] {group} [pc:maxn],2026-09-29T17:20:33.149874,False,False,10,selected_round_test,3.0,,0.17526513005974625,noniid,0.937769134602028,0.37171829420752883,0.4312823884348722,0.9779105307029731,0.9818090795440196,0.9666076957098629,0.9970104633781763,0.9766007213715444,0.9540657350091195,0.9967832070283861,0.0981742408622232,,0.9771037763901279,0.9814937478121275,472.0,0.0,9132.62,9281.08,924.222,911.422,9132.463,551.55096
C:\Users\CORSAIR\projects\FedRGBD\results\rev_noniid_fedavg_seed1011,rev_noniid_fedavg_seed1011,group,heterogeneous,fl,fedavg,FedAvg,FedAvg,0.0,non_iid_label,1011.0,1011,3,5.0,0.001,3,3,group|fl|fedavg|non_iid_label|3|5|0.001|3,FedAvg non_iid_label [3N] {group},2026-09-22T22:58:57.482348,False,False,3,selected_round_test,3.0,,0.3480430651477269,noniid,0.889845811918322,0.37171829420752883,0.3480430651477269,0.936926924145596,0.9496484220310735,0.9000442282176029,0.9992526158445441,0.9344617830979134,0.8768252169820834,0.9784151092582419,0.1858435060229336,,0.9342848647041332,0.9488551063097301,472.0,0.0,4111.17,4177.21,1379.258,1365.9195,4111.097,165.465288
C:\Users\CORSAIR\projects\FedRGBD\results\3node_noniid_fedavg_seed123,3node_noniid_fedavg_seed123,image,unrecorded,fl,fedavg,FedAvg,FedAvg,,non_iid_label,123.0,123,3,,,3,1,image|fl|fedavg|non_iid_label|3|||3,FedAvg non_iid_label [3N] {image},2026-03-29T16:43:18.529391,True,True,3,v1_final_round_val,,,,,0.9907641243956995,0.38653582509560575,0.09653370903399146,,,,,,,,,0.9907641243956995,,,,,6538.01,6538.01,,,6538.009999999999,110.310192
C:\Users\CORSAIR\projects\FedRGBD\results\pc_maxn\rev_noniid_fedavg_r10_seed123,rev_noniid_fedavg_r10_seed123,group,maxn,fl,fedavg,FedAvg,FedAvg (R=10),0.0,non_iid_label,123.0,123,10,5.0,0.001,3,3,group|fl|fedavg|non_iid_label|10|5|0.001|3|pc=maxn,FedAvg (R=10) non_iid_label [3N] {group} [pc:maxn],2026-09-29T09:33:49.757642,False,False,10,selected_round_test,8.0,,0.18443642499588794,noniid,0.9154049173496319,0.3721350187526045,0.24807917951221897,0.9787440955821062,0.9827776047874897,0.9670499778858912,0.9985052316890882,0.977486846659896,0.9558629504901731,0.9980815432144063,0.060562976617465444,,0.9781445138269402,0.9826767793706707,472.0,0.0,9088.28,9237.75,920.433,908.357,9088.123,551.55096
C:\Users\CORSAIR\projects\FedRGBD\results\rev_noniid_fedavg_ep1_seed123,rev_noniid_fedavg_ep1_seed123,group,heterogeneous,fl,fedavg,FedAvg,FedAvg (E=1),0.0,non_iid_label,123.0,123,3,1.0,0.001,3,3,group|fl|fedavg|non_iid_label|3|1|0.001|3,FedAvg (E=1) non_iid_label [3N] {group},2026-09-27T00:57:23.831586,False,False,3,selected_round_test,3.0,,0.15237938595233166,noniid,0.9045700791776635,0.7232949020697319,0.15237938595233166,0.9579049736037788,0.96024253458759,0.9511278195488722,0.9693572496263079,0.9553964831022046,0.9115912481120428,0.9959345078602599,0.08845321828053383,,0.955842997323818,0.9580512886043973,472.0,0.0,880.5,945.93,300.273,290.07550000000003,880.424,165.465288
C:\Users\CORSAIR\projects\FedRGBD\results\rev_noniid_fedavg_ep2_seed123,rev_noniid_fedavg_ep2_seed123,group,heterogeneous,fl,fedavg,FedAvg,FedAvg (E=2),0.0,non_iid_label,123.0,123,3,2.0,0.001,3,3,group|fl|fedavg|non_iid_label|3|2|0.001|3,FedAvg (E=2) non_iid_label [3N] {group},2026-09-27T03:27:53.026745,False,False,3,selected_round_test,3.0,,0.5292108834280552,noniid,0.8237255174329768,0.6221697457980275,0.5292108834280552,0.8817727146429564,0.905828191555121,0.8120300751879699,0.999626307922272,0.8794601315558641,0.7846762666880067,0.9942957003429175,0.35439011075896215,,0.8763009217960155,0.9039871565673621,472.0,0.0,1686.98,1752.53,571.809,557.5505,1686.91,165.465288
C:\Users\CORSAIR\projects\FedRGBD\results\rev_noniid_fedavg_lr0.0001_seed123,rev_noniid_fedavg_lr0.0001_seed123,group,heterogeneous,fl,fedavg,FedAvg,FedAvg (lr=0.0001),0.0,non_iid_label,123.0,123,3,5.0,0.0001,3,3,group|fl|fedavg|non_iid_label|3|5|0.0001|3,FedAvg (lr=0.0001) non_iid_label [3N] {group},2026-09-27T08:34:13.457424,False,False,3,selected_round_test,2.0,,0.062361134525073025,noniid,0.9413807473260175,0.9627726073065703,0.11917417810149275,0.9613781606001667,0.9637695531363359,0.9544449358690845,0.9730941704035875,0.9590623290465312,0.9188700437645161,0.9933170105427113,0.12867094816495347,,0.9597085935176926,0.9619888075514813,472.0,0.0,4071.13,4136.44,1366.042,1352.506,4071.053,165.465288
C:\Users\CORSAIR\projects\FedRGBD\results\rev_noniid_fedavg_r10_seed123,rev_noniid_fedavg_r10_seed123,group,heterogeneous,fl,fedavg,FedAvg,FedAvg (R=10),0.0,non_iid_label,123.0,123,10,5.0,0.001,3,3,group|fl|fedavg|non_iid_label|10|5|0.001|3,FedAvg (R=10) non_iid_label [3N] {group},2026-09-26T20:31:41.897065,False,False,10,selected_round_test,8.0,,0.19820576185025074,noniid,0.9133212946242534,0.37171829420752883,0.3058412738024214,0.9740205612670186,0.9789419307963922,0.9597523219814241,0.9981315396113603,0.9725444498504588,0.9464014862978394,0.9945512191187544,0.09430474517609325,,0.9727921498661909,0.9784324395119318,472.0,0.0,13638.91,13857.71,1370.978,1362.796,13638.734,551.55096
C:\Users\CORSAIR\projects\FedRGBD\results\rev_noniid_fedavg_seed123,rev_noniid_fedavg_seed123,group,heterogeneous,fl,fedavg,FedAvg,FedAvg,0.0,non_iid_label,123.0,123,3,5.0,0.001,3,3,group|fl|fedavg|non_iid_label|3|5|0.001|3,FedAvg non_iid_label [3N] {group},2026-09-22T19:27:13.600654,False,False,3,selected_round_test,2.0,,0.37891879986807586,noniid,0.8567856646756494,0.37171829420752883,0.4239499542765086,0.905390386218394,0.9245489085414671,0.8498452012383901,0.9992526158445441,0.9028273824834085,0.8226234947670461,0.9880604472140521,0.22380156082227082,,0.9011299435028248,0.9231460908612634,472.0,0.0,4110.29,4176.05,1378.77,1365.7245,4110.219,165.465288
C:\Users\CORSAIR\projects\FedRGBD\results\pc_maxn\rev_noniid_fedavg_r10_seed42,rev_noniid_fedavg_r10_seed42,group,maxn,fl,fedavg,FedAvg,FedAvg (R=10),0.0,non_iid_label,42.0,42,10,5.0,0.001,3,3,group|fl|fedavg|non_iid_label|10|5|0.001|3|pc=maxn,FedAvg (R=10) non_iid_label [3N] {group} [pc:maxn],2026-09-29T06:58:47.033162,False,False,10,selected_round_test,4.0,,0.16220711582977893,noniid,0.9199888873454647,0.39047089873593555,0.28365593276837026,0.9719366490691859,0.9772833726362861,0.9564352056612119,0.9981315396113603,0.97037225590095,0.9422824716322846,0.9951354745343972,0.09103675629943771,,0.9708593517692536,0.9769337076696445,472.0,0.0,9239.83,9392.56,1029.386,912.203,9239.677,551.55096
C:\Users\CORSAIR\projects\FedRGBD\results\rev_noniid_fedavg_ep1_seed42,rev_noniid_fedavg_ep1_seed42,group,heterogeneous,fl,fedavg,FedAvg,FedAvg (E=1),0.0,non_iid_label,42.0,42,3,1.0,0.001,3,3,group|fl|fedavg|non_iid_label|3|1|0.001|3,FedAvg (E=1) non_iid_label [3N] {group},2026-09-27T00:40:40.077396,False,False,3,selected_round_test,2.0,,0.20300317111803245,noniid,0.8902625364633977,0.9211001527989998,0.27258712785526906,0.9083078632953598,0.9268708899656157,0.8544891640866873,0.9992526158445441,0.9057313186614319,0.8274684570551499,0.9806730457110859,0.22884914787453606,,0.9041034790365745,0.9254518321570899,472.0,1.1102230246251565e-16,885.39,951.07,301.426,291.9395,885.305,165.465288
C:\Users\CORSAIR\projects\FedRGBD\results\rev_noniid_fedavg_ep2_seed42,rev_noniid_fedavg_ep2_seed42,group,heterogeneous,fl,fedavg,FedAvg,FedAvg (E=2),0.0,non_iid_label,42.0,42,3,2.0,0.001,3,3,group|fl|fedavg|non_iid_label|3|2|0.001|3,FedAvg (E=2) non_iid_label [3N] {group},2026-09-27T02:57:42.527205,False,False,3,selected_round_test,3.0,,0.19788928444639334,noniid,0.8960966800944575,0.611612723989443,0.19788928444639334,0.9440122256182273,0.9552875197754344,0.9113224237063247,0.9992526158445441,0.9416543445206653,0.8896001499920309,0.9972311086341547,0.1285034002522407,,0.9417187035385073,0.9546194595492966,472.0,0.0,1690.8,1756.64,570.639,560.0450000000001,1690.728,165.465288
C:\Users\CORSAIR\projects\FedRGBD\results\rev_noniid_fedavg_lr0.0001_seed42,rev_noniid_fedavg_lr0.0001_seed42,group,heterogeneous,fl,fedavg,FedAvg,FedAvg (lr=0.0001),0.0,non_iid_label,42.0,42,3,5.0,0.0001,3,3,group|fl|fedavg|non_iid_label|3|5|0.0001|3,FedAvg (lr=0.0001) non_iid_label [3N] {group},2026-09-27T07:24:19.191590,False,False,3,selected_round_test,3.0,,0.06916337735214131,noniid,0.9813863036532852,0.966106403667176,0.06916337735214131,0.9690191719922201,0.9698509330567252,0.9666076957098629,0.9730941704035875,0.9670324549232614,0.9343282165014761,0.9936720262804202,0.1209532509778037,,0.967291109128754,0.9678684478558391,472.0,0.0,4096.11,4161.75,1372.814,1361.607,4096.028,165.465288
C:\Users\CORSAIR\projects\FedRGBD\results\rev_noniid_fedavg_r10_seed42,rev_noniid_fedavg_r10_seed42,group,heterogeneous,fl,fedavg,FedAvg,FedAvg (R=10),0.0,non_iid_label,42.0,42,10,5.0,0.001,3,3,group|fl|fedavg|non_iid_label|10|5|0.001|3,FedAvg (R=10) non_iid_label [3N] {group},2026-09-26T16:39:42.334456,False,False,10,selected_round_test,5.0,,0.10848002550565941,noniid,0.9120711209890262,0.3815807751076538,0.30311411001800886,0.9881911642122811,0.9902964017799709,0.9820875718708536,0.9985052316890882,0.9874320698992435,0.9751199615093841,0.9964672793828412,0.04885131205947667,,0.987957181088314,0.9902857256468984,472.0,2.220446049250313e-16,13676.75,13896.36,1376.174,1366.185,13676.575,551.55096
C:\Users\CORSAIR\projects\FedRGBD\results\rev_noniid_fedavg_seed42,rev_noniid_fedavg_seed42,group,heterogeneous,fl,fedavg,FedAvg,FedAvg,0.0,non_iid_label,42.0,42,3,5.0,0.001,3,3,group|fl|fedavg|non_iid_label|3|5|0.001|3,FedAvg non_iid_label [3N] {group},2026-09-22T18:16:41.175479,False,False,3,selected_round_test,3.0,,0.2791441398944304,noniid,0.8887345464647868,0.3815807751076538,0.2791441398944304,0.945262572936927,0.956282654671498,0.913312693498452,0.9992526158445441,0.942927356975475,0.8918792442242763,0.9963829879367371,0.13599243339214456,,0.9426107641986322,0.9553111819380447,472.0,0.0,4107.42,4174.73,1399.55,1353.8944999999999,4107.339,165.465288
C:\Users\CORSAIR\projects\FedRGBD\results\3node_noniid_fedavg_seed456,3node_noniid_fedavg_seed456,image,unrecorded,fl,fedavg,FedAvg,FedAvg,,non_iid_label,456.0,456,3,,,3,1,image|fl|fedavg|non_iid_label|3|||3,FedAvg non_iid_label [3N] {image},2026-03-29T18:25:47.440773,True,True,3,v1_final_round_val,,,,,0.9976910310989249,0.5706760949563461,0.015486431406538452,,,,,,,,,0.9976910310989249,,,,,5720.95,5720.95,,,5720.95,110.310192
C:\Users\CORSAIR\projects\FedRGBD\results\pc_maxn\rev_noniid_fedavg_r10_seed456,rev_noniid_fedavg_r10_seed456,group,maxn,fl,fedavg,FedAvg,FedAvg (R=10),0.0,non_iid_label,456.0,456,10,5.0,0.001,3,3,group|fl|fedavg|non_iid_label|10|5|0.001|3|pc=maxn,FedAvg (R=10) non_iid_label [3N] {group} [pc:maxn],2026-09-29T12:08:59.937394,False,False,10,selected_round_test,3.0,,0.4036290884184959,noniid,0.8691484928462286,0.3861647451034866,0.4417227766314879,0.8757988330091692,0.9009211071731029,0.8029632905793896,0.9988789237668162,0.8735591070283322,0.7750611012463839,0.967396233924299,0.3295649762174097,,0.8694617900683913,0.898495940534459,472.0,1.1102230246251565e-16,9084.93,9236.05,916.583,908.193,9084.775,551.55096
C:\Users\CORSAIR\projects\FedRGBD\results\rev_noniid_fedavg_ep1_seed456,rev_noniid_fedavg_ep1_seed456,group,heterogeneous,fl,fedavg,FedAvg,FedAvg (E=1),0.0,non_iid_label,456.0,456,3,1.0,0.001,3,3,group|fl|fedavg|non_iid_label|3|1|0.001|3,FedAvg (E=1) non_iid_label [3N] {group},2026-09-27T01:14:10.999315,False,False,3,selected_round_test,2.0,,0.39249407880985987,noniid,0.8327545492429504,0.6023058758160855,0.398157480147103,0.9156710197277022,0.9326548533031338,0.8664307828394515,0.9988789237668162,0.9130703639084949,0.8397369572927705,0.990930323037877,0.21251009917242808,,0.9118346714243235,0.9313527539999882,472.0,0.0,881.55,947.37,301.087,290.19,881.467,165.465288
C:\Users\CORSAIR\projects\FedRGBD\results\rev_noniid_fedavg_ep2_seed456,rev_noniid_fedavg_ep2_seed456,group,heterogeneous,fl,fedavg,FedAvg,FedAvg (E=2),0.0,non_iid_label,456.0,456,3,2.0,0.001,3,3,group|fl|fedavg|non_iid_label|3|2|0.001|3,FedAvg (E=2) non_iid_label [3N] {group},2026-09-27T03:58:08.352279,False,False,3,selected_round_test,3.0,,0.28320870189981207,noniid,0.8897069037366301,0.4696485623003195,0.28320870189981207,0.9485968324534593,0.9589363477276679,0.9186200796107917,0.9992526158445441,0.9463277539799637,0.8979939486239205,0.9973327542015153,0.14630672841514497,,0.9463276836158192,0.9581933585578278,472.0,1.1102230246251565e-16,1685.83,1751.54,570.737,557.5085,1685.753,165.465288
C:\Users\CORSAIR\projects\FedRGBD\results\rev_noniid_fedavg_lr0.0001_seed456,rev_noniid_fedavg_lr0.0001_seed456,group,heterogeneous,fl,fedavg,FedAvg,FedAvg (lr=0.0001),0.0,non_iid_label,456.0,456,3,5.0,0.0001,3,3,group|fl|fedavg|non_iid_label|3|5|0.0001|3,FedAvg (lr=0.0001) non_iid_label [3N] {group},2026-09-27T09:44:37.997291,False,False,3,selected_round_test,3.0,,0.09706684213257388,noniid,0.9497152382275316,0.9295735518822059,0.09706684213257388,0.9697138093914976,0.9692596533539071,0.9710305174701459,0.9674887892376681,0.96768874063092,0.9354596254376133,0.9963270415553523,0.08115090352338182,,0.968183169788879,0.967150087350823,472.0,0.0,4097.16,4162.75,1371.863,1362.6080000000002,4097.078,165.465288
C:\Users\CORSAIR\projects\FedRGBD\results\rev_noniid_fedavg_r10_seed456,rev_noniid_fedavg_r10_seed456,group,heterogeneous,fl,fedavg,FedAvg,FedAvg (R=10),0.0,non_iid_label,456.0,456,10,5.0,0.001,3,3,group|fl|fedavg|non_iid_label|10|5|0.001|3,FedAvg (R=10) non_iid_label [3N] {group},2026-09-27T00:24:06.922842,False,False,10,selected_round_test,9.0,,0.2407633548664902,noniid,0.8748437282955966,0.40088901236282815,0.4252445815216224,0.9181717143651014,0.9347213985901182,0.8701901813356921,0.9992526158445441,0.9155808328546001,0.8440948308657481,0.9908641294610835,0.21566889226665062,,0.9139161462979483,0.9330607784333178,472.0,0.0,13666.96,13885.2,1374.142,1365.817,13666.776,551.55096
C:\Users\CORSAIR\projects\FedRGBD\results\rev_noniid_fedavg_seed456,rev_noniid_fedavg_seed456,group,heterogeneous,fl,fedavg,FedAvg,FedAvg,0.0,non_iid_label,456.0,456,3,5.0,0.001,3,3,group|fl|fedavg|non_iid_label|3|5|0.001|3,FedAvg non_iid_label [3N] {group},2026-09-22T20:37:49.140232,False,False,3,selected_round_test,2.0,,0.38930552885255104,noniid,0.8242811501597445,0.40088901236282815,0.8617001501784147,0.8910808557932759,0.9131601425087381,0.8270676691729323,0.9992526158445441,0.8886384030199755,0.7993150482863741,0.9193160625118586,0.2864333299600708,,0.8858162355040142,0.9112715231877564,472.0,0.0,4111.07,4176.73,1378.475,1366.26,4110.994,165.465288
C:\Users\CORSAIR\projects\FedRGBD\results\pc_maxn\rev_noniid_fedavg_r10_seed789,rev_noniid_fedavg_r10_seed789,group,maxn,fl,fedavg,FedAvg,FedAvg (R=10),0.0,non_iid_label,789.0,789,10,5.0,0.001,3,3,group|fl|fedavg|non_iid_label|10|5|0.001|3|pc=maxn,FedAvg (R=10) non_iid_label [3N] {group} [pc:maxn],2026-09-29T14:44:43.600139,False,False,10,selected_round_test,3.0,,0.14371101374450462,noniid,0.9073482428115016,0.39727739963883874,0.22870152845444325,0.9856904695748819,0.9871619995649901,0.9814241486068112,0.9928998505231689,0.9847572874438033,0.969696657850056,0.9980285718252371,0.09212427700409928,,0.9854296758846268,0.9870097681779326,472.0,0.0,9127.68,9279.47,930.518,911.132,9127.524,551.55096
C:\Users\CORSAIR\projects\FedRGBD\results\rev_noniid_fedavg_seed789,rev_noniid_fedavg_seed789,group,heterogeneous,fl,fedavg,FedAvg,FedAvg,0.0,non_iid_label,789.0,789,3,5.0,0.001,3,3,group|fl|fedavg|non_iid_label|3|5|0.001|3,FedAvg non_iid_label [3N] {group},2026-09-22T21:48:24.141441,False,False,3,selected_round_test,2.0,,0.476081633511095,noniid,0.847478816502292,0.44228365050701485,0.4946321882103127,0.8449569324812448,0.8765269973932457,0.7534276868642193,0.999626307922272,0.843336743676985,0.7288951361356978,0.9891338409331162,0.3497692857799187,,0.8380909901873327,0.8743583809159903,472.0,0.0,4111.06,4176.85,1375.017,1367.984,4110.985,165.465288
C:\Users\CORSAIR\projects\FedRGBD\results\3node_noniid_fedavg,3node_noniid_fedavg,image,unrecorded,fl,fedavg,FedAvg,FedAvg,,non_iid_label,,NA,3,,,3,1,image|fl|fedavg|non_iid_label|3|||3,FedAvg non_iid_label [3N] {image},2026-03-28T14:50:10.031418,True,True,3,v1_final_round_val,,,,,0.9909805902301754,0.5366188036654881,0.04197271312711619,,,,,,,,,0.9909805902301754,,,,,6181.68,6181.68,,,6181.68,110.310192
C:\Users\CORSAIR\projects\FedRGBD\results\pc_maxn\rev_noniid_fedbn_r10_seed1011,rev_noniid_fedbn_r10_seed1011,group,maxn,fl,fedbn,FedBN,FedBN (R=10),0.0,non_iid_label,1011.0,1011,10,5.0,0.001,3,3,group|fl|fedbn|non_iid_label|10|5|0.001|3|pc=maxn,FedBN (R=10) non_iid_label [3N] {group} [pc:maxn],2026-10-02T14:32:15.975751,False,False,10,selected_round_test,7.0,,0.2571867695838535,noniid,0.867203778302542,0.4258924850673705,0.3466437601189655,0.9355376493470409,0.9485427165910028,0.8978328173374613,0.9992526158445441,0.9330555607224568,0.8743476592254161,0.9957676603801776,0.167936450209555,,0.9330954504906334,0.9479328097913995,472.0,0.0,9025.57,9170.59,910.449,900.999,9025.414,551.55096
C:\Users\CORSAIR\projects\FedRGBD\results\3n_noniid_fedbn_seed123,3n_noniid_fedbn_seed123,image,unrecorded,fl,fedbn,FedBN,FedBN,,non_iid_label,123.0,123,3,,,3,1,image|fl|fedbn|non_iid_label|3|||3,FedBN non_iid_label [3N] {image},2026-04-15T18:32:18.831992,True,True,3,v1_final_round_val,,,,,0.6631791615556678,0.3915866945667075,0.7020441915868672,,,,,,,,,0.6631791615556678,,,,,6020.93,6020.93,,,6020.93,110.310192
C:\Users\CORSAIR\projects\FedRGBD\results\pc_maxn\rev_noniid_fedbn_r10_seed123,rev_noniid_fedbn_r10_seed123,group,maxn,fl,fedbn,FedBN,FedBN (R=10),0.0,non_iid_label,123.0,123,10,5.0,0.001,3,3,group|fl|fedbn|non_iid_label|10|5|0.001|3|pc=maxn,FedBN (R=10) non_iid_label [3N] {group} [pc:maxn],2026-10-02T06:46:47.137705,False,False,10,selected_round_test,10.0,,0.23264256513622802,noniid,0.9258230309765245,0.3835254896513405,0.23264256513622802,0.9383161989441512,0.9495337195534339,0.9057938965059709,0.9932735426008968,0.9357519878029953,0.8780338811895826,0.9923910442156565,0.14283145588564822,,0.9351769253642581,0.9480427402784629,472.0,0.0,9083.78,9235.28,916.465,906.796,9083.627,551.55096
C:\Users\CORSAIR\projects\FedRGBD\results\rev_noniid_fedbn_r10_seed123,rev_noniid_fedbn_r10_seed123,group,heterogeneous,fl,fedbn,FedBN,FedBN (R=10),0.0,non_iid_label,123.0,123,10,5.0,0.001,3,3,group|fl|fedbn|non_iid_label|10|5|0.001|3,FedBN (R=10) non_iid_label [3N] {group},2026-09-26T08:55:50.354204,False,False,10,selected_round_test,9.0,,0.24452587719000235,noniid,0.8934574246423115,0.39088762328101123,0.32045688062692956,0.9576271186440678,0.9636063417578502,0.9402919062361786,0.9869207772795217,0.955392652408573,0.9130401021983899,0.9968037014192035,0.0844066391028731,,0.9559916741005055,0.9625848354029831,472.0,0.0,13656.55,13875.08,1374.434,1363.841,13656.368,551.55096
C:\Users\CORSAIR\projects\FedRGBD\results\3n_noniid_fedbn_seed42,3n_noniid_fedbn_seed42,image,unrecorded,fl,fedbn,FedBN,FedBN,,non_iid_label,42.0,42,3,,,3,1,image|fl|fedbn|non_iid_label|3|||3,FedBN non_iid_label [3N] {image},2026-04-15T10:16:23.881359,True,True,3,v1_final_round_val,,,,,0.759001370950285,0.3690020925030666,0.5678709706269918,,,,,,,,,0.759001370950285,,,,,6351.25,6351.25,,,6351.25,110.310192
C:\Users\CORSAIR\projects\FedRGBD\results\pc_maxn\rev_noniid_fedbn_r10_seed42,rev_noniid_fedbn_r10_seed42,group,maxn,fl,fedbn,FedBN,FedBN (R=10),0.0,non_iid_label,42.0,42,10,5.0,0.001,3,3,group|fl|fedbn|non_iid_label|10|5|0.001|3|pc=maxn,FedBN (R=10) non_iid_label [3N] {group} [pc:maxn],2026-10-02T04:11:43.975635,False,False,10,selected_round_test,6.0,,0.38086280824642277,noniid,0.6921794693707459,0.43256007778858174,4.6788934374491395,0.9223395387607669,0.9380385149103304,0.8768244139761168,0.9992526158445441,0.9197582954373701,0.8512380885979048,0.9928941071354197,0.19832715060439038,,0.9192685102586976,0.9372111127658057,472.0,0.0,9092.6,9241.14,916.044,910.611,9092.435,551.55096
C:\Users\CORSAIR\projects\FedRGBD\results\rev_noniid_fedbn_r10_seed42,rev_noniid_fedbn_r10_seed42,group,heterogeneous,fl,fedbn,FedBN,FedBN (R=10),0.0,non_iid_label,42.0,42,10,5.0,0.001,3,3,group|fl|fedbn|non_iid_label|10|5|0.001|3,FedBN (R=10) non_iid_label [3N] {group},2026-09-26T05:03:34.160985,False,False,10,selected_round_test,8.0,,0.256092899883628,noniid,0.663842200305598,0.42797610779274897,1.3403010014169419,0.9220616838010558,0.9328594666566179,0.8907563025210085,0.9749626307922272,0.9189102584634377,0.8448262671246929,0.9884669881641588,0.24601386322154178,,0.9195658638120725,0.9313313276890769,472.0,0.0,13558.71,13777.29,1369.434,1354.112,13558.534,551.55096
C:\Users\CORSAIR\projects\FedRGBD\results\3n_noniid_fedbn_seed456,3n_noniid_fedbn_seed456,image,unrecorded,fl,fedbn,FedBN,FedBN,,non_iid_label,456.0,456,3,,,3,1,image|fl|fedbn|non_iid_label|3|||3,FedBN non_iid_label [3N] {image},2026-04-15T22:09:19.082181,True,True,3,v1_final_round_val,,,,,0.8297135435457104,0.36712605527094305,0.46233769160808874,,,,,,,,,0.8297135435457104,,,,,6116.1,6116.1,,,6116.100000000001,110.310192
C:\Users\CORSAIR\projects\FedRGBD\results\pc_maxn\rev_noniid_fedbn_r10_seed456,rev_noniid_fedbn_r10_seed456,group,maxn,fl,fedbn,FedBN,FedBN (R=10),0.0,non_iid_label,456.0,456,10,5.0,0.001,3,3,group|fl|fedbn|non_iid_label|10|5|0.001|3|pc=maxn,FedBN (R=10) non_iid_label [3N] {group} [pc:maxn],2026-10-02T09:23:01.316403,False,False,10,selected_round_test,10.0,,0.157431686626204,noniid,0.9259619391582165,0.4320044450618141,0.157431686626204,0.9524868018894137,0.962032322959866,0.924812030075188,0.9992526158445441,0.9503056494581641,0.9051972510285519,0.9867981414893076,0.12121165917665745,,0.9504906333630687,0.9614213963719851,472.0,0.0,9158.88,9309.04,920.721,914.061,9158.722,551.55096
C:\Users\CORSAIR\projects\FedRGBD\results\rev_noniid_fedbn_r10_seed456,rev_noniid_fedbn_r10_seed456,group,heterogeneous,fl,fedbn,FedBN,FedBN (R=10),0.0,non_iid_label,456.0,456,10,5.0,0.001,3,3,group|fl|fedbn|non_iid_label|10|5|0.001|3,FedBN (R=10) non_iid_label [3N] {group},2026-09-26T12:47:04.735684,False,False,10,selected_round_test,7.0,,0.32896532493847275,noniid,0.8895679955549382,0.43575496596749547,0.36960978618682166,0.9126146151708808,0.9301460258401213,0.8617868199911544,0.9985052316890882,0.9100081515658963,0.8344624435277257,0.9863262746684702,0.21368767938316888,,0.9088611358905739,0.9289530071779106,472.0,0.0,13600.23,13818.76,1368.023,1357.508,13600.058,551.55096
C:\Users\CORSAIR\projects\FedRGBD\results\pc_maxn\rev_noniid_fedbn_r10_seed789,rev_noniid_fedbn_r10_seed789,group,maxn,fl,fedbn,FedBN,FedBN (R=10),0.0,non_iid_label,789.0,789,10,5.0,0.001,3,3,group|fl|fedbn|non_iid_label|10|5|0.001|3|pc=maxn,FedBN (R=10) non_iid_label [3N] {group} [pc:maxn],2026-10-02T11:58:17.889416,False,False,10,selected_round_test,9.0,,0.08570066744338424,noniid,0.8652590637588554,0.44103347687178773,0.3914383958967532,0.9647124201166991,0.9650502872850817,0.9637328615656789,0.9663677130044843,0.9624358707260676,0.9251017659892886,0.9967484987858726,0.08108352743060232,,0.9628308058281296,0.9627177364395823,472.0,0.0,9094.98,9243.44,924.044,908.675,9094.823,551.55096
C:\Users\CORSAIR\projects\FedRGBD\results\rev_noniid_fedprox_0.001_seed123,rev_noniid_fedprox_0.001_seed123,group,heterogeneous,fl,fedprox_0.001,FedProx(mu=0.001),FedProx(mu=0.001),0.001,non_iid_label,123.0,123,3,5.0,0.001,3,3,group|fl|fedprox_0.001|non_iid_label|3|5|0.001|3,FedProx(mu=0.001) non_iid_label [3N] {group},2026-09-23T23:03:38.686974,False,False,3,selected_round_test,2.0,,0.24246632754796882,noniid,0.8892901791915544,0.7512154465898041,0.3366877042863416,0.9451236454570714,0.956172084127491,0.9130915524104378,0.9992526158445441,0.9427858542546804,0.8916256393374722,0.9965989227883743,0.17562566632031287,,0.9423134106452572,0.9550806078084619,472.0,0.0,6486.39,6552.0,2172.509,2156.8995,6486.308,165.465288
C:\Users\CORSAIR\projects\FedRGBD\results\rev_noniid_fedprox_0.001_seed42,rev_noniid_fedprox_0.001_seed42,group,heterogeneous,fl,fedprox_0.001,FedProx(mu=0.001),FedProx(mu=0.001),0.001,non_iid_label,42.0,42,3,5.0,0.001,3,3,group|fl|fedprox_0.001|non_iid_label|3|5|0.001|3,FedProx(mu=0.001) non_iid_label [3N] {group},2026-09-23T21:13:23.449762,False,False,3,selected_round_test,3.0,,0.2973768734418431,noniid,0.8872065564661759,0.6013335185442422,0.2973768734418431,0.940677966101695,0.9526338267192644,0.9060150375939849,0.9992526158445441,0.9382651945742074,0.8835590690452712,0.9921251956057382,0.18074366936932834,,0.9381504608980077,0.9518525699943047,472.0,0.0,6359.89,6425.33,2132.271,2113.7715,6359.814,165.465288
C:\Users\CORSAIR\projects\FedRGBD\results\rev_noniid_fedprox_0.001_seed456,rev_noniid_fedprox_0.001_seed456,group,heterogeneous,fl,fedprox_0.001,FedProx(mu=0.001),FedProx(mu=0.001),0.001,non_iid_label,456.0,456,3,5.0,0.001,3,3,group|fl|fedprox_0.001|non_iid_label|3|5|0.001|3,FedProx(mu=0.001) non_iid_label [3N] {group},2026-09-24T00:53:29.606460,False,False,3,selected_round_test,3.0,,0.3585019989216192,noniid,0.8815113210168078,0.5778580358383109,0.3585019989216192,0.9353987218671853,0.9484321460469956,0.8976116762494472,0.9992526158445441,0.9329150099455877,0.8741003874590275,0.9945316337533361,0.1957607647019362,,0.932649420160571,0.9475869485970254,472.0,0.0,6464.03,6529.79,2161.008,2151.473,6463.954,165.465288
C:\Users\CORSAIR\projects\FedRGBD\results\pc_maxn\rev_noniid_fedprox_0.01_r10_seed1011,rev_noniid_fedprox_0.01_r10_seed1011,group,maxn,fl,fedprox_0.01,FedProx(mu=0.01),FedProx(mu=0.01) (R=10),0.01,non_iid_label,1011.0,1011,10,5.0,0.001,3,3,group|fl|fedprox_0.01|non_iid_label|10|5|0.001|3|pc=maxn,FedProx(mu=0.01) (R=10) non_iid_label [3N] {group} [pc:maxn],2026-10-01T12:31:54.863005,False,False,10,selected_round_test,9.0,,0.07426421406695002,noniid,0.8959577719127657,0.7538547020419503,0.29344446848358935,0.9709641567101973,0.976128001353952,0.9559929234851835,0.9962630792227205,0.9693393461054297,0.9401678476442525,0.9950880399362955,0.09379176638327884,,0.9695212607790663,0.9755201019815187,472.0,1.1102230246251565e-16,14858.19,15005.09,1503.089,1482.476,14858.029,551.55096
C:\Users\CORSAIR\projects\FedRGBD\results\rev_noniid_fedprox_0.01_seed1011,rev_noniid_fedprox_0.01_seed1011,group,heterogeneous,fl,fedprox_0.01,FedProx(mu=0.01),FedProx(mu=0.01),0.01,non_iid_label,1011.0,1011,3,5.0,0.001,3,3,group|fl|fedprox_0.01|non_iid_label|3|5|0.001|3,FedProx(mu=0.01) non_iid_label [3N] {group},2026-09-23T16:58:34.980240,False,False,3,selected_round_test,3.0,,0.2026971917155981,noniid,0.9052646200861231,0.7382969856924573,0.2026971917155981,0.9477632675743262,0.9582729244636254,0.9172932330827067,0.9992526158445441,0.9454768682906955,0.8964601703919848,0.9959957431166944,0.1469831619072336,,0.9455842997323818,0.9576169232338712,472.0,0.0,6312.85,6378.03,2112.258,2100.256,6312.77,165.465288
C:\Users\CORSAIR\projects\FedRGBD\results\3node_noniid_fedprox_0.01_seed123,3node_noniid_fedprox_0.01_seed123,image,unrecorded,fl,fedprox_0.01,FedProx(mu=0.01),FedProx(mu=0.01),0.01,non_iid_label,123.0,123,3,,,3,1,image|fl|fedprox_0.01|non_iid_label|3|||3,FedProx(mu=0.01) non_iid_label [3N] {image},2026-03-30T21:45:01.712272,True,True,3,v1_final_round_val,,,,,0.9913413666209683,0.9774875532145176,0.027038318545536927,,,,,,,,,0.9913413666209683,,,,,11051.8,11051.8,,,11051.799999999997,110.310192
C:\Users\CORSAIR\projects\FedRGBD\results\pc_maxn\rev_noniid_fedprox_0.01_r10_seed123,rev_noniid_fedprox_0.01_r10_seed123,group,maxn,fl,fedprox_0.01,FedProx(mu=0.01),FedProx(mu=0.01) (R=10),0.01,non_iid_label,123.0,123,10,5.0,0.001,3,3,group|fl|fedprox_0.01|non_iid_label|10|5|0.001|3|pc=maxn,FedProx(mu=0.01) (R=10) non_iid_label [3N] {group} [pc:maxn],2026-09-30T22:43:34.087538,False,False,10,selected_round_test,4.0,,0.16277331309972748,noniid,0.91526600916794,0.7976107792748993,0.21125304877331694,0.9438732981383717,0.9551006737365704,0.9113224237063247,0.9988789237668162,0.9415061601745969,0.8892718558927583,0.9876992335758944,0.18299548678853103,,0.9409753196550699,0.953949018699089,472.0,0.0,14858.03,15005.14,1494.116,1486.223,14857.92,551.55096
C:\Users\CORSAIR\projects\FedRGBD\results\rev_noniid_fedprox_0.01_ep1_seed123,rev_noniid_fedprox_0.01_ep1_seed123,group,heterogeneous,fl,fedprox_0.01,FedProx(mu=0.01),FedProx(mu=0.01) (E=1),0.01,non_iid_label,123.0,123,3,1.0,0.001,3,3,group|fl|fedprox_0.01|non_iid_label|3|1|0.001|3,FedProx(mu=0.01) (E=1) non_iid_label [3N] {group},2026-09-27T02:03:09.956633,False,False,3,selected_round_test,3.0,,0.10785611797872414,noniid,0.9572162800388943,0.8745659119322128,0.10785611797872414,0.9776326757432621,0.9813591119714348,0.966828836797877,0.9958893871449925,0.9762997814503462,0.9534163418106134,0.9965524798543444,0.07974835805359565,,0.9766577460600654,0.9808658700390007,472.0,1.1102230246251565e-16,1336.9,1402.54,454.3,441.26099999999997,1336.822,165.465288
C:\Users\CORSAIR\projects\FedRGBD\results\rev_noniid_fedprox_0.01_ep2_seed123,rev_noniid_fedprox_0.01_ep2_seed123,group,heterogeneous,fl,fedprox_0.01,FedProx(mu=0.01),FedProx(mu=0.01) (E=2),0.01,non_iid_label,123.0,123,3,2.0,0.001,3,3,group|fl|fedprox_0.01|non_iid_label|3|2|0.001|3,FedProx(mu=0.01) (E=2) non_iid_label [3N] {group},2026-09-27T05:28:48.089554,False,False,3,selected_round_test,1.0,,0.2475988253907605,noniid,0.8624809001250173,0.8822058619252674,0.2909957201695788,0.9462350652959155,0.9569040974898337,0.9153029632905794,0.9985052316890882,0.9439050414007579,0.8935118324435005,0.988796923064718,0.20036117753261573,,0.9439488551888195,0.9561607544686647,472.0,0.0,2589.45,2654.96,872.941,858.2139999999999,2589.369,165.465288
C:\Users\CORSAIR\projects\FedRGBD\results\rev_noniid_fedprox_0.01_lr0.0001_seed123,rev_noniid_fedprox_0.01_lr0.0001_seed123,group,heterogeneous,fl,fedprox_0.01,FedProx(mu=0.01),FedProx(mu=0.01) (lr=0.0001),0.01,non_iid_label,123.0,123,3,5.0,0.0001,3,3,group|fl|fedprox_0.01|non_iid_label|3|5|0.0001|3,FedProx(mu=0.01) (lr=0.0001) non_iid_label [3N] {group},2026-09-27T13:21:31.961746,False,False,3,selected_round_test,3.0,,0.08563443362439709,noniid,0.9758299763856091,0.9587442700375052,0.08563443362439709,0.9648513475965546,0.9632539704576661,0.9694825298540469,0.9570254110612855,0.9624422806732611,0.9249069452079415,0.9937012803705386,0.0956036027646157,,0.963276836158192,0.9608074650039334,472.0,0.0,6423.9,6489.14,2152.381,2135.7200000000003,6423.821,165.465288
C:\Users\CORSAIR\projects\FedRGBD\results\rev_noniid_fedprox_0.01_seed123,rev_noniid_fedprox_0.01_seed123,group,heterogeneous,fl,fedprox_0.01,FedProx(mu=0.01),FedProx(mu=0.01),0.01,non_iid_label,123.0,123,3,5.0,0.001,3,3,group|fl|fedprox_0.01|non_iid_label|3|5|0.001|3,FedProx(mu=0.01) non_iid_label [3N] {group},2026-09-23T11:36:24.833549,False,False,3,selected_round_test,3.0,,0.1506371363361049,noniid,0.9206834282539241,0.8342825392415614,0.1506371363361049,0.9665184773548208,0.9731236724097239,0.9473684210526315,0.9988789237668162,0.9647528827228398,0.9317838159234739,0.996492649455345,0.09368882647832219,,0.9653583110318168,0.9728560973248672,472.0,0.0,6378.69,6444.85,2134.214,2122.1945,6378.603,165.465288
C:\Users\CORSAIR\projects\FedRGBD\results\pc_maxn\rev_noniid_fedprox_0.01_r10_seed42,rev_noniid_fedprox_0.01_r10_seed42,group,maxn,fl,fedprox_0.01,FedProx(mu=0.01),FedProx(mu=0.01) (R=10),0.01,non_iid_label,42.0,42,10,5.0,0.001,3,3,group|fl|fedprox_0.01|non_iid_label|10|5|0.001|3|pc=maxn,FedProx(mu=0.01) (R=10) non_iid_label [3N] {group} [pc:maxn],2026-09-30T18:32:16.893291,False,False,10,selected_round_test,9.0,,0.18568117477752316,noniid,0.8967912210029171,0.7846923183775525,0.2441756228821927,0.9519310919699917,0.9615900407838377,0.9239274657231313,0.9992526158445441,0.9497366536057059,0.9041635613434403,0.995691550162666,0.14711409157287514,,0.9494498959262563,0.9606143869184458,472.0,1.1102230246251565e-16,14924.75,15073.26,1506.275,1492.714,14924.596,551.55096
C:\Users\CORSAIR\projects\FedRGBD\results\rev_noniid_fedprox_0.01_ep1_seed42,rev_noniid_fedprox_0.01_ep1_seed42,group,heterogeneous,fl,fedprox_0.01,FedProx(mu=0.01),FedProx(mu=0.01) (E=1),0.01,non_iid_label,42.0,42,3,1.0,0.001,3,3,group|fl|fedprox_0.01|non_iid_label|3|1|0.001|3,FedProx(mu=0.01) (E=1) non_iid_label [3N] {group},2026-09-27T01:38:42.118871,False,False,3,selected_round_test,2.0,,0.22331997896855765,noniid,0.8370607028753994,0.9116543964439505,0.38778694831450333,0.8905251458738539,0.9127941358275669,0.8259619637328616,0.999626307922272,0.8880983997586471,0.7985550909166771,0.9859833241769684,0.2365000850933106,,0.8847754980672019,0.9105585192604679,472.0,0.0,1344.86,1410.72,461.732,441.5245,1344.781,165.465288
C:\Users\CORSAIR\projects\FedRGBD\results\rev_noniid_fedprox_0.01_ep2_seed42,rev_noniid_fedprox_0.01_ep2_seed42,group,heterogeneous,fl,fedprox_0.01,FedProx(mu=0.01),FedProx(mu=0.01) (E=2),0.01,non_iid_label,42.0,42,3,2.0,0.001,3,3,group|fl|fedprox_0.01|non_iid_label|3|2|0.001|3,FedProx(mu=0.01) (E=2) non_iid_label [3N] {group},2026-09-27T04:43:33.205626,False,False,3,selected_round_test,3.0,,0.14692127682019715,noniid,0.9156827337130157,0.8452562855952216,0.14692127682019715,0.9497082522923034,0.958676779656871,0.9237063246351173,0.9936472346786248,0.9473673962083655,0.899043916513334,0.9936659936573166,0.12572862168561405,,0.9472197442759441,0.9574749980528117,472.0,1.1102230246251565e-16,2594.6,2660.12,873.205,860.653,2594.511,165.465288
C:\Users\CORSAIR\projects\FedRGBD\results\rev_noniid_fedprox_0.01_lr0.0001_seed42,rev_noniid_fedprox_0.01_lr0.0001_seed42,group,heterogeneous,fl,fedprox_0.01,FedProx(mu=0.01),FedProx(mu=0.01) (lr=0.0001),0.01,non_iid_label,42.0,42,3,5.0,0.0001,3,3,group|fl|fedprox_0.01|non_iid_label|3|5|0.0001|3,FedProx(mu=0.01) (lr=0.0001) non_iid_label [3N] {group},2026-09-27T11:32:19.895821,False,False,3,selected_round_test,2.0,,0.0849521066196364,noniid,0.9740241700236144,0.9587442700375052,0.09124617069379533,0.9516532370102806,0.9584704308912614,0.9318885448916409,0.9850523168908819,0.9492123455428425,0.9013262398253931,0.9946026203731434,0.12225247809002983,,0.9494498959262563,0.9571361824471607,472.0,0.0,6335.59,6401.01,2122.612,2106.446,6335.504,165.465288
C:\Users\CORSAIR\projects\FedRGBD\results\rev_noniid_fedprox_0.01_seed42,rev_noniid_fedprox_0.01_seed42,group,heterogeneous,fl,fedprox_0.01,FedProx(mu=0.01),FedProx(mu=0.01),0.01,non_iid_label,42.0,42,3,5.0,0.001,3,3,group|fl|fedprox_0.01|non_iid_label|3|5|0.001|3,FedProx(mu=0.01) non_iid_label [3N] {group},2026-09-23T09:48:02.464839,False,False,3,selected_round_test,3.0,,0.23874415305063024,noniid,0.87289901375191,0.7482983747742742,0.23874415305063024,0.9037232564601279,0.9232220620133822,0.8471915081822202,0.9992526158445441,0.9011697743456815,0.8198694124530577,0.9851952817945682,0.2242548536557481,,0.8983050847457628,0.9209556366302281,472.0,1.1102230246251565e-16,6362.24,6428.03,2129.402,2116.38,6362.162,165.465288
C:\Users\CORSAIR\projects\FedRGBD\results\3node_noniid_fedprox_0.01_seed456,3node_noniid_fedprox_0.01_seed456,image,unrecorded,fl,fedprox_0.01,FedProx(mu=0.01),FedProx(mu=0.01),0.01,non_iid_label,456.0,456,3,,,3,1,image|fl|fedprox_0.01|non_iid_label|3|||3,FedProx(mu=0.01) non_iid_label [3N] {image},2026-03-31T00:55:30.894603,True,True,3,v1_final_round_val,,,,,0.9904033480049066,0.9850638574211703,0.026736128987391382,,,,,,,,,0.9904033480049066,,,,,10349.4,10349.4,,,10349.4,110.310192
C:\Users\CORSAIR\projects\FedRGBD\results\pc_maxn\rev_noniid_fedprox_0.01_r10_seed456,rev_noniid_fedprox_0.01_r10_seed456,group,maxn,fl,fedprox_0.01,FedProx(mu=0.01),FedProx(mu=0.01) (R=10),0.01,non_iid_label,456.0,456,10,5.0,0.001,3,3,group|fl|fedprox_0.01|non_iid_label|10|5|0.001|3|pc=maxn,FedProx(mu=0.01) (R=10) non_iid_label [3N] {group} [pc:maxn],2026-10-01T02:59:47.966563,False,False,10,selected_round_test,2.0,,0.14114087613995233,noniid,0.858869287401028,0.9016530073621336,0.335626321989037,0.9648513475965546,0.9713391729124976,0.9460415745245466,0.9966367713004485,0.9629978395389147,0.9282693696000207,0.9914278904859087,0.11500086886600394,,0.963276836158192,0.9706780452602828,472.0,0.0,15158.98,15310.4,1521.207,1515.239,15158.81,551.55096
C:\Users\CORSAIR\projects\FedRGBD\results\rev_noniid_fedprox_0.01_ep1_seed456,rev_noniid_fedprox_0.01_ep1_seed456,group,heterogeneous,fl,fedprox_0.01,FedProx(mu=0.01),FedProx(mu=0.01) (E=1),0.01,non_iid_label,456.0,456,3,1.0,0.001,3,3,group|fl|fedprox_0.01|non_iid_label|3|1|0.001|3,FedProx(mu=0.01) (E=1) non_iid_label [3N] {group},2026-09-27T02:27:24.525457,False,False,3,selected_round_test,1.0,,0.28730359715311904,noniid,0.8710932073899152,0.8585914710376441,0.2939657539798156,0.9270630730758544,0.9388231691071519,0.8929677134011499,0.9846786248131539,0.9241826225836653,0.8559400320848303,0.9929919926431748,0.232749845751298,,0.9238774903360095,0.9371187962505501,472.0,0.0,1329.92,1395.71,449.911,439.9645,1329.84,165.465288
C:\Users\CORSAIR\projects\FedRGBD\results\rev_noniid_fedprox_0.01_ep2_seed456,rev_noniid_fedprox_0.01_ep2_seed456,group,heterogeneous,fl,fedprox_0.01,FedProx(mu=0.01),FedProx(mu=0.01) (E=2),0.01,non_iid_label,456.0,456,3,2.0,0.001,3,3,group|fl|fedprox_0.01|non_iid_label|3|2|0.001|3,FedProx(mu=0.01) (E=2) non_iid_label [3N] {group},2026-09-27T06:14:06.711228,False,False,3,selected_round_test,3.0,,0.17157887320783183,noniid,0.9134602028059453,0.8630365328517849,0.17157887320783183,0.9477632675743262,0.9582729244636254,0.9172932330827067,0.9992526158445441,0.9454768682906955,0.8964601703919848,0.995340831635935,0.12918554243024036,,0.9454356229556943,0.9575016361690798,472.0,2.220446049250313e-16,2591.14,2656.72,871.557,859.7439999999999,2591.045,165.465288
C:\Users\CORSAIR\projects\FedRGBD\results\rev_noniid_fedprox_0.01_lr0.0001_seed456,rev_noniid_fedprox_0.01_lr0.0001_seed456,group,heterogeneous,fl,fedprox_0.01,FedProx(mu=0.01),FedProx(mu=0.01) (lr=0.0001),0.01,non_iid_label,456.0,456,3,5.0,0.0001,3,3,group|fl|fedprox_0.01|non_iid_label|3|5|0.0001|3,FedProx(mu=0.01) (lr=0.0001) non_iid_label [3N] {group},2026-09-27T15:10:13.278091,False,False,3,selected_round_test,2.0,,0.15199675087250658,noniid,0.9367967773301847,0.9110987637171829,0.1859968056863412,0.9674909697138094,0.9684058305880766,0.9648385670057497,0.9719730941704036,0.9654187854777674,0.9311345287472251,0.9941404222770062,0.1060117911811282,,0.9661016949152542,0.9666641347587557,472.0,0.0,6397.07,6462.26,2142.27,2127.358,6396.986,165.465288
C:\Users\CORSAIR\projects\FedRGBD\results\rev_noniid_fedprox_0.01_seed456,rev_noniid_fedprox_0.01_seed456,group,heterogeneous,fl,fedprox_0.01,FedProx(mu=0.01),FedProx(mu=0.01),0.01,non_iid_label,456.0,456,3,5.0,0.001,3,3,group|fl|fedprox_0.01|non_iid_label|3|5|0.001|3,FedProx(mu=0.01) non_iid_label [3N] {group},2026-09-23T13:24:02.858059,False,False,3,selected_round_test,2.0,,0.1507917372848782,noniid,0.8805389637449645,0.7594110293096263,0.2248086243738053,0.9661016949152542,0.9728682362725596,0.946483856700575,0.9992526158445441,0.9643257811672286,0.9310250801954076,0.9950368865979246,0.0972923529976443,,0.9647636039250669,0.9724889545919528,472.0,1.1102230246251565e-16,6326.92,6392.41,2119.351,2103.7445,6326.841,165.465288
C:\Users\CORSAIR\projects\FedRGBD\results\pc_maxn\rev_noniid_fedprox_0.01_r10_seed789,rev_noniid_fedprox_0.01_r10_seed789,group,maxn,fl,fedprox_0.01,FedProx(mu=0.01),FedProx(mu=0.01) (R=10),0.01,non_iid_label,789.0,789,10,5.0,0.001,3,3,group|fl|fedprox_0.01|non_iid_label|10|5|0.001|3|pc=maxn,FedProx(mu=0.01) (R=10) non_iid_label [3N] {group} [pc:maxn],2026-10-01T08:20:38.521685,False,False,10,selected_round_test,4.0,,0.10000464422328391,noniid,0.9362411446034171,0.8485900819558272,0.14946156972106564,0.968741317032509,0.974206321660125,0.9528969482529854,0.9955156950672646,0.9670187537652597,0.9357150277738172,0.9958671573420494,0.0835158414076912,,0.9669937555753791,0.9733722108275642,472.0,0.0,15062.55,15219.16,1621.012,1491.879,15062.4,551.55096
C:\Users\CORSAIR\projects\FedRGBD\results\rev_noniid_fedprox_0.01_seed789,rev_noniid_fedprox_0.01_seed789,group,heterogeneous,fl,fedprox_0.01,FedProx(mu=0.01),FedProx(mu=0.01),0.01,non_iid_label,789.0,789,3,5.0,0.001,3,3,group|fl|fedprox_0.01|non_iid_label|3|5|0.001|3,FedProx(mu=0.01) non_iid_label [3N] {group},2026-09-23T15:11:19.199160,False,False,3,selected_round_test,3.0,,0.18039214116038507,noniid,0.9122100291707181,0.861647451034866,0.18039214116038507,0.9531814392886913,0.9625851756799013,0.9259177355152587,0.9992526158445441,0.9510172390936681,0.9064915625622383,0.9951933216052529,0.12071467038400284,,0.9510853404698186,0.9618825446311504,472.0,1.1102230246251565e-16,6312.37,6378.02,2111.147,2100.5725,6312.293,165.465288
C:\Users\CORSAIR\projects\FedRGBD\results\3node_noniid_fedprox001,3node_noniid_fedprox001,image,unrecorded,fl,fedprox_0.01,FedProx(mu=0.01),FedProx(mu=0.01),0.01,non_iid_label,,NA,3,,,3,1,image|fl|fedprox_0.01|non_iid_label|3|||3,FedProx(mu=0.01) non_iid_label [3N] {image},2026-03-28T18:07:45.347590,True,True,3,v1_final_round_val,,,,,0.9949491305288982,0.9479038891694928,0.02068222185754206,,,,,,,,,0.9949491305288982,,,,,10098.52,10098.52,,,10098.52,110.310192
C:\Users\CORSAIR\projects\FedRGBD\results\rev_noniid_fedprox_0.05_seed123,rev_noniid_fedprox_0.05_seed123,group,heterogeneous,fl,fedprox_0.05,FedProx(mu=0.05),FedProx(mu=0.05),0.05,non_iid_label,123.0,123,3,5.0,0.001,3,3,group|fl|fedprox_0.05|non_iid_label|3|5|0.001|3,FedProx(mu=0.05) non_iid_label [3N] {group},2026-09-24T04:30:48.334476,False,False,3,selected_round_test,3.0,,0.18032637150299177,noniid,0.9060980691762744,0.6398110848728991,0.18032637150299177,0.945540427896638,0.9560461427903708,0.9150818222025653,0.9970104633781763,0.9431702170443912,0.8919493688835187,0.9945494837066288,0.1372998235286595,,0.9430567945286946,0.9550930099749129,472.0,0.0,6420.53,6486.25,2148.204,2136.1234999999997,6420.45,165.465288
C:\Users\CORSAIR\projects\FedRGBD\results\rev_noniid_fedprox_0.05_seed42,rev_noniid_fedprox_0.05_seed42,group,heterogeneous,fl,fedprox_0.05,FedProx(mu=0.05),FedProx(mu=0.05),0.05,non_iid_label,42.0,42,3,5.0,0.001,3,3,group|fl|fedprox_0.05|non_iid_label|3|5|0.001|3,FedProx(mu=0.05) non_iid_label [3N] {group},2026-09-24T02:41:37.600180,False,False,3,selected_round_test,3.0,,0.17145803266615378,noniid,0.896930129184609,0.7659397138491457,0.17145803266615378,0.9637399277577104,0.9579454274039094,0.9805395842547545,0.9353512705530643,0.9609279836301163,0.9221662923212302,0.9947842601756303,0.10693553180134362,,0.9617900683913173,0.954484290412218,472.0,2.220446049250313e-16,6360.38,6426.22,2127.713,2116.2924999999996,6360.298,165.465288
C:\Users\CORSAIR\projects\FedRGBD\results\rev_noniid_fedprox_0.05_seed456,rev_noniid_fedprox_0.05_seed456,group,heterogeneous,fl,fedprox_0.05,FedProx(mu=0.05),FedProx(mu=0.05),0.05,non_iid_label,456.0,456,3,5.0,0.001,3,3,group|fl|fedprox_0.05|non_iid_label|3|5|0.001|3,FedProx(mu=0.05) non_iid_label [3N] {group},2026-09-24T06:21:07.638999,False,False,3,selected_round_test,3.0,,0.1526279197261604,noniid,0.9192943464370051,0.8859563828309488,0.1526279197261604,0.9445679355376494,0.9549670470028937,0.9144183989385227,0.9955156950672646,0.9421519729053887,0.8898773438058092,0.9895314155872403,0.13127245058436662,,0.9418673803151948,0.9537946913515785,472.0,0.0,6490.06,6556.32,2169.569,2160.206,6489.981,165.465288
C:\Users\CORSAIR\projects\FedRGBD\results\3node_noniid_fedprox_0.1_seed123,3node_noniid_fedprox_0.1_seed123,image,unrecorded,fl,fedprox_0.1,FedProx(mu=0.1),FedProx(mu=0.1),0.1,non_iid_label,123.0,123,3,,,3,1,image|fl|fedprox_0.1|non_iid_label|3|||3,FedProx(mu=0.1) non_iid_label [3N] {image},2026-03-31T10:14:12.888084,True,True,3,v1_final_round_val,,,,,0.9851360126993289,0.9784255718305794,0.043278998571330225,,,,,,,,,0.9851360126993289,,,,,10195.12,10195.12,,,10195.12,110.310192
C:\Users\CORSAIR\projects\FedRGBD\results\rev_noniid_fedprox_0.1_seed123,rev_noniid_fedprox_0.1_seed123,group,heterogeneous,fl,fedprox_0.1,FedProx(mu=0.1),FedProx(mu=0.1),0.1,non_iid_label,123.0,123,3,5.0,0.001,3,3,group|fl|fedprox_0.1|non_iid_label|3|5|0.001|3,FedProx(mu=0.1) non_iid_label [3N] {group},2026-09-24T10:00:35.622370,False,False,3,selected_round_test,3.0,,0.16732913533445326,noniid,0.947770523683845,0.9288790109737464,0.16732913533445326,0.9444290080577938,0.9512715282006123,0.9245908889871738,0.9779521674140508,0.9416754036069362,0.8865316599387919,0.9898476737874758,0.14696547779793742,,0.9418673803151948,0.9494704371440349,472.0,0.0,6585.71,6651.62,2202.174,2191.73,6585.633,165.465288
C:\Users\CORSAIR\projects\FedRGBD\results\rev_noniid_fedprox_0.1_seed42,rev_noniid_fedprox_0.1_seed42,group,heterogeneous,fl,fedprox_0.1,FedProx(mu=0.1),FedProx(mu=0.1),0.1,non_iid_label,42.0,42,3,5.0,0.001,3,3,group|fl|fedprox_0.1|non_iid_label|3|5|0.001|3,FedProx(mu=0.1) non_iid_label [3N] {group},2026-09-24T08:08:44.775896,False,False,3,selected_round_test,3.0,,0.22481682042679632,noniid,0.9098485900819558,0.9291568273371301,0.22481682042679632,0.9035843289802723,0.9115938917459833,0.8803626713843432,0.9428251121076233,0.8994592379578403,0.8045955635433074,0.9715956833524063,0.2209972753107138,,0.8980077311923877,0.9067182390892544,472.0,0.0,6331.07,6396.63,2124.332,2103.3295,6330.991,165.465288
C:\Users\CORSAIR\projects\FedRGBD\results\3node_noniid_fedprox_0.1_seed456,3node_noniid_fedprox_0.1_seed456,image,unrecorded,fl,fedprox_0.1,FedProx(mu=0.1),FedProx(mu=0.1),0.1,non_iid_label,456.0,456,3,,,3,1,image|fl|fedprox_0.1|non_iid_label|3|||3,FedProx(mu=0.1) non_iid_label [3N] {image},2026-03-31T13:18:00.026666,True,True,3,v1_final_round_val,,,,,0.9813117829569233,0.963272963417274,0.04957615643163395,,,,,,,,,0.9813117829569233,,,,,10058.06,10058.06,,,10058.06,110.310192
C:\Users\CORSAIR\projects\FedRGBD\results\rev_noniid_fedprox_0.1_seed456,rev_noniid_fedprox_0.1_seed456,group,heterogeneous,fl,fedprox_0.1,FedProx(mu=0.1),FedProx(mu=0.1),0.1,non_iid_label,456.0,456,3,5.0,0.001,3,3,group|fl|fedprox_0.1|non_iid_label|3|5|0.001|3,FedProx(mu=0.1) non_iid_label [3N] {group},2026-09-24T11:50:18.811815,False,False,3,selected_round_test,3.0,,0.15067238847562317,noniid,0.9430476455063204,0.8795666064731212,0.15067238847562317,0.9474854126146152,0.9540091821481956,0.9285714285714286,0.9794469357249627,0.9448340994689497,0.8925556838994713,0.9868973078964888,0.15638419920982957,,0.9451382694023194,0.952382774674448,472.0,0.0,6453.15,6518.7,2158.959,2147.054,6453.067,165.465288
C:\Users\CORSAIR\projects\FedRGBD\results\3node_noniid_fedprox01,3node_noniid_fedprox01,image,unrecorded,fl,fedprox_0.1,FedProx(mu=0.1),FedProx(mu=0.1),0.1,non_iid_label,,NA,3,,,3,1,image|fl|fedprox_0.1|non_iid_label|3|||3,FedProx(mu=0.1) non_iid_label [3N] {image},2026-03-28T21:53:19.774916,True,True,3,v1_final_round_val,,,,,0.9835485965798398,0.9691175409481203,0.046736796383650345,,,,,,,,,0.9835485965798398,,,,,9297.99,9297.99,,,9297.99,110.310192
C:\Users\CORSAIR\projects\FedRGBD\results\rev_noniid_fedprox_0.5_seed123,rev_noniid_fedprox_0.5_seed123,group,heterogeneous,fl,fedprox_0.5,FedProx(mu=0.5),FedProx(mu=0.5),0.5,non_iid_label,123.0,123,3,5.0,0.001,3,3,group|fl|fedprox_0.5|non_iid_label|3|5|0.001|3,FedProx(mu=0.5) non_iid_label [3N] {group},2026-09-24T15:26:33.660352,False,False,3,selected_round_test,3.0,,0.21452152238676722,noniid,0.9219336018891513,0.9134602028059453,0.21452152238676722,0.909697138093915,0.8833554309144003,0.9860681114551083,0.7806427503736921,0.8987169500378229,0.8093664403907651,0.9862544616619364,0.2248921950703764,,0.9168896818316978,0.8887397787086748,472.0,0.0,6346.47,6412.2,2124.332,2111.029,6346.391,165.465288
C:\Users\CORSAIR\projects\FedRGBD\results\rev_noniid_fedprox_0.5_seed42,rev_noniid_fedprox_0.5_seed42,group,heterogeneous,fl,fedprox_0.5,FedProx(mu=0.5),FedProx(mu=0.5),0.5,non_iid_label,42.0,42,3,5.0,0.001,3,3,group|fl|fedprox_0.5|non_iid_label|3|5|0.001|3,FedProx(mu=0.5) non_iid_label [3N] {group},2026-09-24T13:38:39.077058,False,False,3,selected_round_test,3.0,,0.26032176271033364,noniid,0.8823447701069593,0.8709542992082233,0.26032176271033364,0.9101139205334815,0.8916960695063959,0.9635117204776648,0.819880418535127,0.9011914780491267,0.8065768656207772,0.9665233216250861,0.24319741253013089,,0.911685994647636,0.8908150906472898,472.0,0.0,6375.52,6441.18,2133.858,2120.7915000000003,6375.442,165.465288
C:\Users\CORSAIR\projects\FedRGBD\results\rev_noniid_fedprox_0.5_seed456,rev_noniid_fedprox_0.5_seed456,group,heterogeneous,fl,fedprox_0.5,FedProx(mu=0.5),FedProx(mu=0.5),0.5,non_iid_label,456.0,456,3,5.0,0.001,3,3,group|fl|fedprox_0.5|non_iid_label|3|5|0.001|3,FedProx(mu=0.5) non_iid_label [3N] {group},2026-09-24T17:14:06.371778,False,False,3,selected_round_test,3.0,,0.21602171802745024,noniid,0.8980413946381441,0.8692874010279206,0.21602171802745024,0.9003889969435954,0.8794558772293435,0.961079168509509,0.7978325859491778,0.890011276635652,0.7855583889160269,0.9790812595984818,0.20076716359189248,,0.9038061254831995,0.8807566441108096,472.0,1.1102230246251565e-16,6326.73,6392.2,2117.91,2104.3720000000003,6326.654,165.465288
C:\Users\CORSAIR\projects\FedRGBD\results\rev_noniid_sub0.01_fedavg_seed1011,rev_noniid_sub0.01_fedavg_seed1011,group,heterogeneous,fl,fedavg,FedAvg,FedAvg,0.0,non_iid_label_sub0.01,1011.0,1011,3,5.0,0.001,3,3,group|fl|fedavg|non_iid_label_sub0.01|3|5|0.001|3,FedAvg non_iid_label_sub0.01 [3N] {group},2026-09-28T01:40:44.780132,False,False,3,selected_round_test,2.0,,0.38720662490322105,noniid_sub0.01,0.8959577719127657,0.8344214474232532,0.7282090963805014,0.9070575159766602,0.8761441324228535,0.9966828836797877,0.7556053811659192,0.8944810190222938,0.8071052582204282,0.9896701659186214,0.285748841113081,,0.9066256639642158,0.8761941604956046,44.0,0.0,119.41,185.61,46.519,36.4055,119.329,165.465288
C:\Users\CORSAIR\projects\FedRGBD\results\rev_noniid_sub0.01_fedavg_seed123,rev_noniid_sub0.01_fedavg_seed123,group,heterogeneous,fl,fedavg,FedAvg,FedAvg,0.0,non_iid_label_sub0.01,123.0,123,3,5.0,0.001,3,3,group|fl|fedavg|non_iid_label_sub0.01|3|5|0.001|3,FedAvg non_iid_label_sub0.01 [3N] {group},2026-09-23T19:08:04.665473,False,False,3,selected_round_test,1.0,,0.5149488223800447,noniid_sub0.01,0.8976246700930685,0.8430337546881511,0.5492546034256997,0.7760489024729091,0.6997194912895534,0.9973463069438302,0.4020926756352765,0.7100572210374472,0.5389192883218586,0.9649726482521259,0.5122185186829638,,0.7746715124405926,0.6995949947105182,44.0,0.0,119.59,185.93,46.305,36.601,119.507,165.465288
C:\Users\CORSAIR\projects\FedRGBD\results\rev_noniid_sub0.01_fedavg_seed42,rev_noniid_sub0.01_fedavg_seed42,group,heterogeneous,fl,fedavg,FedAvg,FedAvg,0.0,non_iid_label_sub0.01,42.0,42,3,5.0,0.001,3,3,group|fl|fedavg|non_iid_label_sub0.01|3|5|0.001|3,FedAvg non_iid_label_sub0.01 [3N] {group},2026-09-23T19:03:56.086099,False,False,3,selected_round_test,2.0,,0.27090715592110515,noniid_sub0.01,0.8899847201000138,0.7562161411307126,0.3471947537767271,0.9065018060572381,0.8933977650536258,0.9444935869084475,0.8423019431988041,0.898534599322224,0.7982539483027765,0.9508889937849107,0.27440708673744674,,0.9067654459043891,0.8937716404487818,44.0,0.0,118.85,185.15,45.484,36.643,118.77,165.465288
C:\Users\CORSAIR\projects\FedRGBD\results\rev_noniid_sub0.01_fedavg_seed456,rev_noniid_sub0.01_fedavg_seed456,group,heterogeneous,fl,fedavg,FedAvg,FedAvg,0.0,non_iid_label_sub0.01,456.0,456,3,5.0,0.001,3,3,group|fl|fedavg|non_iid_label_sub0.01|3|5|0.001|3,FedAvg non_iid_label_sub0.01 [3N] {group},2026-09-23T19:12:06.185527,False,False,3,selected_round_test,3.0,,0.4449030432515657,noniid_sub0.01,0.888456730101403,0.8491457146825948,0.4449030432515657,0.9338705195887747,0.9149513357384493,0.9887218045112782,0.8411808669656203,0.926918876268578,0.859928082662661,0.9877238599003444,0.2018672901032777,,0.9334637964774951,0.9148675125664315,44.0,0.0,118.7,184.47,46.068,36.2745,118.617,165.465288
C:\Users\CORSAIR\projects\FedRGBD\results\rev_noniid_sub0.01_fedavg_seed789,rev_noniid_sub0.01_fedavg_seed789,group,heterogeneous,fl,fedavg,FedAvg,FedAvg,0.0,non_iid_label_sub0.01,789.0,789,3,5.0,0.001,3,3,group|fl|fedavg|non_iid_label_sub0.01|3|5|0.001|3,FedAvg non_iid_label_sub0.01 [3N] {group},2026-09-28T01:36:29.089473,False,False,3,selected_round_test,2.0,,0.2823844176401589,noniid_sub0.01,0.9031809973607445,0.8522016946798167,0.32968124107996033,0.8556543484301194,0.8198253811791414,0.9595311808934099,0.680119581464873,0.8355089995801903,0.6897917642094092,0.9283709884709135,0.3584034951385497,,0.8551859099804305,0.8199062290689887,44.0,0.0,118.45,184.73,45.24,36.5655,118.37,165.465288
C:\Users\CORSAIR\projects\FedRGBD\results\rev_noniid_sub0.01_fedprox_0.01_seed1011,rev_noniid_sub0.01_fedprox_0.01_seed1011,group,heterogeneous,fl,fedprox_0.01,FedProx(mu=0.01),FedProx(mu=0.01),0.01,non_iid_label_sub0.01,1011.0,1011,3,5.0,0.001,3,3,group|fl|fedprox_0.01|non_iid_label_sub0.01|3|5|0.001|3,FedProx(mu=0.01) non_iid_label_sub0.01 [3N] {group},2026-09-28T01:49:54.744977,False,False,3,selected_round_test,2.0,,0.3620444205344096,noniid_sub0.01,0.8979024864564523,0.8294207528823447,0.4835584142869254,0.8749652681300362,0.832982697445275,0.9966828836797877,0.6692825112107623,0.8542080365034883,0.7423798603369421,0.9848124994628487,0.27603126646658316,,0.8741962538440033,0.8329049583414189,44.0,1.1102230246251565e-16,140.8,206.92,52.798,43.959500000000006,140.718,165.465288
C:\Users\CORSAIR\projects\FedRGBD\results\rev_noniid_sub0.01_fedprox_0.01_seed123,rev_noniid_sub0.01_fedprox_0.01_seed123,group,heterogeneous,fl,fedprox_0.01,FedProx(mu=0.01),FedProx(mu=0.01),0.01,non_iid_label_sub0.01,123.0,123,3,5.0,0.001,3,3,group|fl|fedprox_0.01|non_iid_label_sub0.01|3|5|0.001|3,FedProx(mu=0.01) non_iid_label_sub0.01 [3N] {group},2026-09-23T19:21:08.034805,False,False,3,selected_round_test,3.0,,0.3007298473383311,noniid_sub0.01,0.9037366300875121,0.8365050701486317,0.3007298473383311,0.9590163934426229,0.949456948226541,0.9867315347191509,0.9121823617339312,0.9555090295983408,0.9123454319354463,0.9909682541886238,0.16287320838840583,,0.9587643276488678,0.9493768427114697,44.0,0.0,141.77,207.59,53.779,43.955,141.689,165.465288
C:\Users\CORSAIR\projects\FedRGBD\results\rev_noniid_sub0.01_fedprox_0.01_seed42,rev_noniid_sub0.01_fedprox_0.01_seed42,group,heterogeneous,fl,fedprox_0.01,FedProx(mu=0.01),FedProx(mu=0.01),0.01,non_iid_label_sub0.01,42.0,42,3,5.0,0.001,3,3,group|fl|fedprox_0.01|non_iid_label_sub0.01|3|5|0.001|3,FedProx(mu=0.01) non_iid_label_sub0.01 [3N] {group},2026-09-23T19:16:40.264523,False,False,3,selected_round_test,1.0,,0.3592281038520369,noniid_sub0.01,0.8823447701069593,0.8626198083067093,0.523892104488324,0.8799666574048347,0.8455823679483594,0.9796550199026979,0.7115097159940209,0.8631080845021215,0.7461471129616721,0.9429521277474879,0.3403483389001653,,0.8797875314509366,0.8458773132353892,44.0,0.0,142.68,208.8,54.15,44.2225,142.595,165.465288
C:\Users\CORSAIR\projects\FedRGBD\results\rev_noniid_sub0.01_fedprox_0.01_seed456,rev_noniid_sub0.01_fedprox_0.01_seed456,group,heterogeneous,fl,fedprox_0.01,FedProx(mu=0.01),FedProx(mu=0.01),0.01,non_iid_label_sub0.01,456.0,456,3,5.0,0.001,3,3,group|fl|fedprox_0.01|non_iid_label_sub0.01|3|5|0.001|3,FedProx(mu=0.01) non_iid_label_sub0.01 [3N] {group},2026-09-23T19:25:37.357686,False,False,3,selected_round_test,1.0,,0.3402415055500615,noniid_sub0.01,0.8749826364772885,0.8785942492012779,0.4330535268065368,0.8781606001667129,0.838348013267143,0.9935869084475896,0.6831091180866966,0.8588058564253951,0.7474544280523928,0.9665873252770544,0.3084616049650854,,0.87741123846799,0.8382579973416964,44.0,0.0,145.32,211.91,54.992,45.1245,145.241,165.465288
C:\Users\CORSAIR\projects\FedRGBD\results\rev_noniid_sub0.01_fedprox_0.01_seed789,rev_noniid_sub0.01_fedprox_0.01_seed789,group,heterogeneous,fl,fedprox_0.01,FedProx(mu=0.01),FedProx(mu=0.01),0.01,non_iid_label_sub0.01,789.0,789,3,5.0,0.001,3,3,group|fl|fedprox_0.01|non_iid_label_sub0.01|3|5|0.001|3,FedProx(mu=0.01) non_iid_label_sub0.01 [3N] {group},2026-09-28T01:45:23.647973,False,False,3,selected_round_test,3.0,,0.18599939963159237,noniid_sub0.01,0.9074871509931935,0.8294207528823447,0.18599939963159237,0.9341483745484856,0.9150962013316065,0.9893852277753207,0.8408071748878924,0.9271983364653062,0.8606251554897782,0.9933637840314318,0.1397296788332272,,0.9337433603578418,0.9150154928607646,44.0,0.0,142.34,208.8,54.068,44.0945,142.257,165.465288
C:\Users\CORSAIR\projects\FedRGBD\results\rev_noniid_sub0.05_fedavg_seed1011,rev_noniid_sub0.05_fedavg_seed1011,group,heterogeneous,fl,fedavg,FedAvg,FedAvg,0.0,non_iid_label_sub0.05,1011.0,1011,3,5.0,0.001,3,3,group|fl|fedavg|non_iid_label_sub0.05|3|5|0.001|3,FedAvg non_iid_label_sub0.05 [3N] {group},2026-09-28T00:57:01.552833,False,False,3,selected_round_test,2.0,,0.15823504502562416,noniid_sub0.05,0.906792610084734,0.8927628837338519,0.18980732987968613,0.950402889691581,0.9461102472615197,0.9628482972136223,0.929372197309417,0.9468254813218235,0.893669420022232,0.9906654660920304,0.13408764221816977,,0.9502661810030821,0.9458831098027853,60.0,0.0,281.19,347.05,100.45,90.3295,281.11,165.465288
C:\Users\CORSAIR\projects\FedRGBD\results\rev_noniid_sub0.05_fedavg_seed123,rev_noniid_sub0.05_fedavg_seed123,group,heterogeneous,fl,fedavg,FedAvg,FedAvg,0.0,non_iid_label_sub0.05,123.0,123,3,5.0,0.001,3,3,group|fl|fedavg|non_iid_label_sub0.05|3|5|0.001|3,FedAvg non_iid_label_sub0.05 [3N] {group},2026-09-23T18:00:56.454986,False,False,3,selected_round_test,3.0,,0.13213907275246872,noniid_sub0.05,0.9183219891651618,0.8933185164606195,0.13213907275246872,0.9505418171714365,0.9582723459929168,0.9281291463954002,0.9884155455904334,0.9481303982591973,0.8997384207788294,0.9943275988705608,0.11237328557318167,,0.950126085738302,0.9579197945369855,60.0,0.0,280.47,346.49,100.043,90.17099999999999,280.385,165.465288
C:\Users\CORSAIR\projects\FedRGBD\results\rev_noniid_sub0.05_fedavg_seed42,rev_noniid_sub0.05_fedavg_seed42,group,heterogeneous,fl,fedavg,FedAvg,FedAvg,0.0,non_iid_label_sub0.05,42.0,42,3,5.0,0.001,3,3,group|fl|fedavg|non_iid_label_sub0.05|3|5|0.001|3,FedAvg non_iid_label_sub0.05 [3N] {group},2026-09-23T17:54:07.316362,False,False,3,selected_round_test,3.0,,0.11084519916038668,noniid_sub0.05,0.950548687317683,0.9052646200861231,0.11084519916038668,0.9677688246735204,0.9604654937264026,0.9889429455992923,0.9319880418535127,0.9651361038457813,0.93103000369231,0.9970574021442422,0.07507110975749492,,0.9674978985710283,0.9601367535042119,60.0,0.0,283.68,350.27,101.159,91.21549999999999,283.591,165.465288
C:\Users\CORSAIR\projects\FedRGBD\results\rev_noniid_sub0.05_fedavg_seed456,rev_noniid_sub0.05_fedavg_seed456,group,heterogeneous,fl,fedavg,FedAvg,FedAvg,0.0,non_iid_label_sub0.05,456.0,456,3,5.0,0.001,3,3,group|fl|fedavg|non_iid_label_sub0.05|3|5|0.001|3,FedAvg non_iid_label_sub0.05 [3N] {group},2026-09-23T18:07:46.551280,False,False,3,selected_round_test,3.0,,0.13676162522903104,noniid_sub0.05,0.9504097791359911,0.9426309209612446,0.13676162522903104,0.9333148096693527,0.9436462925977567,0.9033613445378151,0.9839312406576981,0.9304861486955489,0.8670340508842448,0.9898429633831347,0.16413865684962606,,0.933174558699916,0.9435047295348713,60.0,0.0,281.67,347.68,100.478,90.55600000000001,281.59,165.465288
C:\Users\CORSAIR\projects\FedRGBD\results\rev_noniid_sub0.05_fedavg_seed789,rev_noniid_sub0.05_fedavg_seed789,group,heterogeneous,fl,fedavg,FedAvg,FedAvg,0.0,non_iid_label_sub0.05,789.0,789,3,5.0,0.001,3,3,group|fl|fedavg|non_iid_label_sub0.05|3|5|0.001|3,FedAvg non_iid_label_sub0.05 [3N] {group},2026-09-28T00:50:07.147056,False,False,3,selected_round_test,3.0,,0.092239937053192,noniid_sub0.05,0.9699958327545493,0.9249895818863731,0.092239937053192,0.9617949430397332,0.9653979481809245,0.9513489606368863,0.9794469357249627,0.959591056469572,0.9203084225405014,0.9905055602604507,0.16219426450003835,,0.9617539927150462,0.9653296288503308,60.0,0.0,281.71,347.62,100.613,90.5075,281.628,165.465288
C:\Users\CORSAIR\projects\FedRGBD\results\rev_noniid_sub0.05_fedprox_0.01_seed1011,rev_noniid_sub0.05_fedprox_0.01_seed1011,group,heterogeneous,fl,fedprox_0.01,FedProx(mu=0.01),FedProx(mu=0.01),0.01,non_iid_label_sub0.05,1011.0,1011,3,5.0,0.001,3,3,group|fl|fedprox_0.01|non_iid_label_sub0.05|3|5|0.001|3,FedProx(mu=0.01) non_iid_label_sub0.05 [3N] {group},2026-09-28T01:14:34.300913,False,False,3,selected_round_test,3.0,,0.12054090178296734,noniid_sub0.05,0.9342964300597305,0.8645645228503959,0.12054090178296734,0.9615170880800222,0.9582357370609325,0.9710305174701459,0.945440956651719,0.9587604280419062,0.9175303915806647,0.9924174885909048,0.10647310921408361,,0.9614738021854862,0.9581098700092163,60.0,0.0,395.77,461.6,137.869,128.911,395.69,165.465288
C:\Users\CORSAIR\projects\FedRGBD\results\rev_noniid_sub0.05_fedprox_0.01_seed123,rev_noniid_sub0.05_fedprox_0.01_seed123,group,heterogeneous,fl,fedprox_0.01,FedProx(mu=0.01),FedProx(mu=0.01),0.01,non_iid_label_sub0.05,123.0,123,3,5.0,0.001,3,3,group|fl|fedprox_0.01|non_iid_label_sub0.05|3|5|0.001|3,FedProx(mu=0.01) non_iid_label_sub0.05 [3N] {group},2026-09-23T18:25:06.949232,False,False,3,selected_round_test,3.0,,0.11390437525411148,noniid_sub0.05,0.950548687317683,0.8826225864703431,0.11390437525411148,0.9590163934426229,0.9637967412596382,0.9451570101724901,0.9824364723467862,0.9567579216033405,0.9151745997604249,0.989668595783841,0.11539300463352631,,0.9589520874194453,0.9637145755451687,60.0,0.0,401.65,467.82,140.368,130.5965,401.561,165.465288
C:\Users\CORSAIR\projects\FedRGBD\results\rev_noniid_sub0.05_fedprox_0.01_seed42,rev_noniid_sub0.05_fedprox_0.01_seed42,group,heterogeneous,fl,fedprox_0.01,FedProx(mu=0.01),FedProx(mu=0.01),0.01,non_iid_label_sub0.05,42.0,42,3,5.0,0.001,3,3,group|fl|fedprox_0.01|non_iid_label_sub0.05|3|5|0.001|3,FedProx(mu=0.01) non_iid_label_sub0.05 [3N] {group},2026-09-23T18:16:23.572559,False,False,3,selected_round_test,2.0,,0.22647501662741465,noniid_sub0.05,0.8641477983053202,0.9031809973607445,0.24761399575782406,0.8930258405112531,0.9132588957225563,0.8343653250773994,0.992152466367713,0.8903813352826511,0.8000499476069622,0.9870825838005723,0.21883200800663616,,0.8924068366489213,0.9127475434719915,60.0,2.220446049250313e-16,391.75,457.67,136.438,127.61699999999999,391.672,165.465288
C:\Users\CORSAIR\projects\FedRGBD\results\rev_noniid_sub0.05_fedprox_0.01_seed456,rev_noniid_sub0.05_fedprox_0.01_seed456,group,heterogeneous,fl,fedprox_0.01,FedProx(mu=0.01),FedProx(mu=0.01),0.01,non_iid_label_sub0.05,456.0,456,3,5.0,0.001,3,3,group|fl|fedprox_0.01|non_iid_label_sub0.05|3|5|0.001|3,FedProx(mu=0.01) non_iid_label_sub0.05 [3N] {group},2026-09-23T18:33:50.884163,False,False,3,selected_round_test,2.0,,0.18854459927429368,noniid_sub0.05,0.8592860119461037,0.9040144464508959,0.25210102923953337,0.927757710475132,0.9347232166409165,0.907563025210084,0.9618834080717489,0.9243392561323254,0.8525811667716038,0.9761380832720155,0.2132340415119341,,0.927710843373494,0.93461958352128,60.0,1.1102230246251565e-16,398.51,464.51,139.646,129.39249999999998,398.43,165.465288
C:\Users\CORSAIR\projects\FedRGBD\results\rev_noniid_sub0.05_fedprox_0.01_seed789,rev_noniid_sub0.05_fedprox_0.01_seed789,group,heterogeneous,fl,fedprox_0.01,FedProx(mu=0.01),FedProx(mu=0.01),0.01,non_iid_label_sub0.05,789.0,789,3,5.0,0.001,3,3,group|fl|fedprox_0.01|non_iid_label_sub0.05|3|5|0.001|3,FedProx(mu=0.01) non_iid_label_sub0.05 [3N] {group},2026-09-28T01:05:43.273012,False,False,3,selected_round_test,2.0,,0.20496588922464726,noniid_sub0.05,0.8794276982914294,0.933601889151271,0.2346008340214753,0.9479021950541817,0.9505271190373719,0.9402919062361786,0.9607623318385651,0.94489689518578,0.8909018697946954,0.9916458913043622,0.12892568342054603,,0.9476043709722611,0.9502229983590655,60.0,0.0,391.9,457.76,137.321,127.251,391.823,165.465288
C:\Users\CORSAIR\projects\FedRGBD\results\rev_baselines_sel\rev_dirichlet0.1_local_seed123,rev_dirichlet0.1_local_seed123,group,desktop_gpu,local,local_only,Local-only,Local-only,,dirichlet_0.1,123.0,123,3,15.0,,3,3,group|local|local_only|dirichlet_0.1|3|15||3,Local-only dirichlet_0.1 {group},2026-09-20T00:46:46.045934,False,False,3,selected_round_test,,,,,0.874595,0.9576296666666666,0.6906836666666667,0.9486396446418657,0.9428142080601687,0.9640522875816994,0.9215761285386381,0.9442757105083146,0.8886196455954954,0.9826974911362147,0.31724143037401903,,0.9485186983972802,0.9401065314205592,1027.0,2.749606409224725e-07,3992.81,3992.81,,,1184.2333333333333,0.0
C:\Users\CORSAIR\projects\FedRGBD\results\rev_dirichlet0.1_local_seed123,rev_dirichlet0.1_local_seed123,group_final_epoch,desktop_gpu,local,local_only,Local-only,Local-only,,dirichlet_0.1,123.0,123,3,15.0,,3,1,group_final_epoch|local|local_only|dirichlet_0.1|3|15||3,Local-only dirichlet_0.1 {group_final_epoch},2026-09-17T16:04:07.234484,False,False,3,final_epoch_test,,,,,0.874595,0.9576296666666666,0.6906836666666667,,,,,,,,,,,,,,2772.6,2772.6,,,906.4333333333334,0.0
C:\Users\CORSAIR\projects\FedRGBD\results\rev_baselines_sel\rev_dirichlet0.1_local_seed42,rev_dirichlet0.1_local_seed42,group,desktop_gpu,local,local_only,Local-only,Local-only,,dirichlet_0.1,42.0,42,3,15.0,,3,3,group|local|local_only|dirichlet_0.1|3|15||3,Local-only dirichlet_0.1 {group},2026-09-19T23:29:50.654600,False,False,3,selected_round_test,,,,,0.909044,0.9559293333333333,0.6619126666666667,0.9218489727928928,0.9168495265146779,0.9350762527233115,0.8986228003060444,0.9157179446306123,0.8314802876900736,0.9638952648133979,0.9209408181469874,,0.921321029626032,0.9130294843029545,1027.0,2.6470597502825655e-07,4045.66,4045.66,,,1200.9333333333334,0.0
C:\Users\CORSAIR\projects\FedRGBD\results\rev_dirichlet0.1_local_seed42,rev_dirichlet0.1_local_seed42,group_final_epoch,desktop_gpu,local,local_only,Local-only,Local-only,,dirichlet_0.1,42.0,42,3,15.0,,3,1,group_final_epoch|local|local_only|dirichlet_0.1|3|15||3,Local-only dirichlet_0.1 {group_final_epoch},2026-09-17T16:04:26.806668,False,False,3,final_epoch_test,,,,,0.909044,0.9559293333333333,0.6619126666666667,,,,,,,,,,,,,,2769.9,2769.9,,,905.5999999999999,0.0
C:\Users\CORSAIR\projects\FedRGBD\results\rev_baselines_sel\rev_dirichlet0.1_local_seed456,rev_dirichlet0.1_local_seed456,group,desktop_gpu,local,local_only,Local-only,Local-only,,dirichlet_0.1,456.0,456,3,15.0,,3,3,group|local|local_only|dirichlet_0.1|3|15||3,Local-only dirichlet_0.1 {group},2026-09-20T00:34:39.619305,False,False,3,selected_round_test,,,,,0.937471,0.9435020000000001,0.583257,0.9242087729039422,0.9186190330931319,0.9389978213507625,0.8982402448355011,0.9181366566869599,0.8362813506242152,0.9671894091309906,0.5611652318017567,,0.9243969564513518,0.9153559779621055,1027.0,3.366208349842026e-07,3961.15,3961.15,,,1175.9666666666665,0.0
C:\Users\CORSAIR\projects\FedRGBD\results\rev_dirichlet0.1_local_seed456,rev_dirichlet0.1_local_seed456,group_final_epoch,desktop_gpu,local,local_only,Local-only,Local-only,,dirichlet_0.1,456.0,456,3,15.0,,3,1,group_final_epoch|local|local_only|dirichlet_0.1|3|15||3,Local-only dirichlet_0.1 {group_final_epoch},2026-09-17T16:04:39.633710,False,False,3,final_epoch_test,,,,,0.937471,0.9435020000000001,0.583257,,,,,,,,,,,,,,2770.14,2770.14,,,905.6666666666666,0.0
C:\Users\CORSAIR\projects\FedRGBD\results\rev_baselines_sel\rev_dirichlet0.5_local_seed123,rev_dirichlet0.5_local_seed123,group,desktop_gpu,local,local_only,Local-only,Local-only,,dirichlet_0.5,123.0,123,3,15.0,,3,3,group|local|local_only|dirichlet_0.5|3|15||3,Local-only dirichlet_0.5 {group},2026-09-20T00:34:34.008438,False,False,3,selected_round_test,,,,,0.794395,0.7769750000000001,1.2091183333333333,0.9340369393139841,0.9360614919604588,0.9281767955801105,0.9439461883408071,0.9302685663465141,0.8617610109665357,0.9764123908860425,0.3680858975303212,,0.9331793909655073,0.9353437971513971,272.0,3.900685717761476e-07,3975.0,3975.0,,,1180.4666666666665,0.0
C:\Users\CORSAIR\projects\FedRGBD\results\rev_dirichlet0.5_local_seed123,rev_dirichlet0.5_local_seed123,group_final_epoch,desktop_gpu,local,local_only,Local-only,Local-only,,dirichlet_0.5,123.0,123,3,15.0,,3,1,group_final_epoch|local|local_only|dirichlet_0.5|3|15||3,Local-only dirichlet_0.5 {group_final_epoch},2026-09-17T16:50:03.013263,False,False,3,final_epoch_test,,,,,0.794395,0.7769750000000001,1.2091183333333333,,,,,,,,,,,,,,2732.67,2732.67,,,893.2666666666669,0.0
C:\Users\CORSAIR\projects\FedRGBD\results\rev_baselines_sel\rev_dirichlet0.5_local_seed42,rev_dirichlet0.5_local_seed42,group,desktop_gpu,local,local_only,Local-only,Local-only,,dirichlet_0.5,42.0,42,3,15.0,,3,3,group|local|local_only|dirichlet_0.5|3|15||3,Local-only dirichlet_0.5 {group},2026-09-20T00:47:03.358200,False,False,3,selected_round_test,,,,,0.498206,0.6417486666666666,1.79329,0.9466740730454104,0.9525300398880163,0.9297237569060773,0.9753363228699552,0.9439156164068825,0.890384873440245,0.985556987009555,0.46749473542111775,,0.9471785250396882,0.9543617619585844,272.0,1.4426265970701735e-07,4050.45,4050.45,,,1199.7666666666667,0.0
C:\Users\CORSAIR\projects\FedRGBD\results\rev_dirichlet0.5_local_seed42,rev_dirichlet0.5_local_seed42,group_final_epoch,desktop_gpu,local,local_only,Local-only,Local-only,,dirichlet_0.5,42.0,42,3,15.0,,3,1,group_final_epoch|local|local_only|dirichlet_0.5|3|15||3,Local-only dirichlet_0.5 {group_final_epoch},2026-09-17T16:49:32.754286,False,False,3,final_epoch_test,,,,,0.498206,0.6417486666666666,1.79329,,,,,,,,,,,,,,2728.11,2728.11,,,891.8333333333334,0.0
C:\Users\CORSAIR\projects\FedRGBD\results\rev_baselines_sel\rev_dirichlet0.5_local_seed456,rev_dirichlet0.5_local_seed456,group,desktop_gpu,local,local_only,Local-only,Local-only,,dirichlet_0.5,456.0,456,3,15.0,,3,3,group|local|local_only|dirichlet_0.5|3|15||3,Local-only dirichlet_0.5 {group},2026-09-20T00:34:28.055260,False,False,3,selected_round_test,,,,,0.898613,0.736021,0.39454533333333336,0.6907373975836689,0.7494180726573016,0.5208839779005525,0.9779521674140508,0.6903337010525135,0.5105294798472432,0.9384953216229385,1.2696646958852127,,0.680617693750902,0.7471643765143399,272.0,1.5346519022241267e-07,3979.27,3979.27,,,1182.2000000000003,0.0
C:\Users\CORSAIR\projects\FedRGBD\results\rev_dirichlet0.5_local_seed456,rev_dirichlet0.5_local_seed456,group_final_epoch,desktop_gpu,local,local_only,Local-only,Local-only,,dirichlet_0.5,456.0,456,3,15.0,,3,1,group_final_epoch|local|local_only|dirichlet_0.5|3|15||3,Local-only dirichlet_0.5 {group_final_epoch},2026-09-17T16:49:59.628457,False,False,3,final_epoch_test,,,,,0.898613,0.736021,0.39454533333333336,,,,,,,,,,,,,,2748.7,2748.7,,,898.7666666666668,0.0
C:\Users\CORSAIR\projects\FedRGBD\results\rev_baselines_sel\rev_dirichlet1_local_seed123,rev_dirichlet1_local_seed123,group,desktop_gpu,local,local_only,Local-only,Local-only,,dirichlet_1,123.0,123,3,15.0,,3,3,group|local|local_only|dirichlet_1|3|15||3,Local-only dirichlet_1 {group},2026-09-20T02:06:10.301068,False,False,3,selected_round_test,,,,,0.906591,0.9423416666666666,0.27106633333333335,0.9680599916678239,0.9720636165495311,0.9564544650751547,0.9876727680239074,0.9662144960808546,0.9335490624892893,0.9954771579757089,0.16061999942940797,,0.9670935080405003,0.9714789441821392,485.0,1.9538374651517643e-07,4754.8,4754.8,,,1417.1000000000001,0.0
C:\Users\CORSAIR\projects\FedRGBD\results\rev_dirichlet1_local_seed123,rev_dirichlet1_local_seed123,group_final_epoch,desktop_gpu,local,local_only,Local-only,Local-only,,dirichlet_1,123.0,123,3,15.0,,3,1,group_final_epoch|local|local_only|dirichlet_1|3|15||3,Local-only dirichlet_1 {group_final_epoch},2026-09-17T17:34:01.262134,False,False,3,final_epoch_test,,,,,0.906591,0.9423416666666666,0.27106633333333335,,,,,,,,,,,,,,2664.79,2664.79,,,872.0333333333333,0.0
C:\Users\CORSAIR\projects\FedRGBD\results\rev_baselines_sel\rev_dirichlet1_local_seed42,rev_dirichlet1_local_seed42,group,desktop_gpu,local,local_only,Local-only,Local-only,,dirichlet_1,42.0,42,3,15.0,,3,3,group|local|local_only|dirichlet_1|3|15||3,Local-only dirichlet_1 {group},2026-09-20T00:36:17.878503,False,False,3,selected_round_test,,,,,0.860495,0.9423063333333334,1.1671386666666665,0.9293153728648799,0.935127706397656,0.9124668435013262,0.9577885692939858,0.9258159331715589,0.8547758137980154,0.9762648021410404,0.28822448616247415,,0.9270399047051816,0.9337655237279163,485.0,2.577827166172497e-07,3982.24,3982.24,,,1182.2333333333333,0.0
C:\Users\CORSAIR\projects\FedRGBD\results\rev_dirichlet1_local_seed42,rev_dirichlet1_local_seed42,group_final_epoch,desktop_gpu,local,local_only,Local-only,Local-only,,dirichlet_1,42.0,42,3,15.0,,3,1,group_final_epoch|local|local_only|dirichlet_1|3|15||3,Local-only dirichlet_1 {group_final_epoch},2026-09-17T16:50:28.738706,False,False,3,final_epoch_test,,,,,0.860495,0.9423063333333334,1.1671386666666665,,,,,,,,,,,,,,2745.53,2745.53,,,897.4666666666666,0.0
C:\Users\CORSAIR\projects\FedRGBD\results\rev_baselines_sel\rev_dirichlet1_local_seed456,rev_dirichlet1_local_seed456,group,desktop_gpu,local,local_only,Local-only,Local-only,,dirichlet_1,456.0,456,3,15.0,,3,3,group|local|local_only|dirichlet_1|3|15||3,Local-only dirichlet_1 {group},2026-09-20T01:53:12.664312,False,False,3,selected_round_test,,,,,0.746449,0.94535,0.797524,0.961255381197056,0.963826635646287,0.9538019451812555,0.9738513261113186,0.9589457184632603,0.9186922231961563,0.9954581665806274,0.10897205523420472,,0.9609886837403216,0.9640025985279176,485.0,4.1111055415488096e-07,4708.07,4708.07,,,1405.6333333333334,0.0
C:\Users\CORSAIR\projects\FedRGBD\results\rev_dirichlet1_local_seed456,rev_dirichlet1_local_seed456,group_final_epoch,desktop_gpu,local,local_only,Local-only,Local-only,,dirichlet_1,456.0,456,3,15.0,,3,1,group_final_epoch|local|local_only|dirichlet_1|3|15||3,Local-only dirichlet_1 {group_final_epoch},2026-09-17T17:34:13.765761,False,False,3,final_epoch_test,,,,,0.746449,0.94535,0.797524,,,,,,,,,,,,,,2647.27,2647.27,,,866.3333333333334,0.0
C:\Users\CORSAIR\projects\FedRGBD\results\rev_baselines_sel\rev_iid_local_seed1011,rev_iid_local_seed1011,group,desktop_gpu,local,local_only,Local-only,Local-only,,iid,1011.0,1011,3,15.0,,3,3,group|local|local_only|iid|3|15||3,Local-only iid {group},2026-09-19T21:25:07.014872,False,False,3,selected_round_test,,,,,0.806092,0.8711796666666666,1.64858,0.8518978605935128,0.8471365994129558,0.8662687886825818,0.8280044101433297,0.8436293265045232,0.6879249168386056,0.9131792431463571,1.134446064396887,,0.8460514640638864,0.8422873232238908,483.0,2.2287741674453798e-07,4545.02,4545.02,,,1372.6000000000001,0.0
C:\Users\CORSAIR\projects\FedRGBD\results\rev_iid_local_seed1011,rev_iid_local_seed1011,group_final_epoch,desktop_gpu,local,local_only,Local-only,Local-only,,iid,1011.0,1011,3,15.0,,3,1,group_final_epoch|local|local_only|iid|3|15||3,Local-only iid {group_final_epoch},2026-09-17T13:47:17.945743,False,False,3,final_epoch_test,,,,,0.806092,0.8711796666666666,1.64858,,,,,,,,,,,,,,2711.13,2711.13,,,885.7333333333332,0.0
C:\Users\CORSAIR\projects\FedRGBD\results\local_iid_seed123,local_iid_seed123,image,desktop_gpu,local,local_only,Local-only,Local-only,,iid,123.0,123,3,15.0,,3,1,image|local|local_only|iid|3|15||3,Local-only iid {image},2026-04-02T04:16:18.618867,False,False,3,final_epoch_test,,,,,0.995469,0.9935226666666667,0.014621,,,,,,,,,,,,,,15698.66,15698.66,,,5122.433333333333,0.0
C:\Users\CORSAIR\projects\FedRGBD\results\rev_baselines_sel\rev_iid_local_seed123,rev_iid_local_seed123,group,desktop_gpu,local,local_only,Local-only,Local-only,,iid,123.0,123,3,15.0,,3,3,group|local|local_only|iid|3|15||3,Local-only iid {group},2026-09-19T20:10:31.870304,False,False,3,selected_round_test,,,,,0.702617,0.8209293333333334,2.053634666666667,0.8679089026915114,0.8563686310521272,0.9027409372236959,0.8099963248805586,0.8583724546464273,0.7169653898126842,0.9194868577923743,0.8929388223400301,,0.8618751848565513,0.8507249833014199,483.0,6.815158082318362e-08,4054.94,4054.94,,,1205.5333333333335,0.0
C:\Users\CORSAIR\projects\FedRGBD\results\rev_iid_local_seed123,rev_iid_local_seed123,group_final_epoch,desktop_gpu,local,local_only,Local-only,Local-only,,iid,123.0,123,3,15.0,,3,1,group_final_epoch|local|local_only|iid|3|15||3,Local-only iid {group_final_epoch},2026-09-17T19:37:22.833816,False,False,3,final_epoch_test,,,,,0.702617,0.8209293333333334,2.053634666666667,,,,,,,,,,,,,,2682.18,2682.18,,,876.5666666666666,0.0
C:\Users\CORSAIR\projects\FedRGBD\results\local_iid_seed42,local_iid_seed42,image,desktop_gpu,local,local_only,Local-only,Local-only,,iid,42.0,42,3,15.0,,3,1,image|local|local_only|iid|3|15||3,Local-only iid {image},2026-04-01T23:54:25.814683,False,False,3,final_epoch_test,,,,,0.995271,0.993148,0.015112,,,,,,,,,,,,,,16015.72,16015.72,,,5213.200000000001,0.0
C:\Users\CORSAIR\projects\FedRGBD\results\rev_baselines_sel\rev_iid_local_seed42,rev_iid_local_seed42,group,desktop_gpu,local,local_only,Local-only,Local-only,,iid,42.0,42,3,15.0,,3,3,group|local|local_only|iid|3|15||3,Local-only iid {group},2026-09-19T20:10:00.913062,False,False,3,selected_round_test,,,,,0.835596,0.823344,3.0309136666666667,0.8685990338164251,0.8522342435346655,0.9179929266136163,0.7864755604557148,0.8576064142888571,0.716885269259196,0.9433384966974291,0.9957439536664036,,0.8623188405797102,0.8458901937873367,483.0,1.3553689859335805e-07,4024.43,4024.43,,,1197.6,0.0
C:\Users\CORSAIR\projects\FedRGBD\results\rev_iid_local_seed42,rev_iid_local_seed42,group_final_epoch,desktop_gpu,local,local_only,Local-only,Local-only,,iid,42.0,42,3,15.0,,3,1,group_final_epoch|local|local_only|iid|3|15||3,Local-only iid {group_final_epoch},2026-09-17T19:37:29.725346,False,False,3,final_epoch_test,,,,,0.835596,0.823344,3.0309136666666667,,,,,,,,,,,,,,2689.37,2689.37,,,879.0000000000001,0.0
C:\Users\CORSAIR\projects\FedRGBD\results\local_iid_seed456,local_iid_seed456,image,desktop_gpu,local,local_only,Local-only,Local-only,,iid,456.0,456,3,15.0,,3,1,image|local|local_only|iid|3|15||3,Local-only iid {image},2026-04-02T08:39:47.882500,False,False,3,final_epoch_test,,,,,0.99392,0.9942466666666667,0.016186000000000002,,,,,,,,,,,,,,15796.32,15796.32,,,5156.2,0.0
C:\Users\CORSAIR\projects\FedRGBD\results\rev_baselines_sel\rev_iid_local_seed456,rev_iid_local_seed456,group,desktop_gpu,local,local_only,Local-only,Local-only,,iid,456.0,456,3,15.0,,3,3,group|local|local_only|iid|3|15||3,Local-only iid {group},2026-09-19T21:25:49.819946,False,False,3,selected_round_test,,,,,0.793032,0.7699360000000001,1.9813313333333333,0.8672187715665977,0.8339189641037339,0.9677276746242264,0.7001102535832414,0.8497079071561539,0.7178981700284273,0.9427328006197336,0.6086145277587885,,0.8608399881691807,0.8267291725428689,483.0,2.2852134418105408e-07,4550.43,4550.43,,,1374.8999999999999,0.0
C:\Users\CORSAIR\projects\FedRGBD\results\rev_iid_local_seed456,rev_iid_local_seed456,group_final_epoch,desktop_gpu,local,local_only,Local-only,Local-only,,iid,456.0,456,3,15.0,,3,1,group_final_epoch|local|local_only|iid|3|15||3,Local-only iid {group_final_epoch},2026-09-17T20:22:33.687047,False,False,3,final_epoch_test,,,,,0.793032,0.7699360000000001,1.9813313333333333,,,,,,,,,,,,,,2722.93,2722.93,,,890.6666666666666,0.0
C:\Users\CORSAIR\projects\FedRGBD\results\rev_baselines_sel\rev_iid_local_seed789,rev_iid_local_seed789,group,desktop_gpu,local,local_only,Local-only,Local-only,,iid,789.0,789,3,15.0,,3,3,group|local|local_only|iid|3|15||3,Local-only iid {group},2026-09-19T21:14:28.779621,False,False,3,selected_round_test,,,,,0.777522,0.7869936666666667,2.289369,0.8898550724637682,0.87284306070186,0.9412024756852343,0.8044836457184859,0.8800747092923882,0.7629360284005675,0.9435301325675047,0.683654277076153,,0.8846495119787046,0.8675297191891526,483.0,2.059136461340927e-07,3915.9,3915.9,,,1163.8,0.0
C:\Users\CORSAIR\projects\FedRGBD\results\rev_iid_local_seed789,rev_iid_local_seed789,group_final_epoch,desktop_gpu,local,local_only,Local-only,Local-only,,iid,789.0,789,3,15.0,,3,1,group_final_epoch|local|local_only|iid|3|15||3,Local-only iid {group_final_epoch},2026-09-17T13:47:25.532087,False,False,3,final_epoch_test,,,,,0.777522,0.7869936666666667,2.289369,,,,,,,,,,,,,,2707.86,2707.86,,,884.9333333333334,0.0
C:\Users\CORSAIR\projects\FedRGBD\results\rev_baselines_sel\rev_iid_sub0.01_local_seed123,rev_iid_sub0.01_local_seed123,group,desktop_gpu,local,local_only,Local-only,Local-only,,iid_sub0.01,123.0,123,3,15.0,,3,3,group|local|local_only|iid_sub0.01|3|15||3,Local-only iid_sub0.01 {group},2026-09-20T02:12:22.883372,False,False,3,selected_round_test,,,,,0.842913,0.625835,2.5170703333333333,0.7679779158040028,0.7399534956039917,0.8525641025641025,0.6273428886438809,0.7455718673568353,0.4951459414523024,0.806251667370171,0.6964659442206523,,0.7673870878359657,0.7387872217776974,27.0,4.0412171975479083e-07,748.79,748.79,,,121.60000000000001,0.0
C:\Users\CORSAIR\projects\FedRGBD\results\rev_iid_sub0.01_local_seed123,rev_iid_sub0.01_local_seed123,group_final_epoch,desktop_gpu,local,local_only,Local-only,Local-only,,iid_sub0.01,123.0,123,3,15.0,,3,1,group_final_epoch|local|local_only|iid_sub0.01|3|15||3,Local-only iid_sub0.01 {group_final_epoch},2026-09-17T17:22:05.562600,False,False,3,final_epoch_test,,,,,0.842913,0.625835,2.5170703333333333,,,,,,,,,,,,,,334.34,334.34,,,93.90000000000002,0.0
C:\Users\CORSAIR\projects\FedRGBD\results\rev_baselines_sel\rev_iid_sub0.01_local_seed42,rev_iid_sub0.01_local_seed42,group,desktop_gpu,local,local_only,Local-only,Local-only,,iid_sub0.01,42.0,42,3,15.0,,3,3,group|local|local_only|iid_sub0.01|3|15||3,Local-only iid_sub0.01 {group},2026-09-20T01:43:04.325998,False,False,3,selected_round_test,,,,,0.837981,0.7246973333333333,4.157376666666667,0.8501035196687371,0.8271715374184674,0.9193191865605659,0.735023888276369,0.8354949483933761,0.6757804068266574,0.8584411254638985,2.2710223644262695,,0.8496813521751178,0.8263938308978703,27.0,2.5535335423931826e-07,1055.2,1055.2,,,168.43333333333337,0.0
C:\Users\CORSAIR\projects\FedRGBD\results\rev_iid_sub0.01_local_seed42,rev_iid_sub0.01_local_seed42,group_final_epoch,desktop_gpu,local,local_only,Local-only,Local-only,,iid_sub0.01,42.0,42,3,15.0,,3,1,group_final_epoch|local|local_only|iid_sub0.01|3|15||3,Local-only iid_sub0.01 {group_final_epoch},2026-09-17T17:51:34.443598,False,False,3,final_epoch_test,,,,,0.837981,0.7246973333333333,4.157376666666667,,,,,,,,,,,,,,246.12,246.12,,,69.16666666666667,0.0
C:\Users\CORSAIR\projects\FedRGBD\results\rev_baselines_sel\rev_iid_sub0.01_local_seed456,rev_iid_sub0.01_local_seed456,group,desktop_gpu,local,local_only,Local-only,Local-only,,iid_sub0.01,456.0,456,3,15.0,,3,3,group|local|local_only|iid_sub0.01|3|15||3,Local-only iid_sub0.01 {group},2026-09-20T01:58:52.955606,False,False,3,selected_round_test,,,,,0.838371,0.7323179999999999,4.225606,0.8387853692201518,0.8107120958221593,0.9235190097259063,0.6979051819184123,0.8210815485663705,0.6507595500947958,0.8326262140323274,1.5739466590763789,,0.8402604599612081,0.8123304609250458,27.0,3.2166493246776895e-07,947.35,947.35,,,154.06666666666666,0.0
C:\Users\CORSAIR\projects\FedRGBD\results\rev_iid_sub0.01_local_seed456,rev_iid_sub0.01_local_seed456,group_final_epoch,desktop_gpu,local,local_only,Local-only,Local-only,,iid_sub0.01,456.0,456,3,15.0,,3,1,group_final_epoch|local|local_only|iid_sub0.01|3|15||3,Local-only iid_sub0.01 {group_final_epoch},2026-09-17T17:20:56.673015,False,False,3,final_epoch_test,,,,,0.838371,0.7323179999999999,4.225606,,,,,,,,,,,,,,335.32,335.32,,,93.96666666666665,0.0
C:\Users\CORSAIR\projects\FedRGBD\results\rev_baselines_sel\rev_iid_sub0.05_local_seed123,rev_iid_sub0.05_local_seed123,group,desktop_gpu,local,local_only,Local-only,Local-only,,iid_sub0.05,123.0,123,3,15.0,,3,3,group|local|local_only|iid_sub0.05|3|15||3,Local-only iid_sub0.05 {group},2026-09-20T01:43:00.536640,False,False,3,selected_round_test,,,,,0.837775,0.8036786666666668,1.7004206666666668,0.8462387853692201,0.8215869643415931,0.9206454465075155,0.7225284821756707,0.8306362909768881,0.6672060425179736,0.8401105330352945,0.8948926027397308,,0.8425252957104176,0.8190778511995955,228.0,1.2749507616316436e-07,1200.85,1200.85,,,226.70000000000002,0.0
C:\Users\CORSAIR\projects\FedRGBD\results\rev_iid_sub0.05_local_seed123,rev_iid_sub0.05_local_seed123,group_final_epoch,desktop_gpu,local,local_only,Local-only,Local-only,,iid_sub0.05,123.0,123,3,15.0,,3,1,group_final_epoch|local|local_only|iid_sub0.05|3|15||3,Local-only iid_sub0.05 {group_final_epoch},2026-09-17T17:15:17.728092,False,False,3,final_epoch_test,,,,,0.837775,0.8036786666666668,1.7004206666666668,,,,,,,,,,,,,,428.63,428.63,,,125.3,0.0
C:\Users\CORSAIR\projects\FedRGBD\results\rev_baselines_sel\rev_iid_sub0.05_local_seed42,rev_iid_sub0.05_local_seed42,group,desktop_gpu,local,local_only,Local-only,Local-only,,iid_sub0.05,42.0,42,3,15.0,,3,3,group|local|local_only|iid_sub0.05|3|15||3,Local-only iid_sub0.05 {group},2026-09-20T01:59:49.772626,False,False,3,selected_round_test,,,,,0.839852,0.859943,2.426330666666667,0.797239475500345,0.7992688998135145,0.7911140583554377,0.8074237412715913,0.7895831603815897,0.5848753295593891,0.8777424075964166,0.9722182825111712,,0.8054724241128688,0.8055649267243381,228.0,2.8191051348880336e-07,1090.86,1090.86,,,204.0666666666667,0.0
C:\Users\CORSAIR\projects\FedRGBD\results\rev_iid_sub0.05_local_seed42,rev_iid_sub0.05_local_seed42,group_final_epoch,desktop_gpu,local,local_only,Local-only,Local-only,,iid_sub0.05,42.0,42,3,15.0,,3,1,group_final_epoch|local|local_only|iid_sub0.05|3|15||3,Local-only iid_sub0.05 {group_final_epoch},2026-09-17T17:16:27.647753,False,False,3,final_epoch_test,,,,,0.839852,0.859943,2.426330666666667,,,,,,,,,,,,,,429.66,429.66,,,125.56666666666666,0.0
C:\Users\CORSAIR\projects\FedRGBD\results\rev_baselines_sel\rev_iid_sub0.05_local_seed456,rev_iid_sub0.05_local_seed456,group,desktop_gpu,local,local_only,Local-only,Local-only,,iid_sub0.05,456.0,456,3,15.0,,3,3,group|local|local_only|iid_sub0.05|3|15||3,Local-only iid_sub0.05 {group},2026-09-20T01:45:14.540426,False,False,3,selected_round_test,,,,,0.84427,0.8171366666666667,1.6697666666666668,0.8205659075224293,0.7975146882923563,0.8901414677276747,0.7048879088570379,0.8039533789332967,0.6112682568382739,0.8465464194230875,2.0505309403989074,,0.814878153056862,0.7932879648400626,228.0,2.84851831455768e-07,1202.62,1202.62,,,215.79999999999998,0.0
C:\Users\CORSAIR\projects\FedRGBD\results\rev_iid_sub0.05_local_seed456,rev_iid_sub0.05_local_seed456,group_final_epoch,desktop_gpu,local,local_only,Local-only,Local-only,,iid_sub0.05,456.0,456,3,15.0,,3,1,group_final_epoch|local|local_only|iid_sub0.05|3|15||3,Local-only iid_sub0.05 {group_final_epoch},2026-09-17T17:53:50.608884,False,False,3,final_epoch_test,,,,,0.84427,0.8171366666666667,1.6697666666666668,,,,,,,,,,,,,,323.77,323.77,,,94.86666666666667,0.0
C:\Users\CORSAIR\projects\FedRGBD\results\rev_baselines_sel\rev_noniid_local_seed1011,rev_noniid_local_seed1011,group,desktop_gpu,local,local_only,Local-only,Local-only,,non_iid_label,1011.0,1011,3,15.0,,3,3,group|local|local_only|non_iid_label|3|15||3,Local-only non_iid_label {group},2026-09-19T22:21:35.355366,False,False,3,selected_round_test,,,,,0.959842,0.9498503333333334,0.4428396666666666,0.9601278132814671,0.9569012051362911,0.9694825298540469,0.9443198804185351,0.957284774202793,0.9145746648436677,0.9748590018967228,0.3908889025425441,,0.9583705025275052,0.9538068039732874,472.0,2.1466112753998345e-07,4021.96,4021.96,,,1194.1333333333332,0.0
C:\Users\CORSAIR\projects\FedRGBD\results\rev_noniid_local_seed1011,rev_noniid_local_seed1011,group_final_epoch,desktop_gpu,local,local_only,Local-only,Local-only,,non_iid_label,1011.0,1011,3,15.0,,3,1,group_final_epoch|local|local_only|non_iid_label|3|15||3,Local-only non_iid_label {group_final_epoch},2026-09-17T13:47:22.668368,False,False,3,final_epoch_test,,,,,0.959842,0.9498503333333334,0.4428396666666666,,,,,,,,,,,,,,2693.9,2693.9,,,880.4000000000001,0.0
C:\Users\CORSAIR\projects\FedRGBD\results\local_noniid_seed123,local_noniid_seed123,image,desktop_gpu,local,local_only,Local-only,Local-only,,non_iid_label,123.0,123,3,15.0,,3,1,image|local|local_only|non_iid_label|3|15||3,Local-only non_iid_label {image},2026-04-02T04:39:30.913440,False,False,3,final_epoch_test,,,,,0.994912,0.9949746666666667,0.012685,,,,,,,,,,,,,,16466.22,16466.22,,,5383.066666666667,0.0
C:\Users\CORSAIR\projects\FedRGBD\results\rev_baselines_sel\rev_noniid_local_seed123,rev_noniid_local_seed123,group,desktop_gpu,local,local_only,Local-only,Local-only,,non_iid_label,123.0,123,3,15.0,,3,3,group|local|local_only|non_iid_label|3|15||3,Local-only non_iid_label {group},2026-09-19T21:15:23.009729,False,False,3,selected_round_test,,,,,0.958319,0.894155,0.878424,0.9616560155598778,0.9595667155226499,0.9677134011499336,0.9514200298953662,0.9590063237604222,0.9180234496202054,0.9733170469037272,0.40977198604824183,,0.9603033006244425,0.9571856463405937,472.0,2.7553518588963044e-07,3917.23,3917.23,,,1162.7666666666667,0.0
C:\Users\CORSAIR\projects\FedRGBD\results\rev_noniid_local_seed123,rev_noniid_local_seed123,group_final_epoch,desktop_gpu,local,local_only,Local-only,Local-only,,non_iid_label,123.0,123,3,15.0,,3,1,group_final_epoch|local|local_only|non_iid_label|3|15||3,Local-only non_iid_label {group_final_epoch},2026-09-17T20:22:50.844081,False,False,3,final_epoch_test,,,,,0.958319,0.894155,0.878424,,,,,,,,,,,,,,2717.3,2717.3,,,890.3666666666667,0.0
C:\Users\CORSAIR\projects\FedRGBD\results\local_noniid_seed42,local_noniid_seed42,image,desktop_gpu,local,local_only,Local-only,Local-only,,non_iid_label,42.0,42,3,15.0,,3,1,image|local|local_only|non_iid_label|3|15||3,Local-only non_iid_label {image},2026-04-02T00:04:48.701263,False,False,3,final_epoch_test,,,,,0.994858,0.9937969999999999,0.021058000000000004,,,,,,,,,,,,,,16566.11,16566.11,,,5408.166666666667,0.0
C:\Users\CORSAIR\projects\FedRGBD\results\rev_baselines_sel\rev_noniid_local_seed42,rev_noniid_local_seed42,group,desktop_gpu,local,local_only,Local-only,Local-only,,non_iid_label,42.0,42,3,15.0,,3,3,group|local|local_only|non_iid_label|3|15||3,Local-only non_iid_label {group},2026-09-19T21:14:39.436649,False,False,3,selected_round_test,,,,,0.945816,0.6390473333333334,0.8251126666666666,0.9538760766879689,0.9492558883359811,0.9672711189739054,0.9312406576980568,0.9504915755942496,0.9010377433521347,0.9753662380694549,0.42001670434240246,,0.952126077906631,0.9459565704120212,472.0,2.69854508516687e-07,3915.86,3915.86,,,1163.1,0.0
C:\Users\CORSAIR\projects\FedRGBD\results\rev_noniid_local_seed42,rev_noniid_local_seed42,group_final_epoch,desktop_gpu,local,local_only,Local-only,Local-only,,non_iid_label,42.0,42,3,15.0,,3,1,group_final_epoch|local|local_only|non_iid_label|3|15||3,Local-only non_iid_label {group_final_epoch},2026-09-17T20:22:13.702988,False,False,3,final_epoch_test,,,,,0.945816,0.6390473333333334,0.8251126666666666,,,,,,,,,,,,,,2706.35,2706.35,,,884.8333333333334,0.0
C:\Users\CORSAIR\projects\FedRGBD\results\local_noniid_seed456,local_noniid_seed456,image,desktop_gpu,local,local_only,Local-only,Local-only,,non_iid_label,456.0,456,3,15.0,,3,1,image|local|local_only|non_iid_label|3|15||3,Local-only non_iid_label {image},2026-04-02T09:24:42.265577,False,False,3,final_epoch_test,,,,,0.99533,0.9926333333333334,0.013643666666666665,,,,,,,,,,,,,,17098.69,17098.69,,,5569.166666666667,0.0
C:\Users\CORSAIR\projects\FedRGBD\results\rev_baselines_sel\rev_noniid_local_seed456,rev_noniid_local_seed456,group,desktop_gpu,local,local_only,Local-only,Local-only,,non_iid_label,456.0,456,3,15.0,,3,3,group|local|local_only|non_iid_label|3|15||3,Local-only non_iid_label {group},2026-09-19T21:15:38.782945,False,False,3,selected_round_test,,,,,0.93151,0.869844,1.0261166666666666,0.959849958321756,0.9548494521717112,0.9743476337903583,0.9353512705530643,0.9568327277590618,0.9138037463532498,0.9706275713022995,0.5551739674672111,,0.9580731489741302,0.9513200972136819,472.0,3.4004815596677673e-07,3902.37,3902.37,,,1158.533333333333,0.0
C:\Users\CORSAIR\projects\FedRGBD\results\rev_noniid_local_seed456,rev_noniid_local_seed456,group_final_epoch,desktop_gpu,local,local_only,Local-only,Local-only,,non_iid_label,456.0,456,3,15.0,,3,1,group_final_epoch|local|local_only|non_iid_label|3|15||3,Local-only non_iid_label {group_final_epoch},2026-09-17T20:22:36.782933,False,False,3,final_epoch_test,,,,,0.93151,0.869844,1.0261166666666666,,,,,,,,,,,,,,2710.47,2710.47,,,886.7666666666668,0.0
C:\Users\CORSAIR\projects\FedRGBD\results\rev_baselines_sel\rev_noniid_local_seed789,rev_noniid_local_seed789,group,desktop_gpu,local,local_only,Local-only,Local-only,,non_iid_label,789.0,789,3,15.0,,3,3,group|local|local_only|non_iid_label|3|15||3,Local-only non_iid_label {group},2026-09-19T22:33:20.023341,False,False,3,selected_round_test,,,,,0.911915,0.874711,0.967187,0.941511530980828,0.9433051601570531,0.9363113666519239,0.9502989536621823,0.9380949675663102,0.8771615477027037,0.970868297755732,0.31905041250021915,,0.9384478144513827,0.9397684201850134,472.0,3.050102652668585e-07,4041.64,4041.64,,,1200.2333333333336,0.0
C:\Users\CORSAIR\projects\FedRGBD\results\rev_noniid_local_seed789,rev_noniid_local_seed789,group_final_epoch,desktop_gpu,local,local_only,Local-only,Local-only,,non_iid_label,789.0,789,3,15.0,,3,1,group_final_epoch|local|local_only|non_iid_label|3|15||3,Local-only non_iid_label {group_final_epoch},2026-09-17T13:47:18.787369,False,False,3,final_epoch_test,,,,,0.911915,0.874711,0.967187,,,,,,,,,,,,,,2696.56,2696.56,,,881.0333333333333,0.0
C:\Users\CORSAIR\projects\FedRGBD\results\rev_baselines_sel\rev_noniid_sub0.01_local_seed123,rev_noniid_sub0.01_local_seed123,group,desktop_gpu,local,local_only,Local-only,Local-only,,non_iid_label_sub0.01,123.0,123,3,15.0,,3,3,group|local|local_only|non_iid_label_sub0.01|3|15||3,Local-only non_iid_label_sub0.01 {group},2026-09-20T02:14:38.603066,False,False,3,selected_round_test,,,,,0.922482,0.8506836666666665,0.8583096666666665,0.9138649624895805,0.9133689704345274,0.9153029632905794,0.9114349775784754,0.9087765705848123,0.8183876011013468,0.9324133831016476,0.5734534875217364,,0.9143136706737489,0.9137272797457711,44.0,2.975627838575079e-07,698.82,698.82,,,116.13333333333334,0.0
C:\Users\CORSAIR\projects\FedRGBD\results\rev_noniid_sub0.01_local_seed123,rev_noniid_sub0.01_local_seed123,group_final_epoch,desktop_gpu,local,local_only,Local-only,Local-only,,non_iid_label_sub0.01,123.0,123,3,15.0,,3,1,group_final_epoch|local|local_only|non_iid_label_sub0.01|3|15||3,Local-only non_iid_label_sub0.01 {group_final_epoch},2026-09-17T18:03:12.564485,False,False,3,final_epoch_test,,,,,0.922482,0.8506836666666665,0.8583096666666665,,,,,,,,,,,,,,230.94,230.94,,,65.23333333333333,0.0
C:\Users\CORSAIR\projects\FedRGBD\results\rev_baselines_sel\rev_noniid_sub0.01_local_seed42,rev_noniid_sub0.01_local_seed42,group,desktop_gpu,local,local_only,Local-only,Local-only,,non_iid_label_sub0.01,42.0,42,3,15.0,,3,3,group|local|local_only|non_iid_label_sub0.01|3|15||3,Local-only non_iid_label_sub0.01 {group},2026-09-20T02:11:45.923052,False,False,3,selected_round_test,,,,,0.885538,0.8480446666666667,0.7743243333333334,0.9165045846068353,0.9065455778724045,0.9453781512605042,0.8677130044843049,0.9098693991155071,0.8202040853971387,0.951300038542677,0.6813088802609698,,0.9168297455968689,0.9069284490655249,44.0,1.589012726954664e-07,768.4,768.4,,,125.39999999999999,0.0
C:\Users\CORSAIR\projects\FedRGBD\results\rev_noniid_sub0.01_local_seed42,rev_noniid_sub0.01_local_seed42,group_final_epoch,desktop_gpu,local,local_only,Local-only,Local-only,,non_iid_label_sub0.01,42.0,42,3,15.0,,3,1,group_final_epoch|local|local_only|non_iid_label_sub0.01|3|15||3,Local-only non_iid_label_sub0.01 {group_final_epoch},2026-09-17T17:26:38.660340,False,False,3,final_epoch_test,,,,,0.885538,0.8480446666666667,0.7743243333333334,,,,,,,,,,,,,,338.12,338.12,,,95.16666666666667,0.0
C:\Users\CORSAIR\projects\FedRGBD\results\rev_baselines_sel\rev_noniid_sub0.01_local_seed456,rev_noniid_sub0.01_local_seed456,group,desktop_gpu,local,local_only,Local-only,Local-only,,non_iid_label_sub0.01,456.0,456,3,15.0,,3,3,group|local|local_only|non_iid_label_sub0.01|3|15||3,Local-only non_iid_label_sub0.01 {group},2026-09-20T02:13:12.985660,False,False,3,selected_round_test,,,,,0.858733,0.8865156666666666,0.8483713333333333,0.7602111697693804,0.7380664798371555,0.8244139761167625,0.6517189835575485,0.7404958434628481,0.4816125687802788,0.8505942381672991,0.8156991876758337,,0.759575062901873,0.7378283286698257,44.0,1.5633398198211523e-07,739.16,739.16,,,121.46666666666668,0.0
C:\Users\CORSAIR\projects\FedRGBD\results\rev_noniid_sub0.01_local_seed456,rev_noniid_sub0.01_local_seed456,group_final_epoch,desktop_gpu,local,local_only,Local-only,Local-only,,non_iid_label_sub0.01,456.0,456,3,15.0,,3,1,group_final_epoch|local|local_only|non_iid_label_sub0.01|3|15||3,Local-only non_iid_label_sub0.01 {group_final_epoch},2026-09-17T18:01:16.131689,False,False,3,final_epoch_test,,,,,0.858733,0.8865156666666666,0.8483713333333333,,,,,,,,,,,,,,249.51,249.51,,,70.26666666666667,0.0
C:\Users\CORSAIR\projects\FedRGBD\results\rev_baselines_sel\rev_noniid_sub0.05_local_seed123,rev_noniid_sub0.05_local_seed123,group,desktop_gpu,local,local_only,Local-only,Local-only,,non_iid_label_sub0.05,123.0,123,3,15.0,,3,3,group|local|local_only|non_iid_label_sub0.05|3|15||3,Local-only non_iid_label_sub0.05 {group},2026-09-20T02:00:49.421481,False,False,3,selected_round_test,,,,,0.9497,0.9179023333333333,0.340281,0.9417893859405391,0.9405515569456482,0.9453781512605042,0.9357249626307922,0.9380384861863631,0.8763068563953953,0.9675376286932049,0.27445361096426935,,0.941580274586719,0.9402767236702616,60.0,1.8172551219386435e-07,1060.39,1060.39,,,201.46666666666667,0.0
C:\Users\CORSAIR\projects\FedRGBD\results\rev_noniid_sub0.05_local_seed123,rev_noniid_sub0.05_local_seed123,group_final_epoch,desktop_gpu,local,local_only,Local-only,Local-only,,non_iid_label_sub0.05,123.0,123,3,15.0,,3,1,group_final_epoch|local|local_only|non_iid_label_sub0.05|3|15||3,Local-only non_iid_label_sub0.05 {group_final_epoch},2026-09-17T17:57:04.474985,False,False,3,final_epoch_test,,,,,0.9497,0.9179023333333333,0.340281,,,,,,,,,,,,,,327.59,327.59,,,96.30000000000001,0.0
C:\Users\CORSAIR\projects\FedRGBD\results\rev_baselines_sel\rev_noniid_sub0.05_local_seed42,rev_noniid_sub0.05_local_seed42,group,desktop_gpu,local,local_only,Local-only,Local-only,,non_iid_label_sub0.05,42.0,42,3,15.0,,3,3,group|local|local_only|non_iid_label_sub0.05|3|15||3,Local-only non_iid_label_sub0.05 {group},2026-09-20T02:02:55.385281,False,False,3,selected_round_test,,,,,0.949843,0.9138753333333334,0.6537653333333334,0.9522089469297027,0.9468611848798996,0.9677134011499336,0.9260089686098655,0.9486377590813295,0.8973894643651306,0.9647759268918802,0.33909670943100984,,0.9518072289156626,0.9464177075721631,60.0,1.789577568356293e-07,1055.88,1055.88,,,197.29999999999998,0.0
C:\Users\CORSAIR\projects\FedRGBD\results\rev_noniid_sub0.05_local_seed42,rev_noniid_sub0.05_local_seed42,group_final_epoch,desktop_gpu,local,local_only,Local-only,Local-only,,non_iid_label_sub0.05,42.0,42,3,15.0,,3,1,group_final_epoch|local|local_only|non_iid_label_sub0.05|3|15||3,Local-only non_iid_label_sub0.05 {group_final_epoch},2026-09-17T17:59:19.362134,False,False,3,final_epoch_test,,,,,0.949843,0.9138753333333334,0.6537653333333334,,,,,,,,,,,,,,326.61,326.61,,,96.03333333333335,0.0
C:\Users\CORSAIR\projects\FedRGBD\results\rev_baselines_sel\rev_noniid_sub0.05_local_seed456,rev_noniid_sub0.05_local_seed456,group,desktop_gpu,local,local_only,Local-only,Local-only,,non_iid_label_sub0.05,456.0,456,3,15.0,,3,3,group|local|local_only|non_iid_label_sub0.05|3|15||3,Local-only non_iid_label_sub0.05 {group},2026-09-20T02:21:59.167942,False,False,3,selected_round_test,,,,,0.812135,0.899293,0.6544476666666666,0.950402889691581,0.9469492777049455,0.9604157452454666,0.9334828101644245,0.9469151879311124,0.893830417582068,0.9713721457428853,0.28953595056878356,,0.949985990473522,0.9465058548623356,60.0,2.2377644848248224e-07,572.09,572.09,,,108.60000000000001,0.0
C:\Users\CORSAIR\projects\FedRGBD\results\rev_noniid_sub0.05_local_seed456,rev_noniid_sub0.05_local_seed456,group_final_epoch,desktop_gpu,local,local_only,Local-only,Local-only,,non_iid_label_sub0.05,456.0,456,3,15.0,,3,1,group_final_epoch|local|local_only|non_iid_label_sub0.05|3|15||3,Local-only non_iid_label_sub0.05 {group_final_epoch},2026-09-17T17:29:08.144713,False,False,3,final_epoch_test,,,,,0.812135,0.899293,0.6544476666666666,,,,,,,,,,,,,,419.0,419.0,,,123.09999999999998,0.0
