config_id,label,protocol,kind,strategy,mu,distribution,n_nodes,num_rounds,local_epochs,lr,metric,n_seeds,seeds,mean,std,ci95,ci_low,ci_high,ci_method,min,max
group_final_epoch|centralized|centralized|dirichlet_0.1|3|15|0.001|3,Centralized dirichlet_0.1 {group_final_epoch},group_final_epoch,centralized,centralized,,dirichlet_0.1,3,3,15.0,0.001,final_accuracy,3,"123,42,456",0.8936236666666667,0.05782531574780488,0.14364604754299234,0.7499776191236743,1.037269714209659,t_seeds,0.828845,0.940033
group_final_epoch|centralized|centralized|dirichlet_0.1|3|15|0.001|3,Centralized dirichlet_0.1 {group_final_epoch},group_final_epoch,centralized,centralized,,dirichlet_0.1,3,3,15.0,0.001,final_balanced_accuracy,3,"123,42,456",0.9046089999999999,0.038121758550728,0.09469969805410403,0.8099093019458958,0.9993086980541039,t_seeds,0.863134,0.938119
group_final_epoch|centralized|centralized|dirichlet_0.1|3|15|0.001|3,Centralized dirichlet_0.1 {group_final_epoch},group_final_epoch,centralized,centralized,,dirichlet_0.1,3,3,15.0,0.001,final_cumulative_mb,3,"123,42,456",0.0,0.0,0.0,0.0,0.0,t_seeds,0.0,0.0
group_final_epoch|centralized|centralized|dirichlet_0.1|3|15|0.001|3,Centralized dirichlet_0.1 {group_final_epoch},group_final_epoch,centralized,centralized,,dirichlet_0.1,3,3,15.0,0.001,final_elapsed_s,3,"123,42,456",2686.3999999999996,7.650490180374612,19.004871170444158,2667.3951288295557,2705.4048711704436,t_seeds,2678.6999999999994,2694.0000000000005
group_final_epoch|centralized|centralized|dirichlet_0.1|3|15|0.001|3,Centralized dirichlet_0.1 {group_final_epoch},group_final_epoch,centralized,centralized,,dirichlet_0.1,3,3,15.0,0.001,final_f1,3,"123,42,456",0.90937,0.056039113188914746,0.13920887440562843,0.7701611255943716,1.0485788744056284,t_seeds,0.846048,0.952569
group_final_epoch|centralized|centralized|dirichlet_0.1|3|15|0.001|3,Centralized dirichlet_0.1 {group_final_epoch},group_final_epoch,centralized,centralized,,dirichlet_0.1,3,3,15.0,0.001,final_fn,3,"123,42,456",621.6666666666666,508.83232339674856,1264.0095635074028,-642.3428968407362,1885.6762301740696,t_seeds,252.0,1202.0
group_final_epoch|centralized|centralized|dirichlet_0.1|3|15|0.001|3,Centralized dirichlet_0.1 {group_final_epoch},group_final_epoch,centralized,centralized,,dirichlet_0.1,3,3,15.0,0.001,final_fp,3,"123,42,456",144.66666666666666,100.75878787149702,250.29870474183753,-105.63203807517087,394.9653714085042,t_seeds,31.0,223.0
group_final_epoch|centralized|centralized|dirichlet_0.1|3|15|0.001|3,Centralized dirichlet_0.1 {group_final_epoch},group_final_epoch,centralized,centralized,,dirichlet_0.1,3,3,15.0,0.001,final_loss,3,"123,42,456",0.6930453333333334,0.2665707083764706,0.6621983495259902,0.030846983807343187,1.3552436828593235,t_seeds,0.406517,0.933706
group_final_epoch|centralized|centralized|dirichlet_0.1|3|15|0.001|3,Centralized dirichlet_0.1 {group_final_epoch},group_final_epoch,centralized,centralized,,dirichlet_0.1,3,3,15.0,0.001,final_macro_f1,3,"123,42,456",0.8894756666666667,0.05632233367265008,0.13991243309001553,0.7495632335766511,1.0293880997566822,t_seeds,0.826681,0.93553
group_final_epoch|centralized|centralized|dirichlet_0.1|3|15|0.001|3,Centralized dirichlet_0.1 {group_final_epoch},group_final_epoch,centralized,centralized,,dirichlet_0.1,3,3,15.0,0.001,final_macro_precision,3,"123,42,456",0.890394,0.049164831007540336,0.12213221079766293,0.7682617892023371,1.012526210797663,t_seeds,0.836682,0.93317
group_final_epoch|centralized|centralized|dirichlet_0.1|3|15|0.001|3,Centralized dirichlet_0.1 {group_final_epoch},group_final_epoch,centralized,centralized,,dirichlet_0.1,3,3,15.0,0.001,final_macro_recall,3,"123,42,456",0.9046089999999999,0.038121758550728,0.09469969805410403,0.8099093019458958,0.9993086980541039,t_seeds,0.863134,0.938119
group_final_epoch|centralized|centralized|dirichlet_0.1|3|15|0.001|3,Centralized dirichlet_0.1 {group_final_epoch},group_final_epoch,centralized,centralized,,dirichlet_0.1,3,3,15.0,0.001,final_macro_specificity,3,"123,42,456",0.9046089999999999,0.038121758550728,0.09469969805410403,0.8099093019458958,0.9993086980541039,t_seeds,0.863134,0.938119
group_final_epoch|centralized|centralized|dirichlet_0.1|3|15|0.001|3,Centralized dirichlet_0.1 {group_final_epoch},group_final_epoch,centralized,centralized,,dirichlet_0.1,3,3,15.0,0.001,final_mcc,3,"123,42,456",0.7948053333333333,0.08754370177421866,0.21747061100356085,0.5773347223297725,1.012275944336894,t_seeds,0.699315,0.871275
group_final_epoch|centralized|centralized|dirichlet_0.1|3|15|0.001|3,Centralized dirichlet_0.1 {group_final_epoch},group_final_epoch,centralized,centralized,,dirichlet_0.1,3,3,15.0,0.001,final_n_examples,3,"123,42,456",7204.0,0.0,0.0,7204.0,7204.0,t_seeds,7204.0,7204.0
group_final_epoch|centralized|centralized|dirichlet_0.1|3|15|0.001|3,Centralized dirichlet_0.1 {group_final_epoch},group_final_epoch,centralized,centralized,,dirichlet_0.1,3,3,15.0,0.001,final_precision,3,"123,42,456",0.966811,0.021579166897727983,0.05360562227880046,0.9132053777211995,1.0204166222788005,t_seeds,0.949341,0.990933
group_final_epoch|centralized|centralized|dirichlet_0.1|3|15|0.001|3,Centralized dirichlet_0.1 {group_final_epoch},group_final_epoch,centralized,centralized,,dirichlet_0.1,3,3,15.0,0.001,final_recall,3,"123,42,456",0.8645606666666668,0.11085700745254375,0.27538407282465127,0.5891765938420155,1.139944739491318,t_seeds,0.738126,0.945098
group_final_epoch|centralized|centralized|dirichlet_0.1|3|15|0.001|3,Centralized dirichlet_0.1 {group_final_epoch},group_final_epoch,centralized,centralized,,dirichlet_0.1,3,3,15.0,0.001,final_roc_auc,3,"123,42,456",0.9760313333333334,0.0030632809752507264,0.007609611792307659,0.9684217215410257,0.983640945125641,t_seeds,0.972547,0.978301
group_final_epoch|centralized|centralized|dirichlet_0.1|3|15|0.001|3,Centralized dirichlet_0.1 {group_final_epoch},group_final_epoch,centralized,centralized,,dirichlet_0.1,3,3,15.0,0.001,final_specificity,3,"123,42,456",0.944657,0.03854600260727437,0.09575357871395682,0.8489034212860431,1.0404105787139568,t_seeds,0.91469,0.988141
group_final_epoch|centralized|centralized|dirichlet_0.1|3|15|0.001|3,Centralized dirichlet_0.1 {group_final_epoch},group_final_epoch,centralized,centralized,,dirichlet_0.1,3,3,15.0,0.001,final_tn,3,"123,42,456",2469.3333333333335,100.75878787149702,250.29870474183753,2219.034628591496,2719.632038075171,t_seeds,2391.0,2583.0
group_final_epoch|centralized|centralized|dirichlet_0.1|3|15|0.001|3,Centralized dirichlet_0.1 {group_final_epoch},group_final_epoch,centralized,centralized,,dirichlet_0.1,3,3,15.0,0.001,final_tp,3,"123,42,456",3968.3333333333335,508.83232339674856,1264.0095635074028,2704.323769825931,5232.342896840736,t_seeds,3388.0,4338.0
group_final_epoch|centralized|centralized|dirichlet_0.1|3|15|0.001|3,Centralized dirichlet_0.1 {group_final_epoch},group_final_epoch,centralized,centralized,,dirichlet_0.1,3,3,15.0,0.001,round1_accuracy,3,"123,42,456",0.8410193333333332,0.13730088208869354,0.3410742990531091,0.49994503428022413,1.1820936323864424,t_seeds,0.683343,0.934181
group_final_epoch|centralized|centralized|dirichlet_0.1|3|15|0.001|3,Centralized dirichlet_0.1 {group_final_epoch},group_final_epoch,centralized,centralized,,dirichlet_0.1,3,3,15.0,0.001,total_time_s,3,"123,42,456",2686.4066666666663,7.690002167316611,19.103024387272963,2667.3036422793934,2705.509691053939,t_seeds,2678.72,2694.1
group|centralized|centralized|dirichlet_0.1|3|15|0.001|3,Centralized dirichlet_0.1 {group},group,centralized,centralized,,dirichlet_0.1,3,3,15.0,0.001,final_cumulative_mb,3,"123,42,456",0.0,0.0,0.0,0.0,0.0,t_seeds,0.0,0.0
group|centralized|centralized|dirichlet_0.1|3|15|0.001|3,Centralized dirichlet_0.1 {group},group,centralized,centralized,,dirichlet_0.1,3,3,15.0,0.001,round1_accuracy,3,"123,42,456",0.8410193333333332,0.13730088208869354,0.3410742990531091,0.49994503428022413,1.1820936323864424,t_seeds,0.683343,0.934181
group|centralized|centralized|dirichlet_0.1|3|15|0.001|3,Centralized dirichlet_0.1 {group},group,centralized,centralized,,dirichlet_0.1,3,3,15.0,0.001,selected_epoch,3,"123,42,456",6.666666666666667,7.371114795831994,18.31086424196709,-11.64419757530042,24.977530908633756,t_seeds,1.0,15.0
group|centralized|centralized|dirichlet_0.1|3|15|0.001|3,Centralized dirichlet_0.1 {group},group,centralized,centralized,,dirichlet_0.1,3,3,15.0,0.001,selected_test_accuracy,3,"123,42,456",0.915371,0.02978003792811553,0.05338425406663355,0.8467124180746222,0.9534809262078893,cluster_bootstrap_B1000,0.887424,0.946696
group|centralized|centralized|dirichlet_0.1|3|15|0.001|3,Centralized dirichlet_0.1 {group},group,centralized,centralized,,dirichlet_0.1,3,3,15.0,0.001,selected_test_balanced_accuracy,3,"123,42,456",0.9163773333333333,0.025284457070171264,0.0525031381152094,0.8427036820714938,0.9477099583019126,cluster_bootstrap_B1000,0.89321,0.943348
group|centralized|centralized|dirichlet_0.1|3|15|0.001|3,Centralized dirichlet_0.1 {group},group,centralized,centralized,,dirichlet_0.1,3,3,15.0,0.001,selected_test_clean_accuracy,3,"123,42,456",0.9051319410717177,0.03063632630932491,0.05691820231661143,0.837544404809414,0.9513808094426368,cluster_bootstrap_B1000,0.8789056176137283,0.9388052452646916
group|centralized|centralized|dirichlet_0.1|3|15|0.001|3,Centralized dirichlet_0.1 {group},group,centralized,centralized,,dirichlet_0.1,3,3,15.0,0.001,selected_test_clean_balanced_accuracy,3,"123,42,456",0.9058631983722689,0.026461084120938016,0.05412567826645476,0.8378861873599434,0.9461375438928529,cluster_bootstrap_B1000,0.8838034167151918,0.9352019258046695
group|centralized|centralized|dirichlet_0.1|3|15|0.001|3,Centralized dirichlet_0.1 {group},group,centralized,centralized,,dirichlet_0.1,3,3,15.0,0.001,selected_test_clean_f1,3,"123,42,456",0.9233229171284569,0.02592633540239949,0.05654262474334215,0.8484612493543858,0.9615464988410701,cluster_bootstrap_B1000,0.9008220631132327,0.9516747634875992
group|centralized|centralized|dirichlet_0.1|3|15|0.001|3,Centralized dirichlet_0.1 {group},group,centralized,centralized,,dirichlet_0.1,3,3,15.0,0.001,selected_test_clean_loss,3,"123,42,456",0.5685622589327746,0.2773225169610443,0.46631209477132207,0.20407004734114736,1.1366942368837916,cluster_bootstrap_B1000,0.3096182681343204,0.8611868995316314
group|centralized|centralized|dirichlet_0.1|3|15|0.001|3,Centralized dirichlet_0.1 {group},group,centralized,centralized,,dirichlet_0.1,3,3,15.0,0.001,selected_test_clean_macro_f1,3,"123,42,456",0.8994224203281221,0.0314899010838012,0.06322095694584146,0.8193797821589629,0.9458216960506458,cluster_bootstrap_B1000,0.8726886707918615,0.9341339395549205
group|centralized|centralized|dirichlet_0.1|3|15|0.001|3,Centralized dirichlet_0.1 {group},group,centralized,centralized,,dirichlet_0.1,3,3,15.0,0.001,selected_test_clean_mcc,3,"123,42,456",0.8010583700235873,0.060765547261336386,0.1202984842142833,0.6528296262873711,0.8934265947159377,cluster_bootstrap_B1000,0.7500919476837213,0.868306034732092
group|centralized|centralized|dirichlet_0.1|3|15|0.001|3,Centralized dirichlet_0.1 {group},group,centralized,centralized,,dirichlet_0.1,3,3,15.0,0.001,selected_test_clean_precision,3,"123,42,456",0.9448597697097414,0.00870249302629876,0.043604866339195025,0.8840341902953998,0.9712439229737898,cluster_bootstrap_B1000,0.9389165284687673,0.9548486403283736
group|centralized|centralized|dirichlet_0.1|3|15|0.001|3,Centralized dirichlet_0.1 {group},group,centralized,centralized,,dirichlet_0.1,3,3,15.0,0.001,selected_test_clean_recall,3,"123,42,456",0.9031600407747197,0.04197318108447895,0.08590676360109623,0.8015009503646882,0.9733144775668806,cluster_bootstrap_B1000,0.8656982670744139,0.9485219164118247
group|centralized|centralized|dirichlet_0.1|3|15|0.001|3,Centralized dirichlet_0.1 {group},group,centralized,centralized,,dirichlet_0.1,3,3,15.0,0.001,selected_test_clean_roc_auc,3,"123,42,456",0.9646646243110896,0.015300131232860413,0.03688929876506819,0.915410268978651,0.9891888665087873,cluster_bootstrap_B1000,0.9495105178597525,0.9801067146624752
group|centralized|centralized|dirichlet_0.1|3|15|0.001|3,Centralized dirichlet_0.1 {group},group,centralized,centralized,,dirichlet_0.1,3,3,15.0,0.001,selected_test_clean_specificity,3,"123,42,456",0.908566355969818,0.011531629877289428,0.06737180573314272,0.8193706728410783,0.9541142843073638,cluster_bootstrap_B1000,0.9019085663559698,0.9218819351975144
group|centralized|centralized|dirichlet_0.1|3|15|0.001|3,Centralized dirichlet_0.1 {group},group,centralized,centralized,,dirichlet_0.1,3,3,15.0,0.001,selected_test_f1,3,"123,42,456",0.9318573333333333,0.025104142573155797,0.06029829441506468,0.8436972918284594,0.9642938806585888,cluster_bootstrap_B1000,0.908019,0.95806
group|centralized|centralized|dirichlet_0.1|3|15|0.001|3,Centralized dirichlet_0.1 {group},group,centralized,centralized,,dirichlet_0.1,3,3,15.0,0.001,selected_test_fn,3,"123,42,456",400.6666666666667,191.70898083640563,476.23150897693654,-75.56484231026985,876.8981756436033,t_seeds,204.0,587.0
group|centralized|centralized|dirichlet_0.1|3|15|0.001|3,Centralized dirichlet_0.1 {group},group,centralized,centralized,,dirichlet_0.1,3,3,15.0,0.001,selected_test_fp,3,"123,42,456",209.0,25.11971337416094,62.40082730111232,146.59917269888768,271.4008273011123,t_seeds,180.0,224.0
group|centralized|centralized|dirichlet_0.1|3|15|0.001|3,Centralized dirichlet_0.1 {group},group,centralized,centralized,,dirichlet_0.1,3,3,15.0,0.001,selected_test_loss,3,"123,42,456",0.498592,0.23548404547442278,0.3980387626456296,0.1936930771257949,0.9897706024170541,cluster_bootstrap_B1000,0.268263,0.738913
group|centralized|centralized|dirichlet_0.1|3|15|0.001|3,Centralized dirichlet_0.1 {group},group,centralized,centralized,,dirichlet_0.1,3,3,15.0,0.001,selected_test_macro_f1,3,"123,42,456",0.910057,0.03067638311470243,0.05963181864012751,0.8275598972037678,0.9468235344840228,cluster_bootstrap_B1000,0.881482,0.942473
group|centralized|centralized|dirichlet_0.1|3|15|0.001|3,Centralized dirichlet_0.1 {group},group,centralized,centralized,,dirichlet_0.1,3,3,15.0,0.001,selected_test_macro_precision,3,"123,42,456",0.9059556666666667,0.033594199861484035,0.08345261877199021,0.8225030478946765,0.9894082854386569,t_seeds,0.874914,0.941623
group|centralized|centralized|dirichlet_0.1|3|15|0.001|3,Centralized dirichlet_0.1 {group},group,centralized,centralized,,dirichlet_0.1,3,3,15.0,0.001,selected_test_macro_recall,3,"123,42,456",0.9163773333333333,0.025284457070171264,0.06281007332914469,0.8535672600041886,0.9791874066624779,t_seeds,0.89321,0.943348
group|centralized|centralized|dirichlet_0.1|3|15|0.001|3,Centralized dirichlet_0.1 {group},group,centralized,centralized,,dirichlet_0.1,3,3,15.0,0.001,selected_test_macro_specificity,3,"123,42,456",0.9163773333333333,0.025284457070171264,0.06281007332914469,0.8535672600041886,0.9791874066624779,t_seeds,0.89321,0.943348
group|centralized|centralized|dirichlet_0.1|3|15|0.001|3,Centralized dirichlet_0.1 {group},group,centralized,centralized,,dirichlet_0.1,3,3,15.0,0.001,selected_test_mcc,3,"123,42,456",0.8222343333333333,0.05898272242219186,0.10989387336215822,0.6748741438966752,0.8946618906209917,cluster_bootstrap_B1000,0.767907,0.88497
group|centralized|centralized|dirichlet_0.1|3|15|0.001|3,Centralized dirichlet_0.1 {group},group,centralized,centralized,,dirichlet_0.1,3,3,15.0,0.001,selected_test_n_examples,3,"123,42,456",7204.0,0.0,0.0,7204.0,7204.0,t_seeds,7204.0,7204.0
group|centralized|centralized|dirichlet_0.1|3|15|0.001|3,Centralized dirichlet_0.1 {group},group,centralized,centralized,,dirichlet_0.1,3,3,15.0,0.001,selected_test_precision,3,"123,42,456",0.9523086666666667,0.007255914438121048,0.0422635974943012,0.8894752380373045,0.9740024330259069,cluster_bootstrap_B1000,0.947007,0.960578
group|centralized|centralized|dirichlet_0.1|3|15|0.001|3,Centralized dirichlet_0.1 {group},group,centralized,centralized,,dirichlet_0.1,3,3,15.0,0.001,selected_test_recall,3,"123,42,456",0.912709,0.041767018244064265,0.09021652510753464,0.7932024800010268,0.9736355302160961,cluster_bootstrap_B1000,0.872113,0.955556
group|centralized|centralized|dirichlet_0.1|3|15|0.001|3,Centralized dirichlet_0.1 {group},group,centralized,centralized,,dirichlet_0.1,3,3,15.0,0.001,selected_test_roc_auc,3,"123,42,456",0.970454,0.01530223241883354,0.03409779715026262,0.9214743168536926,0.9896699111542179,cluster_bootstrap_B1000,0.954213,0.984602
group|centralized|centralized|dirichlet_0.1|3|15|0.001|3,Centralized dirichlet_0.1 {group},group,centralized,centralized,,dirichlet_0.1,3,3,15.0,0.001,selected_test_specificity,3,"123,42,456",0.920046,0.00960958417414612,0.061622298038205625,0.8319040739544806,0.9551486700308919,cluster_bootstrap_B1000,0.914308,0.93114
group|centralized|centralized|dirichlet_0.1|3|15|0.001|3,Centralized dirichlet_0.1 {group},group,centralized,centralized,,dirichlet_0.1,3,3,15.0,0.001,selected_test_tn,3,"123,42,456",2405.0,25.11971337416094,62.40082730111232,2342.5991726988877,2467.4008273011123,t_seeds,2390.0,2434.0
group|centralized|centralized|dirichlet_0.1|3|15|0.001|3,Centralized dirichlet_0.1 {group},group,centralized,centralized,,dirichlet_0.1,3,3,15.0,0.001,selected_test_tp,3,"123,42,456",4189.333333333333,191.70898083640563,476.23150897693654,3713.1018243563967,4665.564842310269,t_seeds,4003.0,4386.0
group|centralized|centralized|dirichlet_0.1|3|15|0.001|3,Centralized dirichlet_0.1 {group},group,centralized,centralized,,dirichlet_0.1,3,3,15.0,0.001,selected_val_loss,3,"123,42,456",0.2054283033004626,0.04210999325226226,0.1046070222794966,0.100821281020966,0.3100353255799592,t_seeds,0.1642974538325042,0.24845350203683733
group|centralized|centralized|dirichlet_0.1|3|15|0.001|3,Centralized dirichlet_0.1 {group},group,centralized,centralized,,dirichlet_0.1,3,3,15.0,0.001,total_time_s,3,"123,42,456",3610.3433333333337,25.956550875132383,64.47964689588238,3545.863686437451,3674.8229802292162,t_seeds,3584.73,3636.63
group|fl|fedavg|dirichlet_0.1|3|5|0.001|3,FedAvg dirichlet_0.1 [3N] {group},group,fl,fedavg,0.0,dirichlet_0.1,3,3,5.0,0.001,final_cumulative_mb,3,"123,42,456",165.465288,0.0,0.0,165.465288,165.465288,t_seeds,165.465288,165.465288
group|fl|fedavg|dirichlet_0.1|3|5|0.001|3,FedAvg dirichlet_0.1 [3N] {group},group,fl,fedavg,0.0,dirichlet_0.1,3,3,5.0,0.001,round1_accuracy,3,"123,42,456",0.37632755729457795,0.01093482401313003,0.027163608702369394,0.34916394859220856,0.40349116599694734,t_seeds,0.3669647847959754,0.3883454443823365
group|fl|fedavg|dirichlet_0.1|3|5|0.001|3,FedAvg dirichlet_0.1 [3N] {group},group,fl,fedavg,0.0,dirichlet_0.1,3,3,5.0,0.001,selected_round,3,"123,42,456",3.0,0.0,0.0,3.0,3.0,t_seeds,3.0,3.0
group|fl|fedavg|dirichlet_0.1|3|5|0.001|3,FedAvg dirichlet_0.1 [3N] {group},group,fl,fedavg,0.0,dirichlet_0.1,3,3,5.0,0.001,selected_test_accuracy,3,"123,42,456",0.8183879326300203,0.013762214654837217,0.06426157065668608,0.7525414461864426,0.8810645874998148,cluster_bootstrap_B1000,0.8085785674625208,0.8341199333703498
group|fl|fedavg|dirichlet_0.1|3|5|0.001|3,FedAvg dirichlet_0.1 [3N] {group},group,fl,fedavg,0.0,dirichlet_0.1,3,3,5.0,0.001,selected_test_balanced_accuracy,3,"123,42,456",0.8759337842225973,0.01820573346771865,0.03503304102832683,0.845059179938507,0.9151252619951606,cluster_bootstrap_B1000,0.8618123461493116,0.8964810695811168
group|fl|fedavg|dirichlet_0.1|3|5|0.001|3,FedAvg dirichlet_0.1 [3N] {group},group,fl,fedavg,0.0,dirichlet_0.1,3,3,5.0,0.001,selected_test_clean_accuracy,3,"123,42,456",0.8076196643462307,0.011493492797326758,0.075411925657971,0.7287726705075241,0.8795965218234661,cluster_bootstrap_B1000,0.7969888295288975,0.8198154443904808
group|fl|fedavg|dirichlet_0.1|3|5|0.001|3,FedAvg dirichlet_0.1 [3N] {group},group,fl,fedavg,0.0,dirichlet_0.1,3,3,5.0,0.001,selected_test_clean_balanced_accuracy,3,"123,42,456",0.874620558106796,0.011123932624707828,0.036785044417411594,0.8379047823443567,0.9114748711791799,cluster_bootstrap_B1000,0.8640325475346837,0.8862123726256463
group|fl|fedavg|dirichlet_0.1|3|5|0.001|3,FedAvg dirichlet_0.1 [3N] {group},group,fl,fedavg,0.0,dirichlet_0.1,3,3,5.0,0.001,selected_test_clean_f1,3,"123,42,456",0.8478600479952547,0.014343119786164914,0.05679407808547543,0.7798159486555288,0.8934041048264797,cluster_bootstrap_B1000,0.838064600027622,0.8643233236103304
group|fl|fedavg|dirichlet_0.1|3|5|0.001|3,FedAvg dirichlet_0.1 [3N] {group},group,fl,fedavg,0.0,dirichlet_0.1,3,3,5.0,0.001,selected_test_clean_loss,3,"123,42,456",0.47226056573879066,0.005565729451624014,0.15540686293172157,0.3218054225842183,0.6326191484476614,cluster_bootstrap_B1000,0.46595245690196496,0.476479123095549
group|fl|fedavg|dirichlet_0.1|3|5|0.001|3,FedAvg dirichlet_0.1 [3N] {group},group,fl,fedavg,0.0,dirichlet_0.1,3,3,5.0,0.001,selected_test_clean_macro_f1,3,"123,42,456",0.6996940460272305,0.012432873300862271,0.08669046865524815,0.6180604039368277,0.791441341247324,cluster_bootstrap_B1000,0.6891213970279647,0.7133911171268411
group|fl|fedavg|dirichlet_0.1|3|5|0.001|3,FedAvg dirichlet_0.1 [3N] {group},group,fl,fedavg,0.0,dirichlet_0.1,3,3,5.0,0.001,selected_test_clean_mcc,3,"123,42,456",0.5450735110414112,0.017576766744650977,0.12295172511644209,0.42539596930133283,0.671299419534217,cluster_bootstrap_B1000,0.5318698564424071,0.5650241344708463
group|fl|fedavg|dirichlet_0.1|3|5|0.001|3,FedAvg dirichlet_0.1 [3N] {group},group,fl,fedavg,0.0,dirichlet_0.1,3,3,5.0,0.001,selected_test_clean_precision,3,"123,42,456",0.9873325972217377,0.012329221273364915,0.025140307564107456,0.9469048146588914,0.9971854297871063,cluster_bootstrap_B1000,0.9732272948033026,0.9960555867113522
group|fl|fedavg|dirichlet_0.1|3|5|0.001|3,FedAvg dirichlet_0.1 [3N] {group},group,fl,fedavg,0.0,dirichlet_0.1,3,3,5.0,0.001,selected_test_clean_recall,3,"123,42,456",0.7504986833088902,0.02236493332681412,0.07349519346891553,0.6768434734292231,0.8238338603670542,cluster_bootstrap_B1000,0.7284243999537384,0.7731433550200345
group|fl|fedavg|dirichlet_0.1|3|5|0.001|3,FedAvg dirichlet_0.1 [3N] {group},group,fl,fedavg,0.0,dirichlet_0.1,3,3,5.0,0.001,selected_test_clean_roc_auc,3,"123,42,456",0.9185275165714292,0.045153622673989806,0.05426904907599378,0.8538899451785337,0.9624280433305212,cluster_bootstrap_B1000,0.8737408353815951,0.9640393461218374
group|fl|fedavg|dirichlet_0.1|3|5|0.001|3,FedAvg dirichlet_0.1 [3N] {group},group,fl,fedavg,0.0,dirichlet_0.1,3,3,5.0,0.001,selected_test_clean_specificity,3,"123,42,456",0.9987424329047014,0.0012575670952986173,0.0013769752077877895,0.9969786338436311,0.9997325842592066,cluster_bootstrap_B1000,0.9973052133672172,0.9996406951156289
group|fl|fedavg|dirichlet_0.1|3|5|0.001|3,FedAvg dirichlet_0.1 [3N] {group},group,fl,fedavg,0.0,dirichlet_0.1,3,3,5.0,0.001,selected_test_f1,3,"123,42,456",0.8512774587583961,0.023234626890041465,0.04811312302903564,0.7982636545813663,0.8944899006394376,cluster_bootstrap_B1000,0.8373599518577537,0.8781001276830734
group|fl|fedavg|dirichlet_0.1|3|5|0.001|3,FedAvg dirichlet_0.1 [3N] {group},group,fl,fedavg,0.0,dirichlet_0.1,3,3,5.0,0.001,selected_test_fn,3,"123,42,456",1299.3333333333333,95.77229940506457,237.9115806931646,1061.4217526401687,1537.2449140264978,t_seeds,1189.0,1361.0
group|fl|fedavg|dirichlet_0.1|3|5|0.001|3,FedAvg dirichlet_0.1 [3N] {group},group,fl,fedavg,0.0,dirichlet_0.1,3,3,5.0,0.001,selected_test_fp,3,"123,42,456",9.0,7.937253933193772,19.717231823185283,-10.717231823185283,28.717231823185283,t_seeds,3.0,18.0
group|fl|fedavg|dirichlet_0.1|3|5|0.001|3,FedAvg dirichlet_0.1 [3N] {group},group,fl,fedavg,0.0,dirichlet_0.1,3,3,5.0,0.001,selected_test_loss,3,"123,42,456",0.44400588094724713,0.019602626727486815,0.14023869960870716,0.306637253788934,0.5871146530063484,cluster_bootstrap_B1000,0.4281207019116586,0.46591302523319117
group|fl|fedavg|dirichlet_0.1|3|5|0.001|3,FedAvg dirichlet_0.1 [3N] {group},group,fl,fedavg,0.0,dirichlet_0.1,3,3,5.0,0.001,selected_test_macro_f1,3,"123,42,456",0.6957993623418456,0.016823507695018933,0.0857180398141077,0.6203786760802564,0.7918147557084718,cluster_bootstrap_B1000,0.683954901794876,0.7150562083551192
group|fl|fedavg|dirichlet_0.1|3|5|0.001|3,FedAvg dirichlet_0.1 [3N] {group},group,fl,fedavg,0.0,dirichlet_0.1,3,3,5.0,0.001,selected_test_macro_precision,3,"123,42,456",0.733396586318647,0.007820175999299487,0.019426394112384678,0.7139701922062623,0.7528229804310317,t_seeds,0.7268832362678298,0.742069658301135
group|fl|fedavg|dirichlet_0.1|3|5|0.001|3,FedAvg dirichlet_0.1 [3N] {group},group,fl,fedavg,0.0,dirichlet_0.1,3,3,5.0,0.001,selected_test_macro_recall,3,"123,42,456",0.8759337842225973,0.01820573346771865,0.04522554907723501,0.8307082351453623,0.9211593332998322,t_seeds,0.8618123461493116,0.8964810695811168
group|fl|fedavg|dirichlet_0.1|3|5|0.001|3,FedAvg dirichlet_0.1 [3N] {group},group,fl,fedavg,0.0,dirichlet_0.1,3,3,5.0,0.001,selected_test_macro_specificity,3,"123,42,456",0.8759337842225973,0.01820573346771865,0.04522554907723501,0.8307082351453623,0.9211593332998322,t_seeds,0.8618123461493116,0.8964810695811168
group|fl|fedavg|dirichlet_0.1|3|5|0.001|3,FedAvg dirichlet_0.1 [3N] {group},group,fl,fedavg,0.0,dirichlet_0.1,3,3,5.0,0.001,selected_test_mcc,3,"123,42,456",0.5324100202852163,0.025800370327736785,0.1283705644280928,0.4170497699380744,0.67379089879426,cluster_bootstrap_B1000,0.513701761114526,0.5618429916735658
group|fl|fedavg|dirichlet_0.1|3|5|0.001|3,FedAvg dirichlet_0.1 [3N] {group},group,fl,fedavg,0.0,dirichlet_0.1,3,3,5.0,0.001,selected_test_n_examples,3,"123,42,456",7204.0,0.0,0.0,7204.0,7204.0,t_seeds,7204.0,7204.0
group|fl|fedavg|dirichlet_0.1|3|5|0.001|3,FedAvg dirichlet_0.1 [3N] {group},group,fl,fedavg,0.0,dirichlet_0.1,3,3,5.0,0.001,selected_test_precision,3,"123,42,456",0.9872666998110882,0.011036986301978122,0.023643986159833208,0.9495997630990778,0.9968877354187442,cluster_bootstrap_B1000,0.9746596718298264,0.9951864442122158
group|fl|fedavg|dirichlet_0.1|3|5|0.001|3,FedAvg dirichlet_0.1 [3N] {group},group,fl,fedavg,0.0,dirichlet_0.1,3,3,5.0,0.001,selected_test_recall,3,"123,42,456",0.7532759640270547,0.03628309608564465,0.06976964658050433,0.6921026571716293,0.831641950332638,cluster_bootstrap_B1000,0.7240941574925766,0.7939010695501406
group|fl|fedavg|dirichlet_0.1|3|5|0.001|3,FedAvg dirichlet_0.1 [3N] {group},group,fl,fedavg,0.0,dirichlet_0.1,3,3,5.0,0.001,selected_test_roc_auc,3,"123,42,456",0.9289895651366583,0.038862868982231465,0.045135269699509484,0.8787219126876261,0.9689924520866451,cluster_bootstrap_B1000,0.889770760024878,0.9674864391943995
group|fl|fedavg|dirichlet_0.1|3|5|0.001|3,FedAvg dirichlet_0.1 [3N] {group},group,fl,fedavg,0.0,dirichlet_0.1,3,3,5.0,0.001,selected_test_specificity,3,"123,42,456",0.9985916044181398,0.0012420881524013668,0.0015229918069625814,0.9966122690522347,0.9996582526661598,cluster_bootstrap_B1000,0.9971832088362796,0.9995305348060466
group|fl|fedavg|dirichlet_0.1|3|5|0.001|3,FedAvg dirichlet_0.1 [3N] {group},group,fl,fedavg,0.0,dirichlet_0.1,3,3,5.0,0.001,selected_test_tn,3,"123,42,456",2605.0,7.937253933193772,19.717231823185283,2585.282768176815,2624.717231823185,t_seeds,2596.0,2611.0
group|fl|fedavg|dirichlet_0.1|3|5|0.001|3,FedAvg dirichlet_0.1 [3N] {group},group,fl,fedavg,0.0,dirichlet_0.1,3,3,5.0,0.001,selected_test_tp,3,"123,42,456",3290.6666666666665,95.77229940506459,237.91158069316464,3052.755085973502,3528.578247359831,t_seeds,3229.0,3401.0
group|fl|fedavg|dirichlet_0.1|3|5|0.001|3,FedAvg dirichlet_0.1 [3N] {group},group,fl,fedavg,0.0,dirichlet_0.1,3,3,5.0,0.001,selected_val_loss,3,"123,42,456",0.7624178202973827,0.06820439643204372,0.16942911328400947,0.5929887070133733,0.9318469335813921,t_seeds,0.6847349914632734,0.812478560492185
group|fl|fedavg|dirichlet_0.1|3|5|0.001|3,FedAvg dirichlet_0.1 [3N] {group},group,fl,fedavg,0.0,dirichlet_0.1,3,3,5.0,0.001,total_time_s,3,"123,42,456",3456.68,2.083098653448891,5.174703922328722,3451.505296077671,3461.8547039223286,t_seeds,3455.25,3459.07
group|fl|fedprox_0.01|dirichlet_0.1|3|5|0.001|3,FedProx(mu=0.01) dirichlet_0.1 [3N] {group},group,fl,fedprox_0.01,0.01,dirichlet_0.1,3,3,5.0,0.001,final_cumulative_mb,3,"123,42,456",165.465288,0.0,0.0,165.465288,165.465288,t_seeds,165.465288,165.465288
group|fl|fedprox_0.01|dirichlet_0.1|3|5|0.001|3,FedProx(mu=0.01) dirichlet_0.1 [3N] {group},group,fl,fedprox_0.01,0.01,dirichlet_0.1,3,3,5.0,0.001,round1_accuracy,3,"123,42,456",0.7068660331656419,0.11816078710030758,0.293527667285976,0.4133383658796659,1.000393700451618,t_seeds,0.6164058133035215,0.8405533817775294
group|fl|fedprox_0.01|dirichlet_0.1|3|5|0.001|3,FedProx(mu=0.01) dirichlet_0.1 [3N] {group},group,fl,fedprox_0.01,0.01,dirichlet_0.1,3,3,5.0,0.001,selected_round,3,"123,42,456",1.6666666666666667,1.1547005383792517,2.8684351531663084,-1.2017684864996416,4.535101819832975,t_seeds,1.0,3.0
group|fl|fedprox_0.01|dirichlet_0.1|3|5|0.001|3,FedProx(mu=0.01) dirichlet_0.1 [3N] {group},group,fl,fedprox_0.01,0.01,dirichlet_0.1,3,3,5.0,0.001,selected_test_accuracy,3,"123,42,456",0.8208402739218953,0.10850715878826818,0.11098379339174591,0.6951784782506419,0.9171460650341338,cluster_bootstrap_B1000,0.6998889505830095,0.9096335369239311
group|fl|fedprox_0.01|dirichlet_0.1|3|5|0.001|3,FedProx(mu=0.01) dirichlet_0.1 [3N] {group},group,fl,fedprox_0.01,0.01,dirichlet_0.1,3,3,5.0,0.001,selected_test_balanced_accuracy,3,"123,42,456",0.809773294519077,0.08392963327027389,0.09933594374451521,0.7238538683139605,0.9225257558029909,cluster_bootstrap_B1000,0.7521704416582063,0.9060700307687829
group|fl|fedprox_0.01|dirichlet_0.1|3|5|0.001|3,FedProx(mu=0.01) dirichlet_0.1 [3N] {group},group,fl,fedprox_0.01,0.01,dirichlet_0.1,3,3,5.0,0.001,selected_test_clean_accuracy,3,"123,42,456",0.8141492633964708,0.1001323591730362,0.10737032540570068,0.6927106096456651,0.9074512604570665,cluster_bootstrap_B1000,0.7027683341427877,0.8967136150234741
group|fl|fedprox_0.01|dirichlet_0.1|3|5|0.001|3,FedProx(mu=0.01) dirichlet_0.1 [3N] {group},group,fl,fedprox_0.01,0.01,dirichlet_0.1,3,3,5.0,0.001,selected_test_clean_balanced_accuracy,3,"123,42,456",0.8034321296194751,0.08142359371651314,0.09197907001835898,0.731658263564049,0.9156164036007669,cluster_bootstrap_B1000,0.7542427020200897,0.8974177777913566
group|fl|fedprox_0.01|dirichlet_0.1|3|5|0.001|3,FedProx(mu=0.01) dirichlet_0.1 [3N] {group},group,fl,fedprox_0.01,0.01,dirichlet_0.1,3,3,5.0,0.001,selected_test_clean_f1,3,"123,42,456",0.8163252664045669,0.11895535942477245,0.12089436519634389,0.6677544955345719,0.9095432259272597,cluster_bootstrap_B1000,0.6789909416007034,0.8871924194603369
group|fl|fedprox_0.01|dirichlet_0.1|3|5|0.001|3,FedProx(mu=0.01) dirichlet_0.1 [3N] {group},group,fl,fedprox_0.01,0.01,dirichlet_0.1,3,3,5.0,0.001,selected_test_clean_loss,3,"123,42,456",0.38975881094953096,0.11971204737022041,0.13026566342833554,0.2715393917920778,0.5320707186487489,cluster_bootstrap_B1000,0.27562481316954524,0.5143613352956758
group|fl|fedprox_0.01|dirichlet_0.1|3|5|0.001|3,FedProx(mu=0.01) dirichlet_0.1 [3N] {group},group,fl,fedprox_0.01,0.01,dirichlet_0.1,3,3,5.0,0.001,selected_test_clean_macro_f1,3,"123,42,456",0.6713957659823956,0.0741840636149497,0.10150443247635438,0.5738651175882227,0.7768739825409314,cluster_bootstrap_B1000,0.5867467700566189,0.7250862619654885
group|fl|fedprox_0.01|dirichlet_0.1|3|5|0.001|3,FedProx(mu=0.01) dirichlet_0.1 [3N] {group},group,fl,fedprox_0.01,0.01,dirichlet_0.1,3,3,5.0,0.001,selected_test_clean_mcc,3,"123,42,456",0.4714741274587824,0.09078912461443737,0.14612211737024922,0.34756361402310676,0.6398078487636052,cluster_bootstrap_B1000,0.40358250478481417,0.5745987710082106
group|fl|fedprox_0.01|dirichlet_0.1|3|5|0.001|3,FedProx(mu=0.01) dirichlet_0.1 [3N] {group},group,fl,fedprox_0.01,0.01,dirichlet_0.1,3,3,5.0,0.001,selected_test_clean_precision,3,"123,42,456",0.9613293309466564,0.06065162965742172,0.07156737678421521,0.8557282639877943,0.9988630175562248,cluster_bootstrap_B1000,0.8912954758251158,0.996600291403594
group|fl|fedprox_0.01|dirichlet_0.1|3|5|0.001|3,FedProx(mu=0.01) dirichlet_0.1 [3N] {group},group,fl,fedprox_0.01,0.01,dirichlet_0.1,3,3,5.0,0.001,selected_test_clean_recall,3,"123,42,456",0.7383933639146071,0.1984084263072328,0.1838969071567642,0.5327520018952281,0.9005458162087565,cluster_bootstrap_B1000,0.5174514705361434,0.9013468166650714
group|fl|fedprox_0.01|dirichlet_0.1|3|5|0.001|3,FedProx(mu=0.01) dirichlet_0.1 [3N] {group},group,fl,fedprox_0.01,0.01,dirichlet_0.1,3,3,5.0,0.001,selected_test_clean_roc_auc,3,"123,42,456",0.9223797193321239,0.026042537033363868,0.05029702762618704,0.8748734099796671,0.9754674652320412,cluster_bootstrap_B1000,0.8950250277751116,0.9468739210540024
group|fl|fedprox_0.01|dirichlet_0.1|3|5|0.001|3,FedProx(mu=0.01) dirichlet_0.1 [3N] {group},group,fl,fedprox_0.01,0.01,dirichlet_0.1,3,3,5.0,0.001,selected_test_clean_specificity,3,"123,42,456",0.8684708953243429,0.22632144900575807,0.16498346929986218,0.6698285047680641,0.9997954433677885,cluster_bootstrap_B1000,0.6071385873751077,0.9998203475578145
group|fl|fedprox_0.01|dirichlet_0.1|3|5|0.001|3,FedProx(mu=0.01) dirichlet_0.1 [3N] {group},group,fl,fedprox_0.01,0.01,dirichlet_0.1,3,3,5.0,0.001,selected_test_f1,3,"123,42,456",0.8334411483965342,0.11495431742619845,0.11319660325377906,0.6954294291597654,0.9218226356673235,cluster_bootstrap_B1000,0.700868661237319,0.9054629679052008
group|fl|fedprox_0.01|dirichlet_0.1|3|5|0.001|3,FedProx(mu=0.01) dirichlet_0.1 [3N] {group},group,fl,fedprox_0.01,0.01,dirichlet_0.1,3,3,5.0,0.001,selected_test_fn,3,"123,42,456",1244.0,838.9499389117327,2084.067181521271,-840.0671815212709,3328.067181521271,t_seeds,515.0,2161.0
group|fl|fedprox_0.01|dirichlet_0.1|3|5|0.001|3,FedProx(mu=0.01) dirichlet_0.1 [3N] {group},group,fl,fedprox_0.01,0.01,dirichlet_0.1,3,3,5.0,0.001,selected_test_fp,3,"123,42,456",46.666666666666664,77.37139867763368,192.20120926597943,-145.53454259931277,238.8678759326461,t_seeds,1.0,136.0
group|fl|fedprox_0.01|dirichlet_0.1|3|5|0.001|3,FedProx(mu=0.01) dirichlet_0.1 [3N] {group},group,fl,fedprox_0.01,0.01,dirichlet_0.1,3,3,5.0,0.001,selected_test_loss,3,"123,42,456",0.37449218521815797,0.132539852934812,0.13674369864303706,0.24957612820586123,0.5230635254919354,cluster_bootstrap_B1000,0.24757617192812417,0.5120181120034392
group|fl|fedprox_0.01|dirichlet_0.1|3|5|0.001|3,FedProx(mu=0.01) dirichlet_0.1 [3N] {group},group,fl,fedprox_0.01,0.01,dirichlet_0.1,3,3,5.0,0.001,selected_test_macro_f1,3,"123,42,456",0.6749458563582161,0.07164873906826737,0.10587696620724463,0.570218171563714,0.7819721039782033,cluster_bootstrap_B1000,0.5928463016296853,0.724843749064485
group|fl|fedprox_0.01|dirichlet_0.1|3|5|0.001|3,FedProx(mu=0.01) dirichlet_0.1 [3N] {group},group,fl,fedprox_0.01,0.01,dirichlet_0.1,3,3,5.0,0.001,selected_test_macro_precision,3,"123,42,456",0.7165590977442227,0.026286712476330396,0.06529981378039025,0.6512592839638324,0.781858911524613,t_seeds,0.6927068705875563,0.7447423542930582
group|fl|fedprox_0.01|dirichlet_0.1|3|5|0.001|3,FedProx(mu=0.01) dirichlet_0.1 [3N] {group},group,fl,fedprox_0.01,0.01,dirichlet_0.1,3,3,5.0,0.001,selected_test_macro_recall,3,"123,42,456",0.809773294519077,0.08392963327027389,0.20849276714006257,0.6012805273790144,1.0182660616591395,t_seeds,0.7521704416582063,0.9060700307687829
group|fl|fedprox_0.01|dirichlet_0.1|3|5|0.001|3,FedProx(mu=0.01) dirichlet_0.1 [3N] {group},group,fl,fedprox_0.01,0.01,dirichlet_0.1,3,3,5.0,0.001,selected_test_macro_specificity,3,"123,42,456",0.809773294519077,0.08392963327027389,0.20849276714006257,0.6012805273790144,1.0182660616591395,t_seeds,0.7521704416582063,0.9060700307687829
group|fl|fedprox_0.01|dirichlet_0.1|3|5|0.001|3,FedProx(mu=0.01) dirichlet_0.1 [3N] {group},group,fl,fedprox_0.01,0.01,dirichlet_0.1,3,3,5.0,0.001,selected_test_mcc,3,"123,42,456",0.4758931624330674,0.08368104538488433,0.14628608645164412,0.354619414895403,0.6471915877986912,cluster_bootstrap_B1000,0.4148414273200666,0.5712806641539647
group|fl|fedprox_0.01|dirichlet_0.1|3|5|0.001|3,FedProx(mu=0.01) dirichlet_0.1 [3N] {group},group,fl,fedprox_0.01,0.01,dirichlet_0.1,3,3,5.0,0.001,selected_test_n_examples,3,"123,42,456",7204.0,0.0,0.0,7204.0,7204.0,t_seeds,7204.0,7204.0
group|fl|fedprox_0.01|dirichlet_0.1|3|5|0.001|3,FedProx(mu=0.01) dirichlet_0.1 [3N] {group},group,fl,fedprox_0.01,0.01,dirichlet_0.1,3,3,5.0,0.001,selected_test_precision,3,"123,42,456",0.9683452298924244,0.05042979026823763,0.07023105677484442,0.8587968849958891,0.999258998545578,cluster_bootstrap_B1000,0.9101154551396414,0.9978258298315531
group|fl|fedprox_0.01|dirichlet_0.1|3|5|0.001|3,FedProx(mu=0.01) dirichlet_0.1 [3N] {group},group,fl,fedprox_0.01,0.01,dirichlet_0.1,3,3,5.0,0.001,selected_test_recall,3,"123,42,456",0.7563189797357538,0.19191107450573233,0.17569809322285435,0.5640690537446308,0.9154652401903395,cluster_bootstrap_B1000,0.5423153106584676,0.9131373048577297
group|fl|fedprox_0.01|dirichlet_0.1|3|5|0.001|3,FedProx(mu=0.01) dirichlet_0.1 [3N] {group},group,fl,fedprox_0.01,0.01,dirichlet_0.1,3,3,5.0,0.001,selected_test_roc_auc,3,"123,42,456",0.9298727767916558,0.02654608288329829,0.04904843857060748,0.8799353780882803,0.9780322552294952,cluster_bootstrap_B1000,0.9018776082241452,0.9546822720584169
group|fl|fedprox_0.01|dirichlet_0.1|3|5|0.001|3,FedProx(mu=0.01) dirichlet_0.1 [3N] {group},group,fl,fedprox_0.01,0.01,dirichlet_0.1,3,3,5.0,0.001,selected_test_specificity,3,"123,42,456",0.8632276093024003,0.23558049515337368,0.17623351261738318,0.647340640058895,0.9998076652936614,cluster_bootstrap_B1000,0.5912035784586833,0.9998435116020155
group|fl|fedprox_0.01|dirichlet_0.1|3|5|0.001|3,FedProx(mu=0.01) dirichlet_0.1 [3N] {group},group,fl,fedprox_0.01,0.01,dirichlet_0.1,3,3,5.0,0.001,selected_test_tn,3,"123,42,456",2567.3333333333335,77.37139867763368,192.20120926597943,2375.132124067354,2759.5345425993128,t_seeds,2478.0,2613.0
group|fl|fedprox_0.01|dirichlet_0.1|3|5|0.001|3,FedProx(mu=0.01) dirichlet_0.1 [3N] {group},group,fl,fedprox_0.01,0.01,dirichlet_0.1,3,3,5.0,0.001,selected_test_tp,3,"123,42,456",3346.0,838.9499389117327,2084.067181521271,1261.9328184787291,5430.067181521271,t_seeds,2429.0,4075.0
group|fl|fedprox_0.01|dirichlet_0.1|3|5|0.001|3,FedProx(mu=0.01) dirichlet_0.1 [3N] {group},group,fl,fedprox_0.01,0.01,dirichlet_0.1,3,3,5.0,0.001,selected_val_loss,3,"123,42,456",0.4872665816002831,0.17295037797737542,0.42963255619507207,0.05763402540521101,0.9168991377953551,t_seeds,0.2995165769914514,0.6400846502446408
group|fl|fedprox_0.01|dirichlet_0.1|3|5|0.001|3,FedProx(mu=0.01) dirichlet_0.1 [3N] {group},group,fl,fedprox_0.01,0.01,dirichlet_0.1,3,3,5.0,0.001,total_time_s,3,"123,42,456",5632.986666666667,89.95281948517966,223.4551911614047,5409.531475505262,5856.441857828071,t_seeds,5553.1,5730.42
group_final_epoch|local|local_only|dirichlet_0.1|3|15||3,Local-only dirichlet_0.1 {group_final_epoch},group_final_epoch,local,local_only,,dirichlet_0.1,3,3,15.0,,final_accuracy,3,"123,42,456",0.9070366666666666,0.03148602681084634,0.07821562659400537,0.8288210400726612,0.985252293260672,t_seeds,0.874595,0.937471
group_final_epoch|local|local_only|dirichlet_0.1|3|15||3,Local-only dirichlet_0.1 {group_final_epoch},group_final_epoch,local,local_only,,dirichlet_0.1,3,3,15.0,,final_balanced_accuracy,3,"123,42,456",0.5869965555555555,0.03520265811354671,0.08744825057371512,0.4995483049818404,0.6744448061292706,t_seeds,0.5480896666666667,0.616644
group_final_epoch|local|local_only|dirichlet_0.1|3|15||3,Local-only dirichlet_0.1 {group_final_epoch},group_final_epoch,local,local_only,,dirichlet_0.1,3,3,15.0,,final_cumulative_mb,3,"123,42,456",0.0,0.0,0.0,0.0,0.0,t_seeds,0.0,0.0
group_final_epoch|local|local_only|dirichlet_0.1|3|15||3,Local-only dirichlet_0.1 {group_final_epoch},group_final_epoch,local,local_only,,dirichlet_0.1,3,3,15.0,,final_elapsed_s,3,"123,42,456",905.9,0.4630814663150674,1.150358134085899,904.7496418659141,907.0503581340859,t_seeds,905.5999999999999,906.4333333333334
group_final_epoch|local|local_only|dirichlet_0.1|3|15||3,Local-only dirichlet_0.1 {group_final_epoch},group_final_epoch,local,local_only,,dirichlet_0.1,3,3,15.0,,final_f1,3,"123,42,456",0.7643074444444444,0.04732197370418165,0.11755429947301509,0.6467531449714293,0.8818617439174595,t_seeds,0.709939,0.796227
group_final_epoch|local|local_only|dirichlet_0.1|3|15||3,Local-only dirichlet_0.1 {group_final_epoch},group_final_epoch,local,local_only,,dirichlet_0.1,3,3,15.0,,final_fn,3,"123,42,456",453.0,203.0295544988463,504.35337293045296,-51.35337293045296,957.3533729304529,t_seeds,248.0,654.0
group_final_epoch|local|local_only|dirichlet_0.1|3|15||3,Local-only dirichlet_0.1 {group_final_epoch},group_final_epoch,local,local_only,,dirichlet_0.1,3,3,15.0,,final_fp,3,"123,42,456",196.66666666666666,56.21684207898318,139.65037744391495,57.01628922275171,336.3170441105816,t_seeds,157.0,261.0
group_final_epoch|local|local_only|dirichlet_0.1|3|15||3,Local-only dirichlet_0.1 {group_final_epoch},group_final_epoch,local,local_only,,dirichlet_0.1,3,3,15.0,,final_loss,3,"123,42,456",0.6452844444444445,0.055610210469674376,0.13814342098609117,0.5071410234583533,0.7834278654305358,t_seeds,0.583257,0.6906836666666667
group_final_epoch|local|local_only|dirichlet_0.1|3|15||3,Local-only dirichlet_0.1 {group_final_epoch},group_final_epoch,local,local_only,,dirichlet_0.1,3,3,15.0,,final_macro_f1,3,"123,42,456",0.6085145555555554,0.04179292969488356,0.10381939273959047,0.5046951628159649,0.712333948295146,t_seeds,0.5688223333333333,0.6521313333333333
group_final_epoch|local|local_only|dirichlet_0.1|3|15||3,Local-only dirichlet_0.1 {group_final_epoch},group_final_epoch,local,local_only,,dirichlet_0.1,3,3,15.0,,final_macro_precision,3,"123,42,456",0.7439745555555555,0.042215154489739753,0.1048682572753288,0.6391062982802267,0.8488428128308843,t_seeds,0.6986616666666666,0.782193
group_final_epoch|local|local_only|dirichlet_0.1|3|15||3,Local-only dirichlet_0.1 {group_final_epoch},group_final_epoch,local,local_only,,dirichlet_0.1,3,3,15.0,,final_macro_recall,3,"123,42,456",0.5869965555555555,0.03520265811354671,0.08744825057371512,0.4995483049818404,0.6744448061292706,t_seeds,0.5480896666666667,0.616644
group_final_epoch|local|local_only|dirichlet_0.1|3|15||3,Local-only dirichlet_0.1 {group_final_epoch},group_final_epoch,local,local_only,,dirichlet_0.1,3,3,15.0,,final_macro_specificity,3,"123,42,456",0.5869965555555555,0.03520265811354671,0.08744825057371512,0.4995483049818404,0.6744448061292706,t_seeds,0.5480896666666667,0.616644
group_final_epoch|local|local_only|dirichlet_0.1|3|15||3,Local-only dirichlet_0.1 {group_final_epoch},group_final_epoch,local,local_only,,dirichlet_0.1,3,3,15.0,,final_mcc,3,"123,42,456",0.2790687777777778,0.0703825170339697,0.17483986481199412,0.10422891296578365,0.4539086425897719,t_seeds,0.2246646666666667,0.358557
group_final_epoch|local|local_only|dirichlet_0.1|3|15||3,Local-only dirichlet_0.1 {group_final_epoch},group_final_epoch,local,local_only,,dirichlet_0.1,3,3,15.0,,final_n_examples,3,"123,42,456",7204.0,0.0,0.0,7204.0,7204.0,t_seeds,7204.0,7204.0
group_final_epoch|local|local_only|dirichlet_0.1|3|15||3,Local-only dirichlet_0.1 {group_final_epoch},group_final_epoch,local,local_only,,dirichlet_0.1,3,3,15.0,,final_precision,3,"123,42,456",0.9398046666666667,0.024767704255968335,0.06152638817573009,0.8782782784909366,1.0013310548423968,t_seeds,0.9142243333333333,0.9636706666666667
group_final_epoch|local|local_only|dirichlet_0.1|3|15||3,Local-only dirichlet_0.1 {group_final_epoch},group_final_epoch,local,local_only,,dirichlet_0.1,3,3,15.0,,final_recall,3,"123,42,456",0.72239,0.04083867500707306,0.10144889268298586,0.6209411073170141,0.8238388926829858,t_seeds,0.6754803333333333,0.7500173333333334
group_final_epoch|local|local_only|dirichlet_0.1|3|15||3,Local-only dirichlet_0.1 {group_final_epoch},group_final_epoch,local,local_only,,dirichlet_0.1,3,3,15.0,,final_roc_auc,3,"123,42,456",0.7498703333333333,0.02933681435973882,0.07287668689364582,0.6769936464396875,0.8227470202269791,t_seeds,0.716727,0.7725073333333333
group_final_epoch|local|local_only|dirichlet_0.1|3|15||3,Local-only dirichlet_0.1 {group_final_epoch},group_final_epoch,local,local_only,,dirichlet_0.1,3,3,15.0,,final_specificity,3,"123,42,456",0.4516031111111111,0.08576508295229952,0.21305227691320258,0.23855083419790854,0.6646553880243137,t_seeds,0.3545073333333333,0.5170316666666667
group_final_epoch|local|local_only|dirichlet_0.1|3|15||3,Local-only dirichlet_0.1 {group_final_epoch},group_final_epoch,local,local_only,,dirichlet_0.1,3,3,15.0,,final_tn,3,"123,42,456",2417.3333333333335,56.21684207898318,139.65037744391495,2277.6829558894187,2556.9837107772482,t_seeds,2353.0,2457.0
group_final_epoch|local|local_only|dirichlet_0.1|3|15||3,Local-only dirichlet_0.1 {group_final_epoch},group_final_epoch,local,local_only,,dirichlet_0.1,3,3,15.0,,final_tp,3,"123,42,456",4137.0,203.0295544988463,504.35337293045296,3632.646627069547,4641.353372930453,t_seeds,3936.0,4342.0
group_final_epoch|local|local_only|dirichlet_0.1|3|15||3,Local-only dirichlet_0.1 {group_final_epoch},group_final_epoch,local,local_only,,dirichlet_0.1,3,3,15.0,,round1_accuracy,3,"123,42,456",0.9523536666666667,0.007712767690294024,0.019159577081428875,0.9331940895852378,0.9715132437480956,t_seeds,0.9435020000000001,0.9576296666666666
group_final_epoch|local|local_only|dirichlet_0.1|3|15||3,Local-only dirichlet_0.1 {group_final_epoch},group_final_epoch,local,local_only,,dirichlet_0.1,3,3,15.0,,total_time_s,3,"123,42,456",2770.8799999999997,1.4943895074577607,3.7122693315198245,2767.1677306684796,2774.5922693315197,t_seeds,2769.9,2772.6
group|local|local_only|dirichlet_0.1|3|15||3,Local-only dirichlet_0.1 {group},group,local,local_only,,dirichlet_0.1,3,3,15.0,,final_cumulative_mb,3,"123,42,456",0.0,0.0,0.0,0.0,0.0,t_seeds,0.0,0.0
group|local|local_only|dirichlet_0.1|3|15||3,Local-only dirichlet_0.1 {group},group,local,local_only,,dirichlet_0.1,3,3,15.0,,round1_accuracy,3,"123,42,456",0.9523536666666667,0.007712767690294024,0.019159577081428875,0.9331940895852378,0.9715132437480956,t_seeds,0.9435020000000001,0.9576296666666666
group|local|local_only|dirichlet_0.1|3|15||3,Local-only dirichlet_0.1 {group},group,local,local_only,,dirichlet_0.1,3,3,15.0,,selected_test_accuracy,3,"123,42,456",0.9232488888888889,0.016511442484711134,0.03736015160084538,0.8693390329827934,0.9440593361844841,cluster_bootstrap_B1000,0.9128943333333334,0.9422903333333332
group|local|local_only|dirichlet_0.1|3|15||3,Local-only dirichlet_0.1 {group},group,local,local_only,,dirichlet_0.1,3,3,15.0,,selected_test_balanced_accuracy,3,"123,42,456",0.5622137777777779,0.06836134471105515,0.08563618646699123,0.5104491817974994,0.6817215547314819,cluster_bootstrap_B1000,0.5224030000000001,0.6411496666666667
group|local|local_only|dirichlet_0.1|3|15||3,Local-only dirichlet_0.1 {group},group,local,local_only,,dirichlet_0.1,3,3,15.0,,selected_test_clean_accuracy,3,"123,42,456",0.9248047993538767,0.016250960041267314,0.03870380088144282,0.8687396190582845,0.9461472208211701,cluster_bootstrap_B1000,0.9142389277501467,0.9435177563844288
group|local|local_only|dirichlet_0.1|3|15||3,Local-only dirichlet_0.1 {group},group,local,local_only,,dirichlet_0.1,3,3,15.0,,selected_test_clean_balanced_accuracy,3,"123,42,456",0.5686859736887947,0.07054243464955966,0.09281377354362763,0.5115930836213067,0.697220630708562,cluster_bootstrap_B1000,0.5278106227763643,0.650141182298413
group|local|local_only|dirichlet_0.1|3|15||3,Local-only dirichlet_0.1 {group},group,local,local_only,,dirichlet_0.1,3,3,15.0,,selected_test_clean_f1,3,"123,42,456",0.7850729030610295,0.08842239966869618,0.12519606004553335,0.6689208604247432,0.9193129805158099,cluster_bootstrap_B1000,0.7302395185186784,0.8870784397923094
group|local|local_only|dirichlet_0.1|3|15||3,Local-only dirichlet_0.1 {group},group,local,local_only,,dirichlet_0.1,3,3,15.0,,selected_test_clean_loss,3,"123,42,456",0.6217930224069637,0.2972335878159486,0.7512957592781212,0.3188108672257499,1.8214023857819923,cluster_bootstrap_B1000,0.3494873397281928,0.9388740735743846
group|local|local_only|dirichlet_0.1|3|15||3,Local-only dirichlet_0.1 {group},group,local,local_only,,dirichlet_0.1,3,3,15.0,,selected_test_clean_macro_f1,3,"123,42,456",0.5817425335773065,0.09271267104760132,0.10333290124065794,0.49038576227099356,0.6970515647523094,cluster_bootstrap_B1000,0.5279965132231709,0.6887976074896659
group|local|local_only|dirichlet_0.1|3|15||3,Local-only dirichlet_0.1 {group},group,local,local_only,,dirichlet_0.1,3,3,15.0,,selected_test_clean_mcc,3,"123,42,456",0.22595046988045328,0.17053817347011463,0.18912035601173094,0.06749165504628266,0.44573236706974456,cluster_bootstrap_B1000,0.12468523451805165,0.4228440963465348
group|local|local_only|dirichlet_0.1|3|15||3,Local-only dirichlet_0.1 {group},group,local,local_only,,dirichlet_0.1,3,3,15.0,,selected_test_clean_precision,3,"123,42,456",0.9469767370136539,0.00014373740508059516,0.05900015938963599,0.8406760866362359,0.9586764054155079,cluster_bootstrap_B1000,0.9468274836799768,0.9471142367542921
group|local|local_only|dirichlet_0.1|3|15||3,Local-only dirichlet_0.1 {group},group,local,local_only,,dirichlet_0.1,3,3,15.0,,selected_test_clean_recall,3,"123,42,456",0.7660492638125342,0.08060235727172552,0.11914671893687201,0.6830917235654804,0.9213851614392244,cluster_bootstrap_B1000,0.7162273061587893,0.859041586628933
group|local|local_only|dirichlet_0.1|3|15||3,Local-only dirichlet_0.1 {group},group,local,local_only,,dirichlet_0.1,3,3,15.0,,selected_test_clean_roc_auc,3,"123,42,456",0.748426554863206,0.07360577700357535,0.12957492640232365,0.6553668347847924,0.9145166875894397,cluster_bootstrap_B1000,0.7052696481422337,0.8334157443809711
group|local|local_only|dirichlet_0.1|3|15||3,Local-only dirichlet_0.1 {group},group,local,local_only,,dirichlet_0.1,3,3,15.0,,selected_test_clean_specificity,3,"123,42,456",0.37132268356505516,0.06062662517531842,0.09046723196148251,0.3333333333333333,0.5142677972562983,cluster_bootstrap_B1000,0.3333333333333333,0.44124077796789285
group|local|local_only|dirichlet_0.1|3|15||3,Local-only dirichlet_0.1 {group},group,local,local_only,,dirichlet_0.1,3,3,15.0,,selected_test_f1,3,"123,42,456",0.7710136666666667,0.08955422423004093,0.12741328321707912,0.6612725223866582,0.9160990888208165,cluster_bootstrap_B1000,0.7164433333333333,0.874368
group|local|local_only|dirichlet_0.1|3|15||3,Local-only dirichlet_0.1 {group},group,local,local_only,,dirichlet_0.1,3,3,15.0,,selected_test_fn,3,"123,42,456",247.66666666666666,72.1549259117722,179.2427725459844,68.42389412068226,426.909439212651,t_seeds,165.0,298.0
group|local|local_only|dirichlet_0.1|3|15||3,Local-only dirichlet_0.1 {group},group,local,local_only,,dirichlet_0.1,3,3,15.0,,selected_test_fp,3,"123,42,456",245.33333333333334,34.93326972004386,86.77905270630684,158.55428062702651,332.11238603964017,t_seeds,205.0,266.0
group|local|local_only|dirichlet_0.1|3|15||3,Local-only dirichlet_0.1 {group},group,local,local_only,,dirichlet_0.1,3,3,15.0,,selected_test_loss,3,"123,42,456",0.5784955555555555,0.27971489988862536,0.7083296129119856,0.30855960267934923,1.7252188285033205,cluster_bootstrap_B1000,0.31973066666666666,0.8752726666666667
group|local|local_only|dirichlet_0.1|3|15||3,Local-only dirichlet_0.1 {group},group,local,local_only,,dirichlet_0.1,3,3,15.0,,selected_test_macro_f1,3,"123,42,456",0.5733616666666667,0.09342054330166237,0.09862342440098798,0.48811224788072416,0.6853590966827001,cluster_bootstrap_B1000,0.5191653333333334,0.681234
group|local|local_only|dirichlet_0.1|3|15||3,Local-only dirichlet_0.1 {group},group,local,local_only,,dirichlet_0.1,3,3,15.0,,selected_test_macro_precision,3,"123,42,456",0.6861147777777777,0.10215114569887405,0.2537575133290756,0.43235726444870215,0.9398722911068533,t_seeds,0.6251136666666667,0.8040453333333334
group|local|local_only|dirichlet_0.1|3|15||3,Local-only dirichlet_0.1 {group},group,local,local_only,,dirichlet_0.1,3,3,15.0,,selected_test_macro_recall,3,"123,42,456",0.5622137777777779,0.06836134471105515,0.16981899442269607,0.3923947833550818,0.732032772200474,t_seeds,0.5224030000000001,0.6411496666666667
group|local|local_only|dirichlet_0.1|3|15||3,Local-only dirichlet_0.1 {group},group,local,local_only,,dirichlet_0.1,3,3,15.0,,selected_test_macro_specificity,3,"123,42,456",0.5622137777777779,0.06836134471105515,0.16981899442269607,0.3923947833550818,0.732032772200474,t_seeds,0.5224030000000001,0.6411496666666667
group|local|local_only|dirichlet_0.1|3|15||3,Local-only dirichlet_0.1 {group},group,local,local_only,,dirichlet_0.1,3,3,15.0,,selected_test_mcc,3,"123,42,456",0.21301822222222222,0.17147548377030244,0.182536003633252,0.05893607531747751,0.42400808258398154,cluster_bootstrap_B1000,0.11051766666666667,0.4109793333333333
group|local|local_only|dirichlet_0.1|3|15||3,Local-only dirichlet_0.1 {group},group,local,local_only,,dirichlet_0.1,3,3,15.0,,selected_test_n_examples,3,"123,42,456",7204.0,0.0,0.0,7204.0,7204.0,t_seeds,7204.0,7204.0
group|local|local_only|dirichlet_0.1|3|15||3,Local-only dirichlet_0.1 {group},group,local,local_only,,dirichlet_0.1,3,3,15.0,,selected_test_precision,3,"123,42,456",0.9504733333333332,0.0012688278492810328,0.062016126625187795,0.8377976551060028,0.9618299083563784,cluster_bootstrap_B1000,0.949664,0.9519356666666666
group|local|local_only|dirichlet_0.1|3|15||3,Local-only dirichlet_0.1 {group},group,local,local_only,,dirichlet_0.1,3,3,15.0,,selected_test_recall,3,"123,42,456",0.7530617777777778,0.076131659081367,0.11746235390826182,0.679551978643363,0.9144766864598867,cluster_bootstrap_B1000,0.706783,0.8409293333333334
group|local|local_only|dirichlet_0.1|3|15||3,Local-only dirichlet_0.1 {group},group,local,local_only,,dirichlet_0.1,3,3,15.0,,selected_test_roc_auc,3,"123,42,456",0.7450698888888888,0.09423268371450026,0.12924511440093922,0.6566845304413782,0.9151747592432566,cluster_bootstrap_B1000,0.6876586666666666,0.853824
group|local|local_only|dirichlet_0.1|3|15||3,Local-only dirichlet_0.1 {group},group,local,local_only,,dirichlet_0.1,3,3,15.0,,selected_test_specificity,3,"123,42,456",0.37136577777777774,0.06070112245102899,0.0893129508651854,0.3333333333333333,0.5119592350637041,cluster_bootstrap_B1000,0.3333333333333333,0.44137
group|local|local_only|dirichlet_0.1|3|15||3,Local-only dirichlet_0.1 {group},group,local,local_only,,dirichlet_0.1,3,3,15.0,,selected_test_tn,3,"123,42,456",2368.6666666666665,34.93326972004386,86.77905270630684,2281.88761396036,2455.445719372973,t_seeds,2348.0,2409.0
group|local|local_only|dirichlet_0.1|3|15||3,Local-only dirichlet_0.1 {group},group,local,local_only,,dirichlet_0.1,3,3,15.0,,selected_test_tp,3,"123,42,456",4342.333333333333,72.1549259117722,179.2427725459844,4163.090560787348,4521.576105879318,t_seeds,4292.0,4425.0
group|local|local_only|dirichlet_0.1|3|15||3,Local-only dirichlet_0.1 {group},group,local,local_only,,dirichlet_0.1,3,3,15.0,,total_time_s,3,"123,42,456",3999.873333333333,42.69546853394776,106.06142350602921,3893.8119098273037,4105.934756839362,t_seeds,3961.15,4045.66
group_final_epoch|centralized|centralized|dirichlet_0.5|3|15|0.001|3,Centralized dirichlet_0.5 {group_final_epoch},group_final_epoch,centralized,centralized,,dirichlet_0.5,3,3,15.0,0.001,final_accuracy,3,"123,42,456",0.8703883333333334,0.08747708923102854,0.21730513627294668,0.6530831970603868,1.08769346960628,t_seeds,0.769893,0.929454
group_final_epoch|centralized|centralized|dirichlet_0.5|3|15|0.001|3,Centralized dirichlet_0.5 {group_final_epoch},group_final_epoch,centralized,centralized,,dirichlet_0.5,3,3,15.0,0.001,final_balanced_accuracy,3,"123,42,456",0.8878603333333333,0.0661581751738463,0.16434601788993605,0.7235143154433972,1.0522063512232693,t_seeds,0.811562,0.9293
group_final_epoch|centralized|centralized|dirichlet_0.5|3|15|0.001|3,Centralized dirichlet_0.5 {group_final_epoch},group_final_epoch,centralized,centralized,,dirichlet_0.5,3,3,15.0,0.001,final_cumulative_mb,3,"123,42,456",0.0,0.0,0.0,0.0,0.0,t_seeds,0.0,0.0
group_final_epoch|centralized|centralized|dirichlet_0.5|3|15|0.001|3,Centralized dirichlet_0.5 {group_final_epoch},group_final_epoch,centralized,centralized,,dirichlet_0.5,3,3,15.0,0.001,final_elapsed_s,3,"123,42,456",2689.1333333333337,8.120550063470867,20.17256465282452,2668.9607686805093,2709.305897986158,t_seeds,2681.7000000000003,2697.8000000000006
group_final_epoch|centralized|centralized|dirichlet_0.5|3|15|0.001|3,Centralized dirichlet_0.5 {group_final_epoch},group_final_epoch,centralized,centralized,,dirichlet_0.5,3,3,15.0,0.001,final_f1,3,"123,42,456",0.8829503333333332,0.08965824237254111,0.22272342104688075,0.6602269122864524,1.105673754380214,t_seeds,0.780035,0.944151
group_final_epoch|centralized|centralized|dirichlet_0.5|3|15|0.001|3,Centralized dirichlet_0.5 {group_final_epoch},group_final_epoch,centralized,centralized,,dirichlet_0.5,3,3,15.0,0.001,final_fn,3,"123,42,456",815.3333333333334,697.140110260006,1731.7920382706643,-916.4587049373309,2547.125371603998,t_seeds,231.0,1587.0
group_final_epoch|centralized|centralized|dirichlet_0.5|3|15|0.001|3,Centralized dirichlet_0.5 {group_final_epoch},group_final_epoch,centralized,centralized,,dirichlet_0.5,3,3,15.0,0.001,final_fp,3,"123,42,456",118.0,141.25508840392263,350.897092080811,-232.89709208081098,468.897092080811,t_seeds,7.0,277.0
group_final_epoch|centralized|centralized|dirichlet_0.5|3|15|0.001|3,Centralized dirichlet_0.5 {group_final_epoch},group_final_epoch,centralized,centralized,,dirichlet_0.5,3,3,15.0,0.001,final_loss,3,"123,42,456",0.4543893333333333,0.096655882285215,0.24010652224720325,0.21428281108613007,0.6944958555805365,t_seeds,0.37107,0.560359
group_final_epoch|centralized|centralized|dirichlet_0.5|3|15|0.001|3,Centralized dirichlet_0.5 {group_final_epoch},group_final_epoch,centralized,centralized,,dirichlet_0.5,3,3,15.0,0.001,final_macro_f1,3,"123,42,456",0.867595,0.08536809617181357,0.21206610708073106,0.655528892919269,1.0796611070807312,t_seeds,0.769403,0.924205
group_final_epoch|centralized|centralized|dirichlet_0.5|3|15|0.001|3,Centralized dirichlet_0.5 {group_final_epoch},group_final_epoch,centralized,centralized,,dirichlet_0.5,3,3,15.0,0.001,final_macro_precision,3,"123,42,456",0.8762563333333334,0.06769505949722869,0.16816385019624813,0.7080924831370853,1.0444201835295814,t_seeds,0.79912,0.925784
group_final_epoch|centralized|centralized|dirichlet_0.5|3|15|0.001|3,Centralized dirichlet_0.5 {group_final_epoch},group_final_epoch,centralized,centralized,,dirichlet_0.5,3,3,15.0,0.001,final_macro_recall,3,"123,42,456",0.8878603333333333,0.0661581751738463,0.16434601788993605,0.7235143154433972,1.0522063512232693,t_seeds,0.811562,0.9293
group_final_epoch|centralized|centralized|dirichlet_0.5|3|15|0.001|3,Centralized dirichlet_0.5 {group_final_epoch},group_final_epoch,centralized,centralized,,dirichlet_0.5,3,3,15.0,0.001,final_macro_specificity,3,"123,42,456",0.8878603333333333,0.0661581751738463,0.16434601788993605,0.7235143154433972,1.0522063512232693,t_seeds,0.811562,0.9293
group_final_epoch|centralized|centralized|dirichlet_0.5|3|15|0.001|3,Centralized dirichlet_0.5 {group_final_epoch},group_final_epoch,centralized,centralized,,dirichlet_0.5,3,3,15.0,0.001,final_mcc,3,"123,42,456",0.7639429999999999,0.1330702390018144,0.3305647990160367,0.43337820098396324,1.0945077990160366,t_seeds,0.610555,0.848497
group_final_epoch|centralized|centralized|dirichlet_0.5|3|15|0.001|3,Centralized dirichlet_0.5 {group_final_epoch},group_final_epoch,centralized,centralized,,dirichlet_0.5,3,3,15.0,0.001,final_n_examples,3,"123,42,456",7201.0,0.0,0.0,7201.0,7201.0,t_seeds,7201.0,7201.0
group_final_epoch|centralized|centralized|dirichlet_0.5|3|15|0.001|3,Centralized dirichlet_0.5 {group_final_epoch},group_final_epoch,centralized,centralized,,dirichlet_0.5,3,3,15.0,0.001,final_precision,3,"123,42,456",0.9714456666666665,0.029756875127158945,0.07392017568722094,0.8975254909794456,1.0453658423538874,t_seeds,0.939401,0.998207
group_final_epoch|centralized|centralized|dirichlet_0.5|3|15|0.001|3,Centralized dirichlet_0.5 {group_final_epoch},group_final_epoch,centralized,centralized,,dirichlet_0.5,3,3,15.0,0.001,final_recall,3,"123,42,456",0.8198156666666666,0.1540638054714128,0.38271570918730335,0.43709995747936325,1.20253137585397,t_seeds,0.649282,0.94895
group_final_epoch|centralized|centralized|dirichlet_0.5|3|15|0.001|3,Centralized dirichlet_0.5 {group_final_epoch},group_final_epoch,centralized,centralized,,dirichlet_0.5,3,3,15.0,0.001,final_roc_auc,3,"123,42,456",0.9735596666666667,0.013948938466182058,0.03465108408272766,0.938908582583939,1.0082107507493943,t_seeds,0.964338,0.989607
group_final_epoch|centralized|centralized|dirichlet_0.5|3|15|0.001|3,Centralized dirichlet_0.5 {group_final_epoch},group_final_epoch,centralized,centralized,,dirichlet_0.5,3,3,15.0,0.001,final_specificity,3,"123,42,456",0.9559043333333334,0.05278608781045753,0.13112791138572197,0.8247764219476114,1.0870322447190552,t_seeds,0.896487,0.997384
group_final_epoch|centralized|centralized|dirichlet_0.5|3|15|0.001|3,Centralized dirichlet_0.5 {group_final_epoch},group_final_epoch,centralized,centralized,,dirichlet_0.5,3,3,15.0,0.001,final_tn,3,"123,42,456",2558.0,141.25508840392263,350.897092080811,2207.102907919189,2908.897092080811,t_seeds,2399.0,2669.0
group_final_epoch|centralized|centralized|dirichlet_0.5|3|15|0.001|3,Centralized dirichlet_0.5 {group_final_epoch},group_final_epoch,centralized,centralized,,dirichlet_0.5,3,3,15.0,0.001,final_tp,3,"123,42,456",3709.6666666666665,697.140110260006,1731.7920382706643,1977.8746283960022,5441.458704937331,t_seeds,2938.0,4294.0
group_final_epoch|centralized|centralized|dirichlet_0.5|3|15|0.001|3,Centralized dirichlet_0.5 {group_final_epoch},group_final_epoch,centralized,centralized,,dirichlet_0.5,3,3,15.0,0.001,round1_accuracy,3,"123,42,456",0.9709683333333334,0.014939978792934515,0.037112964732278805,0.9338553686010547,1.0080812980656122,t_seeds,0.953744,0.980414
group_final_epoch|centralized|centralized|dirichlet_0.5|3|15|0.001|3,Centralized dirichlet_0.5 {group_final_epoch},group_final_epoch,centralized,centralized,,dirichlet_0.5,3,3,15.0,0.001,total_time_s,3,"123,42,456",2689.2566666666667,8.105605056584897,20.135439197616712,2669.12122746905,2709.392105864283,t_seeds,2681.89,2697.94
group|centralized|centralized|dirichlet_0.5|3|15|0.001|3,Centralized dirichlet_0.5 {group},group,centralized,centralized,,dirichlet_0.5,3,3,15.0,0.001,final_cumulative_mb,3,"123,42,456",0.0,0.0,0.0,0.0,0.0,t_seeds,0.0,0.0
group|centralized|centralized|dirichlet_0.5|3|15|0.001|3,Centralized dirichlet_0.5 {group},group,centralized,centralized,,dirichlet_0.5,3,3,15.0,0.001,round1_accuracy,3,"123,42,456",0.9709683333333334,0.014939978792934515,0.037112964732278805,0.9338553686010547,1.0080812980656122,t_seeds,0.953744,0.980414
group|centralized|centralized|dirichlet_0.5|3|15|0.001|3,Centralized dirichlet_0.5 {group},group,centralized,centralized,,dirichlet_0.5,3,3,15.0,0.001,selected_epoch,3,"123,42,456",7.333333333333333,3.2145502536643185,7.9853855114441235,-0.6520521781107904,15.318718844777457,t_seeds,5.0,11.0
group|centralized|centralized|dirichlet_0.5|3|15|0.001|3,Centralized dirichlet_0.5 {group},group,centralized,centralized,,dirichlet_0.5,3,3,15.0,0.001,selected_test_accuracy,3,"123,42,456",0.8943666666666666,0.030948165960737198,0.06128620477565644,0.8366623809746164,0.9592347905259293,cluster_bootstrap_B1000,0.871546,0.929593
group|centralized|centralized|dirichlet_0.5|3|15|0.001|3,Centralized dirichlet_0.5 {group},group,centralized,centralized,,dirichlet_0.5,3,3,15.0,0.001,selected_test_balanced_accuracy,3,"123,42,456",0.9084663333333333,0.016148883067671684,0.04965020041700141,0.8576767631316442,0.956977163965647,cluster_bootstrap_B1000,0.897103,0.926952
group|centralized|centralized|dirichlet_0.5|3|15|0.001|3,Centralized dirichlet_0.5 {group},group,centralized,centralized,,dirichlet_0.5,3,3,15.0,0.001,selected_test_clean_accuracy,3,"123,42,456",0.890556597873671,0.03202375763768483,0.06133708604674004,0.8343256119844487,0.9569997840779287,cluster_bootstrap_B1000,0.8667917448405253,0.9269735892625198
group|centralized|centralized|dirichlet_0.5|3|15|0.001|3,Centralized dirichlet_0.5 {group},group,centralized,centralized,,dirichlet_0.5,3,3,15.0,0.001,selected_test_clean_balanced_accuracy,3,"123,42,456",0.9061340610762995,0.014819453900254137,0.04508475619542324,0.863467950681447,0.9536374630722935,cluster_bootstrap_B1000,0.8957332629230024,0.923102372552033
group|centralized|centralized|dirichlet_0.5|3|15|0.001|3,Centralized dirichlet_0.5 {group},group,centralized,centralized,,dirichlet_0.5,3,3,15.0,0.001,selected_test_clean_f1,3,"123,42,456",0.9082003998924586,0.030641857585584728,0.05570459268480704,0.8509055496241307,0.9623147349937448,cluster_bootstrap_B1000,0.8848696519895223,0.9429022793951704
group|centralized|centralized|dirichlet_0.5|3|15|0.001|3,Centralized dirichlet_0.5 {group},group,centralized,centralized,,dirichlet_0.5,3,3,15.0,0.001,selected_test_clean_loss,3,"123,42,456",0.4439364437867959,0.04049321382600387,0.271212996684508,0.19510337194913074,0.7375293653181467,cluster_bootstrap_B1000,0.39772934036865637,0.4732349984206015
group|centralized|centralized|dirichlet_0.5|3|15|0.001|3,Centralized dirichlet_0.5 {group},group,centralized,centralized,,dirichlet_0.5,3,3,15.0,0.001,selected_test_clean_macro_f1,3,"123,42,456",0.885962748074542,0.03060944897295235,0.06584377026889676,0.8183992680212446,0.9500868085590382,cluster_bootstrap_B1000,0.8634243825775381,0.9208106272876573
group|centralized|centralized|dirichlet_0.5|3|15|0.001|3,Centralized dirichlet_0.5 {group},group,centralized,centralized,,dirichlet_0.5,3,3,15.0,0.001,selected_test_clean_mcc,3,"123,42,456",0.7892811485346792,0.04571457929613497,0.11135528321789501,0.6812339275719408,0.9039444940077308,cluster_bootstrap_B1000,0.7582845269731244,0.8417825652533362
group|centralized|centralized|dirichlet_0.5|3|15|0.001|3,Centralized dirichlet_0.5 {group},group,centralized,centralized,,dirichlet_0.5,3,3,15.0,0.001,selected_test_clean_precision,3,"123,42,456",0.976738930124292,0.024754947889085884,0.04385713796733792,0.9098766236206013,0.9975908995552771,cluster_bootstrap_B1000,0.9493296977959554,0.9974690663667042
group|centralized|centralized|dirichlet_0.5|3|15|0.001|3,Centralized dirichlet_0.5 {group},group,centralized,centralized,,dirichlet_0.5,3,3,15.0,0.001,selected_test_clean_recall,3,"123,42,456",0.8519763879548682,0.07468776784892882,0.09609523474943243,0.7641035622203904,0.9562940317192553,cluster_bootstrap_B1000,0.7951132033176418,0.9365613091235149
group|centralized|centralized|dirichlet_0.5|3|15|0.001|3,Centralized dirichlet_0.5 {group},group,centralized,centralized,,dirichlet_0.5,3,3,15.0,0.001,selected_test_clean_roc_auc,3,"123,42,456",0.9777552280639545,0.004725860462895356,0.023626095190507956,0.9446150353847825,0.9918672257657984,cluster_bootstrap_B1000,0.9728974723127178,0.9823371070800168
group|centralized|centralized|dirichlet_0.5|3|15|0.001|3,Centralized dirichlet_0.5 {group},group,centralized,centralized,,dirichlet_0.5,3,3,15.0,0.001,selected_test_clean_specificity,3,"123,42,456",0.960291734197731,0.04515783636612078,0.05467110917313378,0.8872300926831863,0.9965723110294539,cluster_bootstrap_B1000,0.9096434359805511,0.9963533225283631
group|centralized|centralized|dirichlet_0.5|3|15|0.001|3,Centralized dirichlet_0.5 {group},group,centralized,centralized,,dirichlet_0.5,3,3,15.0,0.001,selected_test_f1,3,"123,42,456",0.9092966666666668,0.03025530864713389,0.06014498706602639,0.8443196485809238,0.9646096227129766,cluster_bootstrap_B1000,0.886406,0.943598
group|centralized|centralized|dirichlet_0.5|3|15|0.001|3,Centralized dirichlet_0.5 {group},group,centralized,centralized,,dirichlet_0.5,3,3,15.0,0.001,selected_test_fn,3,"123,42,456",662.6666666666666,334.1217343025343,830.0044004963494,-167.33773382968275,1492.671067163016,t_seeds,284.0,916.0
group|centralized|centralized|dirichlet_0.5|3|15|0.001|3,Centralized dirichlet_0.5 {group},group,centralized,centralized,,dirichlet_0.5,3,3,15.0,0.001,selected_test_fp,3,"123,42,456",98.0,111.44954015158609,276.8560056477876,-178.85600564778758,374.8560056477876,t_seeds,9.0,223.0
group|centralized|centralized|dirichlet_0.5|3|15|0.001|3,Centralized dirichlet_0.5 {group},group,centralized,centralized,,dirichlet_0.5,3,3,15.0,0.001,selected_test_loss,3,"123,42,456",0.4281023333333333,0.03951515305972295,0.2853523417411458,0.1890425674485298,0.7597472509308214,cluster_bootstrap_B1000,0.383143,0.457323
group|centralized|centralized|dirichlet_0.5|3|15|0.001|3,Centralized dirichlet_0.5 {group},group,centralized,centralized,,dirichlet_0.5,3,3,15.0,0.001,selected_test_macro_f1,3,"123,42,456",0.891098,0.02973042281905859,0.0682701590622724,0.8177168864307439,0.9542572045552887,cluster_bootstrap_B1000,0.869309,0.924967
group|centralized|centralized|dirichlet_0.5|3|15|0.001|3,Centralized dirichlet_0.5 {group},group,centralized,centralized,,dirichlet_0.5,3,3,15.0,0.001,selected_test_macro_precision,3,"123,42,456",0.8900323333333334,0.0287859368500199,0.07150823129719794,0.8185241020361355,0.9615405646305314,t_seeds,0.87093,0.923141
group|centralized|centralized|dirichlet_0.5|3|15|0.001|3,Centralized dirichlet_0.5 {group},group,centralized,centralized,,dirichlet_0.5,3,3,15.0,0.001,selected_test_macro_recall,3,"123,42,456",0.9084663333333333,0.016148883067671684,0.040116049431049586,0.8683502839022836,0.9485823827643829,t_seeds,0.897103,0.926952
group|centralized|centralized|dirichlet_0.5|3|15|0.001|3,Centralized dirichlet_0.5 {group},group,centralized,centralized,,dirichlet_0.5,3,3,15.0,0.001,selected_test_macro_specificity,3,"123,42,456",0.9084663333333333,0.016148883067671684,0.040116049431049586,0.8683502839022836,0.9485823827643829,t_seeds,0.897103,0.926952
group|centralized|centralized|dirichlet_0.5|3|15|0.001|3,Centralized dirichlet_0.5 {group},group,centralized,centralized,,dirichlet_0.5,3,3,15.0,0.001,selected_test_mcc,3,"123,42,456",0.7982093333333333,0.04516840717064672,0.11399968047188636,0.6827117448369288,0.9107111057807015,cluster_bootstrap_B1000,0.767587,0.850084
group|centralized|centralized|dirichlet_0.5|3|15|0.001|3,Centralized dirichlet_0.5 {group},group,centralized,centralized,,dirichlet_0.5,3,3,15.0,0.001,selected_test_n_examples,3,"123,42,456",7201.0,0.0,0.0,7201.0,7201.0,t_seeds,7201.0,7201.0
group|centralized|centralized|dirichlet_0.5|3|15|0.001|3,Centralized dirichlet_0.5 {group},group,centralized,centralized,,dirichlet_0.5,3,3,15.0,0.001,selected_test_precision,3,"123,42,456",0.9770789999999999,0.02441226992723123,0.04830367133538627,0.9007536198846876,0.9973609625554601,cluster_bootstrap_B1000,0.950045,0.997512
group|centralized|centralized|dirichlet_0.5|3|15|0.001|3,Centralized dirichlet_0.5 {group},group,centralized,centralized,,dirichlet_0.5,3,3,15.0,0.001,selected_test_recall,3,"123,42,456",0.8535543333333333,0.07383939085835782,0.10001218339637347,0.7673561041340475,0.9673804709267945,cluster_bootstrap_B1000,0.797569,0.937238
group|centralized|centralized|dirichlet_0.5|3|15|0.001|3,Centralized dirichlet_0.5 {group},group,centralized,centralized,,dirichlet_0.5,3,3,15.0,0.001,selected_test_roc_auc,3,"123,42,456",0.979546,0.004373797320407064,0.025127439820083308,0.942779894088163,0.9930347737283296,cluster_bootstrap_B1000,0.975112,0.983857
group|centralized|centralized|dirichlet_0.5|3|15|0.001|3,Centralized dirichlet_0.5 {group},group,centralized,centralized,,dirichlet_0.5,3,3,15.0,0.001,selected_test_specificity,3,"123,42,456",0.9633783333333333,0.04164769988046558,0.05459113837212276,0.8875789605107237,0.9967612372549692,cluster_bootstrap_B1000,0.916667,0.996637
group|centralized|centralized|dirichlet_0.5|3|15|0.001|3,Centralized dirichlet_0.5 {group},group,centralized,centralized,,dirichlet_0.5,3,3,15.0,0.001,selected_test_tn,3,"123,42,456",2578.0,111.44954015158609,276.8560056477876,2301.1439943522123,2854.8560056477877,t_seeds,2453.0,2667.0
group|centralized|centralized|dirichlet_0.5|3|15|0.001|3,Centralized dirichlet_0.5 {group},group,centralized,centralized,,dirichlet_0.5,3,3,15.0,0.001,selected_test_tp,3,"123,42,456",3862.3333333333335,334.1217343025343,830.0044004963494,3032.328932836984,4692.337733829683,t_seeds,3609.0,4241.0
group|centralized|centralized|dirichlet_0.5|3|15|0.001|3,Centralized dirichlet_0.5 {group},group,centralized,centralized,,dirichlet_0.5,3,3,15.0,0.001,selected_val_loss,3,"123,42,456",0.05777632154345159,0.009687893068228148,0.024066060518190158,0.03371026102526143,0.08184238206164174,t_seeds,0.046887188529348346,0.06544020297910123
group|centralized|centralized|dirichlet_0.5|3|15|0.001|3,Centralized dirichlet_0.5 {group},group,centralized,centralized,,dirichlet_0.5,3,3,15.0,0.001,total_time_s,3,"123,42,456",3598.5866666666666,8.258748896372394,20.51586958535508,3578.0707970813114,3619.1025362520218,t_seeds,3589.52,3605.68
group|fl|fedavg|dirichlet_0.5|3|5|0.001|3,FedAvg dirichlet_0.5 [3N] {group},group,fl,fedavg,0.0,dirichlet_0.5,3,3,5.0,0.001,final_cumulative_mb,3,"123,42,456",165.465288,0.0,0.0,165.465288,165.465288,t_seeds,165.465288,165.465288
group|fl|fedavg|dirichlet_0.5|3|5|0.001|3,FedAvg dirichlet_0.5 [3N] {group},group,fl,fedavg,0.0,dirichlet_0.5,3,3,5.0,0.001,round1_accuracy,3,"123,42,456",0.9357781173311107,0.008004213589828925,0.019883568831398524,0.9158945484997122,0.9556616861625092,t_seeds,0.9274899291568274,0.943464370051396
group|fl|fedavg|dirichlet_0.5|3|5|0.001|3,FedAvg dirichlet_0.5 [3N] {group},group,fl,fedavg,0.0,dirichlet_0.5,3,3,5.0,0.001,selected_round,3,"123,42,456",2.6666666666666665,0.5773502691896258,1.4342175765831542,1.2324490900835123,4.100884243249821,t_seeds,2.0,3.0
group|fl|fedavg|dirichlet_0.5|3|5|0.001|3,FedAvg dirichlet_0.5 [3N] {group},group,fl,fedavg,0.0,dirichlet_0.5,3,3,5.0,0.001,selected_test_accuracy,3,"123,42,456",0.8717307781326668,0.07437842543708595,0.08973452389871456,0.7684112884926836,0.9478803362901127,cluster_bootstrap_B1000,0.7880849881960839,0.9304263296764338
group|fl|fedavg|dirichlet_0.5|3|5|0.001|3,FedAvg dirichlet_0.5 [3N] {group},group,fl,fedavg,0.0,dirichlet_0.5,3,3,5.0,0.001,selected_test_balanced_accuracy,3,"123,42,456",0.8905398406669566,0.06657440293694733,0.07278387740584452,0.807761501173689,0.953329255985378,cluster_bootstrap_B1000,0.8152916083996493,0.9417811805226123
group|fl|fedavg|dirichlet_0.5|3|5|0.001|3,FedAvg dirichlet_0.5 [3N] {group},group,fl,fedavg,0.0,dirichlet_0.5,3,3,5.0,0.001,selected_test_clean_accuracy,3,"123,42,456",0.8674652426997643,0.07780952806330886,0.08916327013016323,0.7695087506365286,0.947835290896855,cluster_bootstrap_B1000,0.7799105209987011,0.9287054409005628
group|fl|fedavg|dirichlet_0.5|3|5|0.001|3,FedAvg dirichlet_0.5 [3N] {group},group,fl,fedavg,0.0,dirichlet_0.5,3,3,5.0,0.001,selected_test_clean_balanced_accuracy,3,"123,42,456",0.8887805884939861,0.06785473833574933,0.07512417936167215,0.8048786369166012,0.9551269956399455,cluster_bootstrap_B1000,0.8120040026682597,0.9407070650487438
group|fl|fedavg|dirichlet_0.5|3|5|0.001|3,FedAvg dirichlet_0.5 [3N] {group},group,fl,fedavg,0.0,dirichlet_0.5,3,3,5.0,0.001,selected_test_clean_f1,3,"123,42,456",0.8734974274440989,0.08830164236296238,0.100355412553641,0.7542515344139391,0.9549623595212211,cluster_bootstrap_B1000,0.7734803179026173,0.9406702880039463
group|fl|fedavg|dirichlet_0.5|3|5|0.001|3,FedAvg dirichlet_0.5 [3N] {group},group,fl,fedavg,0.0,dirichlet_0.5,3,3,5.0,0.001,selected_test_clean_loss,3,"123,42,456",0.603150973902019,0.09670823309716915,0.39502512238611487,0.22180089506799644,1.0118511398402261,cluster_bootstrap_B1000,0.5271889191048622,0.7120178745196085
group|fl|fedavg|dirichlet_0.5|3|5|0.001|3,FedAvg dirichlet_0.5 [3N] {group},group,fl,fedavg,0.0,dirichlet_0.5,3,3,5.0,0.001,selected_test_clean_macro_f1,3,"123,42,456",0.8258004192817127,0.07319237478115115,0.09502093157316938,0.7187845778670936,0.9088264410134324,cluster_bootstrap_B1000,0.7437040893193266,0.8842344457927456
group|fl|fedavg|dirichlet_0.5|3|5|0.001|3,FedAvg dirichlet_0.5 [3N] {group},group,fl,fedavg,0.0,dirichlet_0.5,3,3,5.0,0.001,selected_test_clean_mcc,3,"123,42,456",0.6994632747529296,0.11571724107668399,0.14404797084169485,0.546495518151537,0.8345914598349267,cluster_bootstrap_B1000,0.5698135261113652,0.7922825572704173
group|fl|fedavg|dirichlet_0.5|3|5|0.001|3,FedAvg dirichlet_0.5 [3N] {group},group,fl,fedavg,0.0,dirichlet_0.5,3,3,5.0,0.001,selected_test_clean_precision,3,"123,42,456",0.98814200033957,0.012031554543917737,0.032157644652439255,0.9351126911854167,0.9994279804902952,cluster_bootstrap_B1000,0.9752732450002514,0.9991101023894532
group|fl|fedavg|dirichlet_0.5|3|5|0.001|3,FedAvg dirichlet_0.5 [3N] {group},group,fl,fedavg,0.0,dirichlet_0.5,3,3,5.0,0.001,selected_test_clean_recall,3,"123,42,456",0.7911493768109095,0.12858451959841244,0.14878533315373227,0.6294259983384943,0.9269966646459589,cluster_bootstrap_B1000,0.6476806353722662,0.8959974735794589
group|fl|fedavg|dirichlet_0.5|3|5|0.001|3,FedAvg dirichlet_0.5 [3N] {group},group,fl,fedavg,0.0,dirichlet_0.5,3,3,5.0,0.001,selected_test_clean_roc_auc,3,"123,42,456",0.970874585040315,0.01809462344349137,0.03732119855787619,0.9024907202625099,0.9771331173782623,cluster_bootstrap_B1000,0.9500105342410138,0.9822730139503502
group|fl|fedavg|dirichlet_0.5|3|5|0.001|3,FedAvg dirichlet_0.5 [3N] {group},group,fl,fedavg,0.0,dirichlet_0.5,3,3,5.0,0.001,selected_test_clean_specificity,3,"123,42,456",0.970632707474893,0.010685683787030253,0.023903631543082504,0.9377273367610163,0.9855345998471813,cluster_bootstrap_B1000,0.9604520632821922,0.9817603883366823
group|fl|fedavg|dirichlet_0.5|3|5|0.001|3,FedAvg dirichlet_0.5 [3N] {group},group,fl,fedavg,0.0,dirichlet_0.5,3,3,5.0,0.001,selected_test_f1,3,"123,42,456",0.8744174800734225,0.08677120393677511,0.09691227019366028,0.7569130765468647,0.9507376169341852,cluster_bootstrap_B1000,0.7761691464747427,0.9405619447975732
group|fl|fedavg|dirichlet_0.5|3|5|0.001|3,FedAvg dirichlet_0.5 [3N] {group},group,fl,fedavg,0.0,dirichlet_0.5,3,3,5.0,0.001,selected_test_fn,3,"123,42,456",889.3333333333334,515.7541403937862,1281.2043101435784,-391.870976810245,2170.537643476912,t_seeds,464.0,1463.0
group|fl|fedavg|dirichlet_0.5|3|5|0.001|3,FedAvg dirichlet_0.5 [3N] {group},group,fl,fedavg,0.0,dirichlet_0.5,3,3,5.0,0.001,selected_test_fp,3,"123,42,456",34.333333333333336,30.088757590391353,74.74461743000515,-40.411284096671814,109.07795076333849,t_seeds,3.0,63.0
group|fl|fedavg|dirichlet_0.5|3|5|0.001|3,FedAvg dirichlet_0.5 [3N] {group},group,fl,fedavg,0.0,dirichlet_0.5,3,3,5.0,0.001,selected_test_loss,3,"123,42,456",0.5819791808153073,0.0923645516575023,0.42186798346214893,0.22527210646526918,1.069008073389567,cluster_bootstrap_B1000,0.5091795068620472,0.6858798770984357
group|fl|fedavg|dirichlet_0.5|3|5|0.001|3,FedAvg dirichlet_0.5 [3N] {group},group,fl,fedavg,0.0,dirichlet_0.5,3,3,5.0,0.001,selected_test_macro_f1,3,"123,42,456",0.8440515006178053,0.06895069970734857,0.09304621802037116,0.7326260974370007,0.918718533477743,cluster_bootstrap_B1000,0.7669376065933052,0.8997631700532421
group|fl|fedavg|dirichlet_0.5|3|5|0.001|3,FedAvg dirichlet_0.5 [3N] {group},group,fl,fedavg,0.0,dirichlet_0.5,3,3,5.0,0.001,selected_test_macro_precision,3,"123,42,456",0.8511909526463076,0.047504936396508844,0.11800880399686844,0.7331821486494392,0.969199756643176,t_seeds,0.7986104618394378,0.8910158931670277
group|fl|fedavg|dirichlet_0.5|3|5|0.001|3,FedAvg dirichlet_0.5 [3N] {group},group,fl,fedavg,0.0,dirichlet_0.5,3,3,5.0,0.001,selected_test_macro_recall,3,"123,42,456",0.8905398406669566,0.06657440293694733,0.1653799849729328,0.7251598556940237,1.0559198256398894,t_seeds,0.8152916083996493,0.9417811805226123
group|fl|fedavg|dirichlet_0.5|3|5|0.001|3,FedAvg dirichlet_0.5 [3N] {group},group,fl,fedavg,0.0,dirichlet_0.5,3,3,5.0,0.001,selected_test_macro_specificity,3,"123,42,456",0.8905398406669566,0.06657440293694733,0.1653799849729328,0.7251598556940237,1.0559198256398894,t_seeds,0.8152916083996493,0.9417811805226123
group|fl|fedavg|dirichlet_0.5|3|5|0.001|3,FedAvg dirichlet_0.5 [3N] {group},group,fl,fedavg,0.0,dirichlet_0.5,3,3,5.0,0.001,selected_test_mcc,3,"123,42,456",0.7307441535627448,0.11018683368558538,0.13884580627716803,0.5738567973764591,0.8515484099307952,cluster_bootstrap_B1000,0.6075810594058076,0.8199712698327117
group|fl|fedavg|dirichlet_0.5|3|5|0.001|3,FedAvg dirichlet_0.5 [3N] {group},group,fl,fedavg,0.0,dirichlet_0.5,3,3,5.0,0.001,selected_test_n_examples,3,"123,42,456",7201.0,0.0,0.0,7201.0,7201.0,t_seeds,7201.0,7201.0
group|fl|fedavg|dirichlet_0.5|3|5|0.001|3,FedAvg dirichlet_0.5 [3N] {group},group,fl,fedavg,0.0,dirichlet_0.5,3,3,5.0,0.001,selected_test_precision,3,"123,42,456",0.9883029261540631,0.011844813698847717,0.032777058012733284,0.9338857388407629,0.9994398548662294,cluster_bootstrap_B1000,0.975645589484192,0.9991197436486816
group|fl|fedavg|dirichlet_0.5|3|5|0.001|3,FedAvg dirichlet_0.5 [3N] {group},group,fl,fedavg,0.0,dirichlet_0.5,3,3,5.0,0.001,selected_test_recall,3,"123,42,456",0.792363067987966,0.12650668046004318,0.1454783389008628,0.628491415014327,0.9194480928160527,cluster_bootstrap_B1000,0.6512876835722694,0.8957221272452234
group|fl|fedavg|dirichlet_0.5|3|5|0.001|3,FedAvg dirichlet_0.5 [3N] {group},group,fl,fedavg,0.0,dirichlet_0.5,3,3,5.0,0.001,selected_test_roc_auc,3,"123,42,456",0.9729600063699858,0.016189670495428667,0.03053941529780141,0.9316830498279389,0.9927618804235417,cluster_bootstrap_B1000,0.9542684873304352,0.9825810253058457
group|fl|fedavg|dirichlet_0.5|3|5|0.001|3,FedAvg dirichlet_0.5 [3N] {group},group,fl,fedavg,0.0,dirichlet_0.5,3,3,5.0,0.001,selected_test_specificity,3,"123,42,456",0.9887166133459471,0.009888439393178256,0.015844551632947457,0.9677096506348977,0.9993987539007926,cluster_bootstrap_B1000,0.9792955332270292,0.9990140730108109
group|fl|fedavg|dirichlet_0.5|3|5|0.001|3,FedAvg dirichlet_0.5 [3N] {group},group,fl,fedavg,0.0,dirichlet_0.5,3,3,5.0,0.001,selected_test_tn,3,"123,42,456",2641.6666666666665,30.088757590391353,74.74461743000515,2566.922049236661,2716.411284096672,t_seeds,2613.0,2673.0
group|fl|fedavg|dirichlet_0.5|3|5|0.001|3,FedAvg dirichlet_0.5 [3N] {group},group,fl,fedavg,0.0,dirichlet_0.5,3,3,5.0,0.001,selected_test_tp,3,"123,42,456",3635.6666666666665,515.7541403937862,1281.2043101435784,2354.462356523088,4916.870976810245,t_seeds,3062.0,4061.0
group|fl|fedavg|dirichlet_0.5|3|5|0.001|3,FedAvg dirichlet_0.5 [3N] {group},group,fl,fedavg,0.0,dirichlet_0.5,3,3,5.0,0.001,selected_val_loss,3,"123,42,456",0.10439196754973963,0.03602049863563153,0.0894798790568236,0.014912088492916031,0.19387184660656323,t_seeds,0.08063064232811934,0.1458365590223203
group|fl|fedavg|dirichlet_0.5|3|5|0.001|3,FedAvg dirichlet_0.5 [3N] {group},group,fl,fedavg,0.0,dirichlet_0.5,3,3,5.0,0.001,total_time_s,3,"123,42,456",7166.78,57.51672104701395,142.87945580911128,7023.9005441908885,7309.659455809111,t_seeds,7112.36,7226.96
group|fl|fedprox_0.01|dirichlet_0.5|3|5|0.001|3,FedProx(mu=0.01) dirichlet_0.5 [3N] {group},group,fl,fedprox_0.01,0.01,dirichlet_0.5,3,3,5.0,0.001,final_cumulative_mb,3,"123,42,456",165.465288,0.0,0.0,165.465288,165.465288,t_seeds,165.465288,165.465288
group|fl|fedprox_0.01|dirichlet_0.5|3|5|0.001|3,FedProx(mu=0.01) dirichlet_0.5 [3N] {group},group,fl,fedprox_0.01,0.01,dirichlet_0.5,3,3,5.0,0.001,round1_accuracy,3,"123,42,456",0.9327684400611197,0.01759205078692938,0.04370107678683834,0.8890673632742814,0.976469516847958,t_seeds,0.9129045700791777,0.946381441866926
group|fl|fedprox_0.01|dirichlet_0.5|3|5|0.001|3,FedProx(mu=0.01) dirichlet_0.5 [3N] {group},group,fl,fedprox_0.01,0.01,dirichlet_0.5,3,3,5.0,0.001,selected_round,3,"123,42,456",2.3333333333333335,0.5773502691896258,1.4342175765831542,0.8991157567501793,3.767550909916488,t_seeds,2.0,3.0
group|fl|fedprox_0.01|dirichlet_0.5|3|5|0.001|3,FedProx(mu=0.01) dirichlet_0.5 [3N] {group},group,fl,fedprox_0.01,0.01,dirichlet_0.5,3,3,5.0,0.001,selected_test_accuracy,3,"123,42,456",0.6938388186825905,0.07498885613955406,0.1717498003531222,0.5538961695313713,0.8973957702376157,cluster_bootstrap_B1000,0.6392167754478545,0.7793362033050966
group|fl|fedprox_0.01|dirichlet_0.5|3|5|0.001|3,FedProx(mu=0.01) dirichlet_0.5 [3N] {group},group,fl,fedprox_0.01,0.01,dirichlet_0.5,3,3,5.0,0.001,selected_test_balanced_accuracy,3,"123,42,456",0.7395632244542817,0.06355450956155433,0.1132027132703094,0.6643967285357585,0.8908021550763773,cluster_bootstrap_B1000,0.6948209211033963,0.8123106642398333
group|fl|fedprox_0.01|dirichlet_0.5|3|5|0.001|3,FedProx(mu=0.01) dirichlet_0.5 [3N] {group},group,fl,fedprox_0.01,0.01,dirichlet_0.5,3,3,5.0,0.001,selected_test_clean_accuracy,3,"123,42,456",0.6839851830470968,0.07694545740747971,0.17070423340755975,0.5507676166816685,0.892176083496788,cluster_bootstrap_B1000,0.6277962187905902,0.7716842257179968
group|fl|fedprox_0.01|dirichlet_0.5|3|5|0.001|3,FedProx(mu=0.01) dirichlet_0.5 [3N] {group},group,fl,fedprox_0.01,0.01,dirichlet_0.5,3,3,5.0,0.001,selected_test_clean_balanced_accuracy,3,"123,42,456",0.7364391098159876,0.06442904450713521,0.10917245953037824,0.663177989747731,0.8815229088084875,cluster_bootstrap_B1000,0.6917613174437985,0.8102952160164364
group|fl|fedprox_0.01|dirichlet_0.5|3|5|0.001|3,FedProx(mu=0.01) dirichlet_0.5 [3N] {group},group,fl,fedprox_0.01,0.01,dirichlet_0.5,3,3,5.0,0.001,selected_test_clean_f1,3,"123,42,456",0.6248320732158928,0.12006384556517768,0.19587840864048273,0.46828940328262614,0.8600462205635916,cluster_bootstrap_B1000,0.5400140106181802,0.762213464729586
group|fl|fedprox_0.01|dirichlet_0.5|3|5|0.001|3,FedProx(mu=0.01) dirichlet_0.5 [3N] {group},group,fl,fedprox_0.01,0.01,dirichlet_0.5,3,3,5.0,0.001,selected_test_clean_loss,3,"123,42,456",0.8577108254435024,0.43084357612197377,0.5322489544119864,0.3027418908631144,1.3672397996870873,cluster_bootstrap_B1000,0.3716409850478005,1.1925513542872506
group|fl|fedprox_0.01|dirichlet_0.5|3|5|0.001|3,FedProx(mu=0.01) dirichlet_0.5 [3N] {group},group,fl,fedprox_0.01,0.01,dirichlet_0.5,3,3,5.0,0.001,selected_test_clean_macro_f1,3,"123,42,456",0.6342430734702705,0.08270937814460146,0.15882579036680017,0.5035992125497546,0.8212507932833549,cluster_bootstrap_B1000,0.569010739855848,0.7272694895856844
group|fl|fedprox_0.01|dirichlet_0.5|3|5|0.001|3,FedProx(mu=0.01) dirichlet_0.5 [3N] {group},group,fl,fedprox_0.01,0.01,dirichlet_0.5,3,3,5.0,0.001,selected_test_clean_mcc,3,"123,42,456",0.4539815712013295,0.0945223439246342,0.1910023249302053,0.3220430819654777,0.7040477318258883,cluster_bootstrap_B1000,0.37665069790204325,0.55935102217608
group|fl|fedprox_0.01|dirichlet_0.5|3|5|0.001|3,FedProx(mu=0.01) dirichlet_0.5 [3N] {group},group,fl,fedprox_0.01,0.01,dirichlet_0.5,3,3,5.0,0.001,selected_test_clean_precision,3,"123,42,456",0.9987254594370502,0.0004696271818033445,0.0022803883467112374,0.995263635218059,0.9998244119114815,cluster_bootstrap_B1000,0.9983270379530973,0.9992432528695987
group|fl|fedprox_0.01|dirichlet_0.5|3|5|0.001|3,FedProx(mu=0.01) dirichlet_0.5 [3N] {group},group,fl,fedprox_0.01,0.01,dirichlet_0.5,3,3,5.0,0.001,selected_test_clean_recall,3,"123,42,456",0.4771224730035679,0.1276596993027416,0.22004596669035692,0.33098107312445846,0.7710730065051723,cluster_bootstrap_B1000,0.38676419303524356,0.6231655547952009
group|fl|fedprox_0.01|dirichlet_0.5|3|5|0.001|3,FedProx(mu=0.01) dirichlet_0.5 [3N] {group},group,fl,fedprox_0.01,0.01,dirichlet_0.5,3,3,5.0,0.001,selected_test_clean_roc_auc,3,"123,42,456",0.978352937542455,0.01167630098609837,0.04560720770066873,0.8894095002700293,0.9806239156713668,cluster_bootstrap_B1000,0.9650263693283117,0.986787644649067
group|fl|fedprox_0.01|dirichlet_0.5|3|5|0.001|3,FedProx(mu=0.01) dirichlet_0.5 [3N] {group},group,fl,fedprox_0.01,0.01,dirichlet_0.5,3,3,5.0,0.001,selected_test_clean_specificity,3,"123,42,456",0.9819971475039543,0.000542483402749573,0.012607563988281667,0.9641450356295767,0.98936016360614,cluster_bootstrap_B1000,0.9814052495857741,0.9824706658384986
group|fl|fedprox_0.01|dirichlet_0.5|3|5|0.001|3,FedProx(mu=0.01) dirichlet_0.5 [3N] {group},group,fl,fedprox_0.01,0.01,dirichlet_0.5,3,3,5.0,0.001,selected_test_f1,3,"123,42,456",0.6275181535596347,0.11947958648400774,0.19857262762826108,0.4721586080215569,0.8693038632780791,cluster_bootstrap_B1000,0.5435660110568014,0.7643066707940417
group|fl|fedprox_0.01|dirichlet_0.5|3|5|0.001|3,FedProx(mu=0.01) dirichlet_0.5 [3N] {group},group,fl,fedprox_0.01,0.01,dirichlet_0.5,3,3,5.0,0.001,selected_test_fn,3,"123,42,456",2202.3333333333335,541.4991535850571,1345.1584683015244,857.1748650318091,3547.491801634858,t_seeds,1585.0,2597.0
group|fl|fedprox_0.01|dirichlet_0.5|3|5|0.001|3,FedProx(mu=0.01) dirichlet_0.5 [3N] {group},group,fl,fedprox_0.01,0.01,dirichlet_0.5,3,3,5.0,0.001,selected_test_fp,3,"123,42,456",2.3333333333333335,1.5275252316519468,3.79458303359676,-1.4612497002634264,6.127916366930093,t_seeds,1.0,4.0
group|fl|fedprox_0.01|dirichlet_0.5|3|5|0.001|3,FedProx(mu=0.01) dirichlet_0.5 [3N] {group},group,fl,fedprox_0.01,0.01,dirichlet_0.5,3,3,5.0,0.001,selected_test_loss,3,"123,42,456",0.8314250015908519,0.418049810406108,0.5365757348323141,0.27284966302053076,1.346001132685159,cluster_bootstrap_B1000,0.35998325328459146,1.1569938164328777
group|fl|fedprox_0.01|dirichlet_0.5|3|5|0.001|3,FedProx(mu=0.01) dirichlet_0.5 [3N] {group},group,fl,fedprox_0.01,0.01,dirichlet_0.5,3,3,5.0,0.001,selected_test_macro_f1,3,"123,42,456",0.6532156082886839,0.08431206238523765,0.16480081713424605,0.5172512070200281,0.8468528412885202,cluster_bootstrap_B1000,0.5865989848419763,0.7480071939495232
group|fl|fedprox_0.01|dirichlet_0.5|3|5|0.001|3,FedProx(mu=0.01) dirichlet_0.5 [3N] {group},group,fl,fedprox_0.01,0.01,dirichlet_0.5,3,3,5.0,0.001,selected_test_macro_precision,3,"123,42,456",0.76187640706367,0.029350716622363316,0.07291122202850998,0.68896518503516,0.83478762909218,t_seeds,0.7357189941075816,0.7936180949977883
group|fl|fedprox_0.01|dirichlet_0.5|3|5|0.001|3,FedProx(mu=0.01) dirichlet_0.5 [3N] {group},group,fl,fedprox_0.01,0.01,dirichlet_0.5,3,3,5.0,0.001,selected_test_macro_recall,3,"123,42,456",0.7395632244542817,0.06355450956155433,0.15787815395365404,0.5816850705006277,0.8974413784079357,t_seeds,0.6948209211033963,0.8123106642398333
group|fl|fedprox_0.01|dirichlet_0.5|3|5|0.001|3,FedProx(mu=0.01) dirichlet_0.5 [3N] {group},group,fl,fedprox_0.01,0.01,dirichlet_0.5,3,3,5.0,0.001,selected_test_macro_specificity,3,"123,42,456",0.7395632244542817,0.06355450956155433,0.15787815395365404,0.5816850705006277,0.8974413784079357,t_seeds,0.6948209211033963,0.8123106642398333
group|fl|fedprox_0.01|dirichlet_0.5|3|5|0.001|3,FedProx(mu=0.01) dirichlet_0.5 [3N] {group},group,fl,fedprox_0.01,0.01,dirichlet_0.5,3,3,5.0,0.001,selected_test_mcc,3,"123,42,456",0.48256011698759577,0.09869426593521276,0.1960846922472748,0.35090687464173925,0.7430762591362888,cluster_bootstrap_B1000,0.40281298547890426,0.5929379690697393
group|fl|fedprox_0.01|dirichlet_0.5|3|5|0.001|3,FedProx(mu=0.01) dirichlet_0.5 [3N] {group},group,fl,fedprox_0.01,0.01,dirichlet_0.5,3,3,5.0,0.001,selected_test_n_examples,3,"123,42,456",7201.0,0.0,0.0,7201.0,7201.0,t_seeds,7201.0,7201.0
group|fl|fedprox_0.01|dirichlet_0.5|3|5|0.001|3,FedProx(mu=0.01) dirichlet_0.5 [3N] {group},group,fl,fedprox_0.01,0.01,dirichlet_0.5,3,3,5.0,0.001,selected_test_precision,3,"123,42,456",0.9987452883994731,0.00046477652077443553,0.002111206020013412,0.9956328021886166,0.9998552142286434,cluster_bootstrap_B1000,0.9983511864934584,0.9992578230763394
group|fl|fedprox_0.01|dirichlet_0.5|3|5|0.001|3,FedProx(mu=0.01) dirichlet_0.5 [3N] {group},group,fl,fedprox_0.01,0.01,dirichlet_0.5,3,3,5.0,0.001,selected_test_recall,3,"123,42,456",0.47989328101126577,0.1276009198161242,0.22711855656593444,0.329266296899117,0.7835034100309859,cluster_bootstrap_B1000,0.38997048453652244,0.6259358977985856
group|fl|fedprox_0.01|dirichlet_0.5|3|5|0.001|3,FedProx(mu=0.01) dirichlet_0.5 [3N] {group},group,fl,fedprox_0.01,0.01,dirichlet_0.5,3,3,5.0,0.001,selected_test_roc_auc,3,"123,42,456",0.9790460593445468,0.012307978581038466,0.0434092730970006,0.9080973549507123,0.9949159011447135,cluster_bootstrap_B1000,0.9649962304868903,0.9879251767164816
group|fl|fedprox_0.01|dirichlet_0.5|3|5|0.001|3,FedProx(mu=0.01) dirichlet_0.5 [3N] {group},group,fl,fedprox_0.01,0.01,dirichlet_0.5,3,3,5.0,0.001,selected_test_specificity,3,"123,42,456",0.9992331678972973,0.0005020094508509862,0.001094397350302645,0.9977319816796035,0.9999207763802088,cluster_bootstrap_B1000,0.9986854306810812,0.9996713576702703
group|fl|fedprox_0.01|dirichlet_0.5|3|5|0.001|3,FedProx(mu=0.01) dirichlet_0.5 [3N] {group},group,fl,fedprox_0.01,0.01,dirichlet_0.5,3,3,5.0,0.001,selected_test_tn,3,"123,42,456",2673.6666666666665,1.5275252316519465,3.7945830335967594,2669.87208363307,2677.461249700263,t_seeds,2672.0,2675.0
group|fl|fedprox_0.01|dirichlet_0.5|3|5|0.001|3,FedProx(mu=0.01) dirichlet_0.5 [3N] {group},group,fl,fedprox_0.01,0.01,dirichlet_0.5,3,3,5.0,0.001,selected_test_tp,3,"123,42,456",2322.6666666666665,541.4991535850571,1345.1584683015244,977.5081983651421,3667.825134968191,t_seeds,1928.0,2940.0
group|fl|fedprox_0.01|dirichlet_0.5|3|5|0.001|3,FedProx(mu=0.01) dirichlet_0.5 [3N] {group},group,fl,fedprox_0.01,0.01,dirichlet_0.5,3,3,5.0,0.001,selected_val_loss,3,"123,42,456",0.14005418905604047,0.04551729347539714,0.11307122525904127,0.0269829637969992,0.25312541431508173,t_seeds,0.08820284031718222,0.17342313090665068
group|fl|fedprox_0.01|dirichlet_0.5|3|5|0.001|3,FedProx(mu=0.01) dirichlet_0.5 [3N] {group},group,fl,fedprox_0.01,0.01,dirichlet_0.5,3,3,5.0,0.001,total_time_s,3,"123,42,456",11746.863333333333,132.14656913190476,328.2702758589867,11418.593057474347,12075.133609192319,t_seeds,11648.41,11897.05
group_final_epoch|local|local_only|dirichlet_0.5|3|15||3,Local-only dirichlet_0.5 {group_final_epoch},group_final_epoch,local,local_only,,dirichlet_0.5,3,3,15.0,,final_accuracy,3,"123,42,456",0.7304046666666667,0.2077318306912384,0.51603447455104,0.2143701921156267,1.2464391412177067,t_seeds,0.498206,0.898613
group_final_epoch|local|local_only|dirichlet_0.5|3|15||3,Local-only dirichlet_0.5 {group_final_epoch},group_final_epoch,local,local_only,,dirichlet_0.5,3,3,15.0,,final_balanced_accuracy,3,"123,42,456",0.8013429999999998,0.07981901529571617,0.19828142601086493,0.6030615739891348,0.9996244260108648,t_seeds,0.7129546666666666,0.8681579999999999
group_final_epoch|local|local_only|dirichlet_0.5|3|15||3,Local-only dirichlet_0.5 {group_final_epoch},group_final_epoch,local,local_only,,dirichlet_0.5,3,3,15.0,,final_cumulative_mb,3,"123,42,456",0.0,0.0,0.0,0.0,0.0,t_seeds,0.0,0.0
group_final_epoch|local|local_only|dirichlet_0.5|3|15||3,Local-only dirichlet_0.5 {group_final_epoch},group_final_epoch,local,local_only,,dirichlet_0.5,3,3,15.0,,final_elapsed_s,3,"123,42,456",894.6222222222224,3.660044525128887,9.092054631557998,885.5301675906644,903.7142768537803,t_seeds,891.8333333333334,898.7666666666668
group_final_epoch|local|local_only|dirichlet_0.5|3|15||3,Local-only dirichlet_0.5 {group_final_epoch},group_final_epoch,local,local_only,,dirichlet_0.5,3,3,15.0,,final_f1,3,"123,42,456",0.791842888888889,0.17687955162336172,0.43939316462508216,0.35244972426380683,1.231236053513971,t_seeds,0.5934433333333333,0.9330496666666667
group_final_epoch|local|local_only|dirichlet_0.5|3|15||3,Local-only dirichlet_0.5 {group_final_epoch},group_final_epoch,local,local_only,,dirichlet_0.5,3,3,15.0,,final_fn,3,"123,42,456",1089.6666666666667,805.0530003256515,1999.8625180667016,-910.1958514000348,3089.5291847333683,t_seeds,442.0,1991.0
group_final_epoch|local|local_only|dirichlet_0.5|3|15||3,Local-only dirichlet_0.5 {group_final_epoch},group_final_epoch,local,local_only,,dirichlet_0.5,3,3,15.0,,final_fp,3,"123,42,456",182.0,109.89085494252923,272.98401693922204,-90.98401693922204,454.98401693922204,t_seeds,106.0,308.0
group_final_epoch|local|local_only|dirichlet_0.5|3|15||3,Local-only dirichlet_0.5 {group_final_epoch},group_final_epoch,local,local_only,,dirichlet_0.5,3,3,15.0,,final_loss,3,"123,42,456",1.132317888888889,0.702527858402967,1.7451759466140064,-0.6128580577251175,2.8774938355028956,t_seeds,0.39454533333333336,1.79329
group_final_epoch|local|local_only|dirichlet_0.5|3|15||3,Local-only dirichlet_0.5 {group_final_epoch},group_final_epoch,local,local_only,,dirichlet_0.5,3,3,15.0,,final_macro_f1,3,"123,42,456",0.6485347777777778,0.17128314386202526,0.425490917054814,0.22304386072296378,1.0740256948325917,t_seeds,0.45109433333333343,0.7572983333333333
group_final_epoch|local|local_only|dirichlet_0.5|3|15||3,Local-only dirichlet_0.5 {group_final_epoch},group_final_epoch,local,local_only,,dirichlet_0.5,3,3,15.0,,final_macro_precision,3,"123,42,456",0.7485238888888889,0.11660907965855319,0.28967301231231024,0.45885087657657864,1.0381969012011991,t_seeds,0.6140116666666667,0.8210263333333333
group_final_epoch|local|local_only|dirichlet_0.5|3|15||3,Local-only dirichlet_0.5 {group_final_epoch},group_final_epoch,local,local_only,,dirichlet_0.5,3,3,15.0,,final_macro_recall,3,"123,42,456",0.8013429999999998,0.07981901529571617,0.19828142601086493,0.6030615739891348,0.9996244260108648,t_seeds,0.7129546666666666,0.8681579999999999
group_final_epoch|local|local_only|dirichlet_0.5|3|15||3,Local-only dirichlet_0.5 {group_final_epoch},group_final_epoch,local,local_only,,dirichlet_0.5,3,3,15.0,,final_macro_specificity,3,"123,42,456",0.8013429999999998,0.07981901529571617,0.19828142601086493,0.6030615739891348,0.9996244260108648,t_seeds,0.7129546666666666,0.8681579999999999
group_final_epoch|local|local_only|dirichlet_0.5|3|15||3,Local-only dirichlet_0.5 {group_final_epoch},group_final_epoch,local,local_only,,dirichlet_0.5,3,3,15.0,,final_mcc,3,"123,42,456",0.49866344444444444,0.19788452128628886,0.49157240189893114,0.007091042545513293,0.9902358463433756,t_seeds,0.27526466666666666,0.6519323333333333
group_final_epoch|local|local_only|dirichlet_0.5|3|15||3,Local-only dirichlet_0.5 {group_final_epoch},group_final_epoch,local,local_only,,dirichlet_0.5,3,3,15.0,,final_n_examples,3,"123,42,456",7201.0,0.0,0.0,7201.0,7201.0,t_seeds,7201.0,7201.0
group_final_epoch|local|local_only|dirichlet_0.5|3|15||3,Local-only dirichlet_0.5 {group_final_epoch},group_final_epoch,local,local_only,,dirichlet_0.5,3,3,15.0,,final_precision,3,"123,42,456",0.9790727777777777,0.010396232086318227,0.02582567218573192,0.9532471055920457,1.0048984499635096,t_seeds,0.9670683333333333,0.9851153333333333
group_final_epoch|local|local_only|dirichlet_0.5|3|15||3,Local-only dirichlet_0.5 {group_final_epoch},group_final_epoch,local,local_only,,dirichlet_0.5,3,3,15.0,,final_recall,3,"123,42,456",0.7087532222222221,0.2417661142661857,0.6005803218719713,0.10817290035025084,1.3093335440941933,t_seeds,0.4392473333333333,0.9065599999999999
group_final_epoch|local|local_only|dirichlet_0.5|3|15||3,Local-only dirichlet_0.5 {group_final_epoch},group_final_epoch,local,local_only,,dirichlet_0.5,3,3,15.0,,final_roc_auc,3,"123,42,456",0.9328058888888888,0.02229062410355362,0.05537297995408844,0.8774329089348004,0.9881788688429772,t_seeds,0.9191613333333333,0.958529
group_final_epoch|local|local_only|dirichlet_0.5|3|15||3,Local-only dirichlet_0.5 {group_final_epoch},group_final_epoch,local,local_only,,dirichlet_0.5,3,3,15.0,,final_specificity,3,"123,42,456",0.8939327777777777,0.13482186968256937,0.33491609084715906,0.5590166869306186,1.2288488686249368,t_seeds,0.7392726666666666,0.9866616666666667
group_final_epoch|local|local_only|dirichlet_0.5|3|15||3,Local-only dirichlet_0.5 {group_final_epoch},group_final_epoch,local,local_only,,dirichlet_0.5,3,3,15.0,,final_tn,3,"123,42,456",2494.0,109.89085494252923,272.98401693922204,2221.015983060778,2766.984016939222,t_seeds,2368.0,2570.0
group_final_epoch|local|local_only|dirichlet_0.5|3|15||3,Local-only dirichlet_0.5 {group_final_epoch},group_final_epoch,local,local_only,,dirichlet_0.5,3,3,15.0,,final_tp,3,"123,42,456",3435.3333333333335,805.0530003256515,1999.8625180667016,1435.470815266632,5435.195851400035,t_seeds,2534.0,4083.0
group_final_epoch|local|local_only|dirichlet_0.5|3|15||3,Local-only dirichlet_0.5 {group_final_epoch},group_final_epoch,local,local_only,,dirichlet_0.5,3,3,15.0,,round1_accuracy,3,"123,42,456",0.7182482222222223,0.06934294505678394,0.17225742485938814,0.5459907973628342,0.8905056470816104,t_seeds,0.6417486666666666,0.7769750000000001
group_final_epoch|local|local_only|dirichlet_0.5|3|15||3,Local-only dirichlet_0.5 {group_final_epoch},group_final_epoch,local,local_only,,dirichlet_0.5,3,3,15.0,,total_time_s,3,"123,42,456",2736.4933333333333,10.814362363696242,26.864365376191273,2709.628967957142,2763.357698709525,t_seeds,2728.11,2748.7
group|local|local_only|dirichlet_0.5|3|15||3,Local-only dirichlet_0.5 {group},group,local,local_only,,dirichlet_0.5,3,3,15.0,,final_cumulative_mb,3,"123,42,456",0.0,0.0,0.0,0.0,0.0,t_seeds,0.0,0.0
group|local|local_only|dirichlet_0.5|3|15||3,Local-only dirichlet_0.5 {group},group,local,local_only,,dirichlet_0.5,3,3,15.0,,round1_accuracy,3,"123,42,456",0.7182482222222223,0.06934294505678394,0.17225742485938814,0.5459907973628342,0.8905056470816104,t_seeds,0.6417486666666666,0.7769750000000001
group|local|local_only|dirichlet_0.5|3|15||3,Local-only dirichlet_0.5 {group},group,local,local_only,,dirichlet_0.5,3,3,15.0,,selected_test_accuracy,3,"123,42,456",0.91217,0.07397995686295344,0.06275877515734396,0.8413649465769858,0.9668824968916737,cluster_bootstrap_B1000,0.8290489999999999,0.9707953333333333
group|local|local_only|dirichlet_0.5|3|15||3,Local-only dirichlet_0.5 {group},group,local,local_only,,dirichlet_0.5,3,3,15.0,,selected_test_balanced_accuracy,3,"123,42,456",0.8234411111111112,0.03627585198223518,0.04254438357541934,0.7837362685944862,0.8688250357453249,cluster_bootstrap_B1000,0.79143,0.8628433333333333
group|local|local_only|dirichlet_0.5|3|15||3,Local-only dirichlet_0.5 {group},group,local,local_only,,dirichlet_0.5,3,3,15.0,,selected_test_clean_accuracy,3,"123,42,456",0.91290960634913,0.07748175599445752,0.07166649946980569,0.8322851787978476,0.975618177737459,cluster_bootstrap_B1000,0.8265666883984077,0.9763812599491933
group|local|local_only|dirichlet_0.5|3|15||3,Local-only dirichlet_0.5 {group},group,local,local_only,,dirichlet_0.5,3,3,15.0,,selected_test_clean_balanced_accuracy,3,"123,42,456",0.8085854088914783,0.043946654599212334,0.05490226492933559,0.7509811462920312,0.8607856761507023,cluster_bootstrap_B1000,0.7614513131525534,0.848434078750714
group|local|local_only|dirichlet_0.5|3|15||3,Local-only dirichlet_0.5 {group},group,local,local_only,,dirichlet_0.5,3,3,15.0,,selected_test_clean_f1,3,"123,42,456",0.9244135302272735,0.07894103209229357,0.07212412427159492,0.8346844420181478,0.9789326905613377,cluster_bootstrap_B1000,0.8341939392873813,0.9807930020801252
group|local|local_only|dirichlet_0.5|3|15||3,Local-only dirichlet_0.5 {group},group,local,local_only,,dirichlet_0.5,3,3,15.0,,selected_test_clean_loss,3,"123,42,456",0.3464287361314424,0.21650343599861768,0.24609701813867196,0.12694511155641275,0.6191391478337567,cluster_bootstrap_B1000,0.21690166269901648,0.596370000275202
group|local|local_only|dirichlet_0.5|3|15||3,Local-only dirichlet_0.5 {group},group,local,local_only,,dirichlet_0.5,3,3,15.0,,selected_test_clean_macro_f1,3,"123,42,456",0.6253508046310268,0.07628320711281432,0.0739629006148137,0.5440569193804262,0.6919827206100536,cluster_bootstrap_B1000,0.5409857188723856,0.6894656733359265
group|local|local_only|dirichlet_0.5|3|15||3,Local-only dirichlet_0.5 {group},group,local,local_only,,dirichlet_0.5,3,3,15.0,,selected_test_clean_mcc,3,"123,42,456",0.2882992969463755,0.1150524056682182,0.11535013147068698,0.17962067969179452,0.4103209426331685,cluster_bootstrap_B1000,0.1702628580629054,0.4001152944836504
group|local|local_only|dirichlet_0.5|3|15||3,Local-only dirichlet_0.5 {group},group,local,local_only,,dirichlet_0.5,3,3,15.0,,selected_test_clean_precision,3,"123,42,456",0.9878108576937931,0.0037022354418056796,0.02549360261779776,0.9424673500061465,0.993454555241742,cluster_bootstrap_B1000,0.9845384372414046,0.991829292836668
group|local|local_only|dirichlet_0.5|3|15||3,Local-only dirichlet_0.5 {group},group,local,local_only,,dirichlet_0.5,3,3,15.0,,selected_test_clean_recall,3,"123,42,456",0.8863893210835435,0.11585490442212426,0.10101268477682207,0.7702867192359135,0.9723120887895577,cluster_bootstrap_B1000,0.7542971225609768,0.9707683741648108
group|local|local_only|dirichlet_0.5|3|15||3,Local-only dirichlet_0.5 {group},group,local,local_only,,dirichlet_0.5,3,3,15.0,,selected_test_clean_roc_auc,3,"123,42,456",0.9157757407744538,0.03305944906814415,0.057881024512777934,0.8560065346681772,0.9717685836937331,cluster_bootstrap_B1000,0.8777037341124961,0.9372239846071464
group|local|local_only|dirichlet_0.5|3|15||3,Local-only dirichlet_0.5 {group},group,local,local_only,,dirichlet_0.5,3,3,15.0,,selected_test_clean_specificity,3,"123,42,456",0.4095863519748568,0.07205771789286096,0.08442955124469603,0.32682815649740304,0.4956872589867951,cluster_bootstrap_B1000,0.3276399620441914,0.46304580302140286
group|local|local_only|dirichlet_0.5|3|15||3,Local-only dirichlet_0.5 {group},group,local,local_only,,dirichlet_0.5,3,3,15.0,,selected_test_f1,3,"123,42,456",0.9232887777777777,0.07790915584500635,0.06553670487335223,0.8442733211911022,0.9753467309378067,cluster_bootstrap_B1000,0.8340333333333333,0.9776600000000001
group|local|local_only|dirichlet_0.5|3|15||3,Local-only dirichlet_0.5 {group},group,local,local_only,,dirichlet_0.5,3,3,15.0,,selected_test_fn,3,"123,42,456",937.0,1066.083017405305,2648.297027393102,-1711.2970273931019,3585.297027393102,t_seeds,318.0,2168.0
group|local|local_only|dirichlet_0.5|3|15||3,Local-only dirichlet_0.5 {group},group,local,local_only,,dirichlet_0.5,3,3,15.0,,selected_test_fp,3,"123,42,456",91.66666666666667,50.63924696649165,125.7948630841004,-34.12819641743373,217.46152975076706,t_seeds,59.0,150.0
group|local|local_only|dirichlet_0.5|3|15||3,Local-only dirichlet_0.5 {group},group,local,local_only,,dirichlet_0.5,3,3,15.0,,selected_test_loss,3,"123,42,456",0.3729172222222222,0.18986872692039197,0.2428736676437861,0.17256538172471428,0.6583127170122864,cluster_bootstrap_B1000,0.22690033333333334,0.587557
group|local|local_only|dirichlet_0.5|3|15||3,Local-only dirichlet_0.5 {group},group,local,local_only,,dirichlet_0.5,3,3,15.0,,selected_test_macro_f1,3,"123,42,456",0.7584948888888889,0.05390316999576738,0.06543533040280813,0.7011675329546628,0.8320381937602791,cluster_bootstrap_B1000,0.7036453333333333,0.8113990000000001
group|local|local_only|dirichlet_0.5|3|15||3,Local-only dirichlet_0.5 {group},group,local,local_only,,dirichlet_0.5,3,3,15.0,,selected_test_macro_precision,3,"123,42,456",0.7605202222222222,0.04280191071842642,0.10632584055061374,0.6541943816716084,0.8668460627728359,t_seeds,0.7251206666666666,0.808089
group|local|local_only|dirichlet_0.5|3|15||3,Local-only dirichlet_0.5 {group},group,local,local_only,,dirichlet_0.5,3,3,15.0,,selected_test_macro_recall,3,"123,42,456",0.8234411111111112,0.03627585198223518,0.09011421193494337,0.7333268991761678,0.9135553230460546,t_seeds,0.79143,0.8628433333333333
group|local|local_only|dirichlet_0.5|3|15||3,Local-only dirichlet_0.5 {group},group,local,local_only,,dirichlet_0.5,3,3,15.0,,selected_test_macro_specificity,3,"123,42,456",0.8234411111111112,0.03627585198223518,0.09011421193494337,0.7333268991761678,0.9135553230460546,t_seeds,0.79143,0.8628433333333333
group|local|local_only|dirichlet_0.5|3|15||3,Local-only dirichlet_0.5 {group},group,local,local_only,,dirichlet_0.5,3,3,15.0,,selected_test_mcc,3,"123,42,456",0.5643781111111111,0.06678631759519259,0.09965680809491309,0.48879073877487195,0.6881043549646981,cluster_bootstrap_B1000,0.4957496666666666,0.6291556666666667
group|local|local_only|dirichlet_0.5|3|15||3,Local-only dirichlet_0.5 {group},group,local,local_only,,dirichlet_0.5,3,3,15.0,,selected_test_n_examples,3,"123,42,456",7201.0,0.0,0.0,7201.0,7201.0,t_seeds,7201.0,7201.0
group|local|local_only|dirichlet_0.5|3|15||3,Local-only dirichlet_0.5 {group},group,local,local_only,,dirichlet_0.5,3,3,15.0,,selected_test_precision,3,"123,42,456",0.9836241111111111,0.0025190428149802556,0.02469440237795595,0.9400068924282593,0.9893956971841712,cluster_bootstrap_B1000,0.980842,0.9857503333333333
group|local|local_only|dirichlet_0.5|3|15||3,Local-only dirichlet_0.5 {group},group,local,local_only,,dirichlet_0.5,3,3,15.0,,selected_test_recall,3,"123,42,456",0.8878013333333333,0.11584310756987,0.09429437491920029,0.7838437904923138,0.9724325403307144,cluster_bootstrap_B1000,0.7554406666666665,0.9707183333333335
group|local|local_only|dirichlet_0.5|3|15||3,Local-only dirichlet_0.5 {group},group,local,local_only,,dirichlet_0.5,3,3,15.0,,selected_test_roc_auc,3,"123,42,456",0.9448223333333333,0.013803345443929313,0.03404832897857629,0.9088842941246973,0.9769809520818499,cluster_bootstrap_B1000,0.9345996666666667,0.960524
group|local|local_only|dirichlet_0.5|3|15||3,Local-only dirichlet_0.5 {group},group,local,local_only,,dirichlet_0.5,3,3,15.0,,selected_test_specificity,3,"123,42,456",0.759081,0.08682548552380484,0.08888014505555808,0.6630079294901596,0.8407682196012758,cluster_bootstrap_B1000,0.6613816666666666,0.827419
group|local|local_only|dirichlet_0.5|3|15||3,Local-only dirichlet_0.5 {group},group,local,local_only,,dirichlet_0.5,3,3,15.0,,selected_test_tn,3,"123,42,456",2584.3333333333335,50.63924696649165,125.7948630841004,2458.538470249233,2710.128196417434,t_seeds,2526.0,2617.0
group|local|local_only|dirichlet_0.5|3|15||3,Local-only dirichlet_0.5 {group},group,local,local_only,,dirichlet_0.5,3,3,15.0,,selected_test_tp,3,"123,42,456",3588.0,1066.083017405305,2648.297027393102,939.7029726068981,6236.297027393102,t_seeds,2357.0,4207.0
group|local|local_only|dirichlet_0.5|3|15||3,Local-only dirichlet_0.5 {group},group,local,local_only,,dirichlet_0.5,3,3,15.0,,total_time_s,3,"123,42,456",4001.5733333333333,42.382244316851896,105.2833314161079,3896.2900019172253,4106.856664749441,t_seeds,3975.0,4050.45
group_final_epoch|centralized|centralized|dirichlet_1|3|15|0.001|3,Centralized dirichlet_1 {group_final_epoch},group_final_epoch,centralized,centralized,,dirichlet_1,3,3,15.0,0.001,final_accuracy,3,"123,42,456",0.702449,0.028898450961946067,0.07178773184573782,0.6306612681542622,0.7742367318457378,t_seeds,0.681017,0.735315
group_final_epoch|centralized|centralized|dirichlet_1|3|15|0.001|3,Centralized dirichlet_1 {group_final_epoch},group_final_epoch,centralized,centralized,,dirichlet_1,3,3,15.0,0.001,final_balanced_accuracy,3,"123,42,456",0.7597573333333333,0.019698198047875662,0.04893303662425467,0.7108242967090787,0.8086903699575879,t_seeds,0.744607,0.782025
group_final_epoch|centralized|centralized|dirichlet_1|3|15|0.001|3,Centralized dirichlet_1 {group_final_epoch},group_final_epoch,centralized,centralized,,dirichlet_1,3,3,15.0,0.001,final_cumulative_mb,3,"123,42,456",0.0,0.0,0.0,0.0,0.0,t_seeds,0.0,0.0
group_final_epoch|centralized|centralized|dirichlet_1|3|15|0.001|3,Centralized dirichlet_1 {group_final_epoch},group_final_epoch,centralized,centralized,,dirichlet_1,3,3,15.0,0.001,final_elapsed_s,3,"123,42,456",2688.233333333333,14.707254445794016,36.53484540510461,2651.6984879282286,2724.7681787384377,t_seeds,2673.8,2703.2
group_final_epoch|centralized|centralized|dirichlet_1|3|15|0.001|3,Centralized dirichlet_1 {group_final_epoch},group_final_epoch,centralized,centralized,,dirichlet_1,3,3,15.0,0.001,final_f1,3,"123,42,456",0.6925253333333333,0.04179949803925081,0.1038357094115369,0.5886896239217965,0.7963610427448702,t_seeds,0.661758,0.740115
group_final_epoch|centralized|centralized|dirichlet_1|3|15|0.001|3,Centralized dirichlet_1 {group_final_epoch},group_final_epoch,centralized,centralized,,dirichlet_1,3,3,15.0,0.001,final_fn,3,"123,42,456",2097.6666666666665,251.6432660202401,625.1165270288989,1472.5501396377676,2722.7831936955654,t_seeds,1810.0,2277.0
group_final_epoch|centralized|centralized|dirichlet_1|3|15|0.001|3,Centralized dirichlet_1 {group_final_epoch},group_final_epoch,centralized,centralized,,dirichlet_1,3,3,15.0,0.001,final_fp,3,"123,42,456",45.0,44.170125650715555,109.72467486169309,-64.72467486169309,154.72467486169307,t_seeds,19.0,96.0
group_final_epoch|centralized|centralized|dirichlet_1|3|15|0.001|3,Centralized dirichlet_1 {group_final_epoch},group_final_epoch,centralized,centralized,,dirichlet_1,3,3,15.0,0.001,final_loss,3,"123,42,456",1.2110036666666666,0.2649568349473803,0.6581892656787952,0.5528144009878714,1.8691929323454617,t_seeds,0.916631,1.430375
group_final_epoch|centralized|centralized|dirichlet_1|3|15|0.001|3,Centralized dirichlet_1 {group_final_epoch},group_final_epoch,centralized,centralized,,dirichlet_1,3,3,15.0,0.001,final_macro_f1,3,"123,42,456",0.7018426666666667,0.02936826502082364,0.07295481466690609,0.6288878519997606,0.7747974813335728,t_seeds,0.679979,0.735224
group_final_epoch|centralized|centralized|dirichlet_1|3|15|0.001|3,Centralized dirichlet_1 {group_final_epoch},group_final_epoch,centralized,centralized,,dirichlet_1,3,3,15.0,0.001,final_macro_precision,3,"123,42,456",0.7702749999999999,0.006062420638655808,0.015059887732978412,0.7552151122670215,0.7853348877329783,t_seeds,0.764843,0.776815
group_final_epoch|centralized|centralized|dirichlet_1|3|15|0.001|3,Centralized dirichlet_1 {group_final_epoch},group_final_epoch,centralized,centralized,,dirichlet_1,3,3,15.0,0.001,final_macro_recall,3,"123,42,456",0.7597573333333333,0.019698198047875662,0.04893303662425467,0.7108242967090787,0.8086903699575879,t_seeds,0.744607,0.782025
group_final_epoch|centralized|centralized|dirichlet_1|3|15|0.001|3,Centralized dirichlet_1 {group_final_epoch},group_final_epoch,centralized,centralized,,dirichlet_1,3,3,15.0,0.001,final_macro_specificity,3,"123,42,456",0.7597573333333333,0.019698198047875662,0.04893303662425467,0.7108242967090787,0.8086903699575879,t_seeds,0.744607,0.782025
group_final_epoch|centralized|centralized|dirichlet_1|3|15|0.001|3,Centralized dirichlet_1 {group_final_epoch},group_final_epoch,centralized,centralized,,dirichlet_1,3,3,15.0,0.001,final_mcc,3,"123,42,456",0.5298033333333333,0.025891139822984507,0.06431715683447659,0.4654861764988567,0.5941204901678099,t_seeds,0.509048,0.558816
group_final_epoch|centralized|centralized|dirichlet_1|3|15|0.001|3,Centralized dirichlet_1 {group_final_epoch},group_final_epoch,centralized,centralized,,dirichlet_1,3,3,15.0,0.001,final_n_examples,3,"123,42,456",7201.0,0.0,0.0,7201.0,7201.0,t_seeds,7201.0,7201.0
group_final_epoch|centralized|centralized|dirichlet_1|3|15|0.001|3,Centralized dirichlet_1 {group_final_epoch},group_final_epoch,centralized,centralized,,dirichlet_1,3,3,15.0,0.001,final_precision,3,"123,42,456",0.9829613333333334,0.014835009178741115,0.0368522057550731,0.9461091275782603,1.0198135390884064,t_seeds,0.965836,0.99187
group_final_epoch|centralized|centralized|dirichlet_1|3|15|0.001|3,Centralized dirichlet_1 {group_final_epoch},group_final_epoch,centralized,centralized,,dirichlet_1,3,3,15.0,0.001,final_recall,3,"123,42,456",0.5363246666666667,0.055624519137996445,0.13817896568867494,0.39814570097799173,0.6745036323553416,t_seeds,0.496684,0.599912
group_final_epoch|centralized|centralized|dirichlet_1|3|15|0.001|3,Centralized dirichlet_1 {group_final_epoch},group_final_epoch,centralized,centralized,,dirichlet_1,3,3,15.0,0.001,final_roc_auc,3,"123,42,456",0.9710009999999999,0.015197291831112503,0.037752165754141795,0.9332488342458581,1.0087531657541418,t_seeds,0.957644,0.987536
group_final_epoch|centralized|centralized|dirichlet_1|3|15|0.001|3,Centralized dirichlet_1 {group_final_epoch},group_final_epoch,centralized,centralized,,dirichlet_1,3,3,15.0,0.001,final_specificity,3,"123,42,456",0.9831903333333333,0.016499998343434272,0.04098826812874305,0.9422020652045903,1.0241786014620764,t_seeds,0.964139,0.992903
group_final_epoch|centralized|centralized|dirichlet_1|3|15|0.001|3,Centralized dirichlet_1 {group_final_epoch},group_final_epoch,centralized,centralized,,dirichlet_1,3,3,15.0,0.001,final_tn,3,"123,42,456",2632.0,44.170125650715555,109.72467486169309,2522.275325138307,2741.724674861693,t_seeds,2581.0,2658.0
group_final_epoch|centralized|centralized|dirichlet_1|3|15|0.001|3,Centralized dirichlet_1 {group_final_epoch},group_final_epoch,centralized,centralized,,dirichlet_1,3,3,15.0,0.001,final_tp,3,"123,42,456",2426.3333333333335,251.6432660202401,625.1165270288989,1801.2168063044346,3051.4498603622324,t_seeds,2247.0,2714.0
group_final_epoch|centralized|centralized|dirichlet_1|3|15|0.001|3,Centralized dirichlet_1 {group_final_epoch},group_final_epoch,centralized,centralized,,dirichlet_1,3,3,15.0,0.001,round1_accuracy,3,"123,42,456",0.9154393333333334,0.02967786140093879,0.07372389471017153,0.8417154386231619,0.9891632280435049,t_seeds,0.898166,0.949708
group_final_epoch|centralized|centralized|dirichlet_1|3|15|0.001|3,Centralized dirichlet_1 {group_final_epoch},group_final_epoch,centralized,centralized,,dirichlet_1,3,3,15.0,0.001,total_time_s,3,"123,42,456",2688.2766666666666,14.747346654003124,36.634439971464204,2651.642226695202,2724.911106638131,t_seeds,2673.89,2703.36
group|centralized|centralized|dirichlet_1|3|15|0.001|3,Centralized dirichlet_1 {group},group,centralized,centralized,,dirichlet_1,3,3,15.0,0.001,final_cumulative_mb,3,"123,42,456",0.0,0.0,0.0,0.0,0.0,t_seeds,0.0,0.0
group|centralized|centralized|dirichlet_1|3|15|0.001|3,Centralized dirichlet_1 {group},group,centralized,centralized,,dirichlet_1,3,3,15.0,0.001,round1_accuracy,3,"123,42,456",0.9154393333333334,0.02967786140093879,0.07372389471017153,0.8417154386231619,0.9891632280435049,t_seeds,0.898166,0.949708
group|centralized|centralized|dirichlet_1|3|15|0.001|3,Centralized dirichlet_1 {group},group,centralized,centralized,,dirichlet_1,3,3,15.0,0.001,selected_epoch,3,"123,42,456",10.0,2.0,4.9682754235006605,5.0317245764993395,14.96827542350066,t_seeds,8.0,12.0
group|centralized|centralized|dirichlet_1|3|15|0.001|3,Centralized dirichlet_1 {group},group,centralized,centralized,,dirichlet_1,3,3,15.0,0.001,selected_test_accuracy,3,"123,42,456",0.8697866666666667,0.08110783920394707,0.09547198332735335,0.760494641844188,0.9514386084988947,cluster_bootstrap_B1000,0.776281,0.921122
group|centralized|centralized|dirichlet_1|3|15|0.001|3,Centralized dirichlet_1 {group},group,centralized,centralized,,dirichlet_1,3,3,15.0,0.001,selected_test_balanced_accuracy,3,"123,42,456",0.8903436666666668,0.0602443845875558,0.06494481238516986,0.8234093019034758,0.9532989266738155,cluster_bootstrap_B1000,0.820806,0.926777
group|centralized|centralized|dirichlet_1|3|15|0.001|3,Centralized dirichlet_1 {group},group,centralized,centralized,,dirichlet_1,3,3,15.0,0.001,selected_test_clean_accuracy,3,"123,42,456",0.8609291244788565,0.08729204261455281,0.0927342187283623,0.7620991089897652,0.9475675464464898,cluster_bootstrap_B1000,0.7602739726027398,0.9158725431804645
group|centralized|centralized|dirichlet_1|3|15|0.001|3,Centralized dirichlet_1 {group},group,centralized,centralized,,dirichlet_1,3,3,15.0,0.001,selected_test_clean_balanced_accuracy,3,"123,42,456",0.8842101601928668,0.06322493983555726,0.06676206048161198,0.8179611465551802,0.9514852675184041,cluster_bootstrap_B1000,0.8112210821205026,0.9220607518901117
group|centralized|centralized|dirichlet_1|3|15|0.001|3,Centralized dirichlet_1 {group},group,centralized,centralized,,dirichlet_1,3,3,15.0,0.001,selected_test_clean_f1,3,"123,42,456",0.8750404859785569,0.09079467229542797,0.08851446521806733,0.7753885735702796,0.9524175040064142,cluster_bootstrap_B1000,0.7703281027104136,0.9318866787221217
group|centralized|centralized|dirichlet_1|3|15|0.001|3,Centralized dirichlet_1 {group},group,centralized,centralized,,dirichlet_1,3,3,15.0,0.001,selected_test_clean_loss,3,"123,42,456",0.5553078478334333,0.4447900536640085,0.4491994199194985,0.14666861677740586,1.0450674566164029,cluster_bootstrap_B1000,0.20560952975893287,1.0559199676110518
group|centralized|centralized|dirichlet_1|3|15|0.001|3,Centralized dirichlet_1 {group},group,centralized,centralized,,dirichlet_1,3,3,15.0,0.001,selected_test_clean_macro_f1,3,"123,42,456",0.8576850260271242,0.08486956207225092,0.09910701513936887,0.7448242228017372,0.943038253080475,cluster_bootstrap_B1000,0.7598136932113264,0.9109501526762254
group|centralized|centralized|dirichlet_1|3|15|0.001|3,Centralized dirichlet_1 {group},group,centralized,centralized,,dirichlet_1,3,3,15.0,0.001,selected_test_clean_mcc,3,"123,42,456",0.7495187725101253,0.12185308071914161,0.14399169295500236,0.6018665184511423,0.889849904361147,cluster_bootstrap_B1000,0.6089880774365345,0.8258269742852519
group|centralized|centralized|dirichlet_1|3|15|0.001|3,Centralized dirichlet_1 {group},group,centralized,centralized,,dirichlet_1,3,3,15.0,0.001,selected_test_clean_precision,3,"123,42,456",0.9795260621947627,0.014186748630526663,0.03042263899215286,0.9353419345279098,0.9961872125122155,cluster_bootstrap_B1000,0.96625,0.994475138121547
group|centralized|centralized|dirichlet_1|3|15|0.001|3,Centralized dirichlet_1 {group},group,centralized,centralized,,dirichlet_1,3,3,15.0,0.001,selected_test_clean_recall,3,"123,42,456",0.8007760962359333,0.14964510038187046,0.1478898880054717,0.6522121127180558,0.9479918887289992,cluster_bootstrap_B1000,0.6286379511059371,0.89988358556461
group|centralized|centralized|dirichlet_1|3|15|0.001|3,Centralized dirichlet_1 {group},group,centralized,centralized,,dirichlet_1,3,3,15.0,0.001,selected_test_clean_roc_auc,3,"123,42,456",0.9847966882713779,0.0034081926574390346,0.01098070442014415,0.973926202810835,0.9958876116511233,cluster_bootstrap_B1000,0.9815817072097609,0.9883698084138641
group|centralized|centralized|dirichlet_1|3|15|0.001|3,Centralized dirichlet_1 {group},group,centralized,centralized,,dirichlet_1,3,3,15.0,0.001,selected_test_clean_specificity,3,"123,42,456",0.9676442241498003,0.024897619881626212,0.03457523008436053,0.9255289783544121,0.9946794385231331,cluster_bootstrap_B1000,0.9442379182156134,0.9938042131350682
group|centralized|centralized|dirichlet_1|3|15|0.001|3,Centralized dirichlet_1 {group},group,centralized,centralized,,dirichlet_1,3,3,15.0,0.001,selected_test_f1,3,"123,42,456",0.8818360000000002,0.08463009423957886,0.08788705596783403,0.7803169795024009,0.9560910914380689,cluster_bootstrap_B1000,0.784251,0.935115
group|centralized|centralized|dirichlet_1|3|15|0.001|3,Centralized dirichlet_1 {group},group,centralized,centralized,,dirichlet_1,3,3,15.0,0.001,selected_test_fn,3,"123,42,456",858.6666666666666,641.2693141990605,1593.0012867901578,-734.3346201234912,2451.6679534568243,t_seeds,431.0,1596.0
group|centralized|centralized|dirichlet_1|3|15|0.001|3,Centralized dirichlet_1 {group},group,centralized,centralized,,dirichlet_1,3,3,15.0,0.001,selected_test_fp,3,"123,42,456",79.0,61.220911460055866,152.08117490565274,-73.08117490565274,231.08117490565274,t_seeds,15.0,137.0
group|centralized|centralized|dirichlet_1|3|15|0.001|3,Centralized dirichlet_1 {group},group,centralized,centralized,,dirichlet_1,3,3,15.0,0.001,selected_test_loss,3,"123,42,456",0.5202106666666667,0.413402230969226,0.45495366965918344,0.13315222193831047,1.0430595612566773,cluster_bootstrap_B1000,0.194276,0.985215
group|centralized|centralized|dirichlet_1|3|15|0.001|3,Centralized dirichlet_1 {group},group,centralized,centralized,,dirichlet_1,3,3,15.0,0.001,selected_test_macro_f1,3,"123,42,456",0.8672779999999999,0.07918998066043458,0.09885848309598322,0.7504744620300277,0.9481914282219941,cluster_bootstrap_B1000,0.775975,0.917274
group|centralized|centralized|dirichlet_1|3|15|0.001|3,Centralized dirichlet_1 {group},group,centralized,centralized,,dirichlet_1,3,3,15.0,0.001,selected_test_macro_precision,3,"123,42,456",0.8744836666666665,0.05599636195623189,0.13910267445629712,0.7353809922103695,1.0135863411229638,t_seeds,0.81004,0.911272
group|centralized|centralized|dirichlet_1|3|15|0.001|3,Centralized dirichlet_1 {group},group,centralized,centralized,,dirichlet_1,3,3,15.0,0.001,selected_test_macro_recall,3,"123,42,456",0.8903436666666668,0.0602443845875558,0.14965534767513772,0.740688318991529,1.0399990143418045,t_seeds,0.820806,0.926777
group|centralized|centralized|dirichlet_1|3|15|0.001|3,Centralized dirichlet_1 {group},group,centralized,centralized,,dirichlet_1,3,3,15.0,0.001,selected_test_macro_specificity,3,"123,42,456",0.8903436666666668,0.0602443845875558,0.14965534767513772,0.740688318991529,1.0399990143418045,t_seeds,0.820806,0.926777
group|centralized|centralized|dirichlet_1|3|15|0.001|3,Centralized dirichlet_1 {group},group,centralized,centralized,,dirichlet_1,3,3,15.0,0.001,selected_test_mcc,3,"123,42,456",0.764657,0.11613421532433928,0.1466013948548625,0.6064062006019374,0.8996089903116624,cluster_bootstrap_B1000,0.630754,0.837905
group|centralized|centralized|dirichlet_1|3|15|0.001|3,Centralized dirichlet_1 {group},group,centralized,centralized,,dirichlet_1,3,3,15.0,0.001,selected_test_n_examples,3,"123,42,456",7201.0,0.0,0.0,7201.0,7201.0,t_seeds,7201.0,7201.0
group|centralized|centralized|dirichlet_1|3|15|0.001|3,Centralized dirichlet_1 {group},group,centralized,centralized,,dirichlet_1,3,3,15.0,0.001,selected_test_precision,3,"123,42,456",0.9805263333333333,0.013704141138113421,0.0284686325266868,0.9397720746043041,0.9967093396576777,cluster_bootstrap_B1000,0.967612,0.994903
group|centralized|centralized|dirichlet_1|3|15|0.001|3,Centralized dirichlet_1 {group},group,centralized,centralized,,dirichlet_1,3,3,15.0,0.001,selected_test_recall,3,"123,42,456",0.8101973333333333,0.14174805627003614,0.143777865211767,0.6626310052331764,0.9501867356567104,cluster_bootstrap_B1000,0.647215,0.90473
group|centralized|centralized|dirichlet_1|3|15|0.001|3,Centralized dirichlet_1 {group},group,centralized,centralized,,dirichlet_1,3,3,15.0,0.001,selected_test_roc_auc,3,"123,42,456",0.9863270000000001,0.003363974583732807,0.009595422995943292,0.9767658195698609,0.9959566655617474,cluster_bootstrap_B1000,0.983022,0.989747
group|centralized|centralized|dirichlet_1|3|15|0.001|3,Centralized dirichlet_1 {group},group,centralized,centralized,,dirichlet_1,3,3,15.0,0.001,selected_test_specificity,3,"123,42,456",0.9704893333333334,0.02286952230225488,0.03422840400913191,0.9269200645134954,0.9953768725317592,cluster_bootstrap_B1000,0.948823,0.994397
group|centralized|centralized|dirichlet_1|3|15|0.001|3,Centralized dirichlet_1 {group},group,centralized,centralized,,dirichlet_1,3,3,15.0,0.001,selected_test_tn,3,"123,42,456",2598.0,61.220911460055866,152.08117490565274,2445.918825094347,2750.081174905653,t_seeds,2540.0,2662.0
group|centralized|centralized|dirichlet_1|3|15|0.001|3,Centralized dirichlet_1 {group},group,centralized,centralized,,dirichlet_1,3,3,15.0,0.001,selected_test_tp,3,"123,42,456",3665.3333333333335,641.2693141990604,1593.0012867901573,2072.332046543176,5258.334620123491,t_seeds,2928.0,4093.0
group|centralized|centralized|dirichlet_1|3|15|0.001|3,Centralized dirichlet_1 {group},group,centralized,centralized,,dirichlet_1,3,3,15.0,0.001,selected_val_loss,3,"123,42,456",0.07914430450811301,0.026043804296872197,0.06469639641130552,0.014447908096807488,0.14384070091941853,t_seeds,0.04944812949795958,0.09810124034070589
group|centralized|centralized|dirichlet_1|3|15|0.001|3,Centralized dirichlet_1 {group},group,centralized,centralized,,dirichlet_1,3,3,15.0,0.001,total_time_s,3,"123,42,456",3596.3033333333333,13.34248977265228,33.14458201288861,3563.1587513204445,3629.447915346222,t_seeds,3586.51,3611.5
group|fl|fedavg|dirichlet_1|3|5|0.001|3,FedAvg dirichlet_1 [3N] {group},group,fl,fedavg,0.0,dirichlet_1,3,3,5.0,0.001,final_cumulative_mb,3,"123,42,456",165.465288,0.0,0.0,165.465288,165.465288,t_seeds,165.465288,165.465288
group|fl|fedavg|dirichlet_1|3|5|0.001|3,FedAvg dirichlet_1 [3N] {group},group,fl,fedavg,0.0,dirichlet_1,3,3,5.0,0.001,round1_accuracy,3,"123,42,456",0.38487542835972954,0.008796790315384129,0.021852438564805798,0.36302298979492376,0.40672786692453533,t_seeds,0.37663239788830233,0.3941372603500973
group|fl|fedavg|dirichlet_1|3|5|0.001|3,FedAvg dirichlet_1 [3N] {group},group,fl,fedavg,0.0,dirichlet_1,3,3,5.0,0.001,selected_round,3,"123,42,456",3.0,0.0,0.0,3.0,3.0,t_seeds,3.0,3.0
group|fl|fedavg|dirichlet_1|3|5|0.001|3,FedAvg dirichlet_1 [3N] {group},group,fl,fedavg,0.0,dirichlet_1,3,3,5.0,0.001,selected_test_accuracy,3,"123,42,456",0.6196824515113641,0.040942360414991025,0.09107270197916567,0.5133280488262347,0.6954734527845661,cluster_bootstrap_B1000,0.5883905013192612,0.6660186085265936
group|fl|fedavg|dirichlet_1|3|5|0.001|3,FedAvg dirichlet_1 [3N] {group},group,fl,fedavg,0.0,dirichlet_1,3,3,5.0,0.001,selected_test_balanced_accuracy,3,"123,42,456",0.7382710841992459,0.03709439327118239,0.055797902144706146,0.6753195727870192,0.7869153770764314,cluster_bootstrap_B1000,0.7003110857098446,0.7744345900177116
group|fl|fedavg|dirichlet_1|3|5|0.001|3,FedAvg dirichlet_1 [3N] {group},group,fl,fedavg,0.0,dirichlet_1,3,3,5.0,0.001,selected_test_clean_accuracy,3,"123,42,456",0.5956918800873536,0.0424373669701545,0.09296810851317619,0.49315341772186433,0.6790896347482167,cluster_bootstrap_B1000,0.5631328171530673,0.6436867182846933
group|fl|fedavg|dirichlet_1|3|5|0.001|3,FedAvg dirichlet_1 [3N] {group},group,fl,fedavg,0.0,dirichlet_1,3,3,5.0,0.001,selected_test_clean_balanced_accuracy,3,"123,42,456",0.7255355531653973,0.037732313843735855,0.05438698530683339,0.6659931919628737,0.7747671625765404,cluster_bootstrap_B1000,0.6868874906142648,0.7622800595718259
group|fl|fedavg|dirichlet_1|3|5|0.001|3,FedAvg dirichlet_1 [3N] {group},group,fl,fedavg,0.0,dirichlet_1,3,3,5.0,0.001,selected_test_clean_f1,3,"123,42,456",0.5842242326357581,0.07237028759893155,0.10512574320820292,0.45431629214076247,0.6645677785571683,cluster_bootstrap_B1000,0.515196898512652,0.6595285712417326
group|fl|fedavg|dirichlet_1|3|5|0.001|3,FedAvg dirichlet_1 [3N] {group},group,fl,fedavg,0.0,dirichlet_1,3,3,5.0,0.001,selected_test_clean_loss,3,"123,42,456",0.9989477769502195,0.4134056767629401,0.4283897903220599,0.6675242810480848,1.5243038616922047,cluster_bootstrap_B1000,0.7030744366896474,1.4713046660436788
group|fl|fedavg|dirichlet_1|3|5|0.001|3,FedAvg dirichlet_1 [3N] {group},group,fl,fedavg,0.0,dirichlet_1,3,3,5.0,0.001,selected_test_clean_macro_f1,3,"123,42,456",0.5700278468897909,0.04583705132445536,0.08932114609477293,0.46137310092696704,0.6400153931165129,cluster_bootstrap_B1000,0.5277135067019192,0.6187196812266326
group|fl|fedavg|dirichlet_1|3|5|0.001|3,FedAvg dirichlet_1 [3N] {group},group,fl,fedavg,0.0,dirichlet_1,3,3,5.0,0.001,selected_test_clean_mcc,3,"123,42,456",0.4474709409326252,0.04904939028977315,0.10248288079199536,0.33125825494045613,0.5362240165244468,cluster_bootstrap_B1000,0.39637216496936056,0.49417521036253226
group|fl|fedavg|dirichlet_1|3|5|0.001|3,FedAvg dirichlet_1 [3N] {group},group,fl,fedavg,0.0,dirichlet_1,3,3,5.0,0.001,selected_test_clean_precision,3,"123,42,456",1.0,0.0,0.0,1.0,1.0,cluster_bootstrap_B1000,1.0,1.0
group|fl|fedavg|dirichlet_1|3|5|0.001|3,FedAvg dirichlet_1 [3N] {group},group,fl,fedavg,0.0,dirichlet_1,3,3,5.0,0.001,selected_test_clean_recall,3,"123,42,456",0.45107110633079456,0.07546462768747166,0.10877397061366678,0.3319863839257472,0.5495343251530808,cluster_bootstrap_B1000,0.3737749812285296,0.5245601191436516
group|fl|fedavg|dirichlet_1|3|5|0.001|3,FedAvg dirichlet_1 [3N] {group},group,fl,fedavg,0.0,dirichlet_1,3,3,5.0,0.001,selected_test_clean_roc_auc,3,"123,42,456",0.9772841131681201,0.013840670614792371,0.018964831116477676,0.955586005089207,0.9935156673221623,cluster_bootstrap_B1000,0.9613025450633533,0.9853541042385258
group|fl|fedavg|dirichlet_1|3|5|0.001|3,FedAvg dirichlet_1 [3N] {group},group,fl,fedavg,0.0,dirichlet_1,3,3,5.0,0.001,selected_test_clean_specificity,3,"123,42,456",1.0,0.0,0.0,1.0,1.0,cluster_bootstrap_B1000,1.0,1.0
group|fl|fedavg|dirichlet_1|3|5|0.001|3,FedAvg dirichlet_1 [3N] {group},group,fl,fedavg,0.0,dirichlet_1,3,3,5.0,0.001,selected_test_f1,3,"123,42,456",0.6103587055099777,0.06882724507720082,0.1072810243965753,0.47604603885417945,0.6906080876473301,cluster_bootstrap_B1000,0.5443763684372127,0.6817157190224464
group|fl|fedavg|dirichlet_1|3|5|0.001|3,FedAvg dirichlet_1 [3N] {group},group,fl,fedavg,0.0,dirichlet_1,3,3,5.0,0.001,selected_test_fn,3,"123,42,456",2738.3333333333335,295.39183017364127,733.7939850772914,2004.539348256042,3472.127318410625,t_seeds,2404.0,2964.0
group|fl|fedavg|dirichlet_1|3|5|0.001|3,FedAvg dirichlet_1 [3N] {group},group,fl,fedavg,0.0,dirichlet_1,3,3,5.0,0.001,selected_test_fp,3,"123,42,456",0.3333333333333333,0.5773502691896258,1.4342175765831542,-1.100884243249821,1.7675509099164874,t_seeds,0.0,1.0
group|fl|fedavg|dirichlet_1|3|5|0.001|3,FedAvg dirichlet_1 [3N] {group},group,fl,fedavg,0.0,dirichlet_1,3,3,5.0,0.001,selected_test_loss,3,"123,42,456",0.9411320981395862,0.3893470093619878,0.4053761493208014,0.627882540506094,1.4386348391476969,cluster_bootstrap_B1000,0.6623642475473185,1.3859787180585645
group|fl|fedavg|dirichlet_1|3|5|0.001|3,FedAvg dirichlet_1 [3N] {group},group,fl,fedavg,0.0,dirichlet_1,3,3,5.0,0.001,selected_test_macro_f1,3,"123,42,456",0.5925265486897536,0.044222918592474625,0.09124573117860865,0.4807636971191546,0.6632551594763719,cluster_bootstrap_B1000,0.5517122514476067,0.6395102167275772
group|fl|fedavg|dirichlet_1|3|5|0.001|3,FedAvg dirichlet_1 [3N] {group},group,fl,fedavg,0.0,dirichlet_1,3,3,5.0,0.001,selected_test_macro_precision,3,"123,42,456",0.739190565569061,0.010411397519441838,0.02586334521006931,0.7133272203589918,0.7650539107791303,t_seeds,0.729747845020235,0.7503557965579921
group|fl|fedavg|dirichlet_1|3|5|0.001|3,FedAvg dirichlet_1 [3N] {group},group,fl,fedavg,0.0,dirichlet_1,3,3,5.0,0.001,selected_test_macro_recall,3,"123,42,456",0.7382710841992459,0.03709439327118239,0.09214758121944187,0.646123502979804,0.8304186654186878,t_seeds,0.7003110857098446,0.7744345900177116
group|fl|fedavg|dirichlet_1|3|5|0.001|3,FedAvg dirichlet_1 [3N] {group},group,fl,fedavg,0.0,dirichlet_1,3,3,5.0,0.001,selected_test_macro_specificity,3,"123,42,456",0.7382710841992459,0.03709439327118239,0.09214758121944187,0.646123502979804,0.8304186654186878,t_seeds,0.7003110857098446,0.7744345900177116
group|fl|fedavg|dirichlet_1|3|5|0.001|3,FedAvg dirichlet_1 [3N] {group},group,fl,fedavg,0.0,dirichlet_1,3,3,5.0,0.001,selected_test_mcc,3,"123,42,456",0.4689352996638874,0.04837710282826314,0.10411778445552775,0.35370110411363703,0.5619366730246925,cluster_bootstrap_B1000,0.41876079647596737,0.5152883336427115
group|fl|fedavg|dirichlet_1|3|5|0.001|3,FedAvg dirichlet_1 [3N] {group},group,fl,fedavg,0.0,dirichlet_1,3,3,5.0,0.001,selected_test_n_examples,3,"123,42,456",7201.0,0.0,0.0,7201.0,7201.0,t_seeds,7201.0,7201.0
group|fl|fedavg|dirichlet_1|3|5|0.001|3,FedAvg dirichlet_1 [3N] {group},group,fl,fedavg,0.0,dirichlet_1,3,3,5.0,0.001,selected_test_precision,3,"123,42,456",0.9996652025922885,0.0005798861203986243,0.000826145717802651,0.9983477085643947,1.0,cluster_bootstrap_B1000,0.9989956077768656,1.0
group|fl|fedavg|dirichlet_1|3|5|0.001|3,FedAvg dirichlet_1 [3N] {group},group,fl,fedavg,0.0,dirichlet_1,3,3,5.0,0.001,selected_test_recall,3,"123,42,456",0.4765989689838084,0.07427186800756763,0.11161582848832502,0.3506419505020473,0.5738736074786973,cluster_bootstrap_B1000,0.40062217141968903,0.5490395817913726
group|fl|fedavg|dirichlet_1|3|5|0.001|3,FedAvg dirichlet_1 [3N] {group},group,fl,fedavg,0.0,dirichlet_1,3,3,5.0,0.001,selected_test_roc_auc,3,"123,42,456",0.9791039791736226,0.012931614010898937,0.016530438645811663,0.9616908359606239,0.9947517132522472,cluster_bootstrap_B1000,0.964172165413094,0.9866555849018643
group|fl|fedavg|dirichlet_1|3|5|0.001|3,FedAvg dirichlet_1 [3N] {group},group,fl,fedavg,0.0,dirichlet_1,3,3,5.0,0.001,selected_test_specificity,3,"123,42,456",0.9999431994146835,9.838149966783561e-05,0.00014340500700621428,0.9997131899859876,1.0,cluster_bootstrap_B1000,0.9998295982440505,1.0
group|fl|fedavg|dirichlet_1|3|5|0.001|3,FedAvg dirichlet_1 [3N] {group},group,fl,fedavg,0.0,dirichlet_1,3,3,5.0,0.001,selected_test_tn,3,"123,42,456",2676.6666666666665,0.5773502691896258,1.4342175765831542,2675.2324490900833,2678.1008842432498,t_seeds,2676.0,2677.0
group|fl|fedavg|dirichlet_1|3|5|0.001|3,FedAvg dirichlet_1 [3N] {group},group,fl,fedavg,0.0,dirichlet_1,3,3,5.0,0.001,selected_test_tp,3,"123,42,456",1785.6666666666667,295.39183017364127,733.7939850772914,1051.8726815893754,2519.460651743958,t_seeds,1560.0,2120.0
group|fl|fedavg|dirichlet_1|3|5|0.001|3,FedAvg dirichlet_1 [3N] {group},group,fl,fedavg,0.0,dirichlet_1,3,3,5.0,0.001,selected_val_loss,3,"123,42,456",0.3244072651474439,0.09772730105178222,0.2427680740103099,0.081639191137134,0.5671753391577538,t_seeds,0.2567031783397315,0.43644334044411043
group|fl|fedavg|dirichlet_1|3|5|0.001|3,FedAvg dirichlet_1 [3N] {group},group,fl,fedavg,0.0,dirichlet_1,3,3,5.0,0.001,total_time_s,3,"123,42,456",3636.646666666666,15.731676113286017,39.07964990205565,3597.5670167646103,3675.726316568722,t_seeds,3625.49,3654.64
group|fl|fedprox_0.01|dirichlet_1|3|5|0.001|3,FedProx(mu=0.01) dirichlet_1 [3N] {group},group,fl,fedprox_0.01,0.01,dirichlet_1,3,3,5.0,0.001,final_cumulative_mb,3,"123,42,456",165.465288,0.0,0.0,165.465288,165.465288,t_seeds,165.465288,165.465288
group|fl|fedprox_0.01|dirichlet_1|3|5|0.001|3,FedProx(mu=0.01) dirichlet_1 [3N] {group},group,fl,fedprox_0.01,0.01,dirichlet_1,3,3,5.0,0.001,round1_accuracy,3,"123,42,456",0.8619060850236177,0.03388890909641016,0.08418471709647128,0.7777213679271464,0.9460908021200889,t_seeds,0.8378716310086135,0.9006668519033064
group|fl|fedprox_0.01|dirichlet_1|3|5|0.001|3,FedProx(mu=0.01) dirichlet_1 [3N] {group},group,fl,fedprox_0.01,0.01,dirichlet_1,3,3,5.0,0.001,selected_round,3,"123,42,456",2.3333333333333335,0.5773502691896258,1.4342175765831542,0.8991157567501793,3.767550909916488,t_seeds,2.0,3.0
group|fl|fedprox_0.01|dirichlet_1|3|5|0.001|3,FedProx(mu=0.01) dirichlet_1 [3N] {group},group,fl,fedprox_0.01,0.01,dirichlet_1,3,3,5.0,0.001,selected_test_accuracy,3,"123,42,456",0.645789936582882,0.027168918630096763,0.07284483248638918,0.5624789803143758,0.7081686452871542,cluster_bootstrap_B1000,0.6264407721149841,0.6768504374392446
group|fl|fedprox_0.01|dirichlet_1|3|5|0.001|3,FedProx(mu=0.01) dirichlet_1 [3N] {group},group,fl,fedprox_0.01,0.01,dirichlet_1,3,3,5.0,0.001,selected_test_balanced_accuracy,3,"123,42,456",0.7642976966888092,0.018398552366932955,0.0390218457677628,0.7204314457192209,0.7984751372547465,cluster_bootstrap_B1000,0.7505941349108325,0.7852088525691212
group|fl|fedprox_0.01|dirichlet_1|3|5|0.001|3,FedProx(mu=0.01) dirichlet_1 [3N] {group},group,fl,fedprox_0.01,0.01,dirichlet_1,3,3,5.0,0.001,selected_test_clean_accuracy,3,"123,42,456",0.6228906094897756,0.028548608171273592,0.07786793428528549,0.530349721685043,0.686085590255614,cluster_bootstrap_B1000,0.6021441334127456,0.6554496724240619
group|fl|fedprox_0.01|dirichlet_1|3|5|0.001|3,FedProx(mu=0.01) dirichlet_1 [3N] {group},group,fl,fedprox_0.01,0.01,dirichlet_1,3,3,5.0,0.001,selected_test_clean_balanced_accuracy,3,"123,42,456",0.7514999657518731,0.01891697526100962,0.04206361551843063,0.701388169507951,0.7855154005448123,cluster_bootstrap_B1000,0.7379559454375347,0.7731135252998317
group|fl|fedprox_0.01|dirichlet_1|3|5|0.001|3,FedProx(mu=0.01) dirichlet_1 [3N] {group},group,fl,fedprox_0.01,0.01,dirichlet_1,3,3,5.0,0.001,selected_test_clean_f1,3,"123,42,456",0.6316246668439089,0.040854937311049506,0.08035704055204723,0.5301831477325536,0.6908972288366481,cluster_bootstrap_B1000,0.605808490680882,0.6787273405923003
group|fl|fedprox_0.01|dirichlet_1|3|5|0.001|3,FedProx(mu=0.01) dirichlet_1 [3N] {group},group,fl,fedprox_0.01,0.01,dirichlet_1,3,3,5.0,0.001,selected_test_clean_loss,3,"123,42,456",0.7436903951004014,0.18075068559324092,0.2264283324947634,0.5531431527243266,1.0059998177138534,cluster_bootstrap_B1000,0.5507853793095409,0.9091468992893256
group|fl|fedprox_0.01|dirichlet_1|3|5|0.001|3,FedProx(mu=0.01) dirichlet_1 [3N] {group},group,fl,fedprox_0.01,0.01,dirichlet_1,3,3,5.0,0.001,selected_test_clean_macro_f1,3,"123,42,456",0.60103849745646,0.025999812518199467,0.07745442371253736,0.5030195621860944,0.6579284096111692,cluster_bootstrap_B1000,0.5849163939895612,0.6310323690230607
group|fl|fedprox_0.01|dirichlet_1|3|5|0.001|3,FedProx(mu=0.01) dirichlet_1 [3N] {group},group,fl,fedprox_0.01,0.01,dirichlet_1,3,3,5.0,0.001,selected_test_clean_mcc,3,"123,42,456",0.4825739615450415,0.02225873183767635,0.09379633512035807,0.3744406435894858,0.5620333138302019,cluster_bootstrap_B1000,0.46492253050975985,0.5075790274769174
group|fl|fedprox_0.01|dirichlet_1|3|5|0.001|3,FedProx(mu=0.01) dirichlet_1 [3N] {group},group,fl,fedprox_0.01,0.01,dirichlet_1,3,3,5.0,0.001,selected_test_clean_precision,3,"123,42,456",0.9999119846469459,0.00015244706333575193,0.00028658293460925854,0.9994268341307815,1.0,cluster_bootstrap_B1000,0.9997359539408378,1.0
group|fl|fedprox_0.01|dirichlet_1|3|5|0.001|3,FedProx(mu=0.01) dirichlet_1 [3N] {group},group,fl,fedprox_0.01,0.01,dirichlet_1,3,3,5.0,0.001,selected_test_clean_recall,3,"123,42,456",0.5032173346961701,0.038206579873355066,0.08435641187501719,0.40277633901590193,0.5714891627659363,cluster_bootstrap_B1000,0.4759118908750694,0.5468792601769353
group|fl|fedprox_0.01|dirichlet_1|3|5|0.001|3,FedProx(mu=0.01) dirichlet_1 [3N] {group},group,fl,fedprox_0.01,0.01,dirichlet_1,3,3,5.0,0.001,selected_test_clean_roc_auc,3,"123,42,456",0.9858631180029209,0.012510616781444325,0.017262488217834437,0.9630498351807293,0.9975748116163982,cluster_bootstrap_B1000,0.9714739683158958,0.9941666611577236
group|fl|fedprox_0.01|dirichlet_1|3|5|0.001|3,FedProx(mu=0.01) dirichlet_1 [3N] {group},group,fl,fedprox_0.01,0.01,dirichlet_1,3,3,5.0,0.001,selected_test_clean_specificity,3,"123,42,456",0.9997825968075761,0.00037655337500595816,0.0022255164245416625,0.9955489671509167,1.0,cluster_bootstrap_B1000,0.9993477904227281,1.0
group|fl|fedprox_0.01|dirichlet_1|3|5|0.001|3,FedProx(mu=0.01) dirichlet_1 [3N] {group},group,fl,fedprox_0.01,0.01,dirichlet_1,3,3,5.0,0.001,selected_test_f1,3,"123,42,456",0.6561276171814968,0.03817508818069061,0.0730422173669184,0.5652357888483828,0.7113202235822196,cluster_bootstrap_B1000,0.6331004851583333,0.7001934603898332
group|fl|fedprox_0.01|dirichlet_1|3|5|0.001|3,FedProx(mu=0.01) dirichlet_1 [3N] {group},group,fl,fedprox_0.01,0.01,dirichlet_1,3,3,5.0,0.001,selected_test_fn,3,"123,42,456",2550.3333333333335,196.215018113633,487.42512610784985,2062.9082072254837,3037.7584594411833,t_seeds,2326.0,2690.0
group|fl|fedprox_0.01|dirichlet_1|3|5|0.001|3,FedProx(mu=0.01) dirichlet_1 [3N] {group},group,fl,fedprox_0.01,0.01,dirichlet_1,3,3,5.0,0.001,selected_test_fp,3,"123,42,456",0.3333333333333333,0.5773502691896258,1.4342175765831542,-1.100884243249821,1.7675509099164874,t_seeds,0.0,1.0
group|fl|fedprox_0.01|dirichlet_1|3|5|0.001|3,FedProx(mu=0.01) dirichlet_1 [3N] {group},group,fl,fedprox_0.01,0.01,dirichlet_1,3,3,5.0,0.001,selected_test_loss,3,"123,42,456",0.6993872411270164,0.16956693900860964,0.21105701669176208,0.5099013141770523,0.9320153475605765,cluster_bootstrap_B1000,0.5176163701840555,0.853300128254324
group|fl|fedprox_0.01|dirichlet_1|3|5|0.001|3,FedProx(mu=0.01) dirichlet_1 [3N] {group},group,fl,fedprox_0.01,0.01,dirichlet_1,3,3,5.0,0.001,selected_test_macro_f1,3,"123,42,456",0.6227956483155853,0.024710497380892028,0.07265432960743734,0.5355836781573454,0.6808923373722201,cluster_bootstrap_B1000,0.6081430088158826,0.6513253592465635
group|fl|fedprox_0.01|dirichlet_1|3|5|0.001|3,FedProx(mu=0.01) dirichlet_1 [3N] {group},group,fl,fedprox_0.01,0.01,dirichlet_1,3,3,5.0,0.001,selected_test_macro_precision,3,"123,42,456",0.747762292855112,0.005272349987192889,0.013097243432732227,0.7346650494223798,0.7608595362878442,t_seeds,0.7436563100162297,0.7537080150747185
group|fl|fedprox_0.01|dirichlet_1|3|5|0.001|3,FedProx(mu=0.01) dirichlet_1 [3N] {group},group,fl,fedprox_0.01,0.01,dirichlet_1,3,3,5.0,0.001,selected_test_macro_recall,3,"123,42,456",0.7642976966888092,0.018398552366932955,0.04570453777631145,0.7185931589124978,0.8100022344651207,t_seeds,0.7505941349108325,0.7852088525691212
group|fl|fedprox_0.01|dirichlet_1|3|5|0.001|3,FedProx(mu=0.01) dirichlet_1 [3N] {group},group,fl,fedprox_0.01,0.01,dirichlet_1,3,3,5.0,0.001,selected_test_macro_specificity,3,"123,42,456",0.7642976966888092,0.018398552366932955,0.04570453777631145,0.7185931589124978,0.8100022344651207,t_seeds,0.7505941349108325,0.7852088525691212
group|fl|fedprox_0.01|dirichlet_1|3|5|0.001|3,FedProx(mu=0.01) dirichlet_1 [3N] {group},group,fl,fedprox_0.01,0.01,dirichlet_1,3,3,5.0,0.001,selected_test_mcc,3,"123,42,456",0.5045648980433025,0.022044600634116323,0.0891636418486956,0.4042242476302021,0.5825515313275933,cluster_bootstrap_B1000,0.4865267586994714,0.5291381814168836
group|fl|fedprox_0.01|dirichlet_1|3|5|0.001|3,FedProx(mu=0.01) dirichlet_1 [3N] {group},group,fl,fedprox_0.01,0.01,dirichlet_1,3,3,5.0,0.001,selected_test_n_examples,3,"123,42,456",7201.0,0.0,0.0,7201.0,7201.0,t_seeds,7201.0,7201.0
group|fl|fedprox_0.01|dirichlet_1|3|5|0.001|3,FedProx(mu=0.01) dirichlet_1 [3N] {group},group,fl,fedprox_0.01,0.01,dirichlet_1,3,3,5.0,0.001,selected_test_precision,3,"123,42,456",0.999920454778616,0.00013777636493643336,0.0002679272889873352,0.9994641454220253,1.0,cluster_bootstrap_B1000,0.999761364335848,1.0
group|fl|fedprox_0.01|dirichlet_1|3|5|0.001|3,FedProx(mu=0.01) dirichlet_1 [3N] {group},group,fl,fedprox_0.01,0.01,dirichlet_1,3,3,5.0,0.001,selected_test_recall,3,"123,42,456",0.5288000634513723,0.03714608880097847,0.07823247505704328,0.4414848491155735,0.5979497992296601,cluster_bootstrap_B1000,0.5011882698216649,0.5710317153595039
group|fl|fedprox_0.01|dirichlet_1|3|5|0.001|3,FedProx(mu=0.01) dirichlet_1 [3N] {group},group,fl,fedprox_0.01,0.01,dirichlet_1,3,3,5.0,0.001,selected_test_roc_auc,3,"123,42,456",0.9869197751226092,0.011251705291680887,0.014765869166140033,0.9678535934346845,0.9973853317669645,cluster_bootstrap_B1000,0.9739952118239635,0.9945299329086804
group|fl|fedprox_0.01|dirichlet_1|3|5|0.001|3,FedProx(mu=0.01) dirichlet_1 [3N] {group},group,fl,fedprox_0.01,0.01,dirichlet_1,3,3,5.0,0.001,selected_test_specificity,3,"123,42,456",0.9997953299262461,0.00035449896653064113,0.0013238273308181503,0.9973523453383637,1.0,cluster_bootstrap_B1000,0.9993859897787383,1.0
group|fl|fedprox_0.01|dirichlet_1|3|5|0.001|3,FedProx(mu=0.01) dirichlet_1 [3N] {group},group,fl,fedprox_0.01,0.01,dirichlet_1,3,3,5.0,0.001,selected_test_tn,3,"123,42,456",2676.6666666666665,0.5773502691896258,1.4342175765831542,2675.2324490900833,2678.1008842432498,t_seeds,2676.0,2677.0
group|fl|fedprox_0.01|dirichlet_1|3|5|0.001|3,FedProx(mu=0.01) dirichlet_1 [3N] {group},group,fl,fedprox_0.01,0.01,dirichlet_1,3,3,5.0,0.001,selected_test_tp,3,"123,42,456",1973.6666666666667,196.215018113633,487.42512610784985,1486.241540558817,2461.0917927745168,t_seeds,1834.0,2198.0
group|fl|fedprox_0.01|dirichlet_1|3|5|0.001|3,FedProx(mu=0.01) dirichlet_1 [3N] {group},group,fl,fedprox_0.01,0.01,dirichlet_1,3,3,5.0,0.001,selected_val_loss,3,"123,42,456",0.15879885856112402,0.03947242397350339,0.09805493696677757,0.06074392159434645,0.2568537955279016,t_seeds,0.1288942377486632,0.20353971533825355
group|fl|fedprox_0.01|dirichlet_1|3|5|0.001|3,FedProx(mu=0.01) dirichlet_1 [3N] {group},group,fl,fedprox_0.01,0.01,dirichlet_1,3,3,5.0,0.001,total_time_s,3,"123,42,456",5926.096666666667,26.733696589385733,66.41018387218428,5859.686482794483,5992.506850538852,t_seeds,5899.11,5952.57
group_final_epoch|local|local_only|dirichlet_1|3|15||3,Local-only dirichlet_1 {group_final_epoch},group_final_epoch,local,local_only,,dirichlet_1,3,3,15.0,,final_accuracy,3,"123,42,456",0.8378450000000001,0.08243865547181128,0.2047889729635191,0.6330560270364809,1.0426339729635192,t_seeds,0.746449,0.906591
group_final_epoch|local|local_only|dirichlet_1|3|15||3,Local-only dirichlet_1 {group_final_epoch},group_final_epoch,local,local_only,,dirichlet_1,3,3,15.0,,final_balanced_accuracy,3,"123,42,456",0.8766504444444445,0.04554342816640126,0.11313614743054955,0.763514297013895,0.9897865918749941,t_seeds,0.831242,0.9223276666666668
group_final_epoch|local|local_only|dirichlet_1|3|15||3,Local-only dirichlet_1 {group_final_epoch},group_final_epoch,local,local_only,,dirichlet_1,3,3,15.0,,final_cumulative_mb,3,"123,42,456",0.0,0.0,0.0,0.0,0.0,t_seeds,0.0,0.0
group_final_epoch|local|local_only|dirichlet_1|3|15||3,Local-only dirichlet_1 {group_final_epoch},group_final_epoch,local,local_only,,dirichlet_1,3,3,15.0,,final_elapsed_s,3,"123,42,456",878.6111111111112,16.576232427227836,41.17764409121538,837.4334670198958,919.7887552023266,t_seeds,866.3333333333334,897.4666666666666
group_final_epoch|local|local_only|dirichlet_1|3|15||3,Local-only dirichlet_1 {group_final_epoch},group_final_epoch,local,local_only,,dirichlet_1,3,3,15.0,,final_f1,3,"123,42,456",0.8142025555555555,0.11874748224527786,0.29498509882089746,0.5192174567346581,1.109187654376453,t_seeds,0.6786080000000001,0.8996506666666667
group_final_epoch|local|local_only|dirichlet_1|3|15||3,Local-only dirichlet_1 {group_final_epoch},group_final_epoch,local,local_only,,dirichlet_1,3,3,15.0,,final_fn,3,"123,42,456",725.0,405.37760174928263,1007.0137880042995,-282.0137880042995,1732.0137880042994,t_seeds,416.0,1184.0
group_final_epoch|local|local_only|dirichlet_1|3|15||3,Local-only dirichlet_1 {group_final_epoch},group_final_epoch,local,local_only,,dirichlet_1,3,3,15.0,,final_fp,3,"123,42,456",93.66666666666667,35.7957166897568,88.92148974815555,4.74517691851112,182.5881564148222,t_seeds,73.0,135.0
group_final_epoch|local|local_only|dirichlet_1|3|15||3,Local-only dirichlet_1 {group_final_epoch},group_final_epoch,local,local_only,,dirichlet_1,3,3,15.0,,final_loss,3,"123,42,456",0.745243,0.4503180918663062,1.1186521542885408,-0.3734091542885408,1.863895154288541,t_seeds,0.27106633333333335,1.1671386666666665
group_final_epoch|local|local_only|dirichlet_1|3|15||3,Local-only dirichlet_1 {group_final_epoch},group_final_epoch,local,local_only,,dirichlet_1,3,3,15.0,,final_macro_f1,3,"123,42,456",0.8193046666666666,0.08073913126442049,0.20056712078790706,0.6187375458787595,1.0198717874545737,t_seeds,0.7298033333333334,0.8866593333333332
group_final_epoch|local|local_only|dirichlet_1|3|15||3,Local-only dirichlet_1 {group_final_epoch},group_final_epoch,local,local_only,,dirichlet_1,3,3,15.0,,final_macro_precision,3,"123,42,456",0.8591801111111111,0.02287885500566779,0.056834226521247165,0.802345884589864,0.9160143376323583,t_seeds,0.8421090000000001,0.8851763333333333
group_final_epoch|local|local_only|dirichlet_1|3|15||3,Local-only dirichlet_1 {group_final_epoch},group_final_epoch,local,local_only,,dirichlet_1,3,3,15.0,,final_macro_recall,3,"123,42,456",0.8766504444444445,0.04554342816640126,0.11313614743054955,0.763514297013895,0.9897865918749941,t_seeds,0.831242,0.9223276666666668
group_final_epoch|local|local_only|dirichlet_1|3|15||3,Local-only dirichlet_1 {group_final_epoch},group_final_epoch,local,local_only,,dirichlet_1,3,3,15.0,,final_macro_specificity,3,"123,42,456",0.8766504444444445,0.04554342816640126,0.11313614743054955,0.763514297013895,0.9897865918749941,t_seeds,0.831242,0.9223276666666668
group_final_epoch|local|local_only|dirichlet_1|3|15||3,Local-only dirichlet_1 {group_final_epoch},group_final_epoch,local,local_only,,dirichlet_1,3,3,15.0,,final_mcc,3,"123,42,456",0.7313716666666666,0.07021833362053273,0.17443201060303146,0.5569396560636352,0.9058036772696981,t_seeds,0.6646456666666667,0.8046263333333332
group_final_epoch|local|local_only|dirichlet_1|3|15||3,Local-only dirichlet_1 {group_final_epoch},group_final_epoch,local,local_only,,dirichlet_1,3,3,15.0,,final_n_examples,3,"123,42,456",7201.0,0.0,0.0,7201.0,7201.0,t_seeds,7201.0,7201.0
group_final_epoch|local|local_only|dirichlet_1|3|15||3,Local-only dirichlet_1 {group_final_epoch},group_final_epoch,local,local_only,,dirichlet_1,3,3,15.0,,final_precision,3,"123,42,456",0.9429928888888889,0.014496224705201772,0.03601061846819854,0.9069822704206904,0.9790035073570874,t_seeds,0.926286,0.952241
group_final_epoch|local|local_only|dirichlet_1|3|15||3,Local-only dirichlet_1 {group_final_epoch},group_final_epoch,local,local_only,,dirichlet_1,3,3,15.0,,final_recall,3,"123,42,456",0.7902316666666667,0.10007557090019525,0.24860149969811896,0.5416301669685477,1.0388331663647856,t_seeds,0.6764506666666666,0.8646016666666667
group_final_epoch|local|local_only|dirichlet_1|3|15||3,Local-only dirichlet_1 {group_final_epoch},group_final_epoch,local,local_only,,dirichlet_1,3,3,15.0,,final_roc_auc,3,"123,42,456",0.9467743333333334,0.02555232281678779,0.06347548873200097,0.8832988446013325,1.0102498220653344,t_seeds,0.931077,0.9762590000000001
group_final_epoch|local|local_only|dirichlet_1|3|15||3,Local-only dirichlet_1 {group_final_epoch},group_final_epoch,local,local_only,,dirichlet_1,3,3,15.0,,final_specificity,3,"123,42,456",0.963069,0.03472519420152079,0.08626216446385168,0.8768068355361482,1.0493311644638517,t_seeds,0.9231206666666667,0.9860326666666667
group_final_epoch|local|local_only|dirichlet_1|3|15||3,Local-only dirichlet_1 {group_final_epoch},group_final_epoch,local,local_only,,dirichlet_1,3,3,15.0,,final_tn,3,"123,42,456",2583.3333333333335,35.7957166897568,88.92148974815555,2494.411843585178,2672.254823081489,t_seeds,2542.0,2604.0
group_final_epoch|local|local_only|dirichlet_1|3|15||3,Local-only dirichlet_1 {group_final_epoch},group_final_epoch,local,local_only,,dirichlet_1,3,3,15.0,,final_tp,3,"123,42,456",3799.0,405.37760174928263,1007.0137880042995,2791.9862119957006,4806.013788004299,t_seeds,3340.0,4108.0
group_final_epoch|local|local_only|dirichlet_1|3|15||3,Local-only dirichlet_1 {group_final_epoch},group_final_epoch,local,local_only,,dirichlet_1,3,3,15.0,,round1_accuracy,3,"123,42,456",0.9433326666666666,0.001747151236855156,0.004340164275603127,0.9389925023910635,0.9476728309422697,t_seeds,0.9423063333333334,0.94535
group_final_epoch|local|local_only|dirichlet_1|3|15||3,Local-only dirichlet_1 {group_final_epoch},group_final_epoch,local,local_only,,dirichlet_1,3,3,15.0,,total_time_s,3,"123,42,456",2685.8633333333332,52.41012243196296,130.1939616106911,2555.669371722642,2816.0572949440243,t_seeds,2647.27,2745.53
group|local|local_only|dirichlet_1|3|15||3,Local-only dirichlet_1 {group},group,local,local_only,,dirichlet_1,3,3,15.0,,final_cumulative_mb,3,"123,42,456",0.0,0.0,0.0,0.0,0.0,t_seeds,0.0,0.0
group|local|local_only|dirichlet_1|3|15||3,Local-only dirichlet_1 {group},group,local,local_only,,dirichlet_1,3,3,15.0,,round1_accuracy,3,"123,42,456",0.9433326666666666,0.001747151236855156,0.004340164275603127,0.9389925023910635,0.9476728309422697,t_seeds,0.9423063333333334,0.94535
group|local|local_only|dirichlet_1|3|15||3,Local-only dirichlet_1 {group},group,local,local_only,,dirichlet_1,3,3,15.0,,selected_test_accuracy,3,"123,42,456",0.9387191111111112,0.030859911824482198,0.05168059373806111,0.8750388908834466,0.9784000783595688,cluster_bootstrap_B1000,0.9040873333333334,0.9633023333333334
group|local|local_only|dirichlet_1|3|15||3,Local-only dirichlet_1 {group},group,local,local_only,,dirichlet_1,3,3,15.0,,selected_test_balanced_accuracy,3,"123,42,456",0.9442425555555555,0.014525608276929941,0.03562898626545247,0.9015858375719441,0.972843810102849,cluster_bootstrap_B1000,0.9298293333333333,0.958878
group|local|local_only|dirichlet_1|3|15||3,Local-only dirichlet_1 {group},group,local,local_only,,dirichlet_1,3,3,15.0,,selected_test_clean_accuracy,3,"123,42,456",0.9351399078609425,0.03311870795406173,0.05690973459369697,0.8630846028763678,0.9769040720637617,cluster_bootstrap_B1000,0.8978631135024399,0.9611728481844225
group|local|local_only|dirichlet_1|3|15||3,Local-only dirichlet_1 {group},group,local,local_only,,dirichlet_1,3,3,15.0,,selected_test_clean_balanced_accuracy,3,"123,42,456",0.9424033774824611,0.016347585253966363,0.03702104741228607,0.8971263143463246,0.9711684091708968,cluster_bootstrap_B1000,0.9262342716642848,0.9589237798695901
group|local|local_only|dirichlet_1|3|15||3,Local-only dirichlet_1 {group},group,local,local_only,,dirichlet_1,3,3,15.0,,selected_test_clean_f1,3,"123,42,456",0.9212849439125019,0.024422333144132093,0.051171051701834336,0.8552436219969111,0.9575857254005797,cluster_bootstrap_B1000,0.8938574495931237,0.9406775794073612
group|local|local_only|dirichlet_1|3|15||3,Local-only dirichlet_1 {group},group,local,local_only,,dirichlet_1,3,3,15.0,,selected_test_clean_loss,3,"123,42,456",0.23879857230713175,0.13123925758967994,0.20461278596696864,0.0891617423377,0.49838731427163724,cluster_bootstrap_B1000,0.13929423308908181,0.38753512245306165
group|local|local_only|dirichlet_1|3|15||3,Local-only dirichlet_1 {group},group,local,local_only,,dirichlet_1,3,3,15.0,,selected_test_clean_macro_f1,3,"123,42,456",0.9158110632432512,0.031934176391652684,0.0675772066920528,0.8265907969564013,0.9617452103405069,cluster_bootstrap_B1000,0.8792000309871909,0.9379265478321052
group|local|local_only|dirichlet_1|3|15||3,Local-only dirichlet_1 {group},group,local,local_only,,dirichlet_1,3,3,15.0,,selected_test_clean_mcc,3,"123,42,456",0.8508006647379717,0.04573565364073788,0.09786841179795291,0.7305497972870654,0.9262866208829712,cluster_bootstrap_B1000,0.798122954760594,0.8803866981326011
group|local|local_only|dirichlet_1|3|15||3,Local-only dirichlet_1 {group},group,local,local_only,,dirichlet_1,3,3,15.0,,selected_test_clean_precision,3,"123,42,456",0.9541948178560605,0.01879590434000357,0.02404216852888036,0.924973915950794,0.9730582530085548,cluster_bootstrap_B1000,0.9344567456612275,0.9718800166617524
group|local|local_only|dirichlet_1|3|15||3,Local-only dirichlet_1 {group},group,local,local_only,,dirichlet_1,3,3,15.0,,selected_test_clean_recall,3,"123,42,456",0.9008631713189185,0.027209380352907472,0.06853734862420119,0.8284139486777551,0.9654886459261575,cluster_bootstrap_B1000,0.8782685694764448,0.9310671735620214
group|local|local_only|dirichlet_1|3|15||3,Local-only dirichlet_1 {group},group,local,local_only,,dirichlet_1,3,3,15.0,,selected_test_clean_roc_auc,3,"123,42,456",0.97594101610018,0.025775581877417936,0.030065535659644982,0.9357237628371644,0.9958548341564544,cluster_bootstrap_B1000,0.9467049598185816,0.9953881622705869
group|local|local_only|dirichlet_1|3|15||3,Local-only dirichlet_1 {group},group,local,local_only,,dirichlet_1,3,3,15.0,,selected_test_clean_specificity,3,"123,42,456",0.9839435836460035,0.008680131536461582,0.03147748149707308,0.9282847859152513,0.9912397489093975,cluster_bootstrap_B1000,0.9741999738521248,0.9908503909087271
group|local|local_only|dirichlet_1|3|15||3,Local-only dirichlet_1 {group},group,local,local_only,,dirichlet_1,3,3,15.0,,selected_test_f1,3,"123,42,456",0.9233758888888889,0.022528176750542955,0.05053142411818601,0.8589926006113237,0.9600554488476957,cluster_bootstrap_B1000,0.8977836666666666,0.940209
group|local|local_only|dirichlet_1|3|15||3,Local-only dirichlet_1 {group},group,local,local_only,,dirichlet_1,3,3,15.0,,selected_test_fn,3,"123,42,456",267.3333333333333,111.59002344893263,277.2049855045972,-9.871652171263861,544.5383188379305,t_seeds,197.0,396.0
group|local|local_only|dirichlet_1|3|15||3,Local-only dirichlet_1 {group},group,local,local_only,,dirichlet_1,3,3,15.0,,selected_test_fp,3,"123,42,456",72.0,40.0374824383352,99.45862000861003,-27.458620008610026,171.45862000861,t_seeds,33.0,113.0
group|local|local_only|dirichlet_1|3|15||3,Local-only dirichlet_1 {group},group,local,local_only,,dirichlet_1,3,3,15.0,,selected_test_loss,3,"123,42,456",0.22643499999999997,0.1231261293489097,0.2007511887331996,0.08340991686486098,0.4849122943312602,cluster_bootstrap_B1000,0.13715166666666667,0.3668963333333333
group|local|local_only|dirichlet_1|3|15||3,Local-only dirichlet_1 {group},group,local,local_only,,dirichlet_1,3,3,15.0,,selected_test_macro_f1,3,"123,42,456",0.9186807777777778,0.030344129808165792,0.06490081766410705,0.8364087354729965,0.9662103708012106,cluster_bootstrap_B1000,0.884006,0.9403783333333333
group|local|local_only|dirichlet_1|3|15||3,Local-only dirichlet_1 {group},group,local,local_only,,dirichlet_1,3,3,15.0,,selected_test_macro_precision,3,"123,42,456",0.9125754444444444,0.03286903345489881,0.08165120555409737,0.8309242388903471,0.9942266499985417,t_seeds,0.8772220000000001,0.9422093333333333
group|local|local_only|dirichlet_1|3|15||3,Local-only dirichlet_1 {group},group,local,local_only,,dirichlet_1,3,3,15.0,,selected_test_macro_recall,3,"123,42,456",0.9442425555555555,0.014525608276929941,0.0360836113068344,0.9081589442487211,0.9803261668623898,t_seeds,0.9298293333333333,0.958878
group|local|local_only|dirichlet_1|3|15||3,Local-only dirichlet_1 {group},group,local,local_only,,dirichlet_1,3,3,15.0,,selected_test_macro_specificity,3,"123,42,456",0.9442425555555555,0.014525608276929941,0.0360836113068344,0.9081589442487211,0.9803261668623898,t_seeds,0.9298293333333333,0.958878
group|local|local_only|dirichlet_1|3|15||3,Local-only dirichlet_1 {group},group,local,local_only,,dirichlet_1,3,3,15.0,,selected_test_mcc,3,"123,42,456",0.8544585555555555,0.044421649547056276,0.09655934460053694,0.7423981987790789,0.9355168879801528,cluster_bootstrap_B1000,0.8034773333333333,0.884845
group|local|local_only|dirichlet_1|3|15||3,Local-only dirichlet_1 {group},group,local,local_only,,dirichlet_1,3,3,15.0,,selected_test_n_examples,3,"123,42,456",7201.0,0.0,0.0,7201.0,7201.0,t_seeds,7201.0,7201.0
group|local|local_only|dirichlet_1|3|15||3,Local-only dirichlet_1 {group},group,local,local_only,,dirichlet_1,3,3,15.0,,selected_test_precision,3,"123,42,456",0.952905,0.020321415428065058,0.025628212834601705,0.9210200301676992,0.9722764558369026,cluster_bootstrap_B1000,0.932245,0.97287
group|local|local_only|dirichlet_1|3|15||3,Local-only dirichlet_1 {group},group,local,local_only,,dirichlet_1,3,3,15.0,,selected_test_recall,3,"123,42,456",0.9047726666666668,0.024354512360820004,0.06631374560559178,0.831597530351669,0.9642250215628525,cluster_bootstrap_B1000,0.8849443333333333,0.9319573333333334
group|local|local_only|dirichlet_1|3|15||3,Local-only dirichlet_1 {group},group,local,local_only,,dirichlet_1,3,3,15.0,,selected_test_roc_auc,3,"123,42,456",0.9779779999999999,0.02295485909344687,0.029077693626264944,0.937285480739934,0.9954408679924639,cluster_bootstrap_B1000,0.951842,0.994868
group|local|local_only|dirichlet_1|3|15||3,Local-only dirichlet_1 {group},group,local,local_only,,dirichlet_1,3,3,15.0,,selected_test_specificity,3,"123,42,456",0.9837123333333334,0.00815787199240367,0.031028526331363715,0.9296803962057388,0.9917374488684663,cluster_bootstrap_B1000,0.974714,0.9906246666666666
group|local|local_only|dirichlet_1|3|15||3,Local-only dirichlet_1 {group},group,local,local_only,,dirichlet_1,3,3,15.0,,selected_test_tn,3,"123,42,456",2605.0,40.0374824383352,99.45862000861003,2505.54137999139,2704.45862000861,t_seeds,2564.0,2644.0
group|local|local_only|dirichlet_1|3|15||3,Local-only dirichlet_1 {group},group,local,local_only,,dirichlet_1,3,3,15.0,,selected_test_tp,3,"123,42,456",4256.666666666667,111.59002344893263,277.2049855045972,3979.46168116207,4533.871652171264,t_seeds,4128.0,4327.0
group|local|local_only|dirichlet_1|3|15||3,Local-only dirichlet_1 {group},group,local,local_only,,dirichlet_1,3,3,15.0,,total_time_s,3,"123,42,456",4481.703333333334,433.17853043904825,1076.075123384228,3405.628209949106,5557.778456717562,t_seeds,3982.24,4754.8
group_final_epoch|centralized|centralized|iid|3|15|0.001|3,Centralized iid {group_final_epoch},group_final_epoch,centralized,centralized,,iid,3,3,15.0,0.001,final_accuracy,5,"1011,123,42,456,789",0.9091510000000002,0.023986056605869957,0.029782622946386297,0.8793683770536138,0.9389336229463865,t_seeds,0.88599,0.945066
group_final_epoch|centralized|centralized|iid|3|15|0.001|3,Centralized iid {group_final_epoch},group_final_epoch,centralized,centralized,,iid,3,3,15.0,0.001,final_balanced_accuracy,5,"1011,123,42,456,789",0.919858,0.019765389991093025,0.024541973162397226,0.8953160268376027,0.9443999731623972,t_seeds,0.895996,0.94532
group_final_epoch|centralized|centralized|iid|3|15|0.001|3,Centralized iid {group_final_epoch},group_final_epoch,centralized,centralized,,iid,3,3,15.0,0.001,final_cumulative_mb,5,"1011,123,42,456,789",0.0,0.0,0.0,0.0,0.0,t_seeds,0.0,0.0
group_final_epoch|centralized|centralized|iid|3|15|0.001|3,Centralized iid {group_final_epoch},group_final_epoch,centralized,centralized,,iid,3,3,15.0,0.001,final_elapsed_s,5,"1011,123,42,456,789",2782.3599999999997,30.039274292165988,37.29868542075037,2745.0613145792495,2819.65868542075,t_seeds,2743.7,2804.8999999999996
group_final_epoch|centralized|centralized|iid|3|15|0.001|3,Centralized iid {group_final_epoch},group_final_epoch,centralized,centralized,,iid,3,3,15.0,0.001,final_f1,5,"1011,123,42,456,789",0.9229800000000001,0.021670768848843367,0.02690781349300444,0.8960721865069957,0.9498878134930046,t_seeds,0.900482,0.955491
group_final_epoch|centralized|centralized|iid|3|15|0.001|3,Centralized iid {group_final_epoch},group_final_epoch,centralized,centralized,,iid,3,3,15.0,0.001,final_fn,5,"1011,123,42,456,789",557.2,203.47161964264205,252.64338476647848,304.5566152335216,809.8433847664785,t_seeds,252.0,787.0
group_final_epoch|centralized|centralized|iid|3|15|0.001|3,Centralized iid {group_final_epoch},group_final_epoch,centralized,centralized,,iid,3,3,15.0,0.001,final_fp,5,"1011,123,42,456,789",101.0,91.42209798511517,113.51552770837439,-12.515527708374393,214.5155277083744,t_seeds,20.0,240.0
group_final_epoch|centralized|centralized|iid|3|15|0.001|3,Centralized iid {group_final_epoch},group_final_epoch,centralized,centralized,,iid,3,3,15.0,0.001,final_loss,5,"1011,123,42,456,789",0.6150328,0.27367710477805773,0.3398150081355536,0.27521779186444645,0.9548478081355536,t_seeds,0.228333,0.932898
group_final_epoch|centralized|centralized|iid|3|15|0.001|3,Centralized iid {group_final_epoch},group_final_epoch,centralized,centralized,,iid,3,3,15.0,0.001,final_macro_f1,5,"1011,123,42,456,789",0.9059908,0.024112923821054958,0.029940149400033887,0.8760506505999661,0.9359309494000339,t_seeds,0.88352,0.941877
group_final_epoch|centralized|centralized|iid|3|15|0.001|3,Centralized iid {group_final_epoch},group_final_epoch,centralized,centralized,,iid,3,3,15.0,0.001,final_macro_precision,5,"1011,123,42,456,789",0.901891,0.024084898411660352,0.02990535125815368,0.8719856487418464,0.9317963512581536,t_seeds,0.881403,0.938906
group_final_epoch|centralized|centralized|iid|3|15|0.001|3,Centralized iid {group_final_epoch},group_final_epoch,centralized,centralized,,iid,3,3,15.0,0.001,final_macro_recall,5,"1011,123,42,456,789",0.919858,0.019765389991093025,0.024541973162397226,0.8953160268376027,0.9443999731623972,t_seeds,0.895996,0.94532
group_final_epoch|centralized|centralized|iid|3|15|0.001|3,Centralized iid {group_final_epoch},group_final_epoch,centralized,centralized,,iid,3,3,15.0,0.001,final_macro_specificity,5,"1011,123,42,456,789",0.919858,0.019765389991093025,0.024541973162397226,0.8953160268376027,0.9443999731623972,t_seeds,0.895996,0.94532
group_final_epoch|centralized|centralized|iid|3|15|0.001|3,Centralized iid {group_final_epoch},group_final_epoch,centralized,centralized,,iid,3,3,15.0,0.001,final_mcc,5,"1011,123,42,456,789",0.8215201999999999,0.04346131100990854,0.05396434519574031,0.7675558548042596,0.8754845451957403,t_seeds,0.7778,0.884203
group_final_epoch|centralized|centralized|iid|3|15|0.001|3,Centralized iid {group_final_epoch},group_final_epoch,centralized,centralized,,iid,3,3,15.0,0.001,final_n_examples,5,"1011,123,42,456,789",7245.0,0.0,0.0,7245.0,7245.0,t_seeds,7245.0,7245.0
group_final_epoch|centralized|centralized|iid|3|15|0.001|3,Centralized iid {group_final_epoch},group_final_epoch,centralized,centralized,,iid,3,3,15.0,0.001,final_precision,5,"1011,123,42,456,789",0.9759690000000001,0.021136764475671307,0.026244759487953323,0.9497242405120467,1.0022137594879534,t_seeds,0.943155,0.994811
group_final_epoch|centralized|centralized|iid|3|15|0.001|3,Centralized iid {group_final_epoch},group_final_epoch,centralized,centralized,,iid,3,3,15.0,0.001,final_recall,5,"1011,123,42,456,789",0.8768347999999999,0.04497602769476204,0.05584511437080146,0.8209896856291985,0.9326799143708013,t_seeds,0.826039,0.944297
group_final_epoch|centralized|centralized|iid|3|15|0.001|3,Centralized iid {group_final_epoch},group_final_epoch,centralized,centralized,,iid,3,3,15.0,0.001,final_roc_auc,5,"1011,123,42,456,789",0.9772000000000001,0.00730438501860353,0.009069591906618935,0.9681304080933811,0.986269591906619,t_seeds,0.967389,0.985784
group_final_epoch|centralized|centralized|iid|3|15|0.001|3,Centralized iid {group_final_epoch},group_final_epoch,centralized,centralized,,iid,3,3,15.0,0.001,final_specificity,5,"1011,123,42,456,789",0.9628812,0.03359881054739885,0.04171843343917406,0.921162766560826,1.004599633439174,t_seeds,0.911797,0.99265
group_final_epoch|centralized|centralized|iid|3|15|0.001|3,Centralized iid {group_final_epoch},group_final_epoch,centralized,centralized,,iid,3,3,15.0,0.001,final_tn,5,"1011,123,42,456,789",2620.0,91.42209798511517,113.51552770837439,2506.4844722916255,2733.5155277083745,t_seeds,2481.0,2701.0
group_final_epoch|centralized|centralized|iid|3|15|0.001|3,Centralized iid {group_final_epoch},group_final_epoch,centralized,centralized,,iid,3,3,15.0,0.001,final_tp,5,"1011,123,42,456,789",3966.8,203.47161964264205,252.64338476647848,3714.1566152335217,4219.443384766479,t_seeds,3737.0,4272.0
group_final_epoch|centralized|centralized|iid|3|15|0.001|3,Centralized iid {group_final_epoch},group_final_epoch,centralized,centralized,,iid,3,3,15.0,0.001,round1_accuracy,5,"1011,123,42,456,789",0.9202378,0.02436690826100019,0.030255512735217826,0.8899822872647821,0.9504933127352179,t_seeds,0.886216,0.949901
group_final_epoch|centralized|centralized|iid|3|15|0.001|3,Centralized iid {group_final_epoch},group_final_epoch,centralized,centralized,,iid,3,3,15.0,0.001,total_time_s,5,"1011,123,42,456,789",2782.38,30.087436746921483,37.35848700688538,2745.021512993115,2819.7384870068854,t_seeds,2743.73,2804.98
group|centralized|centralized|iid|3|15|0.001|3,Centralized iid {group},group,centralized,centralized,,iid,3,3,15.0,0.001,final_cumulative_mb,5,"1011,123,42,456,789",0.0,0.0,0.0,0.0,0.0,t_seeds,0.0,0.0
group|centralized|centralized|iid|3|15|0.001|3,Centralized iid {group},group,centralized,centralized,,iid,3,3,15.0,0.001,round1_accuracy,5,"1011,123,42,456,789",0.9202378,0.02436690826100019,0.030255512735217826,0.8899822872647821,0.9504933127352179,t_seeds,0.886216,0.949901
group|centralized|centralized|iid|3|15|0.001|3,Centralized iid {group},group,centralized,centralized,,iid,3,3,15.0,0.001,selected_epoch,5,"1011,123,42,456,789",5.2,2.04939015319192,2.544653971491704,2.6553460285082964,7.744653971491704,t_seeds,3.0,7.0
group|centralized|centralized|iid|3|15|0.001|3,Centralized iid {group},group,centralized,centralized,,iid,3,3,15.0,0.001,selected_test_accuracy,5,"1011,123,42,456,789",0.9338856,0.012077477108237469,0.024794155648494187,0.9033393706241063,0.9529276819210947,cluster_bootstrap_B1000,0.914562,0.944928
group|centralized|centralized|iid|3|15|0.001|3,Centralized iid {group},group,centralized,centralized,,iid,3,3,15.0,0.001,selected_test_balanced_accuracy,5,"1011,123,42,456,789",0.9374078000000001,0.01362374615148128,0.025849485778330072,0.9012550959092112,0.9529540674658713,cluster_bootstrap_B1000,0.917526,0.949238
group|centralized|centralized|iid|3|15|0.001|3,Centralized iid {group},group,centralized,centralized,,iid,3,3,15.0,0.001,selected_test_clean_accuracy,5,"1011,123,42,456,789",0.9296066252587993,0.013007177419281899,0.0261379944364194,0.8977025674925293,0.9499785563653681,cluster_bootstrap_B1000,0.9087548062703342,0.9415853297840876
group|centralized|centralized|iid|3|15|0.001|3,Centralized iid {group},group,centralized,centralized,,iid,3,3,15.0,0.001,selected_test_clean_balanced_accuracy,5,"1011,123,42,456,789",0.9333279634660302,0.014569031639259586,0.02822502226530832,0.8949391863460147,0.9513892308766313,cluster_bootstrap_B1000,0.9118990548133395,0.9460710589884269
group|centralized|centralized|iid|3|15|0.001|3,Centralized iid {group},group,centralized,centralized,,iid,3,3,15.0,0.001,selected_test_clean_f1,5,"1011,123,42,456,789",0.9420445811842779,0.010686711409323417,0.030752453183453377,0.8976010539265715,0.9591059602934783,cluster_bootstrap_B1000,0.924691810081777,0.9519055156459272
group|centralized|centralized|iid|3|15|0.001|3,Centralized iid {group},group,centralized,centralized,,iid,3,3,15.0,0.001,selected_test_clean_loss,5,"1011,123,42,456,789",0.39068706129057745,0.1346844730119443,0.20593087797298626,0.23777924317428908,0.6496409991202616,cluster_bootstrap_B1000,0.3083789619642332,0.625869680895954
group|centralized|centralized|iid|3|15|0.001|3,Centralized iid {group},group,centralized,centralized,,iid,3,3,15.0,0.001,selected_test_clean_macro_f1,5,"1011,123,42,456,789",0.926191444876098,0.013668456874747369,0.029777187347439837,0.885591528926814,0.9451459036216937,cluster_bootstrap_B1000,0.9044768373237623,0.9387657873842514
group|centralized|centralized|iid|3|15|0.001|3,Centralized iid {group},group,centralized,centralized,,iid,3,3,15.0,0.001,selected_test_clean_mcc,5,"1011,123,42,456,789",0.8546752325079027,0.027667045933066882,0.05712930140380107,0.7779231186072882,0.8921817214148904,cluster_bootstrap_B1000,0.8112997450048908,0.8795749602876466
group|centralized|centralized|iid|3|15|0.001|3,Centralized iid {group},group,centralized,centralized,,iid,3,3,15.0,0.001,selected_test_clean_precision,5,"1011,123,42,456,789",0.9673547845742642,0.01594296834220766,0.02668691041679644,0.9287879846157466,0.9821618054493395,cluster_bootstrap_B1000,0.9511305616338439,0.9875904860392968
group|centralized|centralized|iid|3|15|0.001|3,Centralized iid {group},group,centralized,centralized,,iid,3,3,15.0,0.001,selected_test_clean_recall,5,"1011,123,42,456,789",0.9182055542368858,0.014214508547179814,0.04469230325447432,0.8584990408687254,0.947883647377674,cluster_bootstrap_B1000,0.899121765962497,0.9287918347970567
group|centralized|centralized|iid|3|15|0.001|3,Centralized iid {group},group,centralized,centralized,,iid,3,3,15.0,0.001,selected_test_clean_roc_auc,5,"1011,123,42,456,789",0.9773007887093481,0.0036208685134743335,0.015981963903769603,0.9547455317598593,0.9867094595673985,cluster_bootstrap_B1000,0.9737357617425263,0.9812547554753325
group|centralized|centralized|iid|3|15|0.001|3,Centralized iid {group},group,centralized,centralized,,iid,3,3,15.0,0.001,selected_test_clean_specificity,5,"1011,123,42,456,789",0.9484503726951747,0.025684519570307773,0.0381481018032509,0.8967086993856418,0.9730049029921436,cluster_bootstrap_B1000,0.9211455472734406,0.9811690859160455
group|centralized|centralized|iid|3|15|0.001|3,Centralized iid {group},group,centralized,centralized,,iid,3,3,15.0,0.001,selected_test_f1,5,"1011,123,42,456,789",0.945773,0.009876594225743995,0.02887536852677397,0.9039901664910461,0.9617409035445941,cluster_bootstrap_B1000,0.929763,0.954818
group|centralized|centralized|iid|3|15|0.001|3,Centralized iid {group},group,centralized,centralized,,iid,3,3,15.0,0.001,selected_test_fn,5,"1011,123,42,456,789",347.2,59.36497283752432,73.7113495266983,273.4886504733017,420.9113495266983,t_seeds,303.0,427.0
group|centralized|centralized|iid|3|15|0.001|3,Centralized iid {group},group,centralized,centralized,,iid,3,3,15.0,0.001,selected_test_fp,5,"1011,123,42,456,789",131.8,66.0053028172737,81.95640819874625,49.843591801253766,213.75640819874627,t_seeds,48.0,203.0
group|centralized|centralized|iid|3|15|0.001|3,Centralized iid {group},group,centralized,centralized,,iid,3,3,15.0,0.001,selected_test_loss,5,"1011,123,42,456,789",0.36625579999999996,0.1256875096487316,0.19840439138887964,0.22181871374365186,0.6186274965214111,cluster_bootstrap_B1000,0.288932,0.585553
group|centralized|centralized|iid|3|15|0.001|3,Centralized iid {group},group,centralized,centralized,,iid,3,3,15.0,0.001,selected_test_macro_f1,5,"1011,123,42,456,789",0.9305337999999999,0.012723814824965035,0.027486118903977286,0.8930834295734261,0.9480556673813807,cluster_bootstrap_B1000,0.910363,0.942156
group|centralized|centralized|iid|3|15|0.001|3,Centralized iid {group},group,centralized,centralized,,iid,3,3,15.0,0.001,selected_test_macro_precision,5,"1011,123,42,456,789",0.9258006,0.012471778634180484,0.015485758523628818,0.9103148414763712,0.9412863585236287,t_seeds,0.905391,0.937019
group|centralized|centralized|iid|3|15|0.001|3,Centralized iid {group},group,centralized,centralized,,iid,3,3,15.0,0.001,selected_test_macro_recall,5,"1011,123,42,456,789",0.9374078000000001,0.01362374615148128,0.016916115116961387,0.9204916848830388,0.9543239151169615,t_seeds,0.917526,0.949238
group|centralized|centralized|iid|3|15|0.001|3,Centralized iid {group},group,centralized,centralized,,iid,3,3,15.0,0.001,selected_test_macro_specificity,5,"1011,123,42,456,789",0.9374078000000001,0.01362374615148128,0.016916115116961387,0.9204916848830388,0.9543239151169615,t_seeds,0.917526,0.949238
group|centralized|centralized|iid|3|15|0.001|3,Centralized iid {group},group,centralized,centralized,,iid,3,3,15.0,0.001,selected_test_mcc,5,"1011,123,42,456,789",0.8631222,0.025758658703434058,0.05265979363345519,0.7922162446078186,0.897535831874729,cluster_bootstrap_B1000,0.822828,0.886172
group|centralized|centralized|iid|3|15|0.001|3,Centralized iid {group},group,centralized,centralized,,iid,3,3,15.0,0.001,selected_test_n_examples,5,"1011,123,42,456,789",7245.0,0.0,0.0,7245.0,7245.0,t_seeds,7245.0,7245.0
group|centralized|centralized|iid|3|15|0.001|3,Centralized iid {group},group,centralized,centralized,,iid,3,3,15.0,0.001,selected_test_precision,5,"1011,123,42,456,789",0.9695931999999999,0.014936226203429033,0.024320248797668198,0.9357904762982336,0.98443097389357,cluster_bootstrap_B1000,0.954114,0.988508
group|centralized|centralized|iid|3|15|0.001|3,Centralized iid {group},group,centralized,centralized,,iid,3,3,15.0,0.001,selected_test_recall,5,"1011,123,42,456,789",0.923254,0.013122144470321917,0.04344784584798511,0.8652906885438385,0.9521863802398087,cluster_bootstrap_B1000,0.905615,0.933024
group|centralized|centralized|iid|3|15|0.001|3,Centralized iid {group},group,centralized,centralized,,iid,3,3,15.0,0.001,selected_test_roc_auc,5,"1011,123,42,456,789",0.9796808,0.003205683187715221,0.014747813567919876,0.9583009593476061,0.9877965864834458,cluster_bootstrap_B1000,0.976499,0.983227
group|centralized|centralized|iid|3|15|0.001|3,Centralized iid {group},group,centralized,centralized,,iid,3,3,15.0,0.001,selected_test_specificity,5,"1011,123,42,456,789",0.9515618,0.024257491166647886,0.0398145159104934,0.8964452967023827,0.9760743285233695,cluster_bootstrap_B1000,0.925395,0.982359
group|centralized|centralized|iid|3|15|0.001|3,Centralized iid {group},group,centralized,centralized,,iid,3,3,15.0,0.001,selected_test_tn,5,"1011,123,42,456,789",2589.2,66.0053028172737,81.95640819874625,2507.2435918012534,2671.1564081987462,t_seeds,2518.0,2673.0
group|centralized|centralized|iid|3|15|0.001|3,Centralized iid {group},group,centralized,centralized,,iid,3,3,15.0,0.001,selected_test_tp,5,"1011,123,42,456,789",4176.8,59.36497283752431,73.71134952669829,4103.088650473302,4250.511349526699,t_seeds,4097.0,4221.0
group|centralized|centralized|iid|3|15|0.001|3,Centralized iid {group},group,centralized,centralized,,iid,3,3,15.0,0.001,selected_val_loss,5,"1011,123,42,456,789",0.0962644282170935,0.030081496038548802,0.0373511106431752,0.058913317573918295,0.1336155388602687,t_seeds,0.068208873939135,0.1375286677728642
group|centralized|centralized|iid|3|15|0.001|3,Centralized iid {group},group,centralized,centralized,,iid,3,3,15.0,0.001,total_time_s,5,"1011,123,42,456,789",3952.6040000000003,6.587194395188183,8.179082129674784,3944.4249178703253,3960.783082129675,t_seeds,3944.75,3958.89
image|centralized|centralized|iid|3|15|0.001|3,Centralized iid {image},image,centralized,centralized,,iid,3,3,15.0,0.001,final_accuracy,3,"123,42,456",0.99648,0.0013425829583306873,0.0033351609579425822,0.9931448390420574,0.9998151609579427,t_seeds,0.995193,0.997872
image|centralized|centralized|iid|3|15|0.001|3,Centralized iid {image},image,centralized,centralized,,iid,3,3,15.0,0.001,final_cumulative_mb,3,"123,42,456",0.0,0.0,0.0,0.0,0.0,t_seeds,0.0,0.0
image|centralized|centralized|iid|3|15|0.001|3,Centralized iid {image},image,centralized,centralized,,iid,3,3,15.0,0.001,final_elapsed_s,3,"123,42,456",15276.233333333332,601.3857026346191,1493.9249032221269,13782.308430111205,16770.158236555457,t_seeds,14662.799999999997,15864.8
image|centralized|centralized|iid|3|15|0.001|3,Centralized iid {image},image,centralized,centralized,,iid,3,3,15.0,0.001,final_loss,3,"123,42,456",0.012270999999999999,0.0036724711026773233,0.009122923961474058,0.0031480760385259408,0.021393923961474055,t_seeds,0.008769,0.016093
image|centralized|centralized|iid|3|15|0.001|3,Centralized iid {image},image,centralized,centralized,,iid,3,3,15.0,0.001,round1_accuracy,3,"123,42,456",0.9915556666666667,0.0028511250995586403,0.0070825873807315335,0.9844730792859352,0.9986382540473983,t_seeds,0.988268,0.993349
image|centralized|centralized|iid|3|15|0.001|3,Centralized iid {image},image,centralized,centralized,,iid,3,3,15.0,0.001,total_time_s,3,"123,42,456",15276.35,601.4020379912263,1493.9654824975098,13782.38451750249,16770.31548249751,t_seeds,14662.88,15864.91
group|fl|fedavg|iid|3|5|0.001|3,FedAvg iid [3N] {group},group,fl,fedavg,0.0,iid,3,3,5.0,0.001,final_cumulative_mb,5,"1011,123,42,456,789",165.465288,0.0,0.0,165.465288,165.465288,t_seeds,165.465288,165.465288
group|fl|fedavg|iid|3|5|0.001|3,FedAvg iid [3N] {group},group,fl,fedavg,0.0,iid,3,3,5.0,0.001,round1_accuracy,5,"1011,123,42,456,789",0.35989244268327203,0.00024512465434033706,0.00030436245836653854,0.3595880802249055,0.36019680514163854,t_seeds,0.3597509198981036,0.3603170110387772
group|fl|fedavg|iid|3|5|0.001|3,FedAvg iid [3N] {group},group,fl,fedavg,0.0,iid,3,3,5.0,0.001,selected_round,5,"1011,123,42,456,789",2.4,0.5477225575051661,0.6800873806582556,1.7199126193417444,3.0800873806582554,t_seeds,2.0,3.0
group|fl|fedavg|iid|3|5|0.001|3,FedAvg iid [3N] {group},group,fl,fedavg,0.0,iid,3,3,5.0,0.001,selected_test_accuracy,5,"1011,123,42,456,789",0.8306694271911663,0.12310327567529923,0.10744171673538067,0.707128461154173,0.9220118946249344,cluster_bootstrap_B1000,0.6374051069703244,0.9514147688060731
group|fl|fedavg|iid|3|5|0.001|3,FedAvg iid [3N] {group},group,fl,fedavg,0.0,iid,3,3,5.0,0.001,selected_test_balanced_accuracy,5,"1011,123,42,456,789",0.863714240717664,0.0974361522613079,0.08234523348688833,0.7606577687177105,0.9253482356914872,cluster_bootstrap_B1000,0.7104030860027861,0.9583052285172471
group|fl|fedavg|iid|3|5|0.001|3,FedAvg iid [3N] {group},group,fl,fedavg,0.0,iid,3,3,5.0,0.001,selected_test_clean_accuracy,5,"1011,123,42,456,789",0.8206447796509908,0.1301058765726204,0.1088791891830363,0.7027888274291713,0.9205472057952439,cluster_bootstrap_B1000,0.6168293404318249,0.9485359361135759
group|fl|fedavg|iid|3|5|0.001|3,FedAvg iid [3N] {group},group,fl,fedavg,0.0,iid,3,3,5.0,0.001,selected_test_clean_balanced_accuracy,5,"1011,123,42,456,789",0.8566076730660723,0.10229772292473552,0.08486737437552572,0.753863820596875,0.9235985693479264,cluster_bootstrap_B1000,0.6953663649386843,0.9556720637082993
group|fl|fedavg|iid|3|5|0.001|3,FedAvg iid [3N] {group},group,fl,fedavg,0.0,iid,3,3,5.0,0.001,selected_test_clean_f1,5,"1011,123,42,456,789",0.7931640475951257,0.18110479793621642,0.15247546300692028,0.6071691928563892,0.9121201188702297,cluster_bootstrap_B1000,0.5116324270850028,0.9564933444991369
group|fl|fedavg|iid|3|5|0.001|3,FedAvg iid [3N] {group},group,fl,fedavg,0.0,iid,3,3,5.0,0.001,selected_test_clean_loss,5,"1011,123,42,456,789",0.5060553700647116,0.2830863311189917,0.22541614285508468,0.3179672169234555,0.7687995026336248,cluster_bootstrap_B1000,0.2651727698990392,0.9917592813711954
group|fl|fedavg|iid|3|5|0.001|3,FedAvg iid [3N] {group},group,fl,fedavg,0.0,iid,3,3,5.0,0.001,selected_test_clean_macro_f1,5,"1011,123,42,456,789",0.8121917511172848,0.14000890120631743,0.11929208217984272,0.6674554196976683,0.9060395840573537,cluster_bootstrap_B1000,0.5926273545759704,0.946384309758734
group|fl|fedavg|iid|3|5|0.001|3,FedAvg iid [3N] {group},group,fl,fedavg,0.0,iid,3,3,5.0,0.001,selected_test_clean_mcc,5,"1011,123,42,456,789",0.7161895072932363,0.18023963931103518,0.15100302106291213,0.5316138214306705,0.8336198635564948,cluster_bootstrap_B1000,0.42963880830145096,0.8970452339261507
group|fl|fedavg|iid|3|5|0.001|3,FedAvg iid [3N] {group},group,fl,fedavg,0.0,iid,3,3,5.0,0.001,selected_test_clean_precision,5,"1011,123,42,456,789",0.9985169507792808,0.0033161988715064224,0.02034617902616065,0.9593076419476787,1.0,cluster_bootstrap_B1000,0.9925847538964035,1.0
group|fl|fedavg|iid|3|5|0.001|3,FedAvg iid [3N] {group},group,fl,fedavg,0.0,iid,3,3,5.0,0.001,selected_test_clean_recall,5,"1011,123,42,456,789",0.7156421084521993,0.2075831664453611,0.17105392419781335,0.509081605592057,0.8511894539876836,cluster_bootstrap_B1000,0.39073272987736873,0.9234779390168705
group|fl|fedavg|iid|3|5|0.001|3,FedAvg iid [3N] {group},group,fl,fedavg,0.0,iid,3,3,5.0,0.001,selected_test_clean_roc_auc,5,"1011,123,42,456,789",0.9694594216018102,0.027200690079643312,0.0283400687840909,0.93170013179473,0.9883802693629118,cluster_bootstrap_B1000,0.9282482671724902,0.9931444356044089
group|fl|fedavg|iid|3|5|0.001|3,FedAvg iid [3N] {group},group,fl,fedavg,0.0,iid,3,3,5.0,0.001,selected_test_clean_specificity,5,"1011,123,42,456,789",0.9975732376799457,0.005426405512876613,0.004129793502667345,0.9917404129946653,1.0,cluster_bootstrap_B1000,0.9878661883997283,1.0
group|fl|fedavg|iid|3|5|0.001|3,FedAvg iid [3N] {group},group,fl,fedavg,0.0,iid,3,3,5.0,0.001,selected_test_f1,5,"1011,123,42,456,789",0.8048579578974895,0.17045842706755288,0.14586585500456473,0.6198852908973619,0.9116170009064913,cluster_bootstrap_B1000,0.5405888526401688,0.9591889722819456
group|fl|fedavg|iid|3|5|0.001|3,FedAvg iid [3N] {group},group,fl,fedavg,0.0,iid,3,3,5.0,0.001,selected_test_fn,5,"1011,123,42,456,789",1220.8,899.309568502415,1116.6403144496105,104.15968555038944,2337.4403144496105,t_seeds,322.0,2627.0
group|fl|fedavg|iid|3|5|0.001|3,FedAvg iid [3N] {group},group,fl,fedavg,0.0,iid,3,3,5.0,0.001,selected_test_fp,5,"1011,123,42,456,789",6.0,13.416407864998739,16.65867063118676,-10.658670631186759,22.65867063118676,t_seeds,0.0,30.0
group|fl|fedavg|iid|3|5|0.001|3,FedAvg iid [3N] {group},group,fl,fedavg,0.0,iid,3,3,5.0,0.001,selected_test_loss,5,"1011,123,42,456,789",0.4870921764138849,0.267883994221361,0.2289862633953341,0.30782868401319435,0.7658012108038625,cluster_bootstrap_B1000,0.2550226651720209,0.945715737603118
group|fl|fedavg|iid|3|5|0.001|3,FedAvg iid [3N] {group},group,fl,fedavg,0.0,iid,3,3,5.0,0.001,selected_test_macro_f1,5,"1011,123,42,456,789",0.8222031691652111,0.13297642085241,0.11544255662306024,0.6772822909540381,0.9081674042001586,cluster_bootstrap_B1000,0.6134110781747119,0.9493338405160219
group|fl|fedavg|iid|3|5|0.001|3,FedAvg iid [3N] {group},group,fl,fedavg,0.0,iid,3,3,5.0,0.001,selected_test_macro_precision,5,"1011,123,42,456,789",0.8716906002897712,0.06702542901148432,0.08322306216772218,0.788467538122049,0.9549136624574934,t_seeds,0.7648139223738151,0.9443048772349347
group|fl|fedavg|iid|3|5|0.001|3,FedAvg iid [3N] {group},group,fl,fedavg,0.0,iid,3,3,5.0,0.001,selected_test_macro_recall,5,"1011,123,42,456,789",0.863714240717664,0.0974361522613079,0.1209829623863663,0.7427312783312977,0.9846972031040303,t_seeds,0.7104030860027861,0.9583052285172471
group|fl|fedavg|iid|3|5|0.001|3,FedAvg iid [3N] {group},group,fl,fedavg,0.0,iid,3,3,5.0,0.001,selected_test_macro_specificity,5,"1011,123,42,456,789",0.863714240717664,0.0974361522613079,0.1209829623863663,0.7427312783312977,0.9846972031040303,t_seeds,0.7104030860027861,0.9583052285172471
group|fl|fedavg|iid|3|5|0.001|3,FedAvg iid [3N] {group},group,fl,fedavg,0.0,iid,3,3,5.0,0.001,selected_test_mcc,5,"1011,123,42,456,789",0.7290871022705685,0.17348740487735304,0.14776049703171545,0.5426951128814798,0.8382161069449107,cluster_bootstrap_B1000,0.4529273209292744,0.9024985278237063
group|fl|fedavg|iid|3|5|0.001|3,FedAvg iid [3N] {group},group,fl,fedavg,0.0,iid,3,3,5.0,0.001,selected_test_n_examples,5,"1011,123,42,456,789",7245.0,0.0,0.0,7245.0,7245.0,t_seeds,7245.0,7245.0
group|fl|fedavg|iid|3|5|0.001|3,FedAvg iid [3N] {group},group,fl,fedavg,0.0,iid,3,3,5.0,0.001,selected_test_precision,5,"1011,123,42,456,789",0.9986211099727393,0.0030832918344513237,0.015932692603203902,0.9681346147935922,1.0,cluster_bootstrap_B1000,0.9931055498636968,1.0
group|fl|fedavg|iid|3|5|0.001|3,FedAvg iid [3N] {group},group,fl,fedavg,0.0,iid,3,3,5.0,0.001,selected_test_recall,5,"1011,123,42,456,789",0.7296980630563838,0.19767240553695312,0.16745607307457983,0.5213155374354211,0.8562276835845808,cluster_bootstrap_B1000,0.4208061720055723,0.9279583651397744
group|fl|fedavg|iid|3|5|0.001|3,FedAvg iid [3N] {group},group,fl,fedavg,0.0,iid,3,3,5.0,0.001,selected_test_roc_auc,5,"1011,123,42,456,789",0.9725352140436521,0.024472753737961594,0.02783801611306075,0.9334490401289088,0.9891250723550303,cluster_bootstrap_B1000,0.9354824576658568,0.9939103036373327
group|fl|fedavg|iid|3|5|0.001|3,FedAvg iid [3N] {group},group,fl,fedavg,0.0,iid,3,3,5.0,0.001,selected_test_specificity,5,"1011,123,42,456,789",0.9977304183789439,0.005074938785165568,0.004110515372506951,0.9917789692549861,1.0,cluster_bootstrap_B1000,0.9886520918947196,1.0
group|fl|fedavg|iid|3|5|0.001|3,FedAvg iid [3N] {group},group,fl,fedavg,0.0,iid,3,3,5.0,0.001,selected_test_tn,5,"1011,123,42,456,789",2715.0,13.416407864998739,16.65867063118676,2698.341329368813,2731.658670631187,t_seeds,2691.0,2721.0
group|fl|fedavg|iid|3|5|0.001|3,FedAvg iid [3N] {group},group,fl,fedavg,0.0,iid,3,3,5.0,0.001,selected_test_tp,5,"1011,123,42,456,789",3303.2,899.3095685024151,1116.6403144496107,2186.559685550389,4419.840314449611,t_seeds,1897.0,4202.0
group|fl|fedavg|iid|3|5|0.001|3,FedAvg iid [3N] {group},group,fl,fedavg,0.0,iid,3,3,5.0,0.001,selected_val_loss,5,"1011,123,42,456,789",0.5696000957087033,0.2667818871847001,0.33125346469010025,0.23834663101860304,0.9008535603988035,t_seeds,0.3788430069918812,1.0287883881919033
group|fl|fedavg|iid|3|5|0.001|3,FedAvg iid [3N] {group},group,fl,fedavg,0.0,iid,3,3,5.0,0.001,total_time_s,5,"1011,123,42,456,789",4128.644,11.22400240555939,13.936439702735537,4114.7075602972645,4142.580439702736,t_seeds,4114.71,4145.35
image|fl|fedavg|iid|3|||3,FedAvg iid [3N] {image},image,fl,fedavg,,iid,3,3,,,final_cumulative_mb,2,"123,456",110.310192,0.0,0.0,110.310192,110.310192,t_seeds,110.310192,110.310192
image|fl|fedavg|iid|3|||3,FedAvg iid [3N] {image},image,fl,fedavg,,iid,3,3,,,round1_accuracy,2,"123,456",0.6823344791510985,0.16929981519367046,1.521098489564479,-0.8387640104133806,2.2034329687155774,t_seeds,0.5626214317740248,0.8020475265281721
image|fl|fedavg|iid|3|||3,FedAvg iid [3N] {image},image,fl,fedavg,,iid,3,3,,,total_time_s,2,"123,456",6107.219999999999,203.56190016798337,1828.931109724986,4278.288890275013,7936.151109724986,t_seeds,5963.28,6251.16
image|fl|fedavg|iid|3|||3,FedAvg iid [3N] {image},image,fl,fedavg,,iid,3,3,,,v1_final_round_accuracy,2,"123,456",0.9931998206546107,0.00031704085242257533,0.0028484990441279816,0.9903513216104827,0.9960483196987386,t_seeds,0.9929756389179495,0.9934240023912718
image|fl|fedavg|iid|3|||3,FedAvg iid [3N] {image},image,fl,fedavg,,iid,3,3,,,v1_final_round_loss,2,"123,456",0.051974863257688395,0.008646789361022844,0.07768832010589097,-0.025713456848202573,0.12966318336357935,t_seeds,0.045860659865017445,0.05808906665035934
image|fl|fedbn|iid|3|||3,FedBN iid [3N] {image},image,fl,fedbn,,iid,3,3,,,final_cumulative_mb,3,"123,42,456",110.31019199999999,1.7404671430534633e-14,4.323560066121465e-14,110.31019199999994,110.31019200000003,t_seeds,110.310192,110.310192
image|fl|fedbn|iid|3|||3,FedBN iid [3N] {image},image,fl,fedbn,,iid,3,3,,,round1_accuracy,3,"123,42,456",0.5708165197030838,0.07123236596696934,0.1769510065957493,0.3938655131073345,0.747767526298833,t_seeds,0.5203258107906142,0.6522941264384995
image|fl|fedbn|iid|3|||3,FedBN iid [3N] {image},image,fl,fedbn,,iid,3,3,,,total_time_s,3,"123,42,456",6322.610000000001,91.09968550988519,226.3041643037009,6096.305835696299,6548.914164303702,t_seeds,6237.64,6418.8
image|fl|fedbn|iid|3|||3,FedBN iid [3N] {image},image,fl,fedbn,,iid,3,3,,,v1_final_round_accuracy,3,"123,42,456",0.9568574702336471,0.03121956697538345,0.07755370366806522,0.8793037665655818,1.0344111739017123,t_seeds,0.9295322074428336,0.9908832760424451
image|fl|fedbn|iid|3|||3,FedBN iid [3N] {image},image,fl,fedbn,,iid,3,3,,,v1_final_round_loss,3,"123,42,456",0.17069846895509774,0.10329649564788634,0.2566027203305683,-0.08590425137547056,0.42730118928566607,t_seeds,0.05967640129596267,0.2639684935372215
group|fl|fedprox_0.01|iid|3|5|0.001|3,FedProx(mu=0.01) iid [3N] {group},group,fl,fedprox_0.01,0.01,iid,3,3,5.0,0.001,final_cumulative_mb,5,"1011,123,42,456,789",165.465288,0.0,0.0,165.465288,165.465288,t_seeds,165.465288,165.465288
group|fl|fedprox_0.01|iid|3|5|0.001|3,FedProx(mu=0.01) iid [3N] {group},group,fl,fedprox_0.01,0.01,iid,3,3,5.0,0.001,round1_accuracy,5,"1011,123,42,456,789",0.8549674497594113,0.04735321515473864,0.05879678245683585,0.7961706673025755,0.9137642322162471,t_seeds,0.7969148032833286,0.8955561845457118
group|fl|fedprox_0.01|iid|3|5|0.001|3,FedProx(mu=0.01) iid [3N] {group},group,fl,fedprox_0.01,0.01,iid,3,3,5.0,0.001,selected_round,5,"1011,123,42,456,789",2.8,0.44721359549995787,0.5552890210395586,2.244710978960441,3.3552890210395585,t_seeds,2.0,3.0
group|fl|fedprox_0.01|iid|3|5|0.001|3,FedProx(mu=0.01) iid [3N] {group},group,fl,fedprox_0.01,0.01,iid,3,3,5.0,0.001,selected_test_accuracy,5,"1011,123,42,456,789",0.9271497584541063,0.01632693306470393,0.02041264724037234,0.9028019063010992,0.9436272007818439,cluster_bootstrap_B1000,0.9058661145617667,0.94824016563147
group|fl|fedprox_0.01|iid|3|5|0.001|3,FedProx(mu=0.01) iid [3N] {group},group,fl,fedprox_0.01,0.01,iid,3,3,5.0,0.001,selected_test_balanced_accuracy,5,"1011,123,42,456,789",0.9283982854250779,0.019077235706655538,0.03465330498580049,0.8762064999857045,0.9455131099573055,cluster_bootstrap_B1000,0.9057843325863334,0.956904096590411
group|fl|fedprox_0.01|iid|3|5|0.001|3,FedProx(mu=0.01) iid [3N] {group},group,fl,fedprox_0.01,0.01,iid,3,3,5.0,0.001,selected_test_clean_accuracy,5,"1011,123,42,456,789",0.9224489795918368,0.017492892526193148,0.024423329202297395,0.8934183880044362,0.942265046409031,cluster_bootstrap_B1000,0.8997338065661047,0.9451345755693582
group|fl|fedprox_0.01|iid|3|5|0.001|3,FedProx(mu=0.01) iid [3N] {group},group,fl,fedprox_0.01,0.01,iid,3,3,5.0,0.001,selected_test_clean_balanced_accuracy,5,"1011,123,42,456,789",0.9224729331663255,0.0210548847899389,0.03916352232700676,0.8662316456920802,0.9445586903460937,cluster_bootstrap_B1000,0.8977565010017476,0.9541600421407014
group|fl|fedprox_0.01|iid|3|5|0.001|3,FedProx(mu=0.01) iid [3N] {group},group,fl,fedprox_0.01,0.01,iid,3,3,5.0,0.001,selected_test_clean_f1,5,"1011,123,42,456,789",0.9364178293570763,0.01379753831049869,0.04459545182632002,0.8602476065492027,0.9494385102018428,cluster_bootstrap_B1000,0.9190757446217677,0.9533228895765263
group|fl|fedprox_0.01|iid|3|5|0.001|3,FedProx(mu=0.01) iid [3N] {group},group,fl,fedprox_0.01,0.01,iid,3,3,5.0,0.001,selected_test_clean_loss,5,"1011,123,42,456,789",0.18360093093692242,0.03559847314813562,0.046765050547925235,0.14616550903641554,0.239695610132266,cluster_bootstrap_B1000,0.1509189479331379,0.2429390030343412
group|fl|fedprox_0.01|iid|3|5|0.001|3,FedProx(mu=0.01) iid [3N] {group},group,fl,fedprox_0.01,0.01,iid,3,3,5.0,0.001,selected_test_clean_macro_f1,5,"1011,123,42,456,789",0.9171964781753916,0.019189829053639577,0.037120678212812064,0.8585309023256569,0.932772258751281,cluster_bootstrap_B1000,0.8922295298124266,0.9430311333477883
group|fl|fedprox_0.01|iid|3|5|0.001|3,FedProx(mu=0.01) iid [3N] {group},group,fl,fedprox_0.01,0.01,iid,3,3,5.0,0.001,selected_test_clean_mcc,5,"1011,123,42,456,789",0.8407362140671746,0.038534746569379406,0.07017326711265787,0.7331336857568622,0.873480219982178,cluster_bootstrap_B1000,0.7892455995241623,0.8918339552005458
group|fl|fedprox_0.01|iid|3|5|0.001|3,FedProx(mu=0.01) iid [3N] {group},group,fl,fedprox_0.01,0.01,iid,3,3,5.0,0.001,selected_test_clean_precision,5,"1011,123,42,456,789",0.963046305999186,0.021643330580917438,0.0424840370419865,0.9002496813588733,0.9852177554428463,cluster_bootstrap_B1000,0.9421398926117832,0.996288569369849
group|fl|fedprox_0.01|iid|3|5|0.001|3,FedProx(mu=0.01) iid [3N] {group},group,fl,fedprox_0.01,0.01,iid,3,3,5.0,0.001,selected_test_clean_recall,5,"1011,123,42,456,789",0.914128346299006,0.022212096303522277,0.046376376935518326,0.8404328585608004,0.9331856124318371,cluster_bootstrap_B1000,0.8888855499274885,0.9426462786525925
group|fl|fedprox_0.01|iid|3|5|0.001|3,FedProx(mu=0.01) iid [3N] {group},group,fl,fedprox_0.01,0.01,iid,3,3,5.0,0.001,selected_test_clean_roc_auc,5,"1011,123,42,456,789",0.9815866929145318,0.006790238622832504,0.015427398424973315,0.9590995323888718,0.9899543292388184,cluster_bootstrap_B1000,0.9738105296023218,0.9887892612086713
group|fl|fedprox_0.01|iid|3|5|0.001|3,FedProx(mu=0.01) iid [3N] {group},group,fl,fedprox_0.01,0.01,iid,3,3,5.0,0.001,selected_test_clean_specificity,5,"1011,123,42,456,789",0.9308175200336452,0.042787028950744495,0.055465087298565585,0.865375757947976,0.9763059325451072,cluster_bootstrap_B1000,0.8845335509477703,0.99382144612834
group|fl|fedprox_0.01|iid|3|5|0.001|3,FedProx(mu=0.01) iid [3N] {group},group,fl,fedprox_0.01,0.01,iid,3,3,5.0,0.001,selected_test_f1,5,"1011,123,42,456,789",0.9402319936000211,0.013093785988494437,0.04337532028346924,0.8635422550462318,0.9502928956131703,cluster_bootstrap_B1000,0.9235763870155962,0.9561792512594954
group|fl|fedprox_0.01|iid|3|5|0.001|3,FedProx(mu=0.01) iid [3N] {group},group,fl,fedprox_0.01,0.01,iid,3,3,5.0,0.001,selected_test_fn,5,"1011,123,42,456,789",360.0,94.93155429044654,117.87309325597356,242.12690674402643,477.8730932559736,t_seeds,238.0,466.0
group|fl|fedprox_0.01|iid|3|5|0.001|3,FedProx(mu=0.01) iid [3N] {group},group,fl,fedprox_0.01,0.01,iid,3,3,5.0,0.001,selected_test_fp,5,"1011,123,42,456,789",167.8,103.71210151182937,128.77558262529269,39.024417374707326,296.57558262529267,t_seeds,15.0,280.0
group|fl|fedprox_0.01|iid|3|5|0.001|3,FedProx(mu=0.01) iid [3N] {group},group,fl,fedprox_0.01,0.01,iid,3,3,5.0,0.001,selected_test_loss,5,"1011,123,42,456,789",0.17288389348771446,0.03324703793825958,0.04153389574429442,0.13955196613963491,0.22261975762822375,cluster_bootstrap_B1000,0.14227586587425964,0.22823520096025057
group|fl|fedprox_0.01|iid|3|5|0.001|3,FedProx(mu=0.01) iid [3N] {group},group,fl,fedprox_0.01,0.01,iid,3,3,5.0,0.001,selected_test_macro_f1,5,"1011,123,42,456,789",0.9227078114937427,0.01759571732866318,0.03314179275575985,0.8678150713130683,0.934098656824588,cluster_bootstrap_B1000,0.8997739628965928,0.9462506820620304
group|fl|fedprox_0.01|iid|3|5|0.001|3,FedProx(mu=0.01) iid [3N] {group},group,fl,fedprox_0.01,0.01,iid,3,3,5.0,0.001,selected_test_macro_precision,5,"1011,123,42,456,789",0.9228257332836843,0.017885782397931548,0.022208132083218195,0.9006176012004662,0.9450338653669025,t_seeds,0.8981252414748642,0.9409035548120593
group|fl|fedprox_0.01|iid|3|5|0.001|3,FedProx(mu=0.01) iid [3N] {group},group,fl,fedprox_0.01,0.01,iid,3,3,5.0,0.001,selected_test_macro_recall,5,"1011,123,42,456,789",0.9283982854250779,0.019077235706655538,0.023687516762201526,0.9047107686628764,0.9520858021872793,t_seeds,0.9057843325863334,0.956904096590411
group|fl|fedprox_0.01|iid|3|5|0.001|3,FedProx(mu=0.01) iid [3N] {group},group,fl,fedprox_0.01,0.01,iid,3,3,5.0,0.001,selected_test_macro_specificity,5,"1011,123,42,456,789",0.9283982854250779,0.019077235706655538,0.023687516762201526,0.9047107686628764,0.9520858021872793,t_seeds,0.9057843325863334,0.956904096590411
group|fl|fedprox_0.01|iid|3|5|0.001|3,FedProx(mu=0.01) iid [3N] {group},group,fl,fedprox_0.01,0.01,iid,3,3,5.0,0.001,selected_test_mcc,5,"1011,123,42,456,789",0.8509898205507689,0.03534086930596036,0.06041492955405675,0.7541992148083629,0.8750290739164764,cluster_bootstrap_B1000,0.8038086495043386,0.897660515388297
group|fl|fedprox_0.01|iid|3|5|0.001|3,FedProx(mu=0.01) iid [3N] {group},group,fl,fedprox_0.01,0.01,iid,3,3,5.0,0.001,selected_test_n_examples,5,"1011,123,42,456,789",7245.0,0.0,0.0,7245.0,7245.0,t_seeds,7245.0,7245.0
group|fl|fedprox_0.01|iid|3|5|0.001|3,FedProx(mu=0.01) iid [3N] {group},group,fl,fedprox_0.01,0.01,iid,3,3,5.0,0.001,selected_test_precision,5,"1011,123,42,456,789",0.9648395027416867,0.020615793445023633,0.03667349968091144,0.9099688063527821,0.983315805714605,cluster_bootstrap_B1000,0.9450437581500416,0.9965068789244873
group|fl|fedprox_0.01|iid|3|5|0.001|3,FedProx(mu=0.01) iid [3N] {group},group,fl,fedprox_0.01,0.01,iid,3,3,5.0,0.001,selected_test_recall,5,"1011,123,42,456,789",0.919368026609406,0.021054534184634648,0.04638075250227447,0.8430869216508259,0.9358484266553748,cluster_bootstrap_B1000,0.8957049863346714,0.9464298070744848
group|fl|fedprox_0.01|iid|3|5|0.001|3,FedProx(mu=0.01) iid [3N] {group},group,fl,fedprox_0.01,0.01,iid,3,3,5.0,0.001,selected_test_roc_auc,5,"1011,123,42,456,789",0.9835702690587652,0.0060423868858661784,0.014079750949457126,0.9618834085704412,0.9900429104693554,cluster_bootstrap_B1000,0.9766255836237742,0.9899858707131182
group|fl|fedprox_0.01|iid|3|5|0.001|3,FedProx(mu=0.01) iid [3N] {group},group,fl,fedprox_0.01,0.01,iid,3,3,5.0,0.001,selected_test_specificity,5,"1011,123,42,456,789",0.93742854424075,0.03872990065415274,0.048474165231457866,0.8783007918944812,0.9752491223573969,cluster_bootstrap_B1000,0.8950661931368504,0.9943238877145074
group|fl|fedprox_0.01|iid|3|5|0.001|3,FedProx(mu=0.01) iid [3N] {group},group,fl,fedprox_0.01,0.01,iid,3,3,5.0,0.001,selected_test_tn,5,"1011,123,42,456,789",2553.2,103.71210151182937,128.77558262529269,2424.424417374707,2681.9755826252926,t_seeds,2441.0,2706.0
group|fl|fedprox_0.01|iid|3|5|0.001|3,FedProx(mu=0.01) iid [3N] {group},group,fl,fedprox_0.01,0.01,iid,3,3,5.0,0.001,selected_test_tp,5,"1011,123,42,456,789",4164.0,94.93155429044654,117.87309325597356,4046.1269067440267,4281.873093255974,t_seeds,4058.0,4286.0
group|fl|fedprox_0.01|iid|3|5|0.001|3,FedProx(mu=0.01) iid [3N] {group},group,fl,fedprox_0.01,0.01,iid,3,3,5.0,0.001,selected_val_loss,5,"1011,123,42,456,789",0.17474073214829972,0.010978696202148239,0.013631851821423862,0.16110888032687584,0.1883725839697236,t_seeds,0.16429109027990932,0.19310092658464562
group|fl|fedprox_0.01|iid|3|5|0.001|3,FedProx(mu=0.01) iid [3N] {group},group,fl,fedprox_0.01,0.01,iid,3,3,5.0,0.001,total_time_s,5,"1011,123,42,456,789",6368.7699999999995,42.21593478770766,52.41800637641446,6316.351993623585,6421.188006376414,t_seeds,6334.74,6438.69
image|fl|fedprox_0.01|iid|3|||3,FedProx(mu=0.01) iid [3N] {image},image,fl,fedprox_0.01,0.01,iid,3,3,,,final_cumulative_mb,3,"123,42,456",110.31019199999999,1.7404671430534633e-14,4.323560066121465e-14,110.31019199999994,110.31019200000003,t_seeds,110.310192,110.310192
image|fl|fedprox_0.01|iid|3|||3,FedProx(mu=0.01) iid [3N] {image},image,fl,fedprox_0.01,0.01,iid,3,3,,,round1_accuracy,3,"123,42,456",0.9824141882130224,0.0024298806154051944,0.006036158071779143,0.9763780301412432,0.9884503462848016,t_seeds,0.9802720071738156,0.9850545508892542
image|fl|fedprox_0.01|iid|3|||3,FedProx(mu=0.01) iid [3N] {image},image,fl,fedprox_0.01,0.01,iid,3,3,,,total_time_s,3,"123,42,456",10355.253333333332,126.0638514140087,313.15996738602917,10042.093365947303,10668.413300719361,t_seeds,10277.64,10500.71
image|fl|fedprox_0.01|iid|3|||3,FedProx(mu=0.01) iid [3N] {image},image,fl,fedprox_0.01,0.01,iid,3,3,,,v1_final_round_accuracy,3,"123,42,456",0.9918298211527924,0.0011584731683588112,0.002877806885571012,0.9889520142672213,0.9947076280383634,t_seeds,0.9905096398146764,0.9926767299357345
image|fl|fedprox_0.01|iid|3|||3,FedProx(mu=0.01) iid [3N] {image},image,fl,fedprox_0.01,0.01,iid,3,3,,,v1_final_round_loss,3,"123,42,456",0.02615311438625958,0.0022190200777405466,0.00551235145824644,0.020640762928013142,0.031665465844506024,t_seeds,0.023590821641418114,0.027440743251661782
image|fl|fedprox_0.1|iid|3|||3,FedProx(mu=0.1) iid [3N] {image},image,fl,fedprox_0.1,0.1,iid,3,3,,,final_cumulative_mb,3,"123,42,456",110.31019199999999,1.7404671430534633e-14,4.323560066121465e-14,110.31019199999994,110.31019200000003,t_seeds,110.310192,110.310192
image|fl|fedprox_0.1|iid|3|||3,FedProx(mu=0.1) iid [3N] {image},image,fl,fedprox_0.1,0.1,iid,3,3,,,round1_accuracy,3,"123,42,456",0.9705574652518308,0.018300853476671312,0.04546184027861635,0.9250956249732145,1.0160193055304472,t_seeds,0.949559109251233,0.9831116425048573
image|fl|fedprox_0.1|iid|3|||3,FedProx(mu=0.1) iid [3N] {image},image,fl,fedprox_0.1,0.1,iid,3,3,,,total_time_s,3,"123,42,456",10546.986666666668,396.9983402148342,986.1985484299572,9560.788118236711,11533.185215096624,t_seeds,10285.04,11003.76
image|fl|fedprox_0.1|iid|3|||3,FedProx(mu=0.1) iid [3N] {image},image,fl,fedprox_0.1,0.1,iid,3,3,,,v1_final_round_accuracy,3,"123,42,456",0.9829372789318985,0.00475052175130432,0.011800950232905283,0.9711363286989932,0.9947382291648038,t_seeds,0.9775070990883276,0.9863249140636676
image|fl|fedprox_0.1|iid|3|||3,FedProx(mu=0.1) iid [3N] {image},image,fl,fedprox_0.1,0.1,iid,3,3,,,v1_final_round_loss,3,"123,42,456",0.04543230275971522,0.01115001827474956,0.027698180883010733,0.01773412187670449,0.07313048364272595,t_seeds,0.03663372831841414,0.05797172040793949
group_final_epoch|local|local_only|iid|3|15||3,Local-only iid {group_final_epoch},group_final_epoch,local,local_only,,iid,3,3,15.0,,final_accuracy,5,"1011,123,42,456,789",0.7829718000000001,0.049728392043177895,0.06174595408857652,0.7212258459114236,0.8447177540885766,t_seeds,0.702617,0.835596
group_final_epoch|local|local_only|iid|3|15||3,Local-only iid {group_final_epoch},group_final_epoch,local,local_only,,iid,3,3,15.0,,final_balanced_accuracy,5,"1011,123,42,456,789",0.7655345999999998,0.03968806433467538,0.04927924064276125,0.7162553593572386,0.8148138406427611,t_seeds,0.699035,0.8050076666666666
group_final_epoch|local|local_only|iid|3|15||3,Local-only iid {group_final_epoch},group_final_epoch,local,local_only,,iid,3,3,15.0,,final_cumulative_mb,5,"1011,123,42,456,789",0.0,0.0,0.0,0.0,0.0,t_seeds,0.0,0.0
group_final_epoch|local|local_only|iid|3|15||3,Local-only iid {group_final_epoch},group_final_epoch,local,local_only,,iid,3,3,15.0,,final_elapsed_s,5,"1011,123,42,456,789",883.3799999999999,5.626998410441472,6.986841344194984,876.3931586558049,890.3668413441949,t_seeds,876.5666666666666,890.6666666666666
group_final_epoch|local|local_only|iid|3|15||3,Local-only iid {group_final_epoch},group_final_epoch,local,local_only,,iid,3,3,15.0,,final_f1,5,"1011,123,42,456,789",0.8133592000000001,0.061279632322112844,0.07608871327753125,0.7372704867224689,0.8894479132775313,t_seeds,0.7163896666666666,0.872115
group_final_epoch|local|local_only|iid|3|15||3,Local-only iid {group_final_epoch},group_final_epoch,local,local_only,,iid,3,3,15.0,,final_fn,5,"1011,123,42,456,789",844.4,391.5256058037584,486.1432491014455,358.25675089855446,1330.5432491014456,t_seeds,435.0,1396.0
group_final_epoch|local|local_only|iid|3|15||3,Local-only iid {group_final_epoch},group_final_epoch,local,local_only,,iid,3,3,15.0,,final_fp,5,"1011,123,42,456,789",720.0,120.75181158061356,149.9331771575322,570.0668228424678,869.9331771575322,t_seeds,508.0,805.0
group_final_epoch|local|local_only|iid|3|15||3,Local-only iid {group_final_epoch},group_final_epoch,local,local_only,,iid,3,3,15.0,,final_loss,5,"1011,123,42,456,789",2.2007657333333333,0.5176157408880431,0.6427048303642511,1.5580609029690822,2.8434705636975846,t_seeds,1.64858,3.0309136666666667
group_final_epoch|local|local_only|iid|3|15||3,Local-only iid {group_final_epoch},group_final_epoch,local,local_only,,iid,3,3,15.0,,final_macro_f1,5,"1011,123,42,456,789",0.7615564666666665,0.04622915210521028,0.05740107383652536,0.7041553928301412,0.8189575405031919,t_seeds,0.6859069999999999,0.810348
group_final_epoch|local|local_only|iid|3|15||3,Local-only iid {group_final_epoch},group_final_epoch,local,local_only,,iid,3,3,15.0,,final_macro_precision,5,"1011,123,42,456,789",0.8123262666666665,0.045604043821914644,0.05662489938617821,0.7557013672804883,0.8689511660528447,t_seeds,0.7410009999999999,0.8668743333333332
group_final_epoch|local|local_only|iid|3|15||3,Local-only iid {group_final_epoch},group_final_epoch,local,local_only,,iid,3,3,15.0,,final_macro_recall,5,"1011,123,42,456,789",0.7655345999999998,0.03968806433467538,0.04927924064276125,0.7162553593572386,0.8148138406427611,t_seeds,0.699035,0.8050076666666666
group_final_epoch|local|local_only|iid|3|15||3,Local-only iid {group_final_epoch},group_final_epoch,local,local_only,,iid,3,3,15.0,,final_macro_specificity,5,"1011,123,42,456,789",0.7655345999999998,0.03968806433467538,0.04927924064276125,0.7162553593572386,0.8148138406427611,t_seeds,0.699035,0.8050076666666666
group_final_epoch|local|local_only|iid|3|15||3,Local-only iid {group_final_epoch},group_final_epoch,local,local_only,,iid,3,3,15.0,,final_mcc,5,"1011,123,42,456,789",0.5727781333333334,0.08508934655623264,0.1056523782495575,0.46712575508377585,0.6784305115828909,t_seeds,0.4348793333333334,0.6667569999999999
group_final_epoch|local|local_only|iid|3|15||3,Local-only iid {group_final_epoch},group_final_epoch,local,local_only,,iid,3,3,15.0,,final_n_examples,5,"1011,123,42,456,789",7245.0,0.0,0.0,7245.0,7245.0,t_seeds,7245.0,7245.0
group_final_epoch|local|local_only|iid|3|15||3,Local-only iid {group_final_epoch},group_final_epoch,local,local_only,,iid,3,3,15.0,,final_precision,5,"1011,123,42,456,789",0.8446541333333334,0.03723452517758219,0.04623276940321542,0.798421363930118,0.8908869027365488,t_seeds,0.7865393333333334,0.8853813333333335
group_final_epoch|local|local_only|iid|3|15||3,Local-only iid {group_final_epoch},group_final_epoch,local,local_only,,iid,3,3,15.0,,final_recall,5,"1011,123,42,456,789",0.8133511333333333,0.08654412524853053,0.10745872457713775,0.7058924087561955,0.9208098579104711,t_seeds,0.6914236666666667,0.9038463333333334
group_final_epoch|local|local_only|iid|3|15||3,Local-only iid {group_final_epoch},group_final_epoch,local,local_only,,iid,3,3,15.0,,final_roc_auc,5,"1011,123,42,456,789",0.8717987333333334,0.030236366168535783,0.037543407307977165,0.8342553260253562,0.9093421406413105,t_seeds,0.8423396666666667,0.9069573333333333
group_final_epoch|local|local_only|iid|3|15||3,Local-only iid {group_final_epoch},group_final_epoch,local,local_only,,iid,3,3,15.0,,final_specificity,5,"1011,123,42,456,789",0.7177182,0.0449894455008925,0.05586177477760852,0.6618564252223914,0.7735799747776085,t_seeds,0.6856216666666667,0.7966183333333333
group_final_epoch|local|local_only|iid|3|15||3,Local-only iid {group_final_epoch},group_final_epoch,local,local_only,,iid,3,3,15.0,,final_tn,5,"1011,123,42,456,789",2001.0,120.75181158061356,149.9331771575322,1851.066822842468,2150.933177157532,t_seeds,1916.0,2213.0
group_final_epoch|local|local_only|iid|3|15||3,Local-only iid {group_final_epoch},group_final_epoch,local,local_only,,iid,3,3,15.0,,final_tp,5,"1011,123,42,456,789",3679.6,391.52560580375837,486.1432491014455,3193.456750898554,4165.743249101445,t_seeds,3128.0,4089.0
group_final_epoch|local|local_only|iid|3|15||3,Local-only iid {group_final_epoch},group_final_epoch,local,local_only,,iid,3,3,15.0,,round1_accuracy,5,"1011,123,42,456,789",0.8144765333333334,0.03897012635525371,0.048387802900770195,0.7660887304325632,0.8628643362341035,t_seeds,0.7699360000000001,0.8711796666666666
group_final_epoch|local|local_only|iid|3|15||3,Local-only iid {group_final_epoch},group_final_epoch,local,local_only,,iid,3,3,15.0,,total_time_s,5,"1011,123,42,456,789",2702.694,16.626052748623213,20.643971130202182,2682.0500288697976,2723.3379711302023,t_seeds,2682.18,2722.93
group|local|local_only|iid|3|15||3,Local-only iid {group},group,local,local_only,,iid,3,3,15.0,,final_cumulative_mb,5,"1011,123,42,456,789",0.0,0.0,0.0,0.0,0.0,t_seeds,0.0,0.0
group|local|local_only|iid|3|15||3,Local-only iid {group},group,local,local_only,,iid,3,3,15.0,,round1_accuracy,5,"1011,123,42,456,789",0.8144765333333334,0.03897012635525371,0.048387802900770195,0.7660887304325632,0.8628643362341035,t_seeds,0.7699360000000001,0.8711796666666666
group|local|local_only|iid|3|15||3,Local-only iid {group},group,local,local_only,,iid,3,3,15.0,,selected_test_accuracy,5,"1011,123,42,456,789",0.8685266666666666,0.013568055745840045,0.0462303633627143,0.7945754253206455,0.8870361520460741,cluster_bootstrap_B1000,0.8515706666666666,0.8894853333333334
group|local|local_only|iid|3|15||3,Local-only iid {group},group,local,local_only,,iid,3,3,15.0,,selected_test_balanced_accuracy,5,"1011,123,42,456,789",0.8448571333333333,0.01533248156619725,0.04256790453590914,0.7750709590093985,0.8602067680812168,cluster_bootstrap_B1000,0.8246699999999999,0.8670666666666667
group|local|local_only|iid|3|15||3,Local-only iid {group},group,local,local_only,,iid,3,3,15.0,,selected_test_clean_accuracy,5,"1011,123,42,456,789",0.8625175100441502,0.01391193029819698,0.043690736315795065,0.7914410464682846,0.8788225190998747,cluster_bootstrap_B1000,0.845844191986035,0.8845167835423422
group|local|local_only|iid|3|15||3,Local-only iid {group},group,local,local_only,,iid,3,3,15.0,,selected_test_clean_balanced_accuracy,5,"1011,123,42,456,789",0.8380744456716688,0.016011505604183515,0.04395665255364484,0.7630024281753703,0.85091573328266,cluster_bootstrap_B1000,0.8158391854754729,0.8605847527842762
group|local|local_only|iid|3|15||3,Local-only iid {group},group,local,local_only,,iid,3,3,15.0,,selected_test_clean_f1,5,"1011,123,42,456,789",0.8920677605784413,0.013862877844292219,0.06771337528591859,0.7617058444922008,0.897132595064038,cluster_bootstrap_B1000,0.8730628761956418,0.9102677303308093
group|local|local_only|iid|3|15||3,Local-only iid {group},group,local,local_only,,iid,3,3,15.0,,selected_test_clean_loss,5,"1011,123,42,456,789",0.8986598972055286,0.22421845815172228,0.31320064659527214,0.752782212564596,1.3791835057551403,cluster_bootstrap_B1000,0.6374384255306558,1.1787228103548195
group|local|local_only|iid|3|15||3,Local-only iid {group},group,local,local_only,,iid,3,3,15.0,,selected_test_clean_macro_f1,5,"1011,123,42,456,789",0.8428290323486177,0.016757960994788917,0.05326544421824586,0.7385357546440772,0.8450666430805689,cluster_bootstrap_B1000,0.8269278898571576,0.8696541242965029
group|local|local_only|iid|3|15||3,Local-only iid {group},group,local,local_only,,iid,3,3,15.0,,selected_test_clean_mcc,5,"1011,123,42,456,789",0.7231302322622252,0.024276689140549933,0.07552450516539971,0.5808979452189638,0.7319469555497632,cluster_bootstrap_B1000,0.6970817727770124,0.7620012047648249
group|local|local_only|iid|3|15||3,Local-only iid {group},group,local,local_only,,iid,3,3,15.0,,selected_test_clean_precision,5,"1011,123,42,456,789",0.8891938498188614,0.020902067542759733,0.07365660807633223,0.7617801003982038,0.9090933165508682,cluster_bootstrap_B1000,0.8540265981309832,0.9075367752480358
group|local|local_only|iid|3|15||3,Local-only iid {group},group,local,local_only,,iid,3,3,15.0,,selected_test_clean_recall,5,"1011,123,42,456,789",0.9133411727151921,0.04005594295845207,0.05894517543784061,0.8250703620224289,0.9429607128981101,cluster_bootstrap_B1000,0.8591204561209663,0.9646540810545932
group|local|local_only|iid|3|15||3,Local-only iid {group},group,local,local_only,,iid,3,3,15.0,,selected_test_clean_roc_auc,5,"1011,123,42,456,789",0.9368425236248907,0.01354009943590638,0.044093999135449036,0.864653185556438,0.9528411838273361,cluster_bootstrap_B1000,0.9181649062879377,0.9545261432909372
group|local|local_only|iid|3|15||3,Local-only iid {group},group,local,local_only,,iid,3,3,15.0,,selected_test_clean_specificity,5,"1011,123,42,456,789",0.7628077186281452,0.056241157961714486,0.08672045694253205,0.6362824461804478,0.8097233600655119,cluster_bootstrap_B1000,0.6670242898963527,0.8112682965424479
group|local|local_only|iid|3|15||3,Local-only iid {group},group,local,local_only,,iid,3,3,15.0,,selected_test_f1,5,"1011,123,42,456,789",0.8974715333333332,0.01315061813418335,0.06772936471803864,0.7665672448568576,0.9020259742929349,cluster_bootstrap_B1000,0.8787159999999999,0.9145433333333334
group|local|local_only|iid|3|15||3,Local-only iid {group},group,local,local_only,,iid,3,3,15.0,,selected_test_fn,5,"1011,123,42,456,789",365.6,173.94050707066484,215.9756654589518,149.62433454104823,581.5756654589518,t_seeds,146.0,605.0
group|local|local_only|iid|3|15||3,Local-only iid {group},group,local,local_only,,iid,3,3,15.0,,selected_test_fp,5,"1011,123,42,456,789",582.8,136.4503572732589,169.4254961682467,413.37450383175326,752.2254961682467,t_seeds,468.0,816.0
group|local|local_only|iid|3|15||3,Local-only iid {group},group,local,local_only,,iid,3,3,15.0,,selected_test_loss,5,"1011,123,42,456,789",0.8512879333333334,0.2084004033172681,0.29971479585274124,0.7037807028061155,1.303210294511598,cluster_bootstrap_B1000,0.6085453333333333,1.1118833333333333
group|local|local_only|iid|3|15||3,Local-only iid {group},group,local,local_only,,iid,3,3,15.0,,selected_test_macro_f1,5,"1011,123,42,456,789",0.8497580666666666,0.01621562580147104,0.05069221012591807,0.7533385384407442,0.8547229586925803,cluster_bootstrap_B1000,0.835986,0.875644
group|local|local_only|iid|3|15||3,Local-only iid {group},group,local,local_only,,iid,3,3,15.0,,selected_test_macro_precision,5,"1011,123,42,456,789",0.893921,0.015246869050179893,0.018931488384935594,0.8749895116150643,0.9128524883849356,t_seeds,0.870475,0.9077063333333334
group|local|local_only|iid|3|15||3,Local-only iid {group},group,local,local_only,,iid,3,3,15.0,,selected_test_macro_recall,5,"1011,123,42,456,789",0.8448571333333333,0.01533248156619725,0.01903779036386999,0.8258193429694634,0.8638949236972033,t_seeds,0.8246699999999999,0.8670666666666667
group|local|local_only|iid|3|15||3,Local-only iid {group},group,local,local_only,,iid,3,3,15.0,,selected_test_macro_specificity,5,"1011,123,42,456,789",0.8448571333333333,0.01533248156619725,0.01903779036386999,0.8258193429694634,0.8638949236972033,t_seeds,0.8246699999999999,0.8670666666666667
group|local|local_only|iid|3|15||3,Local-only iid {group},group,local,local_only,,iid,3,3,15.0,,selected_test_mcc,5,"1011,123,42,456,789",0.7341661333333334,0.02425343732408525,0.06921527406409,0.6047817437100776,0.7432122918382577,cluster_bootstrap_B1000,0.706057,0.772176
group|local|local_only|iid|3|15||3,Local-only iid {group},group,local,local_only,,iid,3,3,15.0,,selected_test_n_examples,5,"1011,123,42,456,789",7245.0,0.0,0.0,7245.0,7245.0,t_seeds,7245.0,7245.0
group|local|local_only|iid|3|15||3,Local-only iid {group},group,local,local_only,,iid,3,3,15.0,,selected_test_precision,5,"1011,123,42,456,789",0.8921910000000001,0.020220157695285696,0.07020018048328347,0.7720310187533828,0.9124313797199497,cluster_bootstrap_B1000,0.8580153333333334,0.9093763333333333
group|local|local_only|iid|3|15||3,Local-only iid {group},group,local,local_only,,iid,3,3,15.0,,selected_test_recall,5,"1011,123,42,456,789",0.9191865333333334,0.03844839975834858,0.05651814076311251,0.8318494371199185,0.9448857186461436,cluster_bootstrap_B1000,0.8662686666666667,0.9677276666666668
group|local|local_only|iid|3|15||3,Local-only iid {group},group,local,local_only,,iid,3,3,15.0,,selected_test_roc_auc,5,"1011,123,42,456,789",0.9424023333333335,0.012206728090142187,0.0394835682326673,0.8772189267513789,0.9561860632167135,cluster_bootstrap_B1000,0.9257293333333334,0.9584246666666667
group|local|local_only|iid|3|15||3,Local-only iid {group},group,local,local_only,,iid,3,3,15.0,,selected_test_specificity,5,"1011,123,42,456,789",0.7705275333333332,0.051799419690335816,0.08149575600375297,0.6564634000235311,0.819454912031037,cluster_bootstrap_B1000,0.6816123333333334,0.8128066666666666
group|local|local_only|iid|3|15||3,Local-only iid {group},group,local,local_only,,iid,3,3,15.0,,selected_test_tn,5,"1011,123,42,456,789",2138.2,136.4503572732589,169.4254961682467,1968.774503831753,2307.6254961682466,t_seeds,1905.0,2253.0
group|local|local_only|iid|3|15||3,Local-only iid {group},group,local,local_only,,iid,3,3,15.0,,selected_test_tp,5,"1011,123,42,456,789",4158.4,173.94050707066484,215.9756654589518,3942.4243345410478,4374.3756654589515,t_seeds,3919.0,4378.0
group|local|local_only|iid|3|15||3,Local-only iid {group},group,local,local_only,,iid,3,3,15.0,,total_time_s,5,"1011,123,42,456,789",4218.144,305.2761045840308,379.0503485738781,3839.093651426122,4597.194348573878,t_seeds,3915.9,4550.43
image|local|local_only|iid|3|15||3,Local-only iid {image},image,local,local_only,,iid,3,3,15.0,,final_accuracy,3,"123,42,456",0.9948866666666668,0.0008429913008645718,0.0020941064811551514,0.9927925601855117,0.996980773147822,t_seeds,0.99392,0.995469
image|local|local_only|iid|3|15||3,Local-only iid {image},image,local,local_only,,iid,3,3,15.0,,final_cumulative_mb,3,"123,42,456",0.0,0.0,0.0,0.0,0.0,t_seeds,0.0,0.0
image|local|local_only|iid|3|15||3,Local-only iid {image},image,local,local_only,,iid,3,3,15.0,,final_elapsed_s,3,"123,42,456",5163.944444444445,45.876238503819096,113.96289414058955,5049.981550303855,5277.907338585035,t_seeds,5122.433333333333,5213.200000000001
image|local|local_only|iid|3|15||3,Local-only iid {image},image,local,local_only,,iid,3,3,15.0,,final_loss,3,"123,42,456",0.015306333333333333,0.0008003938613790933,0.0019882885753052717,0.013318044758028062,0.017294621908638605,t_seeds,0.014621,0.016186000000000002
image|local|local_only|iid|3|15||3,Local-only iid {image},image,local,local_only,,iid,3,3,15.0,,round1_accuracy,3,"123,42,456",0.993639111111111,0.0005585128401322676,0.0013874228086693493,0.9922516883024417,0.9950265339197804,t_seeds,0.993148,0.9942466666666667
image|local|local_only|iid|3|15||3,Local-only iid {image},image,local,local_only,,iid,3,3,15.0,,total_time_s,3,"123,42,456",15836.9,162.3786106603943,403.37083032310966,15433.52916967689,16240.270830323108,t_seeds,15698.66,16015.72
group_final_epoch|centralized|centralized|iid_sub0.01|3|15|0.001|3,Centralized iid_sub0.01 {group_final_epoch},group_final_epoch,centralized,centralized,,iid_sub0.01,3,3,15.0,0.001,final_accuracy,3,"123,42,456",0.883092,0.0374369913855267,0.09299864211525911,0.7900933578847409,0.9760906421152591,t_seeds,0.83989,0.906004
group_final_epoch|centralized|centralized|iid_sub0.01|3|15|0.001|3,Centralized iid_sub0.01 {group_final_epoch},group_final_epoch,centralized,centralized,,iid_sub0.01,3,3,15.0,0.001,final_balanced_accuracy,3,"123,42,456",0.8911796666666666,0.02595905029721488,0.06448585580453509,0.8266938108621316,0.9556655224712016,t_seeds,0.863666,0.915238
group_final_epoch|centralized|centralized|iid_sub0.01|3|15|0.001|3,Centralized iid_sub0.01 {group_final_epoch},group_final_epoch,centralized,centralized,,iid_sub0.01,3,3,15.0,0.001,final_cumulative_mb,3,"123,42,456",0.0,0.0,0.0,0.0,0.0,t_seeds,0.0,0.0
group_final_epoch|centralized|centralized|iid_sub0.01|3|15|0.001|3,Centralized iid_sub0.01 {group_final_epoch},group_final_epoch,centralized,centralized,,iid_sub0.01,3,3,15.0,0.001,final_elapsed_s,3,"123,42,456",256.43333333333334,39.43353057149884,97.95832040011982,158.47501293321352,354.39165373345315,t_seeds,210.9,279.40000000000003
group_final_epoch|centralized|centralized|iid_sub0.01|3|15|0.001|3,Centralized iid_sub0.01 {group_final_epoch},group_final_epoch,centralized,centralized,,iid_sub0.01,3,3,15.0,0.001,final_f1,3,"123,42,456",0.9003286666666667,0.03775226989643578,0.09378183735391284,0.8065468293127538,0.9941105040205795,t_seeds,0.856967,0.92589
group_final_epoch|centralized|centralized|iid_sub0.01|3|15|0.001|3,Centralized iid_sub0.01 {group_final_epoch},group_final_epoch,centralized,centralized,,iid_sub0.01,3,3,15.0,0.001,final_fn,3,"123,42,456",639.3333333333334,391.0630810154972,971.454547223871,-332.12121389053766,1610.7878805572045,t_seeds,270.0,1049.0
group_final_epoch|centralized|centralized|iid_sub0.01|3|15|0.001|3,Centralized iid_sub0.01 {group_final_epoch},group_final_epoch,centralized,centralized,,iid_sub0.01,3,3,15.0,0.001,final_fp,3,"123,42,456",207.66666666666666,176.16280348965083,437.61266355630426,-229.9459968896376,645.2793302229709,t_seeds,101.0,411.0
group_final_epoch|centralized|centralized|iid_sub0.01|3|15|0.001|3,Centralized iid_sub0.01 {group_final_epoch},group_final_epoch,centralized,centralized,,iid_sub0.01,3,3,15.0,0.001,final_loss,3,"123,42,456",0.5831096666666667,0.21214331388552726,0.5269932063187257,0.056116460347941044,1.1101028729853923,t_seeds,0.412704,0.820714
group_final_epoch|centralized|centralized|iid_sub0.01|3|15|0.001|3,Centralized iid_sub0.01 {group_final_epoch},group_final_epoch,centralized,centralized,,iid_sub0.01,3,3,15.0,0.001,final_macro_f1,3,"123,42,456",0.8788093333333333,0.03571800332232095,0.08872843904140106,0.7900808942919323,0.9675377723747344,t_seeds,0.837574,0.900142
group_final_epoch|centralized|centralized|iid_sub0.01|3|15|0.001|3,Centralized iid_sub0.01 {group_final_epoch},group_final_epoch,centralized,centralized,,iid_sub0.01,3,3,15.0,0.001,final_macro_precision,3,"123,42,456",0.8797386666666666,0.033710392705118886,0.08374125779669905,0.7959974088699675,0.9634799244633656,t_seeds,0.841178,0.903623
group_final_epoch|centralized|centralized|iid_sub0.01|3|15|0.001|3,Centralized iid_sub0.01 {group_final_epoch},group_final_epoch,centralized,centralized,,iid_sub0.01,3,3,15.0,0.001,final_macro_recall,3,"123,42,456",0.8911796666666666,0.02595905029721488,0.06448585580453509,0.8266938108621316,0.9556655224712016,t_seeds,0.863666,0.915238
group_final_epoch|centralized|centralized|iid_sub0.01|3|15|0.001|3,Centralized iid_sub0.01 {group_final_epoch},group_final_epoch,centralized,centralized,,iid_sub0.01,3,3,15.0,0.001,final_macro_specificity,3,"123,42,456",0.8911796666666666,0.02595905029721488,0.06448585580453509,0.8266938108621316,0.9556655224712016,t_seeds,0.863666,0.915238
group_final_epoch|centralized|centralized|iid_sub0.01|3|15|0.001|3,Centralized iid_sub0.01 {group_final_epoch},group_final_epoch,centralized,centralized,,iid_sub0.01,3,3,15.0,0.001,final_mcc,3,"123,42,456",0.7706930000000001,0.05760955970149399,0.1431100798118133,0.6275829201881867,0.9138030798118134,t_seeds,0.704485,0.809386
group_final_epoch|centralized|centralized|iid_sub0.01|3|15|0.001|3,Centralized iid_sub0.01 {group_final_epoch},group_final_epoch,centralized,centralized,,iid_sub0.01,3,3,15.0,0.001,final_n_examples,3,"123,42,456",7245.0,0.0,0.0,7245.0,7245.0,t_seeds,7245.0,7245.0
group_final_epoch|centralized|centralized|iid_sub0.01|3|15|0.001|3,Centralized iid_sub0.01 {group_final_epoch},group_final_epoch,centralized,centralized,,iid_sub0.01,3,3,15.0,0.001,final_precision,3,"123,42,456",0.9519519999999999,0.034812464592441625,0.08647895613305732,0.8654730438669426,1.0384309561330571,t_seeds,0.911897,0.974913
group_final_epoch|centralized|centralized|iid_sub0.01|3|15|0.001|3,Centralized iid_sub0.01 {group_final_epoch},group_final_epoch,centralized,centralized,,iid_sub0.01,3,3,15.0,0.001,final_recall,3,"123,42,456",0.8586796666666667,0.08644150387593529,0.21473259963862315,0.6439470670280436,1.0734122663052899,t_seeds,0.768126,0.940318
group_final_epoch|centralized|centralized|iid_sub0.01|3|15|0.001|3,Centralized iid_sub0.01 {group_final_epoch},group_final_epoch,centralized,centralized,,iid_sub0.01,3,3,15.0,0.001,final_roc_auc,3,"123,42,456",0.9641903333333334,0.012360734619484913,0.030705767013200342,0.933484566320133,0.9948961003465338,t_seeds,0.953994,0.977938
group_final_epoch|centralized|centralized|iid_sub0.01|3|15|0.001|3,Centralized iid_sub0.01 {group_final_epoch},group_final_epoch,centralized,centralized,,iid_sub0.01,3,3,15.0,0.001,final_specificity,3,"123,42,456",0.92368,0.06474156163547495,0.16082695477629172,0.7628530452237082,1.0845069547762916,t_seeds,0.848953,0.962881
group_final_epoch|centralized|centralized|iid_sub0.01|3|15|0.001|3,Centralized iid_sub0.01 {group_final_epoch},group_final_epoch,centralized,centralized,,iid_sub0.01,3,3,15.0,0.001,final_tn,3,"123,42,456",2513.3333333333335,176.16280348965083,437.61266355630426,2075.7206697770293,2950.9459968896376,t_seeds,2310.0,2620.0
group_final_epoch|centralized|centralized|iid_sub0.01|3|15|0.001|3,Centralized iid_sub0.01 {group_final_epoch},group_final_epoch,centralized,centralized,,iid_sub0.01,3,3,15.0,0.001,final_tp,3,"123,42,456",3884.6666666666665,391.06308101549723,971.4545472238711,2913.2121194427955,4856.121213890538,t_seeds,3475.0,4254.0
group_final_epoch|centralized|centralized|iid_sub0.01|3|15|0.001|3,Centralized iid_sub0.01 {group_final_epoch},group_final_epoch,centralized,centralized,,iid_sub0.01,3,3,15.0,0.001,round1_accuracy,3,"123,42,456",0.7492216666666667,0.03256488563365964,0.08089566048141046,0.6683260061852562,0.8301173271480772,t_seeds,0.712709,0.775262
group_final_epoch|centralized|centralized|iid_sub0.01|3|15|0.001|3,Centralized iid_sub0.01 {group_final_epoch},group_final_epoch,centralized,centralized,,iid_sub0.01,3,3,15.0,0.001,total_time_s,3,"123,42,456",256.45,39.37876204250205,97.82226783182182,158.62773216817817,354.2722678318218,t_seeds,210.98,279.4
group|centralized|centralized|iid_sub0.01|3|15|0.001|3,Centralized iid_sub0.01 {group},group,centralized,centralized,,iid_sub0.01,3,3,15.0,0.001,final_cumulative_mb,3,"123,42,456",0.0,0.0,0.0,0.0,0.0,t_seeds,0.0,0.0
group|centralized|centralized|iid_sub0.01|3|15|0.001|3,Centralized iid_sub0.01 {group},group,centralized,centralized,,iid_sub0.01,3,3,15.0,0.001,round1_accuracy,3,"123,42,456",0.7492216666666667,0.03256488563365964,0.08089566048141046,0.6683260061852562,0.8301173271480772,t_seeds,0.712709,0.775262
group|centralized|centralized|iid_sub0.01|3|15|0.001|3,Centralized iid_sub0.01 {group},group,centralized,centralized,,iid_sub0.01,3,3,15.0,0.001,selected_epoch,3,"123,42,456",12.0,2.6457513110645907,6.572410607728428,5.427589392271572,18.57241060772843,t_seeds,9.0,14.0
group|centralized|centralized|iid_sub0.01|3|15|0.001|3,Centralized iid_sub0.01 {group},group,centralized,centralized,,iid_sub0.01,3,3,15.0,0.001,selected_test_accuracy,3,"123,42,456",0.9121693333333333,0.016973314624236895,0.04232648355411228,0.8594807083284574,0.9441336754366819,cluster_bootstrap_B1000,0.89372,0.927122
group|centralized|centralized|iid_sub0.01|3|15|0.001|3,Centralized iid_sub0.01 {group},group,centralized,centralized,,iid_sub0.01,3,3,15.0,0.001,selected_test_balanced_accuracy,3,"123,42,456",0.9160743333333333,0.012822730065525565,0.04272800490433093,0.8549779021626684,0.9404339119713303,cluster_bootstrap_B1000,0.901277,0.923922
group|centralized|centralized|iid_sub0.01|3|15|0.001|3,Centralized iid_sub0.01 {group},group,centralized,centralized,,iid_sub0.01,3,3,15.0,0.001,selected_test_clean_accuracy,3,"123,42,456",0.9118407684492472,0.017036976550689007,0.04161442797385634,0.8592484394815724,0.942477295429285,cluster_bootstrap_B1000,0.8933222499307287,0.9268495428096426
group|centralized|centralized|iid_sub0.01|3|15|0.001|3,Centralized iid_sub0.01 {group},group,centralized,centralized,,iid_sub0.01,3,3,15.0,0.001,selected_test_clean_balanced_accuracy,3,"123,42,456",0.9157477295437703,0.012847051548402025,0.04151051583152904,0.8576420752677683,0.9406631069308263,cluster_bootstrap_B1000,0.9009204734987457,0.9235627203931156
group|centralized|centralized|iid_sub0.01|3|15|0.001|3,Centralized iid_sub0.01 {group},group,centralized,centralized,,iid_sub0.01,3,3,15.0,0.001,selected_test_clean_f1,3,"123,42,456",0.927207641258032,0.015360927934006027,0.049790942446375164,0.8571735129782009,0.9567553978709512,cluster_bootstrap_B1000,0.9107970342910102,0.9412419318940574
group|centralized|centralized|iid_sub0.01|3|15|0.001|3,Centralized iid_sub0.01 {group},group,centralized,centralized,,iid_sub0.01,3,3,15.0,0.001,selected_test_clean_loss,3,"123,42,456",0.43606934373937095,0.11243355081288015,0.2351736685378233,0.26472368792701595,0.7350710250026625,cluster_bootstrap_B1000,0.35646622073468626,0.5646898809975633
group|centralized|centralized|iid_sub0.01|3|15|0.001|3,Centralized iid_sub0.01 {group},group,centralized,centralized,,iid_sub0.01,3,3,15.0,0.001,selected_test_clean_macro_f1,3,"123,42,456",0.907663375930469,0.01693084823163486,0.04409824872580714,0.8485739452869626,0.9367704427385769,cluster_bootstrap_B1000,0.8890649540855465,0.9221805989745515
group|centralized|centralized|iid_sub0.01|3|15|0.001|3,Centralized iid_sub0.01 {group},group,centralized,centralized,,iid_sub0.01,3,3,15.0,0.001,selected_test_clean_mcc,3,"123,42,456",0.8188772408734394,0.031299659407377715,0.08272596825016704,0.7095677659652629,0.875019702465597,cluster_bootstrap_B1000,0.7839688625096257,0.8444383726988136
group|centralized|centralized|iid_sub0.01|3|15|0.001|3,Centralized iid_sub0.01 {group},group,centralized,centralized,,iid_sub0.01,3,3,15.0,0.001,selected_test_clean_precision,3,"123,42,456",0.9565667214208671,0.011664278133261406,0.03532231381633083,0.9073137102571095,0.9779583378897712,cluster_bootstrap_B1000,0.9458734063967792,0.9690052859202306
group|centralized|centralized|iid_sub0.01|3|15|0.001|3,Centralized iid_sub0.01 {group},group,centralized,centralized,,iid_sub0.01,3,3,15.0,0.001,selected_test_clean_recall,3,"123,42,456",0.9001845699520118,0.033543911866174114,0.07491052723524155,0.8018132552865181,0.9516343097570013,cluster_bootstrap_B1000,0.8706533776301218,0.936655592469546
group|centralized|centralized|iid_sub0.01|3|15|0.001|3,Centralized iid_sub0.01 {group},group,centralized,centralized,,iid_sub0.01,3,3,15.0,0.001,selected_test_clean_roc_auc,3,"123,42,456",0.966697667317134,0.010503456122292618,0.028174120917128342,0.9264051944206252,0.9827534362548819,cluster_bootstrap_B1000,0.9591312552518447,0.9786896885417908
group|centralized|centralized|iid_sub0.01|3|15|0.001|3,Centralized iid_sub0.01 {group},group,centralized,centralized,,iid_sub0.01,3,3,15.0,0.001,selected_test_clean_specificity,3,"123,42,456",0.9313108891355285,0.02090297353248761,0.05377944904107135,0.8592288851459458,0.9667877832280884,cluster_bootstrap_B1000,0.9104698483166852,0.9522752497225305
group|centralized|centralized|iid_sub0.01|3|15|0.001|3,Centralized iid_sub0.01 {group},group,centralized,centralized,,iid_sub0.01,3,3,15.0,0.001,selected_test_f1,3,"123,42,456",0.9273573333333333,0.015326366312121496,0.049599408475407225,0.8566709340440901,0.9558697509949046,cluster_bootstrap_B1000,0.910983,0.941359
group|centralized|centralized|iid_sub0.01|3|15|0.001|3,Centralized iid_sub0.01 {group},group,centralized,centralized,,iid_sub0.01,3,3,15.0,0.001,selected_test_fn,3,"123,42,456",450.6666666666667,151.45076207577608,376.22454954576204,74.44211712090464,826.8912162124287,t_seeds,286.0,584.0
group|centralized|centralized|iid_sub0.01|3|15|0.001|3,Centralized iid_sub0.01 {group},group,centralized,centralized,,iid_sub0.01,3,3,15.0,0.001,selected_test_fp,3,"123,42,456",185.66666666666666,56.500737458314056,140.35561266190243,45.31105400476423,326.0222793285691,t_seeds,129.0,242.0
group|centralized|centralized|iid_sub0.01|3|15|0.001|3,Centralized iid_sub0.01 {group},group,centralized,centralized,,iid_sub0.01,3,3,15.0,0.001,selected_test_loss,3,"123,42,456",0.43444733333333335,0.11201292792054557,0.24045156249929034,0.25987502063027657,0.7407781456288572,cluster_bootstrap_B1000,0.355138,0.562586
group|centralized|centralized|iid_sub0.01|3|15|0.001|3,Centralized iid_sub0.01 {group},group,centralized,centralized,,iid_sub0.01,3,3,15.0,0.001,selected_test_macro_f1,3,"123,42,456",0.9080903333333333,0.016864976529284974,0.04721978564871454,0.8421239526648095,0.9365635239622386,cluster_bootstrap_B1000,0.889567,0.922557
group|centralized|centralized|iid_sub0.01|3|15|0.001|3,Centralized iid_sub0.01 {group},group,centralized,centralized,,iid_sub0.01,3,3,15.0,0.001,selected_test_macro_precision,3,"123,42,456",0.9037499999999999,0.018830313300633127,0.04677709139417659,0.8569729086058233,0.9505270913941766,t_seeds,0.88384,0.921273
group|centralized|centralized|iid_sub0.01|3|15|0.001|3,Centralized iid_sub0.01 {group},group,centralized,centralized,,iid_sub0.01,3,3,15.0,0.001,selected_test_macro_recall,3,"123,42,456",0.9160743333333333,0.012822730065525565,0.03185342732336684,0.8842209060099665,0.9479277606567001,t_seeds,0.901277,0.923922
group|centralized|centralized|iid_sub0.01|3|15|0.001|3,Centralized iid_sub0.01 {group},group,centralized,centralized,,iid_sub0.01,3,3,15.0,0.001,selected_test_macro_specificity,3,"123,42,456",0.9160743333333333,0.012822730065525565,0.03185342732336684,0.8842209060099665,0.9479277606567001,t_seeds,0.901277,0.923922
group|centralized|centralized|iid_sub0.01|3|15|0.001|3,Centralized iid_sub0.01 {group},group,centralized,centralized,,iid_sub0.01,3,3,15.0,0.001,selected_test_mcc,3,"123,42,456",0.8197009999999999,0.031189071226953826,0.08794946980331342,0.6993683203631779,0.8752672599698047,cluster_bootstrap_B1000,0.784923,0.845191
group|centralized|centralized|iid_sub0.01|3|15|0.001|3,Centralized iid_sub0.01 {group},group,centralized,centralized,,iid_sub0.01,3,3,15.0,0.001,selected_test_n_examples,3,"123,42,456",7245.0,0.0,0.0,7245.0,7245.0,t_seeds,7245.0,7245.0
group|centralized|centralized|iid_sub0.01|3|15|0.001|3,Centralized iid_sub0.01 {group},group,centralized,centralized,,iid_sub0.01,3,3,15.0,0.001,selected_test_precision,3,"123,42,456",0.956658,0.011642701920087135,0.037152831173369594,0.9033236997803502,0.9776293621270894,cluster_bootstrap_B1000,0.945982,0.969072
group|centralized|centralized|iid_sub0.01|3|15|0.001|3,Centralized iid_sub0.01 {group},group,centralized,centralized,,iid_sub0.01,3,3,15.0,0.001,selected_test_recall,3,"123,42,456",0.9003833333333334,0.033477271847229935,0.07323820553450322,0.8039741249298745,0.950450535998881,cluster_bootstrap_B1000,0.870911,0.936782
group|centralized|centralized|iid_sub0.01|3|15|0.001|3,Centralized iid_sub0.01 {group},group,centralized,centralized,,iid_sub0.01,3,3,15.0,0.001,selected_test_roc_auc,3,"123,42,456",0.9669646666666667,0.01043001554808685,0.029528592800397102,0.9236552837910591,0.9827124693918533,cluster_bootstrap_B1000,0.959452,0.978873
group|centralized|centralized|iid_sub0.01|3|15|0.001|3,Centralized iid_sub0.01 {group},group,centralized,centralized,,iid_sub0.01,3,3,15.0,0.001,selected_test_specificity,3,"123,42,456",0.9317653333333333,0.020764770269216363,0.05764127539993513,0.8515871188947386,0.9668696696946089,cluster_bootstrap_B1000,0.911062,0.952591
group|centralized|centralized|iid_sub0.01|3|15|0.001|3,Centralized iid_sub0.01 {group},group,centralized,centralized,,iid_sub0.01,3,3,15.0,0.001,selected_test_tn,3,"123,42,456",2535.3333333333335,56.500737458314056,140.35561266190243,2394.977720671431,2675.688945995236,t_seeds,2479.0,2592.0
group|centralized|centralized|iid_sub0.01|3|15|0.001|3,Centralized iid_sub0.01 {group},group,centralized,centralized,,iid_sub0.01,3,3,15.0,0.001,selected_test_tp,3,"123,42,456",4073.3333333333335,151.45076207577608,376.22454954576204,3697.1087837875716,4449.557882879096,t_seeds,3940.0,4238.0
group|centralized|centralized|iid_sub0.01|3|15|0.001|3,Centralized iid_sub0.01 {group},group,centralized,centralized,,iid_sub0.01,3,3,15.0,0.001,selected_val_loss,3,"123,42,456",0.30168753457090314,0.028927718217930005,0.07186043574004698,0.22982709883085617,0.3735479703109501,t_seeds,0.2701665023374277,0.32702047339550916
group|centralized|centralized|iid_sub0.01|3|15|0.001|3,Centralized iid_sub0.01 {group},group,centralized,centralized,,iid_sub0.01,3,3,15.0,0.001,total_time_s,3,"123,42,456",482.28999999999996,51.013663855872984,126.72496619892884,355.56503380107114,609.0149661989288,t_seeds,423.56,515.59
group|fl|fedavg|iid_sub0.01|3|5|0.001|3,FedAvg iid_sub0.01 [3N] {group},group,fl,fedavg,0.0,iid_sub0.01,3,3,5.0,0.001,final_cumulative_mb,3,"123,42,456",165.465288,0.0,0.0,165.465288,165.465288,t_seeds,165.465288,165.465288
group|fl|fedavg|iid_sub0.01|3|5|0.001|3,FedAvg iid_sub0.01 [3N] {group},group,fl,fedavg,0.0,iid_sub0.01,3,3,5.0,0.001,round1_accuracy,3,"123,42,456",0.7291725634493821,0.014235063090889576,0.03536185705322401,0.693810706396158,0.7645344205026061,t_seeds,0.7187942258703651,0.7454005094820266
group|fl|fedavg|iid_sub0.01|3|5|0.001|3,FedAvg iid_sub0.01 [3N] {group},group,fl,fedavg,0.0,iid_sub0.01,3,3,5.0,0.001,selected_round,3,"123,42,456",2.0,1.0,2.4841377117503303,-0.48413771175033027,4.48413771175033,t_seeds,1.0,3.0
group|fl|fedavg|iid_sub0.01|3|5|0.001|3,FedAvg iid_sub0.01 [3N] {group},group,fl,fedavg,0.0,iid_sub0.01,3,3,5.0,0.001,selected_test_accuracy,3,"123,42,456",0.8760524499654935,0.026683007622789082,0.05078649631689175,0.8115240836543692,0.9130970762881527,cluster_bootstrap_B1000,0.8536922015182885,0.9055900621118013
group|fl|fedavg|iid_sub0.01|3|5|0.001|3,FedAvg iid_sub0.01 [3N] {group},group,fl,fedavg,0.0,iid_sub0.01,3,3,5.0,0.001,selected_test_balanced_accuracy,3,"123,42,456",0.8488519798854058,0.036101388554125896,0.06288015819699555,0.7620054385747281,0.8877657549687192,cluster_bootstrap_B1000,0.8229642132520156,0.8900921157735514
group|fl|fedavg|iid_sub0.01|3|5|0.001|3,FedAvg iid_sub0.01 [3N] {group},group,fl,fedavg,0.0,iid_sub0.01,3,3,5.0,0.001,selected_test_clean_accuracy,3,"123,42,456",0.8755888057633694,0.02678281937200153,0.04951456548877314,0.8128695336398668,0.9118986646174131,cluster_bootstrap_B1000,0.8531449154890551,0.9052369077306733
group|fl|fedavg|iid_sub0.01|3|5|0.001|3,FedAvg iid_sub0.01 [3N] {group},group,fl,fedavg,0.0,iid_sub0.01,3,3,5.0,0.001,selected_test_clean_balanced_accuracy,3,"123,42,456",0.8477023003001908,0.036493274094531056,0.06476640149299029,0.760247324787586,0.8897801277735666,cluster_bootstrap_B1000,0.8215879299600132,0.8894001698273373
group|fl|fedavg|iid_sub0.01|3|5|0.001|3,FedAvg iid_sub0.01 [3N] {group},group,fl,fedavg,0.0,iid_sub0.01,3,3,5.0,0.001,selected_test_clean_f1,3,"123,42,456",0.9049053528253713,0.0192042363137419,0.06484219676438774,0.7992325355893388,0.9289169291181143,cluster_bootstrap_B1000,0.8865535491791414,0.9248613831074477
group|fl|fedavg|iid_sub0.01|3|5|0.001|3,FedAvg iid_sub0.01 [3N] {group},group,fl,fedavg,0.0,iid_sub0.01,3,3,5.0,0.001,selected_test_clean_loss,3,"123,42,456",0.5002089746881707,0.12668726162719304,0.2421029254719881,0.33315190201734773,0.817357752961324,cluster_bootstrap_B1000,0.38939431251803514,0.638319058113689
group|fl|fedavg|iid_sub0.01|3|5|0.001|3,FedAvg iid_sub0.01 [3N] {group},group,fl,fedavg,0.0,iid_sub0.01,3,3,5.0,0.001,selected_test_clean_macro_f1,3,"123,42,456",0.8560245428525054,0.034912565296354066,0.06547492062006216,0.7565934505647952,0.8875432918049195,cluster_bootstrap_B1000,0.8295669392860096,0.895595015533986
group|fl|fedavg|iid_sub0.01|3|5|0.001|3,FedAvg iid_sub0.01 [3N] {group},group,fl,fedavg,0.0,iid_sub0.01,3,3,5.0,0.001,selected_test_clean_mcc,3,"123,42,456",0.7481958055354672,0.05116008629447414,0.09283803248153272,0.6108623509367684,0.7965384158998339,cluster_bootstrap_B1000,0.7079801929504597,0.8057787076646393
group|fl|fedavg|iid_sub0.01|3|5|0.001|3,FedAvg iid_sub0.01 [3N] {group},group,fl,fedavg,0.0,iid_sub0.01,3,3,5.0,0.001,selected_test_clean_precision,3,"123,42,456",0.8863732766228448,0.029088178252668084,0.06800331776735719,0.7889916457039126,0.9249982812386269,cluster_bootstrap_B1000,0.8672879389172128,0.9198519962684604
group|fl|fedavg|iid_sub0.01|3|5|0.001|3,FedAvg iid_sub0.01 [3N] {group},group,fl,fedavg,0.0,iid_sub0.01,3,3,5.0,0.001,selected_test_clean_recall,3,"123,42,456",0.9393940122401006,0.01637271840011826,0.04059231935247237,0.8766713580243642,0.957855996729309,cluster_bootstrap_B1000,0.9238509157238232,0.9564862375564703
group|fl|fedavg|iid_sub0.01|3|5|0.001|3,FedAvg iid_sub0.01 [3N] {group},group,fl,fedavg,0.0,iid_sub0.01,3,3,5.0,0.001,selected_test_clean_roc_auc,3,"123,42,456",0.9327382905087042,0.04443782618646532,0.06813618483489392,0.8393541614751338,0.9756265311449216,cluster_bootstrap_B1000,0.881441955447553,0.9594977200016883
group|fl|fedavg|iid_sub0.01|3|5|0.001|3,FedAvg iid_sub0.01 [3N] {group},group,fl,fedavg,0.0,iid_sub0.01,3,3,5.0,0.001,selected_test_clean_specificity,3,"123,42,456",0.7560105883602808,0.07379166529400029,0.12124183411657302,0.6042407651770516,0.8467244334101977,cluster_bootstrap_B1000,0.7077513646699729,0.8409554562146664
group|fl|fedavg|iid_sub0.01|3|5|0.001|3,FedAvg iid_sub0.01 [3N] {group},group,fl,fedavg,0.0,iid_sub0.01,3,3,5.0,0.001,selected_test_f1,3,"123,42,456",0.9050601061789244,0.019177661205353413,0.07048426529052726,0.7888038923251922,0.9297724229062467,cluster_bootstrap_B1000,0.8867551435887985,0.925005128775177
group|fl|fedavg|iid_sub0.01|3|5|0.001|3,FedAvg iid_sub0.01 [3N] {group},group,fl,fedavg,0.0,iid_sub0.01,3,3,5.0,0.001,selected_test_fn,3,"123,42,456",262.6666666666667,70.86842268128545,176.04692135484365,86.61974531182304,438.7135880215103,t_seeds,188.0,329.0
group|fl|fedavg|iid_sub0.01|3|5|0.001|3,FedAvg iid_sub0.01 [3N] {group},group,fl,fedavg,0.0,iid_sub0.01,3,3,5.0,0.001,selected_test_fp,3,"123,42,456",635.3333333333334,193.16918318751917,479.85885270412416,155.4744806292092,1115.1921860374575,t_seeds,413.0,762.0
group|fl|fedavg|iid_sub0.01|3|5|0.001|3,FedAvg iid_sub0.01 [3N] {group},group,fl,fedavg,0.0,iid_sub0.01,3,3,5.0,0.001,selected_test_loss,3,"123,42,456",0.4983653448827838,0.1262357993542788,0.22276060217986238,0.33569946835630404,0.7812206727160288,cluster_bootstrap_B1000,0.3879446790634,0.635982804053599
group|fl|fedavg|iid_sub0.01|3|5|0.001|3,FedAvg iid_sub0.01 [3N] {group},group,fl,fedavg,0.0,iid_sub0.01,3,3,5.0,0.001,selected_test_macro_f1,3,"123,42,456",0.8570524794972387,0.034529513407890185,0.0683873651406795,0.752146469694783,0.888921199976142,cluster_bootstrap_B1000,0.8308097133924923,0.8961695394318235
group|fl|fedavg|iid_sub0.01|3|5|0.001|3,FedAvg iid_sub0.01 [3N] {group},group,fl,fedavg,0.0,iid_sub0.01,3,3,5.0,0.001,selected_test_macro_precision,3,"123,42,456",0.9057808578670093,0.01242331019972024,0.030861213371897574,0.8749196444951117,0.936642071238907,t_seeds,0.8931660225911577,0.9180033481622083
group|fl|fedavg|iid_sub0.01|3|5|0.001|3,FedAvg iid_sub0.01 [3N] {group},group,fl,fedavg,0.0,iid_sub0.01,3,3,5.0,0.001,selected_test_macro_recall,3,"123,42,456",0.8488519798854058,0.036101388554125896,0.08968082075385586,0.75917115913155,0.9385328006392617,t_seeds,0.8229642132520156,0.8900921157735514
group|fl|fedavg|iid_sub0.01|3|5|0.001|3,FedAvg iid_sub0.01 [3N] {group},group,fl,fedavg,0.0,iid_sub0.01,3,3,5.0,0.001,selected_test_macro_specificity,3,"123,42,456",0.8488519798854058,0.036101388554125896,0.08968082075385586,0.75917115913155,0.9385328006392617,t_seeds,0.8229642132520156,0.8900921157735514
group|fl|fedavg|iid_sub0.01|3|5|0.001|3,FedAvg iid_sub0.01 [3N] {group},group,fl,fedavg,0.0,iid_sub0.01,3,3,5.0,0.001,selected_test_mcc,3,"123,42,456",0.7497388036896965,0.05073474225060421,0.09775463165927589,0.6047558044966805,0.8002650678152323,cluster_bootstrap_B1000,0.7097751600194953,0.8068177205550839
group|fl|fedavg|iid_sub0.01|3|5|0.001|3,FedAvg iid_sub0.01 [3N] {group},group,fl,fedavg,0.0,iid_sub0.01,3,3,5.0,0.001,selected_test_n_examples,3,"123,42,456",7245.0,0.0,0.0,7245.0,7245.0,t_seeds,7245.0,7245.0
group|fl|fedavg|iid_sub0.01|3|5|0.001|3,FedAvg iid_sub0.01 [3N] {group},group,fl,fedavg,0.0,iid_sub0.01,3,3,5.0,0.001,selected_test_precision,3,"123,42,456",0.8864213575033788,0.02911037929715991,0.06713290469255878,0.788455372689094,0.9227211820742116,cluster_bootstrap_B1000,0.867321473329915,0.9199256311659388
group|fl|fedavg|iid_sub0.01|3|5|0.001|3,FedAvg iid_sub0.01 [3N] {group},group,fl,fedavg,0.0,iid_sub0.01,3,3,5.0,0.001,selected_test_recall,3,"123,42,456",0.9396059601456903,0.016312672360447315,0.04070995157667051,0.8773714911189135,0.9587913942722546,cluster_bootstrap_B1000,0.924144978792655,0.9566542735958028
group|fl|fedavg|iid_sub0.01|3|5|0.001|3,FedAvg iid_sub0.01 [3N] {group},group,fl,fedavg,0.0,iid_sub0.01,3,3,5.0,0.001,selected_test_roc_auc,3,"123,42,456",0.9336732479010598,0.04377859168390549,0.07017114715380773,0.835354428586031,0.9756967228936465,cluster_bootstrap_B1000,0.8831375081042709,0.9600224790802282
group|fl|fedavg|iid_sub0.01|3|5|0.001|3,FedAvg iid_sub0.01 [3N] {group},group,fl,fedavg,0.0,iid_sub0.01,3,3,5.0,0.001,selected_test_specificity,3,"123,42,456",0.7580979996251213,0.0730289760066653,0.12002941870112671,0.6021833322025498,0.8422421696048032,cluster_bootstrap_B1000,0.7103449476654978,0.8421656034984898
group|fl|fedavg|iid_sub0.01|3|5|0.001|3,FedAvg iid_sub0.01 [3N] {group},group,fl,fedavg,0.0,iid_sub0.01,3,3,5.0,0.001,selected_test_tn,3,"123,42,456",2085.6666666666665,193.16918318751914,479.8588527041241,1605.8078139625425,2565.525519370791,t_seeds,1959.0,2308.0
group|fl|fedavg|iid_sub0.01|3|5|0.001|3,FedAvg iid_sub0.01 [3N] {group},group,fl,fedavg,0.0,iid_sub0.01,3,3,5.0,0.001,selected_test_tp,3,"123,42,456",4261.333333333333,70.86842268128545,176.04692135484365,4085.2864119784895,4437.380254688177,t_seeds,4195.0,4336.0
group|fl|fedavg|iid_sub0.01|3|5|0.001|3,FedAvg iid_sub0.01 [3N] {group},group,fl,fedavg,0.0,iid_sub0.01,3,3,5.0,0.001,selected_val_loss,3,"123,42,456",0.9831322040335767,0.3774967272148074,0.9377538561366303,0.04537834789694639,1.920886060170207,t_seeds,0.7300890427681955,1.4170308299388568
group|fl|fedavg|iid_sub0.01|3|5|0.001|3,FedAvg iid_sub0.01 [3N] {group},group,fl,fedavg,0.0,iid_sub0.01,3,3,5.0,0.001,total_time_s,3,"123,42,456",119.79666666666667,0.42217689815210635,1.0487455537294257,118.74792111293723,120.8454122203961,t_seeds,119.5,120.28
group|fl|fedprox_0.01|iid_sub0.01|3|5|0.001|3,FedProx(mu=0.01) iid_sub0.01 [3N] {group},group,fl,fedprox_0.01,0.01,iid_sub0.01,3,3,5.0,0.001,final_cumulative_mb,3,"123,42,456",165.465288,0.0,0.0,165.465288,165.465288,t_seeds,165.465288,165.465288
group|fl|fedprox_0.01|iid_sub0.01|3|5|0.001|3,FedProx(mu=0.01) iid_sub0.01 [3N] {group},group,fl,fedprox_0.01,0.01,iid_sub0.01,3,3,5.0,0.001,round1_accuracy,3,"123,42,456",0.7292197377111048,0.010704712122260204,0.02659197907633748,0.7026277586347673,0.7558117167874423,t_seeds,0.7228983866402491,0.7415793942824794
group|fl|fedprox_0.01|iid_sub0.01|3|5|0.001|3,FedProx(mu=0.01) iid_sub0.01 [3N] {group},group,fl,fedprox_0.01,0.01,iid_sub0.01,3,3,5.0,0.001,selected_round,3,"123,42,456",1.6666666666666667,0.5773502691896257,1.434217576583154,0.23244909008351278,3.100884243249821,t_seeds,1.0,2.0
group|fl|fedprox_0.01|iid_sub0.01|3|5|0.001|3,FedProx(mu=0.01) iid_sub0.01 [3N] {group},group,fl,fedprox_0.01,0.01,iid_sub0.01,3,3,5.0,0.001,selected_test_accuracy,3,"123,42,456",0.8695192086496434,0.005455674604662103,0.043906692149138504,0.8138702417076394,0.9016836260059164,cluster_bootstrap_B1000,0.8641821946169772,0.8750862663906143
group|fl|fedprox_0.01|iid_sub0.01|3|5|0.001|3,FedProx(mu=0.01) iid_sub0.01 [3N] {group},group,fl,fedprox_0.01,0.01,iid_sub0.01,3,3,5.0,0.001,selected_test_balanced_accuracy,3,"123,42,456",0.8368918435550684,0.0015673811048457023,0.0566678949304239,0.7619107895977146,0.8752465794585624,cluster_bootstrap_B1000,0.8357965669999229,0.8386872640566846
group|fl|fedprox_0.01|iid_sub0.01|3|5|0.001|3,FedProx(mu=0.01) iid_sub0.01 [3N] {group},group,fl,fedprox_0.01,0.01,iid_sub0.01,3,3,5.0,0.001,selected_test_clean_accuracy,3,"123,42,456",0.8690311258889812,0.005476082365028626,0.04627733846131621,0.8122873059803202,0.9048419829029526,cluster_bootstrap_B1000,0.8636741479634248,0.8746190080354669
group|fl|fedprox_0.01|iid_sub0.01|3|5|0.001|3,FedProx(mu=0.01) iid_sub0.01 [3N] {group},group,fl,fedprox_0.01,0.01,iid_sub0.01,3,3,5.0,0.001,selected_test_clean_balanced_accuracy,3,"123,42,456",0.8355820939227585,0.0015390423940904315,0.05853192648042149,0.7574209690789501,0.874484822039793,cluster_bootstrap_B1000,0.8344161468941456,0.8373265652354526
group|fl|fedprox_0.01|iid_sub0.01|3|5|0.001|3,FedProx(mu=0.01) iid_sub0.01 [3N] {group},group,fl,fedprox_0.01,0.01,iid_sub0.01,3,3,5.0,0.001,selected_test_clean_f1,3,"123,42,456",0.9018757525551648,0.0076712445146463306,0.06772075904622621,0.7926321405363638,0.9280736586288162,cluster_bootstrap_B1000,0.8938464584971069,0.9091301248966883
group|fl|fedprox_0.01|iid_sub0.01|3|5|0.001|3,FedProx(mu=0.01) iid_sub0.01 [3N] {group},group,fl,fedprox_0.01,0.01,iid_sub0.01,3,3,5.0,0.001,selected_test_clean_loss,3,"123,42,456",0.45445168417776416,0.11762573746427381,0.20988920238380693,0.3119570156847393,0.7317354204523532,cluster_bootstrap_B1000,0.3699472203317997,0.588791161724632
group|fl|fedprox_0.01|iid_sub0.01|3|5|0.001|3,FedProx(mu=0.01) iid_sub0.01 [3N] {group},group,fl,fedprox_0.01,0.01,iid_sub0.01,3,3,5.0,0.001,selected_test_clean_macro_f1,3,"123,42,456",0.8458289212296256,0.0029009741443235433,0.05994768114252885,0.7525903327503048,0.8724856950353626,cluster_bootstrap_B1000,0.843737954726413,0.8491407992610234
group|fl|fedprox_0.01|iid_sub0.01|3|5|0.001|3,FedProx(mu=0.01) iid_sub0.01 [3N] {group},group,fl,fedprox_0.01,0.01,iid_sub0.01,3,3,5.0,0.001,selected_test_clean_mcc,3,"123,42,456",0.7343966144931446,0.006874738654631562,0.08554394322053482,0.6065747974988079,0.7776626839398776,cluster_bootstrap_B1000,0.7283361998168727,0.7418670427754687
group|fl|fedprox_0.01|iid_sub0.01|3|5|0.001|3,FedProx(mu=0.01) iid_sub0.01 [3N] {group},group,fl,fedprox_0.01,0.01,iid_sub0.01,3,3,5.0,0.001,selected_test_clean_precision,3,"123,42,456",0.8730338955092355,0.006734785638837557,0.06885350773339377,0.7731157390385436,0.9108227545053311,cluster_bootstrap_B1000,0.8673739664881822,0.8804824355803188
group|fl|fedprox_0.01|iid_sub0.01|3|5|0.001|3,FedProx(mu=0.01) iid_sub0.01 [3N] {group},group,fl,fedprox_0.01,0.01,iid_sub0.01,3,3,5.0,0.001,selected_test_clean_recall,3,"123,42,456",0.9483852711441112,0.020189826144727425,0.03953935846575235,0.8889871041033178,0.9680658210348225,cluster_bootstrap_B1000,0.9268598461055565,0.9669017658009322
group|fl|fedprox_0.01|iid_sub0.01|3|5|0.001|3,FedProx(mu=0.01) iid_sub0.01 [3N] {group},group,fl,fedprox_0.01,0.01,iid_sub0.01,3,3,5.0,0.001,selected_test_clean_roc_auc,3,"123,42,456",0.9586418197608734,0.002999311823127446,0.043474397987413205,0.8946327896312564,0.9815815856060828,cluster_bootstrap_B1000,0.9553588061559779,0.9612384378997136
group|fl|fedprox_0.01|iid_sub0.01|3|5|0.001|3,FedProx(mu=0.01) iid_sub0.01 [3N] {group},group,fl,fedprox_0.01,0.01,iid_sub0.01,3,3,5.0,0.001,selected_test_clean_specificity,3,"123,42,456",0.7227789167014059,0.018292382100000823,0.11091299487759482,0.5812752203858634,0.8031012101410531,cluster_bootstrap_B1000,0.7077513646699729,0.7431472931717986
group|fl|fedprox_0.01|iid_sub0.01|3|5|0.001|3,FedProx(mu=0.01) iid_sub0.01 [3N] {group},group,fl,fedprox_0.01,0.01,iid_sub0.01,3,3,5.0,0.001,selected_test_f1,3,"123,42,456",0.9020188844713642,0.007611607045039232,0.06273619618561099,0.8005233978242442,0.9259957901954662,cluster_bootstrap_B1000,0.8940584967965228,0.9092256450379517
group|fl|fedprox_0.01|iid_sub0.01|3|5|0.001|3,FedProx(mu=0.01) iid_sub0.01 [3N] {group},group,fl,fedprox_0.01,0.01,iid_sub0.01,3,3,5.0,0.001,selected_test_fn,3,"123,42,456",223.0,87.22958213817145,216.6902945696547,6.3097054303453035,439.6902945696547,t_seeds,143.0,316.0
group|fl|fedprox_0.01|iid_sub0.01|3|5|0.001|3,FedProx(mu=0.01) iid_sub0.01 [3N] {group},group,fl,fedprox_0.01,0.01,iid_sub0.01,3,3,5.0,0.001,selected_test_fp,3,"123,42,456",722.3333333333334,48.686069191641806,120.94290051584332,601.39043281749,843.2762338491767,t_seeds,668.0,762.0
group|fl|fedprox_0.01|iid_sub0.01|3|5|0.001|3,FedProx(mu=0.01) iid_sub0.01 [3N] {group},group,fl,fedprox_0.01,0.01,iid_sub0.01,3,3,5.0,0.001,selected_test_loss,3,"123,42,456",0.45279882900546525,0.11717871078717222,0.2092135383277207,0.30592823325088864,0.72435530990633,cluster_bootstrap_B1000,0.36858431625207533,0.5866218808757697
group|fl|fedprox_0.01|iid_sub0.01|3|5|0.001|3,FedProx(mu=0.01) iid_sub0.01 [3N] {group},group,fl,fedprox_0.01,0.01,iid_sub0.01,3,3,5.0,0.001,selected_test_macro_f1,3,"123,42,456",0.8469997234861243,0.002985102331547927,0.05718980330361506,0.7582280688837781,0.8726076754910083,cluster_bootstrap_B1000,0.8447428529749786,0.8503844250273456
group|fl|fedprox_0.01|iid_sub0.01|3|5|0.001|3,FedProx(mu=0.01) iid_sub0.01 [3N] {group},group,fl,fedprox_0.01,0.01,iid_sub0.01,3,3,5.0,0.001,selected_test_macro_precision,3,"123,42,456",0.905386965085948,0.006674632694999715,0.016580706789730528,0.8888062582962174,0.9219676718756785,t_seeds,0.8986271390689743,0.9119730106210693
group|fl|fedprox_0.01|iid_sub0.01|3|5|0.001|3,FedProx(mu=0.01) iid_sub0.01 [3N] {group},group,fl,fedprox_0.01,0.01,iid_sub0.01,3,3,5.0,0.001,selected_test_macro_recall,3,"123,42,456",0.8368918435550684,0.0015673811048457023,0.003893590511232107,0.8329982530438363,0.8407854340663005,t_seeds,0.8357965669999229,0.8386872640566846
group|fl|fedprox_0.01|iid_sub0.01|3|5|0.001|3,FedProx(mu=0.01) iid_sub0.01 [3N] {group},group,fl,fedprox_0.01,0.01,iid_sub0.01,3,3,5.0,0.001,selected_test_macro_specificity,3,"123,42,456",0.8368918435550684,0.0015673811048457023,0.003893590511232107,0.8329982530438363,0.8407854340663005,t_seeds,0.8357965669999229,0.8386872640566846
group|fl|fedprox_0.01|iid_sub0.01|3|5|0.001|3,FedProx(mu=0.01) iid_sub0.01 [3N] {group},group,fl,fedprox_0.01,0.01,iid_sub0.01,3,3,5.0,0.001,selected_test_mcc,3,"123,42,456",0.7360861842474792,0.006976648484026948,0.08235308721577889,0.6125812241176835,0.7772873985492412,cluster_bootstrap_B1000,0.7298537473655846,0.7436229424693328
group|fl|fedprox_0.01|iid_sub0.01|3|5|0.001|3,FedProx(mu=0.01) iid_sub0.01 [3N] {group},group,fl,fedprox_0.01,0.01,iid_sub0.01,3,3,5.0,0.001,selected_test_n_examples,3,"123,42,456",7245.0,0.0,0.0,7245.0,7245.0,t_seeds,7245.0,7245.0
group|fl|fedprox_0.01|iid_sub0.01|3|5|0.001|3,FedProx(mu=0.01) iid_sub0.01 [3N] {group},group,fl,fedprox_0.01,0.01,iid_sub0.01,3,3,5.0,0.001,selected_test_precision,3,"123,42,456",0.873074683520397,0.006756614319060636,0.06288796258749924,0.7826607599380753,0.9084366851130737,cluster_bootstrap_B1000,0.867407028833581,0.8805517968575592
group|fl|fedprox_0.01|iid_sub0.01|3|5|0.001|3,FedProx(mu=0.01) iid_sub0.01 [3N] {group},group,fl,fedprox_0.01,0.01,iid_sub0.01,3,3,5.0,0.001,selected_test_recall,3,"123,42,456",0.9485845904886384,0.02011185958358313,0.03957933681707232,0.886251314687608,0.9654099883217526,cluster_bootstrap_B1000,0.9271422896610303,0.9670295804478714
group|fl|fedprox_0.01|iid_sub0.01|3|5|0.001|3,FedProx(mu=0.01) iid_sub0.01 [3N] {group},group,fl,fedprox_0.01,0.01,iid_sub0.01,3,3,5.0,0.001,selected_test_roc_auc,3,"123,42,456",0.9591937442337598,0.002963883410001657,0.04487292942607396,0.8920098714728928,0.9817557303250407,cluster_bootstrap_B1000,0.9559529844315865,0.9617668632368814
group|fl|fedprox_0.01|iid_sub0.01|3|5|0.001|3,FedProx(mu=0.01) iid_sub0.01 [3N] {group},group,fl,fedprox_0.01,0.01,iid_sub0.01,3,3,5.0,0.001,selected_test_specificity,3,"123,42,456",0.7251990966214983,0.0180172411364997,0.10575286641872161,0.5906165495160376,0.8021222823534808,cluster_bootstrap_B1000,0.7103449476654978,0.7452411095561653
group|fl|fedprox_0.01|iid_sub0.01|3|5|0.001|3,FedProx(mu=0.01) iid_sub0.01 [3N] {group},group,fl,fedprox_0.01,0.01,iid_sub0.01,3,3,5.0,0.001,selected_test_tn,3,"123,42,456",1998.6666666666667,48.6860691916418,120.9429005158433,1877.7237661508234,2119.60956718251,t_seeds,1959.0,2053.0
group|fl|fedprox_0.01|iid_sub0.01|3|5|0.001|3,FedProx(mu=0.01) iid_sub0.01 [3N] {group},group,fl,fedprox_0.01,0.01,iid_sub0.01,3,3,5.0,0.001,selected_test_tp,3,"123,42,456",4301.0,87.22958213817145,216.6902945696547,4084.3097054303453,4517.690294569655,t_seeds,4208.0,4381.0
group|fl|fedprox_0.01|iid_sub0.01|3|5|0.001|3,FedProx(mu=0.01) iid_sub0.01 [3N] {group},group,fl,fedprox_0.01,0.01,iid_sub0.01,3,3,5.0,0.001,selected_val_loss,3,"123,42,456",1.0821798558410005,0.3614966578158972,0.8980074803521749,0.1841723754888256,1.9801873361931754,t_seeds,0.8074262247309079,1.4917012382275898
group|fl|fedprox_0.01|iid_sub0.01|3|5|0.001|3,FedProx(mu=0.01) iid_sub0.01 [3N] {group},group,fl,fedprox_0.01,0.01,iid_sub0.01,3,3,5.0,0.001,total_time_s,3,"123,42,456",143.33666666666667,0.9312536353396635,2.313362274751848,141.02330439191482,145.65002894141853,t_seeds,142.5,144.34
group_final_epoch|local|local_only|iid_sub0.01|3|15||3,Local-only iid_sub0.01 {group_final_epoch},group_final_epoch,local,local_only,,iid_sub0.01,3,3,15.0,,final_accuracy,3,"123,42,456",0.8397549999999999,0.00274185119946363,0.00681113596459548,0.8329438640354044,0.8465661359645954,t_seeds,0.837981,0.842913
group_final_epoch|local|local_only|iid_sub0.01|3|15||3,Local-only iid_sub0.01 {group_final_epoch},group_final_epoch,local,local_only,,iid_sub0.01,3,3,15.0,,final_balanced_accuracy,3,"123,42,456",0.8035996666666666,0.004913986173272218,0.012207018368045209,0.7913926482986214,0.8158066850347118,t_seeds,0.8004926666666666,0.8092649999999999
group_final_epoch|local|local_only|iid_sub0.01|3|15||3,Local-only iid_sub0.01 {group_final_epoch},group_final_epoch,local,local_only,,iid_sub0.01,3,3,15.0,,final_cumulative_mb,3,"123,42,456",0.0,0.0,0.0,0.0,0.0,t_seeds,0.0,0.0
group_final_epoch|local|local_only|iid_sub0.01|3|15||3,Local-only iid_sub0.01 {group_final_epoch},group_final_epoch,local,local_only,,iid_sub0.01,3,3,15.0,,final_elapsed_s,3,"123,42,456",85.67777777777779,14.299080519519556,35.520885161893034,50.15689261588476,121.19866293967083,t_seeds,69.16666666666667,93.96666666666665
group_final_epoch|local|local_only|iid_sub0.01|3|15||3,Local-only iid_sub0.01 {group_final_epoch},group_final_epoch,local,local_only,,iid_sub0.01,3,3,15.0,,final_f1,3,"123,42,456",0.8776451111111112,0.0008050662038568562,0.0019998953174564954,0.8756452157936547,0.8796450064285677,t_seeds,0.8770276666666668,0.8785556666666666
group_final_epoch|local|local_only|iid_sub0.01|3|15||3,Local-only iid_sub0.01 {group_final_epoch},group_final_epoch,local,local_only,,iid_sub0.01,3,3,15.0,,final_fn,3,"123,42,456",341.0,6.082762530298219,15.110419793135668,325.8895802068643,356.1104197931357,t_seeds,337.0,348.0
group_final_epoch|local|local_only|iid_sub0.01|3|15||3,Local-only iid_sub0.01 {group_final_epoch},group_final_epoch,local,local_only,,iid_sub0.01,3,3,15.0,,final_fp,3,"123,42,456",817.6666666666666,23.180451534284945,57.58343383171803,760.0832328349486,875.2501004983847,t_seeds,791.0,833.0
group_final_epoch|local|local_only|iid_sub0.01|3|15||3,Local-only iid_sub0.01 {group_final_epoch},group_final_epoch,local,local_only,,iid_sub0.01,3,3,15.0,,final_loss,3,"123,42,456",3.6333509999999998,0.9673291609178911,2.4029788483119368,1.230372151688063,6.0363298483119365,t_seeds,2.5170703333333333,4.225606
group_final_epoch|local|local_only|iid_sub0.01|3|15||3,Local-only iid_sub0.01 {group_final_epoch},group_final_epoch,local,local_only,,iid_sub0.01,3,3,15.0,,final_macro_f1,3,"123,42,456",0.8115948888888888,0.005989737161116489,0.014879331965401834,0.796715556923487,0.8264742208542906,t_seeds,0.8079373333333333,0.8185073333333334
group_final_epoch|local|local_only|iid_sub0.01|3|15||3,Local-only iid_sub0.01 {group_final_epoch},group_final_epoch,local,local_only,,iid_sub0.01,3,3,15.0,,final_macro_precision,3,"123,42,456",0.8839495555555555,0.002247304220451469,0.0055826131637991714,0.8783669423917564,0.8895321687193547,t_seeds,0.8813610000000001,0.8854016666666666
group_final_epoch|local|local_only|iid_sub0.01|3|15||3,Local-only iid_sub0.01 {group_final_epoch},group_final_epoch,local,local_only,,iid_sub0.01,3,3,15.0,,final_macro_recall,3,"123,42,456",0.8035996666666666,0.004913986173272218,0.012207018368045209,0.7913926482986214,0.8158066850347118,t_seeds,0.8004926666666666,0.8092649999999999
group_final_epoch|local|local_only|iid_sub0.01|3|15||3,Local-only iid_sub0.01 {group_final_epoch},group_final_epoch,local,local_only,,iid_sub0.01,3,3,15.0,,final_macro_specificity,3,"123,42,456",0.8035996666666666,0.004913986173272218,0.012207018368045209,0.7913926482986214,0.8158066850347118,t_seeds,0.8004926666666666,0.8092649999999999
group_final_epoch|local|local_only|iid_sub0.01|3|15||3,Local-only iid_sub0.01 {group_final_epoch},group_final_epoch,local,local_only,,iid_sub0.01,3,3,15.0,,final_mcc,3,"123,42,456",0.6791516666666667,0.004246465563003906,0.0105488052467071,0.6686028614199596,0.6897004719133738,t_seeds,0.6762603333333334,0.684027
group_final_epoch|local|local_only|iid_sub0.01|3|15||3,Local-only iid_sub0.01 {group_final_epoch},group_final_epoch,local,local_only,,iid_sub0.01,3,3,15.0,,final_n_examples,3,"123,42,456",7245.0,0.0,0.0,7245.0,7245.0,t_seeds,7245.0,7245.0
group_final_epoch|local|local_only|iid_sub0.01|3|15||3,Local-only iid_sub0.01 {group_final_epoch},group_final_epoch,local,local_only,,iid_sub0.01,3,3,15.0,,final_precision,3,"123,42,456",0.8549816666666668,0.0005653442412470749,0.0014043929498027351,0.853577273716864,0.8563860596164695,t_seeds,0.8545259999999999,0.8556143333333335
group_final_epoch|local|local_only|iid_sub0.01|3|15||3,Local-only iid_sub0.01 {group_final_epoch},group_final_epoch,local,local_only,,iid_sub0.01,3,3,15.0,,final_recall,3,"123,42,456",0.9246242222222222,0.0013444823181074563,0.003339879229192236,0.92128434299303,0.9279641014514144,t_seeds,0.923077,0.9255083333333333
group_final_epoch|local|local_only|iid_sub0.01|3|15||3,Local-only iid_sub0.01 {group_final_epoch},group_final_epoch,local,local_only,,iid_sub0.01,3,3,15.0,,final_roc_auc,3,"123,42,456",0.8152146666666668,0.0318219048822243,0.07904999397766532,0.7361646726890014,0.8942646606443321,t_seeds,0.7908203333333333,0.8512093333333333
group_final_epoch|local|local_only|iid_sub0.01|3|15||3,Local-only iid_sub0.01 {group_final_epoch},group_final_epoch,local,local_only,,iid_sub0.01,3,3,15.0,,final_specificity,3,"123,42,456",0.682574888888889,0.011172253559268682,0.027753416391816183,0.6548214724970728,0.7103283052807051,t_seeds,0.6754763333333335,0.695453
group_final_epoch|local|local_only|iid_sub0.01|3|15||3,Local-only iid_sub0.01 {group_final_epoch},group_final_epoch,local,local_only,,iid_sub0.01,3,3,15.0,,final_tn,3,"123,42,456",1903.3333333333333,23.18045153428495,57.58343383171804,1845.7498995016151,1960.9167671650514,t_seeds,1888.0,1930.0
group_final_epoch|local|local_only|iid_sub0.01|3|15||3,Local-only iid_sub0.01 {group_final_epoch},group_final_epoch,local,local_only,,iid_sub0.01,3,3,15.0,,final_tp,3,"123,42,456",4183.0,6.082762530298219,15.110419793135668,4167.889580206865,4198.110419793135,t_seeds,4176.0,4187.0
group_final_epoch|local|local_only|iid_sub0.01|3|15||3,Local-only iid_sub0.01 {group_final_epoch},group_final_epoch,local,local_only,,iid_sub0.01,3,3,15.0,,round1_accuracy,3,"123,42,456",0.6942834444444443,0.05940042761007073,0.14755884232027225,0.5467246021241721,0.8418422867647166,t_seeds,0.625835,0.7323179999999999
group_final_epoch|local|local_only|iid_sub0.01|3|15||3,Local-only iid_sub0.01 {group_final_epoch},group_final_epoch,local,local_only,,iid_sub0.01,3,3,15.0,,total_time_s,3,"123,42,456",305.26,51.21908628626636,127.23526380510843,178.02473619489155,432.49526380510844,t_seeds,246.12,335.32
group|local|local_only|iid_sub0.01|3|15||3,Local-only iid_sub0.01 {group},group,local,local_only,,iid_sub0.01,3,3,15.0,,final_cumulative_mb,3,"123,42,456",0.0,0.0,0.0,0.0,0.0,t_seeds,0.0,0.0
group|local|local_only|iid_sub0.01|3|15||3,Local-only iid_sub0.01 {group},group,local,local_only,,iid_sub0.01,3,3,15.0,,round1_accuracy,3,"123,42,456",0.6942834444444443,0.05940042761007073,0.14755884232027225,0.5467246021241721,0.8418422867647166,t_seeds,0.625835,0.7323179999999999
group|local|local_only|iid_sub0.01|3|15||3,Local-only iid_sub0.01 {group},group,local,local_only,,iid_sub0.01,3,3,15.0,,selected_test_accuracy,3,"123,42,456",0.8192372222222222,0.043761298508478326,0.07389032948635632,0.7112768068108768,0.8590574657835894,cluster_bootstrap_B1000,0.769138,0.8499966666666666
group|local|local_only|iid_sub0.01|3|15||3,Local-only iid_sub0.01 {group},group,local,local_only,,iid_sub0.01,3,3,15.0,,selected_test_balanced_accuracy,3,"123,42,456",0.7867835555555556,0.043624652386177395,0.07290196223720752,0.6812517663339721,0.8270556908083871,cluster_bootstrap_B1000,0.7374003333333333,0.8200823333333332
group|local|local_only|iid_sub0.01|3|15||3,Local-only iid_sub0.01 {group},group,local,local_only,,iid_sub0.01,3,3,15.0,,selected_test_clean_accuracy,3,"123,42,456",0.8193157505664916,0.04431980355317513,0.07885552799139534,0.7060432616391424,0.8637543176219331,cluster_bootstrap_B1000,0.7684377042375986,0.849531099547745
group|local|local_only|iid_sub0.01|3|15||3,Local-only iid_sub0.01 {group},group,local,local_only,,iid_sub0.01,3,3,15.0,,selected_test_clean_balanced_accuracy,3,"123,42,456",0.7861985946788316,0.04407318656053886,0.0770501264319357,0.6783320161208022,0.8324322689846736,cluster_bootstrap_B1000,0.7360408851351118,0.8187339166836342
group|local|local_only|iid_sub0.01|3|15||3,Local-only iid_sub0.01 {group},group,local,local_only,,iid_sub0.01,3,3,15.0,,selected_test_clean_f1,3,"123,42,456",0.8602463005336891,0.036297867562886665,0.10412736375362613,0.6803256398960069,0.8885803674032592,cluster_bootstrap_B1000,0.8184396326536497,0.8837355734112945
group|local|local_only|iid_sub0.01|3|15||3,Local-only iid_sub0.01 {group},group,local,local_only,,iid_sub0.01,3,3,15.0,,selected_test_clean_loss,3,"123,42,456",1.5122151687241825,0.7910452243690905,1.1084981387804147,0.7825235045041563,2.9995197820649855,cluster_bootstrap_B1000,0.7000942976403272,2.280349236362739
group|local|local_only|iid_sub0.01|3|15||3,Local-only iid_sub0.01 {group},group,local,local_only,,iid_sub0.01,3,3,15.0,,selected_test_clean_macro_f1,3,"123,42,456",0.7936075657608902,0.04305811216693323,0.08532718663496697,0.6530181522010569,0.8236725254709908,cluster_bootstrap_B1000,0.7447386925668568,0.8259714378951513
group|local|local_only|iid_sub0.01|3|15||3,Local-only iid_sub0.01 {group},group,local,local_only,,iid_sub0.01,3,3,15.0,,selected_test_clean_mcc,3,"123,42,456",0.6277000521952911,0.10463425884067011,0.14783181492034364,0.3991535151002037,0.694817144940891,cluster_bootstrap_B1000,0.5073294233989932,0.6969137615518056
group|local|local_only|iid_sub0.01|3|15||3,Local-only iid_sub0.01 {group},group,local,local_only,,iid_sub0.01,3,3,15.0,,selected_test_clean_precision,3,"123,42,456",0.8397544446482299,0.043012881328565344,0.12143710056786233,0.641417991073959,0.8842921922096837,cluster_bootstrap_B1000,0.7904827749456088,0.8698064482304892
group|local|local_only|iid_sub0.01|3|15||3,Local-only iid_sub0.01 {group},group,local,local_only,,iid_sub0.01,3,3,15.0,,selected_test_clean_recall,3,"123,42,456",0.8985644876823714,0.039644277935479054,0.07625354783954041,0.7847256159200389,0.9372327115991197,cluster_bootstrap_B1000,0.8528590056202235,0.9236365653543173
group|local|local_only|iid_sub0.01|3|15||3,Local-only iid_sub0.01 {group},group,local,local_only,,iid_sub0.01,3,3,15.0,,selected_test_clean_roc_auc,3,"123,42,456",0.8107769202570095,0.04330187309755368,0.09558501603748765,0.6865961590385622,0.8777661911135375,cluster_bootstrap_B1000,0.7629502996865103,0.8473200756466445
group|local|local_only|iid_sub0.01|3|15||3,Local-only iid_sub0.01 {group},group,local,local_only,,iid_sub0.01,3,3,15.0,,selected_test_clean_specificity,3,"123,42,456",0.6738327016752915,0.050301079806552455,0.12133313376489019,0.5246934639021453,0.7673597314319257,cluster_bootstrap_B1000,0.6192227646499999,0.7182699412946945
group|local|local_only|iid_sub0.01|3|15||3,Local-only iid_sub0.01 {group},group,local,local_only,,iid_sub0.01,3,3,15.0,,selected_test_f1,3,"123,42,456",0.8599202222222222,0.03607201318556062,0.10637666605869833,0.6714313362454891,0.8841846683628858,cluster_bootstrap_B1000,0.8184306666666666,0.8838513333333333
group|local|local_only|iid_sub0.01|3|15||3,Local-only iid_sub0.01 {group},group,local,local_only,,iid_sub0.01,3,3,15.0,,selected_test_fn,3,"123,42,456",459.3333333333333,180.09534511844922,447.3816385194304,11.951694813902918,906.7149718527637,t_seeds,346.0,667.0
group|local|local_only|iid_sub0.01|3|15||3,Local-only iid_sub0.01 {group},group,local,local_only,,iid_sub0.01,3,3,15.0,,selected_test_fp,3,"123,42,456",852.3333333333334,148.83659944158,369.730609561507,482.6027237718264,1222.0639428948402,t_seeds,721.0,1014.0
group|local|local_only|iid_sub0.01|3|15||3,Local-only iid_sub0.01 {group},group,local,local_only,,iid_sub0.01,3,3,15.0,,selected_test_loss,3,"123,42,456",1.5066112222222223,0.7866201704180948,1.1901335928353367,0.7445427931949193,3.1248099788655925,cluster_bootstrap_B1000,0.6975883333333334,2.2687296666666668
group|local|local_only|iid_sub0.01|3|15||3,Local-only iid_sub0.01 {group},group,local,local_only,,iid_sub0.01,3,3,15.0,,selected_test_macro_f1,3,"123,42,456",0.7939902222222223,0.042491776251847156,0.08367140568182607,0.6534117996677428,0.8207546110313949,cluster_bootstrap_B1000,0.7460973333333333,0.8271700000000001
group|local|local_only|iid_sub0.01|3|15||3,Local-only iid_sub0.01 {group},group,local,local_only,,iid_sub0.01,3,3,15.0,,selected_test_macro_precision,3,"123,42,456",0.8476458888888888,0.06240761962233397,0.15502912140440972,0.6926167674844791,1.0026750102932986,t_seeds,0.7755853333333333,0.8840863333333333
group|local|local_only|iid_sub0.01|3|15||3,Local-only iid_sub0.01 {group},group,local,local_only,,iid_sub0.01,3,3,15.0,,selected_test_macro_recall,3,"123,42,456",0.7867835555555556,0.043624652386177395,0.10836964415450229,0.6784139114010532,0.8951531997100579,t_seeds,0.7374003333333333,0.8200823333333332
group|local|local_only|iid_sub0.01|3|15||3,Local-only iid_sub0.01 {group},group,local,local_only,,iid_sub0.01,3,3,15.0,,selected_test_macro_specificity,3,"123,42,456",0.7867835555555556,0.043624652386177395,0.10836964415450229,0.6784139114010532,0.8951531997100579,t_seeds,0.7374003333333333,0.8200823333333332
group|local|local_only|iid_sub0.01|3|15||3,Local-only iid_sub0.01 {group},group,local,local_only,,iid_sub0.01,3,3,15.0,,selected_test_mcc,3,"123,42,456",0.6285497777777779,0.10324431257961399,0.14803287246996383,0.39303782241546514,0.6891035673553928,cluster_bootstrap_B1000,0.50999,0.6986496666666667
group|local|local_only|iid_sub0.01|3|15||3,Local-only iid_sub0.01 {group},group,local,local_only,,iid_sub0.01,3,3,15.0,,selected_test_n_examples,3,"123,42,456",7245.0,0.0,0.0,7245.0,7245.0,t_seeds,7245.0,7245.0
group|local|local_only|iid_sub0.01|3|15||3,Local-only iid_sub0.01 {group},group,local,local_only,,iid_sub0.01,3,3,15.0,,selected_test_precision,3,"123,42,456",0.8393447777777778,0.042557934126883495,0.12026736657819109,0.641584564729505,0.8821192978858872,cluster_bootstrap_B1000,0.7907323333333333,0.8698800000000001
group|local|local_only|iid_sub0.01|3|15||3,Local-only iid_sub0.01 {group},group,local,local_only,,iid_sub0.01,3,3,15.0,,selected_test_recall,3,"123,42,456",0.8984672222222222,0.03980877614063033,0.07245332550855044,0.7865315289367257,0.9314381799538266,cluster_bootstrap_B1000,0.852564,0.9235186666666667
group|local|local_only|iid_sub0.01|3|15||3,Local-only iid_sub0.01 {group},group,local,local_only,,iid_sub0.01,3,3,15.0,,selected_test_roc_auc,3,"123,42,456",0.8126544444444445,0.042972030600448914,0.09742314188791362,0.67976360165375,0.8746098854295773,cluster_bootstrap_B1000,0.7651340000000001,0.8487819999999999
group|local|local_only|iid_sub0.01|3|15||3,Local-only iid_sub0.01 {group},group,local,local_only,,iid_sub0.01,3,3,15.0,,selected_test_specificity,3,"123,42,456",0.6750995555555557,0.049688631512576395,0.11393431969712031,0.5228948305287979,0.7507634699230386,cluster_bootstrap_B1000,0.622236,0.7208456666666668
group|local|local_only|iid_sub0.01|3|15||3,Local-only iid_sub0.01 {group},group,local,local_only,,iid_sub0.01,3,3,15.0,,selected_test_tn,3,"123,42,456",1868.6666666666667,148.83659944158,369.730609561507,1498.9360571051598,2238.3972762281737,t_seeds,1707.0,2000.0
group|local|local_only|iid_sub0.01|3|15||3,Local-only iid_sub0.01 {group},group,local,local_only,,iid_sub0.01,3,3,15.0,,selected_test_tp,3,"123,42,456",4064.6666666666665,180.09534511844925,447.3816385194305,3617.285028147236,4512.048305186097,t_seeds,3857.0,4178.0
group|local|local_only|iid_sub0.01|3|15||3,Local-only iid_sub0.01 {group},group,local,local_only,,iid_sub0.01,3,3,15.0,,total_time_s,3,"123,42,456",917.1133333333333,155.42671595749988,386.10136652353225,531.0119668098012,1303.2146998568655,t_seeds,748.79,1055.2
group_final_epoch|centralized|centralized|iid_sub0.05|3|15|0.001|3,Centralized iid_sub0.05 {group_final_epoch},group_final_epoch,centralized,centralized,,iid_sub0.05,3,3,15.0,0.001,final_accuracy,3,"123,42,456",0.8797790000000001,0.0544228794809683,0.13519392730071658,0.7445850726992835,1.0149729273007166,t_seeds,0.817253,0.916494
group_final_epoch|centralized|centralized|iid_sub0.05|3|15|0.001|3,Centralized iid_sub0.05 {group_final_epoch},group_final_epoch,centralized,centralized,,iid_sub0.05,3,3,15.0,0.001,final_balanced_accuracy,3,"123,42,456",0.8973156666666666,0.043388872955325,0.10778393557866683,0.7895317310879998,1.0050996022453336,t_seeds,0.847518,0.926983
group_final_epoch|centralized|centralized|iid_sub0.05|3|15|0.001|3,Centralized iid_sub0.05 {group_final_epoch},group_final_epoch,centralized,centralized,,iid_sub0.05,3,3,15.0,0.001,final_cumulative_mb,3,"123,42,456",0.0,0.0,0.0,0.0,0.0,t_seeds,0.0,0.0
group_final_epoch|centralized|centralized|iid_sub0.05|3|15|0.001|3,Centralized iid_sub0.05 {group_final_epoch},group_final_epoch,centralized,centralized,,iid_sub0.05,3,3,15.0,0.001,final_elapsed_s,3,"123,42,456",346.8,53.61221875654836,133.18013442375016,213.61986557624985,479.9801344237502,t_seeds,284.90000000000003,378.49999999999994
group_final_epoch|centralized|centralized|iid_sub0.05|3|15|0.001|3,Centralized iid_sub0.05 {group_final_epoch},group_final_epoch,centralized,centralized,,iid_sub0.05,3,3,15.0,0.001,final_f1,3,"123,42,456",0.8940043333333333,0.053713404372962036,0.13343149342937008,0.7605728399039632,1.0274358267627033,t_seeds,0.832235,0.929741
group_final_epoch|centralized|centralized|iid_sub0.05|3|15|0.001|3,Centralized iid_sub0.05 {group_final_epoch},group_final_epoch,centralized,centralized,,iid_sub0.05,3,3,15.0,0.001,final_fn,3,"123,42,456",783.3333333333334,396.94374076603515,986.0629158801548,-202.72958254682146,1769.3962492134883,t_seeds,521.0,1240.0
group_final_epoch|centralized|centralized|iid_sub0.05|3|15|0.001|3,Centralized iid_sub0.05 {group_final_epoch},group_final_epoch,centralized,centralized,,iid_sub0.05,3,3,15.0,0.001,final_fp,3,"123,42,456",87.66666666666667,6.350852961085883,15.776393342414691,71.89027332425198,103.44306000908136,t_seeds,84.0,95.0
group_final_epoch|centralized|centralized|iid_sub0.05|3|15|0.001|3,Centralized iid_sub0.05 {group_final_epoch},group_final_epoch,centralized,centralized,,iid_sub0.05,3,3,15.0,0.001,final_loss,3,"123,42,456",0.4476516666666666,0.13369980039750748,0.3321287162209401,0.11552295044572652,0.7797803828876066,t_seeds,0.307644,0.573994
group_final_epoch|centralized|centralized|iid_sub0.05|3|15|0.001|3,Centralized iid_sub0.05 {group_final_epoch},group_final_epoch,centralized,centralized,,iid_sub0.05,3,3,15.0,0.001,final_macro_f1,3,"123,42,456",0.8772013333333333,0.05347319572770395,0.132834782074996,0.7443665512583373,1.0100361154083293,t_seeds,0.815784,0.913416
group_final_epoch|centralized|centralized|iid_sub0.05|3|15|0.001|3,Centralized iid_sub0.05 {group_final_epoch},group_final_epoch,centralized,centralized,,iid_sub0.05,3,3,15.0,0.001,final_macro_precision,3,"123,42,456",0.877153,0.043231297031201814,0.10739249528308852,0.7697605047169115,0.9845454952830884,t_seeds,0.827612,0.907235
group_final_epoch|centralized|centralized|iid_sub0.05|3|15|0.001|3,Centralized iid_sub0.05 {group_final_epoch},group_final_epoch,centralized,centralized,,iid_sub0.05,3,3,15.0,0.001,final_macro_recall,3,"123,42,456",0.8973156666666666,0.043388872955325,0.10778393557866683,0.7895317310879998,1.0050996022453336,t_seeds,0.847518,0.926983
group_final_epoch|centralized|centralized|iid_sub0.05|3|15|0.001|3,Centralized iid_sub0.05 {group_final_epoch},group_final_epoch,centralized,centralized,,iid_sub0.05,3,3,15.0,0.001,final_macro_specificity,3,"123,42,456",0.8973156666666666,0.043388872955325,0.10778393557866683,0.7895317310879998,1.0050996022453336,t_seeds,0.847518,0.926983
group_final_epoch|centralized|centralized|iid_sub0.05|3|15|0.001|3,Centralized iid_sub0.05 {group_final_epoch},group_final_epoch,centralized,centralized,,iid_sub0.05,3,3,15.0,0.001,final_mcc,3,"123,42,456",0.7742036666666667,0.0866451914207207,0.21523858755003847,0.5589650791166283,0.9894422542167052,t_seeds,0.674836,0.833984
group_final_epoch|centralized|centralized|iid_sub0.05|3|15|0.001|3,Centralized iid_sub0.05 {group_final_epoch},group_final_epoch,centralized,centralized,,iid_sub0.05,3,3,15.0,0.001,final_n_examples,3,"123,42,456",7245.0,0.0,0.0,7245.0,7245.0,t_seeds,7245.0,7245.0
group_final_epoch|centralized|centralized|iid_sub0.05|3|15|0.001|3,Centralized iid_sub0.05 {group_final_epoch},group_final_epoch,centralized,centralized,,iid_sub0.05,3,3,15.0,0.001,final_precision,3,"123,42,456",0.9769776666666666,0.0022452307973420426,0.005577462495260631,0.971400204171406,0.9825551291619272,t_seeds,0.975059,0.979447
group_final_epoch|centralized|centralized|iid_sub0.05|3|15|0.001|3,Centralized iid_sub0.05 {group_final_epoch},group_final_epoch,centralized,centralized,,iid_sub0.05,3,3,15.0,0.001,final_recall,3,"123,42,456",0.8268490000000001,0.08774166443030355,0.2179623775030596,0.6088866224969405,1.0448113775030596,t_seeds,0.725906,0.884836
group_final_epoch|centralized|centralized|iid_sub0.05|3|15|0.001|3,Centralized iid_sub0.05 {group_final_epoch},group_final_epoch,centralized,centralized,,iid_sub0.05,3,3,15.0,0.001,final_roc_auc,3,"123,42,456",0.963336,0.010159579321999521,0.025237794129297858,0.9380982058707021,0.9885737941292978,t_seeds,0.952004,0.97163
group_final_epoch|centralized|centralized|iid_sub0.05|3|15|0.001|3,Centralized iid_sub0.05 {group_final_epoch},group_final_epoch,centralized,centralized,,iid_sub0.05,3,3,15.0,0.001,final_specificity,3,"123,42,456",0.9677813333333334,0.002334227138333668,0.005798541662125719,0.9619827916712077,0.9735798749954591,t_seeds,0.965086,0.969129
group_final_epoch|centralized|centralized|iid_sub0.05|3|15|0.001|3,Centralized iid_sub0.05 {group_final_epoch},group_final_epoch,centralized,centralized,,iid_sub0.05,3,3,15.0,0.001,final_tn,3,"123,42,456",2633.3333333333335,6.3508529610858835,15.776393342414696,2617.5569399909186,2649.1097266757483,t_seeds,2626.0,2637.0
group_final_epoch|centralized|centralized|iid_sub0.05|3|15|0.001|3,Centralized iid_sub0.05 {group_final_epoch},group_final_epoch,centralized,centralized,,iid_sub0.05,3,3,15.0,0.001,final_tp,3,"123,42,456",3740.6666666666665,396.94374076603515,986.0629158801548,2754.6037507865117,4726.729582546821,t_seeds,3284.0,4003.0
group_final_epoch|centralized|centralized|iid_sub0.05|3|15|0.001|3,Centralized iid_sub0.05 {group_final_epoch},group_final_epoch,centralized,centralized,,iid_sub0.05,3,3,15.0,0.001,round1_accuracy,3,"123,42,456",0.7999810000000002,0.05452288477327666,0.1354423542187144,0.6645386457812857,0.9354233542187146,t_seeds,0.740023,0.846589
group_final_epoch|centralized|centralized|iid_sub0.05|3|15|0.001|3,Centralized iid_sub0.05 {group_final_epoch},group_final_epoch,centralized,centralized,,iid_sub0.05,3,3,15.0,0.001,total_time_s,3,"123,42,456",346.97333333333336,53.65973568080014,133.2981730072304,213.67516032610297,480.27150634056375,t_seeds,285.02,378.79
group|centralized|centralized|iid_sub0.05|3|15|0.001|3,Centralized iid_sub0.05 {group},group,centralized,centralized,,iid_sub0.05,3,3,15.0,0.001,final_cumulative_mb,3,"123,42,456",0.0,0.0,0.0,0.0,0.0,t_seeds,0.0,0.0
group|centralized|centralized|iid_sub0.05|3|15|0.001|3,Centralized iid_sub0.05 {group},group,centralized,centralized,,iid_sub0.05,3,3,15.0,0.001,round1_accuracy,3,"123,42,456",0.7999810000000002,0.05452288477327666,0.1354423542187144,0.6645386457812857,0.9354233542187146,t_seeds,0.740023,0.846589
group|centralized|centralized|iid_sub0.05|3|15|0.001|3,Centralized iid_sub0.05 {group},group,centralized,centralized,,iid_sub0.05,3,3,15.0,0.001,selected_epoch,3,"123,42,456",6.333333333333333,2.8867513459481287,7.17108788291577,-0.8377545495824368,13.504421216249103,t_seeds,3.0,8.0
group|centralized|centralized|iid_sub0.05|3|15|0.001|3,Centralized iid_sub0.05 {group},group,centralized,centralized,,iid_sub0.05,3,3,15.0,0.001,selected_test_accuracy,3,"123,42,456",0.9217853333333332,0.027679911440128043,0.04224809574639743,0.8712930145518496,0.9557892060446445,cluster_bootstrap_B1000,0.89234,0.947274
group|centralized|centralized|iid_sub0.05|3|15|0.001|3,Centralized iid_sub0.05 {group},group,centralized,centralized,,iid_sub0.05,3,3,15.0,0.001,selected_test_balanced_accuracy,3,"123,42,456",0.9221383333333333,0.03349903369253111,0.04814468566507696,0.8602486789320863,0.9565380502622403,cluster_bootstrap_B1000,0.88384,0.94599
group|centralized|centralized|iid_sub0.05|3|15|0.001|3,Centralized iid_sub0.05 {group},group,centralized,centralized,,iid_sub0.05,3,3,15.0,0.001,selected_test_clean_accuracy,3,"123,42,456",0.9192437413899578,0.02857953502974893,0.04522347356167428,0.8664811750260032,0.9569281221493517,cluster_bootstrap_B1000,0.8888413852073536,0.9455607809605244
group|centralized|centralized|iid_sub0.05|3|15|0.001|3,Centralized iid_sub0.05 {group},group,centralized,centralized,,iid_sub0.05,3,3,15.0,0.001,selected_test_clean_balanced_accuracy,3,"123,42,456",0.919868941195486,0.03405000168747584,0.050643333151657755,0.8550237874481031,0.9563104537514187,cluster_bootstrap_B1000,0.8810152586700506,0.9445107734051388
group|centralized|centralized|iid_sub0.05|3|15|0.001|3,Centralized iid_sub0.05 {group},group,centralized,centralized,,iid_sub0.05,3,3,15.0,0.001,selected_test_clean_f1,3,"123,42,456",0.933542879944512,0.02263903019454316,0.0501364476122822,0.864702826098932,0.9649757213234964,cluster_bootstrap_B1000,0.9103654332337393,0.9556020455602046
group|centralized|centralized|iid_sub0.05|3|15|0.001|3,Centralized iid_sub0.05 {group},group,centralized,centralized,,iid_sub0.05,3,3,15.0,0.001,selected_test_clean_loss,3,"123,42,456",0.2685321005524574,0.021751960293911157,0.15330276627246456,0.14947777764954684,0.45608331019447595,cluster_bootstrap_B1000,0.2444429847996078,0.2867356886538646
group|centralized|centralized|iid_sub0.05|3|15|0.001|3,Centralized iid_sub0.05 {group},group,centralized,centralized,,iid_sub0.05,3,3,15.0,0.001,selected_test_clean_macro_f1,3,"123,42,456",0.9152055899303336,0.030699263963561985,0.053253086507749625,0.8471703095617845,0.9536764825772838,cluster_bootstrap_B1000,0.8820394307954142,0.942626068820618
group|centralized|centralized|iid_sub0.05|3|15|0.001|3,Centralized iid_sub0.05 {group},group,centralized,centralized,,iid_sub0.05,3,3,15.0,0.001,selected_test_clean_mcc,3,"123,42,456",0.8329361664635089,0.06226163631294835,0.1031256135302287,0.7016583675893494,0.9079095946498068,cluster_bootstrap_B1000,0.7641366743237851,0.8854047743501238
group|centralized|centralized|iid_sub0.05|3|15|0.001|3,Centralized iid_sub0.05 {group},group,centralized,centralized,,iid_sub0.05,3,3,15.0,0.001,selected_test_clean_precision,3,"123,42,456",0.9516269999476529,0.040936520116941794,0.057007005747826744,0.8715022485163497,0.9855162600120032,cluster_bootstrap_B1000,0.9064073226544622,0.9861609431060995
group|centralized|centralized|iid_sub0.05|3|15|0.001|3,Centralized iid_sub0.05 {group},group,centralized,centralized,,iid_sub0.05,3,3,15.0,0.001,selected_test_clean_recall,3,"123,42,456",0.9172052939365959,0.03045546256617717,0.0705352375548482,0.8251541050496077,0.9662245801593041,cluster_bootstrap_B1000,0.8882733148661126,0.9489843028624192
group|centralized|centralized|iid_sub0.05|3|15|0.001|3,Centralized iid_sub0.05 {group},group,centralized,centralized,,iid_sub0.05,3,3,15.0,0.001,selected_test_clean_roc_auc,3,"123,42,456",0.9761473950156846,0.004662454919001067,0.02201257298187853,0.9461801271002193,0.9902052730639763,cluster_bootstrap_B1000,0.9719008513148008,0.9811366110070825
group|centralized|centralized|iid_sub0.05|3|15|0.001|3,Centralized iid_sub0.05 {group},group,centralized,centralized,,iid_sub0.05,3,3,15.0,0.001,selected_test_clean_specificity,3,"123,42,456",0.9225325884543762,0.0678238775934283,0.08400046619048473,0.8119507245809227,0.9799516569618921,cluster_bootstrap_B1000,0.8476722532588454,0.9798882681564246
group|centralized|centralized|iid_sub0.05|3|15|0.001|3,Centralized iid_sub0.05 {group},group,centralized,centralized,,iid_sub0.05,3,3,15.0,0.001,selected_test_f1,3,"123,42,456",0.9364086666666666,0.021695944559602207,0.04618963735430609,0.8723280249211003,0.9647072996297125,cluster_bootstrap_B1000,0.914154,0.957499
group|centralized|centralized|iid_sub0.05|3|15|0.001|3,Centralized iid_sub0.05 {group},group,centralized,centralized,,iid_sub0.05,3,3,15.0,0.001,selected_test_fn,3,"123,42,456",358.6666666666667,131.93306383667945,327.73989930345914,30.926767363207546,686.4065659701258,t_seeds,221.0,484.0
group|centralized|centralized|iid_sub0.05|3|15|0.001|3,Centralized iid_sub0.05 {group},group,centralized,centralized,,iid_sub0.05,3,3,15.0,0.001,selected_test_fp,3,"123,42,456",208.0,182.10711133835494,452.3791428535236,-244.3791428535236,660.3791428535236,t_seeds,54.0,409.0
group|centralized|centralized|iid_sub0.05|3|15|0.001|3,Centralized iid_sub0.05 {group},group,centralized,centralized,,iid_sub0.05,3,3,15.0,0.001,selected_test_loss,3,"123,42,456",0.26010300000000003,0.021060076519329188,0.1392961935433923,0.1443748126234087,0.4229671997101933,cluster_bootstrap_B1000,0.236777,0.27772
group|centralized|centralized|iid_sub0.05|3|15|0.001|3,Centralized iid_sub0.05 {group},group,centralized,centralized,,iid_sub0.05,3,3,15.0,0.001,selected_test_macro_f1,3,"123,42,456",0.9173063333333333,0.02996847297299833,0.04834953485225263,0.8553453002839273,0.9520443699884326,cluster_bootstrap_B1000,0.884908,0.944035
group|centralized|centralized|iid_sub0.05|3|15|0.001|3,Centralized iid_sub0.05 {group},group,centralized,centralized,,iid_sub0.05,3,3,15.0,0.001,selected_test_macro_precision,3,"123,42,456",0.9149569999999999,0.02813567765311509,0.06989289790375422,0.8450641020962457,0.9848498979037541,t_seeds,0.886034,0.942233
group|centralized|centralized|iid_sub0.05|3|15|0.001|3,Centralized iid_sub0.05 {group},group,centralized,centralized,,iid_sub0.05,3,3,15.0,0.001,selected_test_macro_recall,3,"123,42,456",0.9221383333333333,0.03349903369253111,0.08321621290281145,0.8389221204305218,1.0053545462361448,t_seeds,0.88384,0.94599
group|centralized|centralized|iid_sub0.05|3|15|0.001|3,Centralized iid_sub0.05 {group},group,centralized,centralized,,iid_sub0.05,3,3,15.0,0.001,selected_test_macro_specificity,3,"123,42,456",0.9221383333333333,0.03349903369253111,0.08321621290281145,0.8389221204305218,1.0053545462361448,t_seeds,0.88384,0.94599
group|centralized|centralized|iid_sub0.05|3|15|0.001|3,Centralized iid_sub0.05 {group},group,centralized,centralized,,iid_sub0.05,3,3,15.0,0.001,selected_test_mcc,3,"123,42,456",0.8370136666666665,0.06076117317278637,0.09280251039918563,0.7197807161892591,0.9053857369876304,cluster_bootstrap_B1000,0.769871,0.888215
group|centralized|centralized|iid_sub0.05|3|15|0.001|3,Centralized iid_sub0.05 {group},group,centralized,centralized,,iid_sub0.05,3,3,15.0,0.001,selected_test_n_examples,3,"123,42,456",7245.0,0.0,0.0,7245.0,7245.0,t_seeds,7245.0,7245.0
group|centralized|centralized|iid_sub0.05|3|15|0.001|3,Centralized iid_sub0.05 {group},group,centralized,centralized,,iid_sub0.05,3,3,15.0,0.001,selected_test_precision,3,"123,42,456",0.9536966666666666,0.03924650391223825,0.05649634014694083,0.8740102340772667,0.9870029143711484,cluster_bootstrap_B1000,0.910346,0.98681
group|centralized|centralized|iid_sub0.05|3|15|0.001|3,Centralized iid_sub0.05 {group},group,centralized,centralized,,iid_sub0.05,3,3,15.0,0.001,selected_test_recall,3,"123,42,456",0.9207190000000001,0.029162712425287205,0.06193646158171301,0.8424867606103068,0.9663596837737328,cluster_bootstrap_B1000,0.893015,0.951149
group|centralized|centralized|iid_sub0.05|3|15|0.001|3,Centralized iid_sub0.05 {group},group,centralized,centralized,,iid_sub0.05,3,3,15.0,0.001,selected_test_roc_auc,3,"123,42,456",0.9774423333333333,0.004397149796553826,0.01928554670562832,0.9516787287736783,0.990249822184935,cluster_bootstrap_B1000,0.973438,0.982148
group|centralized|centralized|iid_sub0.05|3|15|0.001|3,Centralized iid_sub0.05 {group},group,centralized,centralized,,iid_sub0.05,3,3,15.0,0.001,selected_test_specificity,3,"123,42,456",0.9235576666666666,0.06692623045064866,0.0857570038638012,0.8075804996059652,0.9790945073335676,cluster_bootstrap_B1000,0.849688,0.980154
group|centralized|centralized|iid_sub0.05|3|15|0.001|3,Centralized iid_sub0.05 {group},group,centralized,centralized,,iid_sub0.05,3,3,15.0,0.001,selected_test_tn,3,"123,42,456",2513.0,182.10711133835494,452.3791428535236,2060.6208571464763,2965.3791428535237,t_seeds,2312.0,2667.0
group|centralized|centralized|iid_sub0.05|3|15|0.001|3,Centralized iid_sub0.05 {group},group,centralized,centralized,,iid_sub0.05,3,3,15.0,0.001,selected_test_tp,3,"123,42,456",4165.333333333333,131.93306383667945,327.73989930345914,3837.593434029874,4493.073232636792,t_seeds,4040.0,4303.0
group|centralized|centralized|iid_sub0.05|3|15|0.001|3,Centralized iid_sub0.05 {group},group,centralized,centralized,,iid_sub0.05,3,3,15.0,0.001,selected_val_loss,3,"123,42,456",0.1913070670872181,0.014154693560652385,0.03516220807228615,0.15614485901493194,0.22646927515950424,t_seeds,0.17696319210822253,0.2052646723947116
group|centralized|centralized|iid_sub0.05|3|15|0.001|3,Centralized iid_sub0.05 {group},group,centralized,centralized,,iid_sub0.05,3,3,15.0,0.001,total_time_s,3,"123,42,456",567.4666666666667,63.25964458747244,157.14566875166292,410.3209979150038,724.6123354183296,t_seeds,524.59,640.12
group|fl|fedavg|iid_sub0.05|3|5|0.001|3,FedAvg iid_sub0.05 [3N] {group},group,fl,fedavg,0.0,iid_sub0.05,3,3,5.0,0.001,final_cumulative_mb,3,"123,42,456",165.465288,0.0,0.0,165.465288,165.465288,t_seeds,165.465288,165.465288
group|fl|fedavg|iid_sub0.05|3|5|0.001|3,FedAvg iid_sub0.05 [3N] {group},group,fl,fedavg,0.0,iid_sub0.05,3,3,5.0,0.001,round1_accuracy,3,"123,42,456",0.755637324275875,0.023127756144899824,0.05745253122771109,0.6981847930481639,0.8130898555035861,t_seeds,0.7373337107274271,0.7816303424851401
group|fl|fedavg|iid_sub0.05|3|5|0.001|3,FedAvg iid_sub0.05 [3N] {group},group,fl,fedavg,0.0,iid_sub0.05,3,3,5.0,0.001,selected_round,3,"123,42,456",3.0,0.0,0.0,3.0,3.0,t_seeds,3.0,3.0
group|fl|fedavg|iid_sub0.05|3|5|0.001|3,FedAvg iid_sub0.05 [3N] {group},group,fl,fedavg,0.0,iid_sub0.05,3,3,5.0,0.001,selected_test_accuracy,3,"123,42,456",0.9127214170692431,0.03039879417973268,0.03896852515733906,0.8608180213927905,0.9387550717074686,cluster_bootstrap_B1000,0.8778467908902692,0.9336093857832988
group|fl|fedavg|iid_sub0.05|3|5|0.001|3,FedAvg iid_sub0.05 [3N] {group},group,fl,fedavg,0.0,iid_sub0.05,3,3,5.0,0.001,selected_test_balanced_accuracy,3,"123,42,456",0.9033683330270342,0.04783657945956517,0.058735148469083454,0.8188348734009308,0.9363051703390977,cluster_bootstrap_B1000,0.8485460824497405,0.9366300109068139
group|fl|fedavg|iid_sub0.05|3|5|0.001|3,FedAvg iid_sub0.05 [3N] {group},group,fl,fedavg,0.0,iid_sub0.05,3,3,5.0,0.001,selected_test_clean_accuracy,3,"123,42,456",0.9099330198090353,0.031304781962455286,0.04245863355583884,0.8545970190484742,0.9395142861601519,cluster_bootstrap_B1000,0.874020236568334,0.9314521875445347
group|fl|fedavg|iid_sub0.05|3|5|0.001|3,FedAvg iid_sub0.05 [3N] {group},group,fl,fedavg,0.0,iid_sub0.05,3,3,5.0,0.001,selected_test_clean_balanced_accuracy,3,"123,42,456",0.9001744856474626,0.04861760878827062,0.061616878616883586,0.8123053619108344,0.9355391191446015,cluster_bootstrap_B1000,0.8444873694788094,0.9341727739373727
group|fl|fedavg|iid_sub0.05|3|5|0.001|3,FedAvg iid_sub0.05 [3N] {group},group,fl,fedavg,0.0,iid_sub0.05,3,3,5.0,0.001,selected_test_clean_f1,3,"123,42,456",0.928056792443424,0.020741204451772854,0.06305768899929359,0.8228169389389645,0.9489323169375516,cluster_bootstrap_B1000,0.9042893805827884,0.9424959165773692
group|fl|fedavg|iid_sub0.05|3|5|0.001|3,FedAvg iid_sub0.05 [3N] {group},group,fl,fedavg,0.0,iid_sub0.05,3,3,5.0,0.001,selected_test_clean_loss,3,"123,42,456",0.38354016548017444,0.20347481747804894,0.23187174168665917,0.22230653452481325,0.6860500178981316,cluster_bootstrap_B1000,0.22638365911852876,0.6133744126872733
group|fl|fedavg|iid_sub0.05|3|5|0.001|3,FedAvg iid_sub0.05 [3N] {group},group,fl,fedavg,0.0,iid_sub0.05,3,3,5.0,0.001,selected_test_clean_macro_f1,3,"123,42,456",0.9005318334672373,0.04074517234647351,0.06140230116551382,0.8059184849535801,0.9287230872846077,cluster_bootstrap_B1000,0.8537471731079087,0.928232961140464
group|fl|fedavg|iid_sub0.05|3|5|0.001|3,FedAvg iid_sub0.05 [3N] {group},group,fl,fedavg,0.0,iid_sub0.05,3,3,5.0,0.001,selected_test_clean_mcc,3,"123,42,456",0.8173218976788701,0.06174096096544361,0.09425500075601156,0.6754514748323398,0.8639614763443629,cluster_bootstrap_B1000,0.7465529264274117,0.8601736982131936
group|fl|fedavg|iid_sub0.05|3|5|0.001|3,FedAvg iid_sub0.05 [3N] {group},group,fl,fedavg,0.0,iid_sub0.05,3,3,5.0,0.001,selected_test_clean_precision,3,"123,42,456",0.9352086478228112,0.05008074346885488,0.07158623169481015,0.8290013918426384,0.9721738552322587,cluster_bootstrap_B1000,0.8780185200564379,0.9712231342537888
group|fl|fedavg|iid_sub0.05|3|5|0.001|3,FedAvg iid_sub0.05 [3N] {group},group,fl,fedavg,0.0,iid_sub0.05,3,3,5.0,0.001,selected_test_clean_recall,3,"123,42,456",0.9289351526598858,0.016105810181147706,0.05637536866471937,0.8356774870256197,0.9484282243550585,cluster_bootstrap_B1000,0.9167294217596357,0.9471896526290445
group|fl|fedavg|iid_sub0.05|3|5|0.001|3,FedAvg iid_sub0.05 [3N] {group},group,fl,fedavg,0.0,iid_sub0.05,3,3,5.0,0.001,selected_test_clean_roc_auc,3,"123,42,456",0.9839695684555932,0.007618827496626128,0.01885162313510852,0.9533046652401561,0.9910079115103732,cluster_bootstrap_B1000,0.9752085550956548,0.9890429070802521
group|fl|fedavg|iid_sub0.05|3|5|0.001|3,FedAvg iid_sub0.05 [3N] {group},group,fl,fedavg,0.0,iid_sub0.05,3,3,5.0,0.001,selected_test_clean_specificity,3,"123,42,456",0.8714138186350393,0.11331149508242341,0.1242749980878739,0.7122719703553312,0.960821966531079,cluster_bootstrap_B1000,0.7417850863285744,0.9516161261151096
group|fl|fedavg|iid_sub0.05|3|5|0.001|3,FedAvg iid_sub0.05 [3N] {group},group,fl,fedavg,0.0,iid_sub0.05,3,3,5.0,0.001,selected_test_f1,3,"123,42,456",0.930934870916258,0.02005006117653402,0.05813840008955978,0.8312387091127488,0.9475155092918683,cluster_bootstrap_B1000,0.9079560286642349,0.9448706280270094
group|fl|fedavg|iid_sub0.05|3|5|0.001|3,FedAvg iid_sub0.05 [3N] {group},group,fl,fedavg,0.0,iid_sub0.05,3,3,5.0,0.001,selected_test_fn,3,"123,42,456",300.3333333333333,72.7621696579571,180.75124963610685,119.58208369722647,481.08458296944013,t_seeds,218.0,356.0
group|fl|fedavg|iid_sub0.05|3|5|0.001|3,FedAvg iid_sub0.05 [3N] {group},group,fl,fedavg,0.0,iid_sub0.05,3,3,5.0,0.001,selected_test_fp,3,"123,42,456",332.0,292.7951502330597,727.343474511547,-395.343474511547,1059.343474511547,t_seeds,125.0,667.0
group|fl|fedavg|iid_sub0.05|3|5|0.001|3,FedAvg iid_sub0.05 [3N] {group},group,fl,fedavg,0.0,iid_sub0.05,3,3,5.0,0.001,selected_test_loss,3,"123,42,456",0.371602434671262,0.19718703890694758,0.21428040846267526,0.21748732477457663,0.6460481416999272,cluster_bootstrap_B1000,0.2192994789945356,0.5943335344970962
group|fl|fedavg|iid_sub0.05|3|5|0.001|3,FedAvg iid_sub0.05 [3N] {group},group,fl,fedavg,0.0,iid_sub0.05,3,3,5.0,0.001,selected_test_macro_f1,3,"123,42,456",0.9033830018134538,0.03957990208323617,0.05581202427291715,0.8145404027511112,0.9261644512969455,cluster_bootstrap_B1000,0.8579308848515133,0.9302500078523043
group|fl|fedavg|iid_sub0.05|3|5|0.001|3,FedAvg iid_sub0.05 [3N] {group},group,fl,fedavg,0.0,iid_sub0.05,3,3,5.0,0.001,selected_test_macro_precision,3,"123,42,456",0.9206748820317067,0.009586464683427326,0.023814098442464512,0.8968607835892421,0.9444889804741712,t_seeds,0.9097060587130694,0.9274492515895593
group|fl|fedavg|iid_sub0.05|3|5|0.001|3,FedAvg iid_sub0.05 [3N] {group},group,fl,fedavg,0.0,iid_sub0.05,3,3,5.0,0.001,selected_test_macro_recall,3,"123,42,456",0.9033683330270342,0.04783657945956517,0.11883265103664706,0.7845356819903871,1.0222009840636812,t_seeds,0.8485460824497405,0.9366300109068139
group|fl|fedavg|iid_sub0.05|3|5|0.001|3,FedAvg iid_sub0.05 [3N] {group},group,fl,fedavg,0.0,iid_sub0.05,3,3,5.0,0.001,selected_test_macro_specificity,3,"123,42,456",0.9033683330270342,0.04783657945956517,0.11883265103664706,0.7845356819903871,1.0222009840636812,t_seeds,0.8485460824497405,0.9366300109068139
group|fl|fedavg|iid_sub0.05|3|5|0.001|3,FedAvg iid_sub0.05 [3N] {group},group,fl,fedavg,0.0,iid_sub0.05,3,3,5.0,0.001,selected_test_mcc,3,"123,42,456",0.8221964609938329,0.06040552789565273,0.08660896162385079,0.6863582024900172,0.8595761257377188,cluster_bootstrap_B1000,0.7529424477780557,0.8640164531073515
group|fl|fedavg|iid_sub0.05|3|5|0.001|3,FedAvg iid_sub0.05 [3N] {group},group,fl,fedavg,0.0,iid_sub0.05,3,3,5.0,0.001,selected_test_n_examples,3,"123,42,456",7245.0,0.0,0.0,7245.0,7245.0,t_seeds,7245.0,7245.0
group|fl|fedavg|iid_sub0.05|3|5|0.001|3,FedAvg iid_sub0.05 [3N] {group},group,fl,fedavg,0.0,iid_sub0.05,3,3,5.0,0.001,selected_test_precision,3,"123,42,456",0.9372126996184349,0.04856364654879683,0.06758060878618771,0.8383838872795119,0.9735451048518873,cluster_bootstrap_B1000,0.8817626905215132,0.9721764978840802
group|fl|fedavg|iid_sub0.05|3|5|0.001|3,FedAvg iid_sub0.05 [3N] {group},group,fl,fedavg,0.0,iid_sub0.05,3,3,5.0,0.001,selected_test_recall,3,"123,42,456",0.9321145593259536,0.015580970008177191,0.055673711847612106,0.8394620032758707,0.9508094269710949,cluster_bootstrap_B1000,0.9202322831258363,0.9497550675211845
group|fl|fedavg|iid_sub0.05|3|5|0.001|3,FedAvg iid_sub0.05 [3N] {group},group,fl,fedavg,0.0,iid_sub0.05,3,3,5.0,0.001,selected_test_roc_auc,3,"123,42,456",0.9847851362847647,0.0072348517962803225,0.016266219995092313,0.9586791831068152,0.9912116230969998,cluster_bootstrap_B1000,0.9764669616322079,0.9896143417732448
group|fl|fedavg|iid_sub0.05|3|5|0.001|3,FedAvg iid_sub0.05 [3N] {group},group,fl,fedavg,0.0,iid_sub0.05,3,3,5.0,0.001,selected_test_specificity,3,"123,42,456",0.8746221067281148,0.11121625389804185,0.12160903405254198,0.7162690899132202,0.9594871580183042,cluster_bootstrap_B1000,0.7473370973782968,0.9530277386877918
group|fl|fedavg|iid_sub0.05|3|5|0.001|3,FedAvg iid_sub0.05 [3N] {group},group,fl,fedavg,0.0,iid_sub0.05,3,3,5.0,0.001,selected_test_tn,3,"123,42,456",2389.0,292.7951502330597,727.343474511547,1661.656525488453,3116.343474511547,t_seeds,2054.0,2596.0
group|fl|fedavg|iid_sub0.05|3|5|0.001|3,FedAvg iid_sub0.05 [3N] {group},group,fl,fedavg,0.0,iid_sub0.05,3,3,5.0,0.001,selected_test_tp,3,"123,42,456",4223.666666666667,72.7621696579571,180.75124963610685,4042.91541703056,4404.417916302774,t_seeds,4168.0,4306.0
group|fl|fedavg|iid_sub0.05|3|5|0.001|3,FedAvg iid_sub0.05 [3N] {group},group,fl,fedavg,0.0,iid_sub0.05,3,3,5.0,0.001,selected_val_loss,3,"123,42,456",0.29845046876435977,0.2507667329372954,0.6229390981419591,-0.32448862937759937,0.9213895669063189,t_seeds,0.11288964557759013,0.5837389062209047
group|fl|fedavg|iid_sub0.05|3|5|0.001|3,FedAvg iid_sub0.05 [3N] {group},group,fl,fedavg,0.0,iid_sub0.05,3,3,5.0,0.001,total_time_s,3,"123,42,456",283.00333333333333,1.7349447637701105,4.309841715485099,278.6934916178482,287.31317504881844,t_seeds,281.0,284.01
group|fl|fedprox_0.01|iid_sub0.05|3|5|0.001|3,FedProx(mu=0.01) iid_sub0.05 [3N] {group},group,fl,fedprox_0.01,0.01,iid_sub0.05,3,3,5.0,0.001,final_cumulative_mb,3,"123,42,456",165.465288,0.0,0.0,165.465288,165.465288,t_seeds,165.465288,165.465288
group|fl|fedprox_0.01|iid_sub0.05|3|5|0.001|3,FedProx(mu=0.01) iid_sub0.05 [3N] {group},group,fl,fedprox_0.01,0.01,iid_sub0.05,3,3,5.0,0.001,round1_accuracy,3,"123,42,456",0.7875271252004906,0.013177841027692119,0.03273557185634072,0.7547915533441499,0.8202626970568313,t_seeds,0.7739881120860459,0.8003113501273705
group|fl|fedprox_0.01|iid_sub0.05|3|5|0.001|3,FedProx(mu=0.01) iid_sub0.05 [3N] {group},group,fl,fedprox_0.01,0.01,iid_sub0.05,3,3,5.0,0.001,selected_round,3,"123,42,456",1.6666666666666667,1.1547005383792517,2.8684351531663084,-1.2017684864996416,4.535101819832975,t_seeds,1.0,3.0
group|fl|fedprox_0.01|iid_sub0.05|3|5|0.001|3,FedProx(mu=0.01) iid_sub0.05 [3N] {group},group,fl,fedprox_0.01,0.01,iid_sub0.05,3,3,5.0,0.001,selected_test_accuracy,3,"123,42,456",0.8941338854382334,0.03211268447334088,0.04725931901743047,0.8331611998021923,0.9276798378370532,cluster_bootstrap_B1000,0.8600414078674948,0.9238095238095239
group|fl|fedprox_0.01|iid_sub0.05|3|5|0.001|3,FedProx(mu=0.01) iid_sub0.05 [3N] {group},group,fl,fedprox_0.01,0.01,iid_sub0.05,3,3,5.0,0.001,selected_test_balanced_accuracy,3,"123,42,456",0.8806268614943846,0.04868222924955352,0.06733239220395137,0.7905527010569563,0.925217485464859,cluster_bootstrap_B1000,0.8331457115678149,0.9304272665788357
group|fl|fedprox_0.01|iid_sub0.05|3|5|0.001|3,FedProx(mu=0.01) iid_sub0.05 [3N] {group},group,fl,fedprox_0.01,0.01,iid_sub0.05,3,3,5.0,0.001,selected_test_clean_accuracy,3,"123,42,456",0.8907890361503017,0.033090295324434235,0.0457327270379117,0.8321780152857188,0.9236434693615422,cluster_bootstrap_B1000,0.8556363118141656,0.9213339033775118
group|fl|fedprox_0.01|iid_sub0.05|3|5|0.001|3,FedProx(mu=0.01) iid_sub0.05 [3N] {group},group,fl,fedprox_0.01,0.01,iid_sub0.05,3,3,5.0,0.001,selected_test_clean_balanced_accuracy,3,"123,42,456",0.8770671720538173,0.04943097049850013,0.06692740335832487,0.7835917098861118,0.9174465166027616,cluster_bootstrap_B1000,0.8283441134019263,0.9271768762884215
group|fl|fedprox_0.01|iid_sub0.05|3|5|0.001|3,FedProx(mu=0.01) iid_sub0.05 [3N] {group},group,fl,fedprox_0.01,0.01,iid_sub0.05,3,3,5.0,0.001,selected_test_clean_f1,3,"123,42,456",0.9110783700023447,0.022549466632419617,0.06981067257175383,0.7943986623577033,0.934020007501211,cluster_bootstrap_B1000,0.8858771045143091,0.9293491534284665
group|fl|fedprox_0.01|iid_sub0.05|3|5|0.001|3,FedProx(mu=0.01) iid_sub0.05 [3N] {group},group,fl,fedprox_0.01,0.01,iid_sub0.05,3,3,5.0,0.001,selected_test_clean_loss,3,"123,42,456",0.25853483984405407,0.02920986843428577,0.07817898164499813,0.20320376734166398,0.35956173063166025,cluster_bootstrap_B1000,0.22589902841377796,0.2822279928881893
group|fl|fedprox_0.01|iid_sub0.05|3|5|0.001|3,FedProx(mu=0.01) iid_sub0.05 [3N] {group},group,fl,fedprox_0.01,0.01,iid_sub0.05,3,3,5.0,0.001,selected_test_clean_macro_f1,3,"123,42,456",0.8791702465947168,0.042218149863891,0.06771026873882241,0.7751609988938813,0.9105815363715262,cluster_bootstrap_B1000,0.8348898102510336,0.9189684486786511
group|fl|fedprox_0.01|iid_sub0.05|3|5|0.001|3,FedProx(mu=0.01) iid_sub0.05 [3N] {group},group,fl,fedprox_0.01,0.01,iid_sub0.05,3,3,5.0,0.001,selected_test_clean_mcc,3,"123,42,456",0.7840376484348596,0.0671308802653448,0.10184659298077064,0.6308828339944818,0.834576019956023,cluster_bootstrap_B1000,0.7160404961178368,0.8502673515172278
group|fl|fedprox_0.01|iid_sub0.05|3|5|0.001|3,FedProx(mu=0.01) iid_sub0.05 [3N] {group},group,fl,fedprox_0.01,0.01,iid_sub0.05,3,3,5.0,0.001,selected_test_clean_precision,3,"123,42,456",0.920018669169043,0.05230756893210902,0.07689641768679428,0.8143771380894339,0.9681699734630225,cluster_bootstrap_B1000,0.877678577146643,0.9784924579313177
group|fl|fedprox_0.01|iid_sub0.05|3|5|0.001|3,FedProx(mu=0.01) iid_sub0.05 [3N] {group},group,fl,fedprox_0.01,0.01,iid_sub0.05,3,3,5.0,0.001,selected_test_clean_recall,3,"123,42,456",0.9169262118073528,0.025177873343873225,0.06870669999791301,0.8041406622755811,0.9415540622714071,cluster_bootstrap_B1000,0.8914728080851645,0.9418191984479756
group|fl|fedprox_0.01|iid_sub0.05|3|5|0.001|3,FedProx(mu=0.01) iid_sub0.05 [3N] {group},group,fl,fedprox_0.01,0.01,iid_sub0.05,3,3,5.0,0.001,selected_test_clean_roc_auc,3,"123,42,456",0.9836113027773613,0.008321793119240285,0.02176693526472856,0.9478440291909922,0.9913778997204493,cluster_bootstrap_B1000,0.9769476653078589,0.9929388860568322
group|fl|fedprox_0.01|iid_sub0.05|3|5|0.001|3,FedProx(mu=0.01) iid_sub0.05 [3N] {group},group,fl,fedprox_0.01,0.01,iid_sub0.05,3,3,5.0,0.001,selected_test_clean_specificity,3,"123,42,456",0.8372081323002821,0.1143773566619765,0.1384347665662915,0.6714280028005516,0.9482975359331346,cluster_bootstrap_B1000,0.7392015979149339,0.9628809444916788
group|fl|fedprox_0.01|iid_sub0.05|3|5|0.001|3,FedProx(mu=0.01) iid_sub0.05 [3N] {group},group,fl,fedprox_0.01,0.01,iid_sub0.05,3,3,5.0,0.001,selected_test_f1,3,"123,42,456",0.9149132413647659,0.021809744236114058,0.07031752030663813,0.7966788516821782,0.9373138922954545,cluster_bootstrap_B1000,0.8906008622023913,0.9327567948558336
group|fl|fedprox_0.01|iid_sub0.05|3|5|0.001|3,FedProx(mu=0.01) iid_sub0.05 [3N] {group},group,fl,fedprox_0.01,0.01,iid_sub0.05,3,3,5.0,0.001,selected_test_fn,3,"123,42,456",346.6666666666667,106.61300733650343,264.8413920877228,81.82527457894389,611.5080587543895,t_seeds,243.0,456.0
group|fl|fedprox_0.01|iid_sub0.05|3|5|0.001|3,FedProx(mu=0.01) iid_sub0.05 [3N] {group},group,fl,fedprox_0.01,0.01,iid_sub0.05,3,3,5.0,0.001,selected_test_fp,3,"123,42,456",420.3333333333333,295.10054783638293,733.0703996385411,-312.73706630520775,1153.4037329718744,t_seeds,96.0,673.0
group|fl|fedprox_0.01|iid_sub0.05|3|5|0.001|3,FedProx(mu=0.01) iid_sub0.05 [3N] {group},group,fl,fedprox_0.01,0.01,iid_sub0.05,3,3,5.0,0.001,selected_test_loss,3,"123,42,456",0.250715105023758,0.028082471938944396,0.07868574088955822,0.19700530678309083,0.3543767885622073,cluster_bootstrap_B1000,0.219389919090561,0.2736354369557353
group|fl|fedprox_0.01|iid_sub0.05|3|5|0.001|3,FedProx(mu=0.01) iid_sub0.05 [3N] {group},group,fl,fedprox_0.01,0.01,iid_sub0.05,3,3,5.0,0.001,selected_test_macro_f1,3,"123,42,456",0.882424591484506,0.04096948071681282,0.0630397752536781,0.7873782468571177,0.9134577973644739,cluster_bootstrap_B1000,0.8396688989095522,0.9213370154553013
group|fl|fedprox_0.01|iid_sub0.05|3|5|0.001|3,FedProx(mu=0.01) iid_sub0.05 [3N] {group},group,fl,fedprox_0.01,0.01,iid_sub0.05,3,3,5.0,0.001,selected_test_macro_precision,3,"123,42,456",0.911049642546007,0.014439795847960372,0.0358704414158942,0.8751792011301127,0.9469200839619012,t_seeds,0.8954660870027883,0.9239768172452488
group|fl|fedprox_0.01|iid_sub0.05|3|5|0.001|3,FedProx(mu=0.01) iid_sub0.05 [3N] {group},group,fl,fedprox_0.01,0.01,iid_sub0.05,3,3,5.0,0.001,selected_test_macro_recall,3,"123,42,456",0.8806268614943846,0.04868222924955352,0.12093336157089085,0.7596934999234938,1.0015602230652756,t_seeds,0.8331457115678149,0.9304272665788357
group|fl|fedprox_0.01|iid_sub0.05|3|5|0.001|3,FedProx(mu=0.01) iid_sub0.05 [3N] {group},group,fl,fedprox_0.01,0.01,iid_sub0.05,3,3,5.0,0.001,selected_test_macro_specificity,3,"123,42,456",0.8806268614943846,0.04868222924955352,0.12093336157089085,0.7596934999234938,1.0015602230652756,t_seeds,0.8331457115678149,0.9304272665788357
group|fl|fedprox_0.01|iid_sub0.05|3|5|0.001|3,FedProx(mu=0.01) iid_sub0.05 [3N] {group},group,fl,fedprox_0.01,0.01,iid_sub0.05,3,3,5.0,0.001,selected_test_mcc,3,"123,42,456",0.7892592007710167,0.06556335560757875,0.09925719657561066,0.642779709486765,0.8412941026379863,cluster_bootstrap_B1000,0.7232086694180815,0.8543242710586554
group|fl|fedprox_0.01|iid_sub0.05|3|5|0.001|3,FedProx(mu=0.01) iid_sub0.05 [3N] {group},group,fl,fedprox_0.01,0.01,iid_sub0.05,3,3,5.0,0.001,selected_test_n_examples,3,"123,42,456",7245.0,0.0,0.0,7245.0,7245.0,t_seeds,7245.0,7245.0
group|fl|fedprox_0.01|iid_sub0.05|3|5|0.001|3,FedProx(mu=0.01) iid_sub0.05 [3N] {group},group,fl,fedprox_0.01,0.01,iid_sub0.05,3,3,5.0,0.001,selected_test_precision,3,"123,42,456",0.9225285214905643,0.0506462820943192,0.07926632544519496,0.8105875224293931,0.9691201733197831,cluster_bootstrap_B1000,0.8814003941298493,0.9790981923013113
group|fl|fedprox_0.01|iid_sub0.05|3|5|0.001|3,FedProx(mu=0.01) iid_sub0.05 [3N] {group},group,fl,fedprox_0.01,0.01,iid_sub0.05,3,3,5.0,0.001,selected_test_recall,3,"123,42,456",0.9208757342940251,0.02404272967845588,0.06573161515253245,0.8142759541020979,0.9457391844071628,cluster_bootstrap_B1000,0.8965292994528375,0.9446027901800017
group|fl|fedprox_0.01|iid_sub0.05|3|5|0.001|3,FedProx(mu=0.01) iid_sub0.05 [3N] {group},group,fl,fedprox_0.01,0.01,iid_sub0.05,3,3,5.0,0.001,selected_test_roc_auc,3,"123,42,456",0.9844152406439163,0.00793020293806081,0.020726173322928476,0.9508993119228506,0.9923516585687076,cluster_bootstrap_B1000,0.9781141916169345,0.9933199553270581
group|fl|fedprox_0.01|iid_sub0.05|3|5|0.001|3,FedProx(mu=0.01) iid_sub0.05 [3N] {group},group,fl,fedprox_0.01,0.01,iid_sub0.05,3,3,5.0,0.001,selected_test_specificity,3,"123,42,456",0.8403779886947441,0.1124797364314102,0.13337762316513363,0.6861917251791151,0.9529469715093823,cluster_bootstrap_B1000,0.7447963098863937,0.9643252337048335
group|fl|fedprox_0.01|iid_sub0.05|3|5|0.001|3,FedProx(mu=0.01) iid_sub0.05 [3N] {group},group,fl,fedprox_0.01,0.01,iid_sub0.05,3,3,5.0,0.001,selected_test_tn,3,"123,42,456",2300.6666666666665,295.10054783638293,733.0703996385411,1567.5962670281256,3033.7370663052075,t_seeds,2048.0,2625.0
group|fl|fedprox_0.01|iid_sub0.05|3|5|0.001|3,FedProx(mu=0.01) iid_sub0.05 [3N] {group},group,fl,fedprox_0.01,0.01,iid_sub0.05,3,3,5.0,0.001,selected_test_tp,3,"123,42,456",4177.333333333333,106.61300733650343,264.8413920877228,3912.49194124561,4442.174725421056,t_seeds,4068.0,4281.0
group|fl|fedprox_0.01|iid_sub0.05|3|5|0.001|3,FedProx(mu=0.01) iid_sub0.05 [3N] {group},group,fl,fedprox_0.01,0.01,iid_sub0.05,3,3,5.0,0.001,selected_val_loss,3,"123,42,456",0.3170586720897653,0.09439608300628757,0.23449286963743343,0.08256580245233186,0.5515515417271988,t_seeds,0.21882509517071133,0.40708076290969736
group|fl|fedprox_0.01|iid_sub0.05|3|5|0.001|3,FedProx(mu=0.01) iid_sub0.05 [3N] {group},group,fl,fedprox_0.01,0.01,iid_sub0.05,3,3,5.0,0.001,total_time_s,3,"123,42,456",396.5466666666666,4.881232767788628,12.125654398295174,384.42101226837144,408.6723210649618,t_seeds,393.57,402.18
group_final_epoch|local|local_only|iid_sub0.05|3|15||3,Local-only iid_sub0.05 {group_final_epoch},group_final_epoch,local,local_only,,iid_sub0.05,3,3,15.0,,final_accuracy,3,"123,42,456",0.8406323333333333,0.0033170689370787933,0.008240056039073013,0.8323922772942604,0.8488723893724063,t_seeds,0.837775,0.84427
group_final_epoch|local|local_only|iid_sub0.05|3|15||3,Local-only iid_sub0.05 {group_final_epoch},group_final_epoch,local,local_only,,iid_sub0.05,3,3,15.0,,final_balanced_accuracy,3,"123,42,456",0.8096454444444444,0.012036279843933635,0.029899776669495923,0.7797456677749485,0.8395452211139404,t_seeds,0.8013826666666666,0.823455
group_final_epoch|local|local_only|iid_sub0.05|3|15||3,Local-only iid_sub0.05 {group_final_epoch},group_final_epoch,local,local_only,,iid_sub0.05,3,3,15.0,,final_cumulative_mb,3,"123,42,456",0.0,0.0,0.0,0.0,0.0,t_seeds,0.0,0.0
group_final_epoch|local|local_only|iid_sub0.05|3|15||3,Local-only iid_sub0.05 {group_final_epoch},group_final_epoch,local,local_only,,iid_sub0.05,3,3,15.0,,final_elapsed_s,3,"123,42,456",115.24444444444445,17.64817690720908,43.840501798839384,71.40394264560507,159.08494624328384,t_seeds,94.86666666666667,125.56666666666666
group_final_epoch|local|local_only|iid_sub0.05|3|15||3,Local-only iid_sub0.05 {group_final_epoch},group_final_epoch,local,local_only,,iid_sub0.05,3,3,15.0,,final_f1,3,"123,42,456",0.876486,0.0008213726316356268,0.002040402729645673,0.8744455972703543,0.8785264027296457,t_seeds,0.875987,0.877434
group_final_epoch|local|local_only|iid_sub0.05|3|15||3,Local-only iid_sub0.05 {group_final_epoch},group_final_epoch,local,local_only,,iid_sub0.05,3,3,15.0,,final_fn,3,"123,42,456",412.6666666666667,101.61856785712605,252.43451662794678,160.2321500387199,665.1011832946135,t_seeds,353.0,530.0
group_final_epoch|local|local_only|iid_sub0.05|3|15||3,Local-only iid_sub0.05 {group_final_epoch},group_final_epoch,local,local_only,,iid_sub0.05,3,3,15.0,,final_fp,3,"123,42,456",738.6666666666666,124.58865651949752,309.49538011639237,429.17128655027426,1048.162046783059,t_seeds,595.0,817.0
group_final_epoch|local|local_only|iid_sub0.05|3|15||3,Local-only iid_sub0.05 {group_final_epoch},group_final_epoch,local,local_only,,iid_sub0.05,3,3,15.0,,final_loss,3,"123,42,456",1.932172666666667,0.4282277590862134,1.0637767255643977,0.8683959411022693,2.995949392231065,t_seeds,1.6697666666666668,2.426330666666667
group_final_epoch|local|local_only|iid_sub0.05|3|15||3,Local-only iid_sub0.05 {group_final_epoch},group_final_epoch,local,local_only,,iid_sub0.05,3,3,15.0,,final_macro_f1,3,"123,42,456",0.8146522222222222,0.008238187801893023,0.020464792995164016,0.7941874292270582,0.8351170152173862,t_seeds,0.8084663333333334,0.8240036666666667
group_final_epoch|local|local_only|iid_sub0.05|3|15||3,Local-only iid_sub0.05 {group_final_epoch},group_final_epoch,local,local_only,,iid_sub0.05,3,3,15.0,,final_macro_precision,3,"123,42,456",0.8786860000000001,0.01030953967611219,0.025610316300216575,0.8530756836997835,0.9042963163002167,t_seeds,0.8667826666666668,0.8847776666666666
group_final_epoch|local|local_only|iid_sub0.05|3|15||3,Local-only iid_sub0.05 {group_final_epoch},group_final_epoch,local,local_only,,iid_sub0.05,3,3,15.0,,final_macro_recall,3,"123,42,456",0.8096454444444444,0.012036279843933635,0.029899776669495923,0.7797456677749485,0.8395452211139404,t_seeds,0.8013826666666666,0.823455
group_final_epoch|local|local_only|iid_sub0.05|3|15||3,Local-only iid_sub0.05 {group_final_epoch},group_final_epoch,local,local_only,,iid_sub0.05,3,3,15.0,,final_macro_specificity,3,"123,42,456",0.8096454444444444,0.012036279843933635,0.029899776669495923,0.7797456677749485,0.8395452211139404,t_seeds,0.8013826666666666,0.823455
group_final_epoch|local|local_only|iid_sub0.05|3|15||3,Local-only iid_sub0.05 {group_final_epoch},group_final_epoch,local,local_only,,iid_sub0.05,3,3,15.0,,final_mcc,3,"123,42,456",0.6808140000000001,0.0040759288920850095,0.010125168671241113,0.670688831328759,0.6909391686712413,t_seeds,0.6769503333333334,0.6850733333333334
group_final_epoch|local|local_only|iid_sub0.05|3|15||3,Local-only iid_sub0.05 {group_final_epoch},group_final_epoch,local,local_only,,iid_sub0.05,3,3,15.0,,final_n_examples,3,"123,42,456",7245.0,0.0,0.0,7245.0,7245.0,t_seeds,7245.0,7245.0
group_final_epoch|local|local_only|iid_sub0.05|3|15||3,Local-only iid_sub0.05 {group_final_epoch},group_final_epoch,local,local_only,,iid_sub0.05,3,3,15.0,,final_precision,3,"123,42,456",0.8678347777777778,0.017082638445487814,0.04243562637863231,0.8253991513991455,0.9102704041564101,t_seeds,0.8573406666666666,0.8875463333333333
group_final_epoch|local|local_only|iid_sub0.05|3|15||3,Local-only iid_sub0.05 {group_final_epoch},group_final_epoch,local,local_only,,iid_sub0.05,3,3,15.0,,final_recall,3,"123,42,456",0.9087828888888888,0.022461937193427536,0.05579854526116071,0.8529843436277281,0.9645814341500495,t_seeds,0.8828473333333333,0.9219716666666667
group_final_epoch|local|local_only|iid_sub0.05|3|15||3,Local-only iid_sub0.05 {group_final_epoch},group_final_epoch,local,local_only,,iid_sub0.05,3,3,15.0,,final_roc_auc,3,"123,42,456",0.9212825555555556,0.023855110520094515,0.05925937966093881,0.8620231758946167,0.9805419352164945,t_seeds,0.899325,0.946665
group_final_epoch|local|local_only|iid_sub0.05|3|15||3,Local-only iid_sub0.05 {group_final_epoch},group_final_epoch,local,local_only,,iid_sub0.05,3,3,15.0,,final_specificity,3,"123,42,456",0.710508,0.04644704201680784,0.11538084867320447,0.5951271513267955,0.8258888486732046,t_seeds,0.6812356666666667,0.764063
group_final_epoch|local|local_only|iid_sub0.05|3|15||3,Local-only iid_sub0.05 {group_final_epoch},group_final_epoch,local,local_only,,iid_sub0.05,3,3,15.0,,final_tn,3,"123,42,456",1982.3333333333333,124.58865651949752,309.49538011639237,1672.8379532169408,2291.8287134497255,t_seeds,1904.0,2126.0
group_final_epoch|local|local_only|iid_sub0.05|3|15||3,Local-only iid_sub0.05 {group_final_epoch},group_final_epoch,local,local_only,,iid_sub0.05,3,3,15.0,,final_tp,3,"123,42,456",4111.333333333333,101.61856785712607,252.4345166279468,3858.8988167053863,4363.76784996128,t_seeds,3994.0,4171.0
group_final_epoch|local|local_only|iid_sub0.05|3|15||3,Local-only iid_sub0.05 {group_final_epoch},group_final_epoch,local,local_only,,iid_sub0.05,3,3,15.0,,round1_accuracy,3,"123,42,456",0.8269194444444445,0.029380194981452144,0.07298445033200306,0.7539349941124415,0.8999038947764476,t_seeds,0.8036786666666668,0.859943
group_final_epoch|local|local_only|iid_sub0.05|3|15||3,Local-only iid_sub0.05 {group_final_epoch},group_final_epoch,local,local_only,,iid_sub0.05,3,3,15.0,,total_time_s,3,"123,42,456",394.02,60.840464330904,151.13609184479944,242.88390815520054,545.1560918447994,t_seeds,323.77,429.66
group|local|local_only|iid_sub0.05|3|15||3,Local-only iid_sub0.05 {group},group,local,local_only,,iid_sub0.05,3,3,15.0,,final_cumulative_mb,3,"123,42,456",0.0,0.0,0.0,0.0,0.0,t_seeds,0.0,0.0
group|local|local_only|iid_sub0.05|3|15||3,Local-only iid_sub0.05 {group},group,local,local_only,,iid_sub0.05,3,3,15.0,,round1_accuracy,3,"123,42,456",0.8269194444444445,0.029380194981452144,0.07298445033200306,0.7539349941124415,0.8999038947764476,t_seeds,0.8036786666666668,0.859943
group|local|local_only|iid_sub0.05|3|15||3,Local-only iid_sub0.05 {group},group,local,local_only,,iid_sub0.05,3,3,15.0,,selected_test_accuracy,3,"123,42,456",0.8200086666666667,0.025824007979225606,0.06013386528835707,0.733973743402521,0.8542414739792351,cluster_bootstrap_B1000,0.7942396666666668,0.8458873333333333
group|local|local_only|iid_sub0.05|3|15||3,Local-only iid_sub0.05 {group},group,local,local_only,,iid_sub0.05,3,3,15.0,,selected_test_balanced_accuracy,3,"123,42,456",0.7980404444444443,0.01327832254019618,0.06191800927327862,0.7106305361348302,0.8344665546813874,cluster_bootstrap_B1000,0.7882386666666666,0.813152
group|local|local_only|iid_sub0.05|3|15||3,Local-only iid_sub0.05 {group},group,local,local_only,,iid_sub0.05,3,3,15.0,,selected_test_clean_accuracy,3,"123,42,456",0.819364193670374,0.020879935606411642,0.058522176285391414,0.7374516988544746,0.8544960514252574,cluster_bootstrap_B1000,0.8013095847447301,0.8422296711822094
group|local|local_only|iid_sub0.05|3|15||3,Local-only iid_sub0.05 {group},group,local,local_only,,iid_sub0.05,3,3,15.0,,selected_test_clean_balanced_accuracy,3,"123,42,456",0.7967931798888116,0.013004642891200598,0.058654340876861,0.7127991204488132,0.8301078022025352,cluster_bootstrap_B1000,0.7838435858541534,0.8098521812985341
group|local|local_only|iid_sub0.05|3|15||3,Local-only iid_sub0.05 {group},group,local,local_only,,iid_sub0.05,3,3,15.0,,selected_test_clean_f1,3,"123,42,456",0.8541595513677688,0.024189369450366448,0.09180658709556849,0.6960492262902095,0.8796624004813465,cluster_bootstrap_B1000,0.829101054897457,0.8773742762133455
group|local|local_only|iid_sub0.05|3|15||3,Local-only iid_sub0.05 {group},group,local,local_only,,iid_sub0.05,3,3,15.0,,selected_test_clean_loss,3,"123,42,456",1.3379252612049284,0.6870363795784876,0.970110924388828,0.8460433160495867,2.7862651648272427,cluster_bootstrap_B1000,0.9115225603991665,2.130483616763939
group|local|local_only|iid_sub0.05|3|15||3,Local-only iid_sub0.05 {group},group,local,local_only,,iid_sub0.05,3,3,15.0,,selected_test_clean_macro_f1,3,"123,42,456",0.798981491510058,0.016047437109912792,0.06685789949730503,0.6840941432157952,0.8178099422104053,cluster_bootstrap_B1000,0.7870277403516684,0.8172201415419608
group|local|local_only|iid_sub0.05|3|15||3,Local-only iid_sub0.05 {group},group,local,local_only,,iid_sub0.05,3,3,15.0,,selected_test_clean_mcc,3,"123,42,456",0.6380883804408564,0.04282613324884368,0.09959122852249047,0.4768606059628845,0.6760430630078654,cluster_bootstrap_B1000,0.6081340296640991,0.687140918500892
group|local|local_only|iid_sub0.05|3|15||3,Local-only iid_sub0.05 {group},group,local,local_only,,iid_sub0.05,3,3,15.0,,selected_test_clean_precision,3,"123,42,456",0.8617322488214368,0.012499797330769035,0.09662950195645303,0.7059141490225088,0.8991731529354149,cluster_bootstrap_B1000,0.849138242091125,0.8741356569527334
group|local|local_only|iid_sub0.05|3|15||3,Local-only iid_sub0.05 {group},group,local,local_only,,iid_sub0.05,3,3,15.0,,selected_test_clean_recall,3,"123,42,456",0.868443853270669,0.06070021586504367,0.07912180388638118,0.765577715562567,0.9238213233353294,cluster_bootstrap_B1000,0.8009094617362774,0.9184543761638734
group|local|local_only|iid_sub0.05|3|15||3,Local-only iid_sub0.05 {group},group,local,local_only,,iid_sub0.05,3,3,15.0,,selected_test_clean_roc_auc,3,"123,42,456",0.8330377607436658,0.027964895174270754,0.07506444787612027,0.7376489850060296,0.8877778807582701,cluster_bootstrap_B1000,0.8014658454357423,0.8546927885922949
group|local|local_only|iid_sub0.05|3|15||3,Local-only iid_sub0.05 {group},group,local,local_only,,iid_sub0.05,3,3,15.0,,selected_test_clean_specificity,3,"123,42,456",0.7251425065069542,0.059109226214511625,0.11206964775890799,0.5775351936938716,0.8016744892116876,cluster_bootstrap_B1000,0.6817194497964506,0.7924580832912173
group|local|local_only|iid_sub0.05|3|15||3,Local-only iid_sub0.05 {group},group,local,local_only,,iid_sub0.05,3,3,15.0,,selected_test_f1,3,"123,42,456",0.8554338888888889,0.02953356125633141,0.08686130098517042,0.7051524833993074,0.8788750853696482,cluster_bootstrap_B1000,0.8233766666666668,0.8815363333333334
group|local|local_only|iid_sub0.05|3|15||3,Local-only iid_sub0.05 {group},group,local,local_only,,iid_sub0.05,3,3,15.0,,selected_test_fn,3,"123,42,456",600.3333333333334,306.36144230848197,761.0440122647232,-160.7106789313898,1361.3773455980565,t_seeds,359.0,945.0
group|local|local_only|iid_sub0.05|3|15||3,Local-only iid_sub0.05 {group},group,local,local_only,,iid_sub0.05,3,3,15.0,,selected_test_fp,3,"123,42,456",694.0,149.1676908717166,370.5530862691466,323.4469137308534,1064.5530862691467,t_seeds,524.0,803.0
group|local|local_only|iid_sub0.05|3|15||3,Local-only iid_sub0.05 {group},group,local,local_only,,iid_sub0.05,3,3,15.0,,selected_test_loss,3,"123,42,456",1.3074283333333334,0.6533735808180493,0.9153172705302685,0.8341313805562371,2.664765921616774,cluster_bootstrap_B1000,0.8952233333333334,2.0607623333333334
group|local|local_only|iid_sub0.05|3|15||3,Local-only iid_sub0.05 {group},group,local,local_only,,iid_sub0.05,3,3,15.0,,selected_test_macro_f1,3,"123,42,456",0.79953,0.01853717433818987,0.07042653704203028,0.6793177670616467,0.8201708411457073,cluster_bootstrap_B1000,0.7859273333333333,0.820644
group|local|local_only|iid_sub0.05|3|15||3,Local-only iid_sub0.05 {group},group,local,local_only,,iid_sub0.05,3,3,15.0,,selected_test_macro_precision,3,"123,42,456",0.844588888888889,0.03927018597886718,0.09755254993755301,0.7470363389513359,0.942141438826442,t_seeds,0.8053886666666666,0.8839286666666667
group|local|local_only|iid_sub0.05|3|15||3,Local-only iid_sub0.05 {group},group,local,local_only,,iid_sub0.05,3,3,15.0,,selected_test_macro_recall,3,"123,42,456",0.7980404444444443,0.01327832254019618,0.03298518177088577,0.7650552626735586,0.83102562621533,t_seeds,0.7882386666666666,0.813152
group|local|local_only|iid_sub0.05|3|15||3,Local-only iid_sub0.05 {group},group,local,local_only,,iid_sub0.05,3,3,15.0,,selected_test_macro_specificity,3,"123,42,456",0.7980404444444443,0.01327832254019618,0.03298518177088577,0.7650552626735586,0.83102562621533,t_seeds,0.7882386666666666,0.813152
group|local|local_only|iid_sub0.05|3|15||3,Local-only iid_sub0.05 {group},group,local,local_only,,iid_sub0.05,3,3,15.0,,selected_test_mcc,3,"123,42,456",0.6382358888888889,0.04769811977348715,0.10546296969029698,0.47377476872939533,0.6847007081099893,cluster_bootstrap_B1000,0.5972003333333333,0.6905683333333333
group|local|local_only|iid_sub0.05|3|15||3,Local-only iid_sub0.05 {group},group,local,local_only,,iid_sub0.05,3,3,15.0,,selected_test_n_examples,3,"123,42,456",7245.0,0.0,0.0,7245.0,7245.0,t_seeds,7245.0,7245.0
group|local|local_only|iid_sub0.05|3|15||3,Local-only iid_sub0.05 {group},group,local,local_only,,iid_sub0.05,3,3,15.0,,selected_test_precision,3,"123,42,456",0.8644845555555557,0.010372419445247454,0.09418894127700056,0.7118333622193687,0.9002112447733698,cluster_bootstrap_B1000,0.8535493333333334,0.8741833333333333
group|local|local_only|iid_sub0.05|3|15||3,Local-only iid_sub0.05 {group},group,local,local_only,,iid_sub0.05,3,3,15.0,,selected_test_recall,3,"123,42,456",0.8673003333333332,0.06771917350434152,0.08781706659183147,0.750196098761084,0.9258302319447469,cluster_bootstrap_B1000,0.791114,0.9206453333333333
group|local|local_only|iid_sub0.05|3|15||3,Local-only iid_sub0.05 {group},group,local,local_only,,iid_sub0.05,3,3,15.0,,selected_test_roc_auc,3,"123,42,456",0.8338717777777779,0.028702821464745166,0.08125112498031178,0.7347776394890027,0.8972798894496262,cluster_bootstrap_B1000,0.8024096666666667,0.858628
group|local|local_only|iid_sub0.05|3|15||3,Local-only iid_sub0.05 {group},group,local,local_only,,iid_sub0.05,3,3,15.0,,selected_test_specificity,3,"123,42,456",0.7287804444444445,0.05759901471218778,0.11390085990497678,0.576978128818102,0.8047798486280555,cluster_bootstrap_B1000,0.686335,0.7943476666666668
group|local|local_only|iid_sub0.05|3|15||3,Local-only iid_sub0.05 {group},group,local,local_only,,iid_sub0.05,3,3,15.0,,selected_test_tn,3,"123,42,456",2027.0,149.1676908717166,370.5530862691466,1656.4469137308533,2397.5530862691467,t_seeds,1918.0,2197.0
group|local|local_only|iid_sub0.05|3|15||3,Local-only iid_sub0.05 {group},group,local,local_only,,iid_sub0.05,3,3,15.0,,selected_test_tp,3,"123,42,456",3923.6666666666665,306.36144230848197,761.0440122647232,3162.6226544019432,4684.710678931389,t_seeds,3579.0,4165.0
group|local|local_only|iid_sub0.05|3|15||3,Local-only iid_sub0.05 {group},group,local,local_only,,iid_sub0.05,3,3,15.0,,total_time_s,3,"123,42,456",1164.7766666666666,64.01982843879959,159.03407012460835,1005.7425965420583,1323.810736791275,t_seeds,1090.86,1202.62
group_final_epoch|centralized|centralized|non_iid_label|3|15|0.001|3,Centralized non_iid_label {group_final_epoch},group_final_epoch,centralized,centralized,,non_iid_label,3,3,15.0,0.001,final_accuracy,5,"1011,123,42,456,789",0.942234,0.021588627191185657,0.026805821153938078,0.915428178846062,0.969039821153938,t_seeds,0.9197,0.965963
group_final_epoch|centralized|centralized|non_iid_label|3|15|0.001|3,Centralized non_iid_label {group_final_epoch},group_final_epoch,centralized,centralized,,non_iid_label,3,3,15.0,0.001,final_balanced_accuracy,5,"1011,123,42,456,789",0.9447190000000001,0.01696633880658995,0.021066492077470154,0.92365250792253,0.9657854920774702,t_seeds,0.922589,0.965012
group_final_epoch|centralized|centralized|non_iid_label|3|15|0.001|3,Centralized non_iid_label {group_final_epoch},group_final_epoch,centralized,centralized,,non_iid_label,3,3,15.0,0.001,final_cumulative_mb,5,"1011,123,42,456,789",0.0,0.0,0.0,0.0,0.0,t_seeds,0.0,0.0
group_final_epoch|centralized|centralized|non_iid_label|3|15|0.001|3,Centralized non_iid_label {group_final_epoch},group_final_epoch,centralized,centralized,,non_iid_label,3,3,15.0,0.001,final_elapsed_s,5,"1011,123,42,456,789",2719.16,81.58000980632441,101.29496114962305,2617.865038850377,2820.4549611496227,t_seeds,2629.8999999999996,2805.0999999999995
group_final_epoch|centralized|centralized|non_iid_label|3|15|0.001|3,Centralized non_iid_label {group_final_epoch},group_final_epoch,centralized,centralized,,non_iid_label,3,3,15.0,0.001,final_f1,5,"1011,123,42,456,789",0.9528294,0.0183867236559426,0.02283013280850542,0.9299992671914946,0.9756595328085055,t_seeds,0.934467,0.973367
group_final_epoch|centralized|centralized|non_iid_label|3|15|0.001|3,Centralized non_iid_label {group_final_epoch},group_final_epoch,centralized,centralized,,non_iid_label,3,3,15.0,0.001,final_fn,5,"1011,123,42,456,789",293.8,179.44553491240734,222.81106033915285,70.98893966084717,516.6110603391528,t_seeds,45.0,500.0
group_final_epoch|centralized|centralized|non_iid_label|3|15|0.001|3,Centralized non_iid_label {group_final_epoch},group_final_epoch,centralized,centralized,,non_iid_label,3,3,15.0,0.001,final_fp,5,"1011,123,42,456,789",122.0,65.18051856191389,80.93230328258066,41.06769671741934,202.93230328258068,t_seeds,47.0,200.0
group_final_epoch|centralized|centralized|non_iid_label|3|15|0.001|3,Centralized non_iid_label {group_final_epoch},group_final_epoch,centralized,centralized,,non_iid_label,3,3,15.0,0.001,final_loss,5,"1011,123,42,456,789",0.1872062,0.07136304294731274,0.08860892122994726,0.09859727877005273,0.2758151212299472,t_seeds,0.137391,0.313356
group_final_epoch|centralized|centralized|non_iid_label|3|15|0.001|3,Centralized non_iid_label {group_final_epoch},group_final_epoch,centralized,centralized,,non_iid_label,3,3,15.0,0.001,final_macro_f1,5,"1011,123,42,456,789",0.9391008,0.02215939658925756,0.027514524966800395,0.9115862750331996,0.9666153249668004,t_seeds,0.915404,0.963112
group_final_epoch|centralized|centralized|non_iid_label|3|15|0.001|3,Centralized non_iid_label {group_final_epoch},group_final_epoch,centralized,centralized,,non_iid_label,3,3,15.0,0.001,final_macro_precision,5,"1011,123,42,456,789",0.9362842,0.02635709814641966,0.032726659865532456,0.9035575401344675,0.9690108598655325,t_seeds,0.910271,0.969694
group_final_epoch|centralized|centralized|non_iid_label|3|15|0.001|3,Centralized non_iid_label {group_final_epoch},group_final_epoch,centralized,centralized,,non_iid_label,3,3,15.0,0.001,final_macro_recall,5,"1011,123,42,456,789",0.9447190000000001,0.01696633880658995,0.021066492077470154,0.92365250792253,0.9657854920774702,t_seeds,0.922589,0.965012
group_final_epoch|centralized|centralized|non_iid_label|3|15|0.001|3,Centralized non_iid_label {group_final_epoch},group_final_epoch,centralized,centralized,,non_iid_label,3,3,15.0,0.001,final_macro_specificity,5,"1011,123,42,456,789",0.9447190000000001,0.01696633880658995,0.021066492077470154,0.92365250792253,0.9657854920774702,t_seeds,0.922589,0.965012
group_final_epoch|centralized|centralized|non_iid_label|3|15|0.001|3,Centralized non_iid_label {group_final_epoch},group_final_epoch,centralized,centralized,,non_iid_label,3,3,15.0,0.001,final_mcc,5,"1011,123,42,456,789",0.8808892,0.042570531429616885,0.0528582962605571,0.8280309037394429,0.9337474962605572,t_seeds,0.832769,0.927271
group_final_epoch|centralized|centralized|non_iid_label|3|15|0.001|3,Centralized non_iid_label {group_final_epoch},group_final_epoch,centralized,centralized,,non_iid_label,3,3,15.0,0.001,final_n_examples,5,"1011,123,42,456,789",7198.0,0.0,0.0,7198.0,7198.0,t_seeds,7198.0,7198.0
group_final_epoch|centralized|centralized|non_iid_label|3|15|0.001|3,Centralized non_iid_label {group_final_epoch},group_final_epoch,centralized,centralized,,non_iid_label,3,3,15.0,0.001,final_precision,5,"1011,123,42,456,789",0.9723344,0.013994318572192087,0.01737624155048522,0.9549581584495148,0.9897106415504853,t_seeds,0.957238,0.988449
group_final_epoch|centralized|centralized|non_iid_label|3|15|0.001|3,Centralized non_iid_label {group_final_epoch},group_final_epoch,centralized,centralized,,non_iid_label,3,3,15.0,0.001,final_recall,5,"1011,123,42,456,789",0.9350286000000001,0.03968301080185321,0.04927296585299221,0.8857556341470079,0.9843015658529923,t_seeds,0.889429,0.990049
group_final_epoch|centralized|centralized|non_iid_label|3|15|0.001|3,Centralized non_iid_label {group_final_epoch},group_final_epoch,centralized,centralized,,non_iid_label,3,3,15.0,0.001,final_roc_auc,5,"1011,123,42,456,789",0.9915878000000001,0.0036937016257407385,0.004586336328788989,0.9870014636712111,0.9961741363287892,t_seeds,0.986141,0.995219
group_final_epoch|centralized|centralized|non_iid_label|3|15|0.001|3,Centralized non_iid_label {group_final_epoch},group_final_epoch,centralized,centralized,,non_iid_label,3,3,15.0,0.001,final_specificity,5,"1011,123,42,456,789",0.9544096,0.024357013185117727,0.030243226375735077,0.9241663736242649,0.984652826375735,t_seeds,0.925262,0.982436
group_final_epoch|centralized|centralized|non_iid_label|3|15|0.001|3,Centralized non_iid_label {group_final_epoch},group_final_epoch,centralized,centralized,,non_iid_label,3,3,15.0,0.001,final_tn,5,"1011,123,42,456,789",2554.0,65.18051856191389,80.93230328258066,2473.0676967174195,2634.9323032825805,t_seeds,2476.0,2629.0
group_final_epoch|centralized|centralized|non_iid_label|3|15|0.001|3,Centralized non_iid_label {group_final_epoch},group_final_epoch,centralized,centralized,,non_iid_label,3,3,15.0,0.001,final_tp,5,"1011,123,42,456,789",4228.2,179.44553491240734,222.81106033915285,4005.388939660847,4451.011060339153,t_seeds,4022.0,4477.0
group_final_epoch|centralized|centralized|non_iid_label|3|15|0.001|3,Centralized non_iid_label {group_final_epoch},group_final_epoch,centralized,centralized,,non_iid_label,3,3,15.0,0.001,round1_accuracy,5,"1011,123,42,456,789",0.891318,0.07988389413079461,0.09918895537852863,0.7921290446214714,0.9905069553785287,t_seeds,0.762189,0.955688
group_final_epoch|centralized|centralized|non_iid_label|3|15|0.001|3,Centralized non_iid_label {group_final_epoch},group_final_epoch,centralized,centralized,,non_iid_label,3,3,15.0,0.001,total_time_s,5,"1011,123,42,456,789",2719.176,81.64131999177872,101.37108779962486,2617.804912200375,2820.547087799625,t_seeds,2629.83,2805.21
group|centralized|centralized|non_iid_label|3|15|0.001|3,Centralized non_iid_label {group},group,centralized,centralized,,non_iid_label,3,3,15.0,0.001,final_cumulative_mb,5,"1011,123,42,456,789",0.0,0.0,0.0,0.0,0.0,t_seeds,0.0,0.0
group|centralized|centralized|non_iid_label|3|15|0.001|3,Centralized non_iid_label {group},group,centralized,centralized,,non_iid_label,3,3,15.0,0.001,round1_accuracy,5,"1011,123,42,456,789",0.891318,0.07988389413079461,0.09918895537852863,0.7921290446214714,0.9905069553785287,t_seeds,0.762189,0.955688
group|centralized|centralized|non_iid_label|3|15|0.001|3,Centralized non_iid_label {group},group,centralized,centralized,,non_iid_label,3,3,15.0,0.001,selected_epoch,5,"1011,123,42,456,789",3.4,2.6076809620810595,3.2378635694174065,0.16213643058259342,6.637863569417407,t_seeds,1.0,7.0
group|centralized|centralized|non_iid_label|3|15|0.001|3,Centralized non_iid_label {group},group,centralized,centralized,,non_iid_label,3,3,15.0,0.001,selected_test_accuracy,5,"1011,123,42,456,789",0.9428176,0.01618674727361862,0.030064089969221885,0.9089486360157053,0.9690768159541491,cluster_bootstrap_B1000,0.923451,0.962629
group|centralized|centralized|non_iid_label|3|15|0.001|3,Centralized non_iid_label {group},group,centralized,centralized,,non_iid_label,3,3,15.0,0.001,selected_test_balanced_accuracy,5,"1011,123,42,456,789",0.9471056000000001,0.009122515760468713,0.0242392752388339,0.919656134948325,0.9681346854259928,cluster_bootstrap_B1000,0.936635,0.959959
group|centralized|centralized|non_iid_label|3|15|0.001|3,Centralized non_iid_label {group},group,centralized,centralized,,non_iid_label,3,3,15.0,0.001,selected_test_clean_accuracy,5,"1011,123,42,456,789",0.9394885518881951,0.01706806806182573,0.03365804794271837,0.8996199956110681,0.9669360914965048,cluster_bootstrap_B1000,0.9188224799286352,0.9603033006244425
group|centralized|centralized|non_iid_label|3|15|0.001|3,Centralized non_iid_label {group},group,centralized,centralized,,non_iid_label,3,3,15.0,0.001,selected_test_clean_balanced_accuracy,5,"1011,123,42,456,789",0.9440724352150877,0.008644906567008274,0.028253614053580622,0.9100207228040683,0.9665279509112296,cluster_bootstrap_B1000,0.9342330968364052,0.9567156187093389
group|centralized|centralized|non_iid_label|3|15|0.001|3,Centralized non_iid_label {group},group,centralized,centralized,,non_iid_label,3,3,15.0,0.001,selected_test_clean_f1,5,"1011,123,42,456,789",0.951579097125675,0.014798712584495655,0.030304868175767274,0.9127965838061821,0.9734063201577167,cluster_bootstrap_B1000,0.9333170493404982,0.9692148045658942
group|centralized|centralized|non_iid_label|3|15|0.001|3,Centralized non_iid_label {group},group,centralized,centralized,,non_iid_label,3,3,15.0,0.001,selected_test_clean_loss,5,"1011,123,42,456,789",0.17171454915710127,0.047498636367806116,0.09280502303872631,0.09724051883281774,0.2828505649102704,cluster_bootstrap_B1000,0.09963023678008082,0.21438718265683981
group|centralized|centralized|non_iid_label|3|15|0.001|3,Centralized non_iid_label {group},group,centralized,centralized,,non_iid_label,3,3,15.0,0.001,selected_test_clean_macro_f1,5,"1011,123,42,456,789",0.9353726717942414,0.017173562216244595,0.04048689932122279,0.8812243640958382,0.9621981627382837,cluster_bootstrap_B1000,0.9147968225425895,0.9566726879075548
group|centralized|centralized|non_iid_label|3|15|0.001|3,Centralized non_iid_label {group},group,centralized,centralized,,non_iid_label,3,3,15.0,0.001,selected_test_clean_mcc,5,"1011,123,42,456,789",0.8746109455025761,0.030277361207067137,0.07018248504556324,0.7849224870671926,0.9252874571583191,cluster_bootstrap_B1000,0.8401368220966038,0.9133454260080981
group|centralized|centralized|non_iid_label|3|15|0.001|3,Centralized non_iid_label {group},group,centralized,centralized,,non_iid_label,3,3,15.0,0.001,selected_test_clean_precision,5,"1011,123,42,456,789",0.9772598852912602,0.012006626880732549,0.022042821669838675,0.9463241921166409,0.9904098354563182,cluster_bootstrap_B1000,0.9614767255216693,0.9922098156323033
group|centralized|centralized|non_iid_label|3|15|0.001|3,Centralized non_iid_label {group},group,centralized,centralized,,non_iid_label,3,3,15.0,0.001,selected_test_clean_recall,5,"1011,123,42,456,789",0.928245330873876,0.03848495660213033,0.05408279987463993,0.8645925547128259,0.9727581544621058,cluster_bootstrap_B1000,0.881023749135347,0.9691030666359235
group|centralized|centralized|non_iid_label|3|15|0.001|3,Centralized non_iid_label {group},group,centralized,centralized,,non_iid_label,3,3,15.0,0.001,selected_test_clean_roc_auc,5,"1011,123,42,456,789",0.9921283594308052,0.0020309880700869385,0.007483099901625323,0.981321645698964,0.9962878455022146,cluster_bootstrap_B1000,0.9899104274037498,0.9944932450659404
group|centralized|centralized|non_iid_label|3|15|0.001|3,Centralized non_iid_label {group},group,centralized,centralized,,non_iid_label,3,3,15.0,0.001,selected_test_clean_specificity,5,"1011,123,42,456,789",0.9598995395562998,0.022856820774814355,0.03070486199885325,0.9211219515933605,0.982531675591067,cluster_bootstrap_B1000,0.9296776894097949,0.9874424445374633
group|centralized|centralized|non_iid_label|3|15|0.001|3,Centralized non_iid_label {group},group,centralized,centralized,,non_iid_label,3,3,15.0,0.001,selected_test_f1,5,"1011,123,42,456,789",0.9530808000000001,0.014340080847052428,0.02657414555158505,0.9216552828656362,0.9748035739688063,cluster_bootstrap_B1000,0.935608,0.97026
group|centralized|centralized|non_iid_label|3|15|0.001|3,Centralized non_iid_label {group},group,centralized,centralized,,non_iid_label,3,3,15.0,0.001,selected_test_fn,5,"1011,123,42,456,789",314.8,168.3885388023781,209.08198634105045,105.71801365894956,523.8819863410505,t_seeds,134.0,519.0
group|centralized|centralized|non_iid_label|3|15|0.001|3,Centralized non_iid_label {group},group,centralized,centralized,,non_iid_label,3,3,15.0,0.001,selected_test_fp,5,"1011,123,42,456,789",96.8,54.22822143496872,67.33323024242232,29.46676975757768,164.13323024242231,t_seeds,32.0,168.0
group|centralized|centralized|non_iid_label|3|15|0.001|3,Centralized non_iid_label {group},group,centralized,centralized,,non_iid_label,3,3,15.0,0.001,selected_test_loss,5,"1011,123,42,456,789",0.16248919999999997,0.04509528686237621,0.08007500601632878,0.09003879648257222,0.2501888085152298,cluster_bootstrap_B1000,0.094136,0.20336
group|centralized|centralized|non_iid_label|3|15|0.001|3,Centralized non_iid_label {group},group,centralized,centralized,,non_iid_label,3,3,15.0,0.001,selected_test_macro_f1,5,"1011,123,42,456,789",0.9398744000000001,0.016225870294070504,0.03407418866754852,0.8966413627728419,0.9647897401079389,cluster_bootstrap_B1000,0.920621,0.959994
group|centralized|centralized|non_iid_label|3|15|0.001|3,Centralized non_iid_label {group},group,centralized,centralized,,non_iid_label,3,3,15.0,0.001,selected_test_macro_precision,5,"1011,123,42,456,789",0.9361370000000001,0.01979996315653138,0.024584901417225972,0.9115520985827741,0.9607219014172261,t_seeds,0.913992,0.96003
group|centralized|centralized|non_iid_label|3|15|0.001|3,Centralized non_iid_label {group},group,centralized,centralized,,non_iid_label,3,3,15.0,0.001,selected_test_macro_recall,5,"1011,123,42,456,789",0.9471056000000001,0.009122515760468713,0.011327099392820434,0.9357785006071797,0.9584326993928205,t_seeds,0.936635,0.959959
group|centralized|centralized|non_iid_label|3|15|0.001|3,Centralized non_iid_label {group},group,centralized,centralized,,non_iid_label,3,3,15.0,0.001,selected_test_macro_specificity,5,"1011,123,42,456,789",0.9471056000000001,0.009122515760468713,0.011327099392820434,0.9357785006071797,0.9584326993928205,t_seeds,0.936635,0.959959
group|centralized|centralized|non_iid_label|3|15|0.001|3,Centralized non_iid_label {group},group,centralized,centralized,,non_iid_label,3,3,15.0,0.001,selected_test_mcc,5,"1011,123,42,456,789",0.8831168,0.028926525356495862,0.05951324721658219,0.8118273372585755,0.9308538316917399,cluster_bootstrap_B1000,0.850326,0.919989
group|centralized|centralized|non_iid_label|3|15|0.001|3,Centralized non_iid_label {group},group,centralized,centralized,,non_iid_label,3,3,15.0,0.001,selected_test_n_examples,5,"1011,123,42,456,789",7198.0,0.0,0.0,7198.0,7198.0,t_seeds,7198.0,7198.0
group|centralized|centralized|non_iid_label|3|15|0.001|3,Centralized non_iid_label {group},group,centralized,centralized,,non_iid_label,3,3,15.0,0.001,selected_test_precision,5,"1011,123,42,456,789",0.9779709999999999,0.011434056170056182,0.01968760190330654,0.9507641884012928,0.9901393922079059,cluster_bootstrap_B1000,0.96302,0.992069
group|centralized|centralized|non_iid_label|3|15|0.001|3,Centralized non_iid_label {group},group,centralized,centralized,,non_iid_label,3,3,15.0,0.001,selected_test_recall,5,"1011,123,42,456,789",0.9303848,0.0372374619127029,0.0488962598515692,0.8751697934304149,0.9729623131335533,cluster_bootstrap_B1000,0.885228,0.970367
group|centralized|centralized|non_iid_label|3|15|0.001|3,Centralized non_iid_label {group},group,centralized,centralized,,non_iid_label,3,3,15.0,0.001,selected_test_roc_auc,5,"1011,123,42,456,789",0.9928274,0.0018494159348291554,0.005519924321278513,0.9859108955810816,0.9969507442236386,cluster_bootstrap_B1000,0.990906,0.995064
group|centralized|centralized|non_iid_label|3|15|0.001|3,Centralized non_iid_label {group},group,centralized,centralized,,non_iid_label,3,3,15.0,0.001,selected_test_specificity,5,"1011,123,42,456,789",0.9638268,0.02026456466840576,0.02813094306181191,0.9280513863801977,0.9843132725038215,cluster_bootstrap_B1000,0.93722,0.988042
group|centralized|centralized|non_iid_label|3|15|0.001|3,Centralized non_iid_label {group},group,centralized,centralized,,non_iid_label,3,3,15.0,0.001,selected_test_tn,5,"1011,123,42,456,789",2579.2,54.22822143496871,67.3332302424223,2511.8667697575775,2646.533230242422,t_seeds,2508.0,2644.0
group|centralized|centralized|non_iid_label|3|15|0.001|3,Centralized non_iid_label {group},group,centralized,centralized,,non_iid_label,3,3,15.0,0.001,selected_test_tp,5,"1011,123,42,456,789",4207.2,168.38853880237812,209.08198634105048,3998.118013658949,4416.2819863410505,t_seeds,4003.0,4388.0
group|centralized|centralized|non_iid_label|3|15|0.001|3,Centralized non_iid_label {group},group,centralized,centralized,,non_iid_label,3,3,15.0,0.001,selected_val_loss,5,"1011,123,42,456,789",0.14807376301641478,0.04046087867730129,0.050238816389295345,0.09783494662711945,0.19831257940571012,t_seeds,0.11126409519421783,0.20731593459829517
group|centralized|centralized|non_iid_label|3|15|0.001|3,Centralized non_iid_label {group},group,centralized,centralized,,non_iid_label,3,3,15.0,0.001,total_time_s,5,"1011,123,42,456,789",3682.3179999999993,151.4927485723327,188.1030918912002,3494.214908108799,3870.4210918911995,t_seeds,3594.97,3952.37
image|centralized|centralized|non_iid_label|3|15|0.001|3,Centralized non_iid_label {image},image,centralized,centralized,,non_iid_label,3,3,15.0,0.001,final_accuracy,3,"123,42,456",0.9971903333333333,0.0007311636843644225,0.0018163112817919773,0.9953740220515414,0.9990066446151252,t_seeds,0.996398,0.997839
image|centralized|centralized|non_iid_label|3|15|0.001|3,Centralized non_iid_label {image},image,centralized,centralized,,non_iid_label,3,3,15.0,0.001,final_cumulative_mb,3,"123,42,456",0.0,0.0,0.0,0.0,0.0,t_seeds,0.0,0.0
image|centralized|centralized|non_iid_label|3|15|0.001|3,Centralized non_iid_label {image},image,centralized,centralized,,non_iid_label,3,3,15.0,0.001,final_elapsed_s,3,"123,42,456",15572.16666666667,325.2253731388945,807.9046142324006,14764.26205243427,16380.07128089907,t_seeds,15343.000000000002,15944.400000000001
image|centralized|centralized|non_iid_label|3|15|0.001|3,Centralized non_iid_label {image},image,centralized,centralized,,non_iid_label,3,3,15.0,0.001,final_loss,3,"123,42,456",0.010074333333333333,0.0021221810321773527,0.005271789933193002,0.004802543400140331,0.015346123266526335,t_seeds,0.007624,0.011323
image|centralized|centralized|non_iid_label|3|15|0.001|3,Centralized non_iid_label {image},image,centralized,centralized,,non_iid_label,3,3,15.0,0.001,round1_accuracy,3,"123,42,456",0.996657,0.001299664956825407,0.0032285467318903583,0.9934284532681097,0.9998855467318903,t_seeds,0.995382,0.99798
image|centralized|centralized|non_iid_label|3|15|0.001|3,Centralized non_iid_label {image},image,centralized,centralized,,non_iid_label,3,3,15.0,0.001,total_time_s,3,"123,42,456",15572.176666666666,325.2557400467109,807.9800498132967,14764.196616853369,16380.156716479964,t_seeds,15343.02,15944.45
group|fl|fedavg|non_iid_label|3|1|0.001|3,FedAvg non_iid_label [3N] {group},group,fl,fedavg,0.0,non_iid_label,3,3,1.0,0.001,final_cumulative_mb,3,"123,42,456",165.465288,0.0,0.0,165.465288,165.465288,t_seeds,165.465288,165.465288
group|fl|fedavg|non_iid_label|3|2|0.001|3,FedAvg non_iid_label [3N] {group},group,fl,fedavg,0.0,non_iid_label,3,3,2.0,0.001,final_cumulative_mb,3,"123,42,456",165.465288,0.0,0.0,165.465288,165.465288,t_seeds,165.465288,165.465288
group|fl|fedavg|non_iid_label|3|5|0.0001|3,FedAvg non_iid_label [3N] {group},group,fl,fedavg,0.0,non_iid_label,3,3,5.0,0.0001,final_cumulative_mb,3,"123,42,456",165.465288,0.0,0.0,165.465288,165.465288,t_seeds,165.465288,165.465288
group|fl|fedavg|non_iid_label|10|5|0.001|3,FedAvg non_iid_label [3N] {group},group,fl,fedavg,0.0,non_iid_label,3,10,5.0,0.001,final_cumulative_mb,3,"123,42,456",551.55096,0.0,0.0,551.55096,551.55096,t_seeds,551.55096,551.55096
group|fl|fedavg|non_iid_label|3|5|0.001|3,FedAvg non_iid_label [3N] {group},group,fl,fedavg,0.0,non_iid_label,3,3,5.0,0.001,final_cumulative_mb,5,"1011,123,42,456,789",165.465288,0.0,0.0,165.465288,165.465288,t_seeds,165.465288,165.465288
group|fl|fedavg|non_iid_label|3|1|0.001|3,FedAvg non_iid_label [3N] {group},group,fl,fedavg,0.0,non_iid_label,3,3,1.0,0.001,round1_accuracy,3,"123,42,456",0.7489003102282723,0.1609322076356652,0.39977776602299037,0.34912254420528194,1.1486780762512627,t_seeds,0.6023058758160855,0.9211001527989998
group|fl|fedavg|non_iid_label|3|2|0.001|3,FedAvg non_iid_label [3N] {group},group,fl,fedavg,0.0,non_iid_label,3,3,2.0,0.001,round1_accuracy,3,"123,42,456",0.5678103440292633,0.08517431667772477,0.21158473213170118,0.3562256118975622,0.7793950761609645,t_seeds,0.4696485623003195,0.6221697457980275
group|fl|fedavg|non_iid_label|3|5|0.0001|3,FedAvg non_iid_label [3N] {group},group,fl,fedavg,0.0,non_iid_label,3,3,5.0,0.0001,round1_accuracy,3,"123,42,456",0.9528175209519841,0.02019876538630766,0.050176514826924076,0.90264100612506,1.0029940357789082,t_seeds,0.9295735518822059,0.966106403667176
group|fl|fedavg|non_iid_label|10|5|0.001|3,FedAvg non_iid_label [3N] {group},group,fl,fedavg,0.0,non_iid_label,3,10,5.0,0.001,round1_accuracy,3,"123,42,456",0.38472936055933693,0.014838055539183367,0.036859773333931284,0.3478695872254056,0.42158913389326824,t_seeds,0.37171829420752883,0.40088901236282815
group|fl|fedavg|non_iid_label|3|5|0.001|3,FedAvg non_iid_label [3N] {group},group,fl,fedavg,0.0,non_iid_label,3,3,5.0,0.001,round1_accuracy,5,"1011,123,42,456,789",0.3936380052785109,0.02968711913312734,0.036861427037990356,0.35677657824052056,0.43049943231650123,t_seeds,0.37171829420752883,0.44228365050701485
group|fl|fedavg|non_iid_label|3|1|0.001|3,FedAvg non_iid_label [3N] {group},group,fl,fedavg,0.0,non_iid_label,3,3,1.0,0.001,selected_round,3,"123,42,456",2.3333333333333335,0.5773502691896258,1.4342175765831542,0.8991157567501793,3.767550909916488,t_seeds,2.0,3.0
group|fl|fedavg|non_iid_label|3|2|0.001|3,FedAvg non_iid_label [3N] {group},group,fl,fedavg,0.0,non_iid_label,3,3,2.0,0.001,selected_round,3,"123,42,456",3.0,0.0,0.0,3.0,3.0,t_seeds,3.0,3.0
group|fl|fedavg|non_iid_label|3|5|0.0001|3,FedAvg non_iid_label [3N] {group},group,fl,fedavg,0.0,non_iid_label,3,3,5.0,0.0001,selected_round,3,"123,42,456",2.6666666666666665,0.5773502691896258,1.4342175765831542,1.2324490900835123,4.100884243249821,t_seeds,2.0,3.0
group|fl|fedavg|non_iid_label|10|5|0.001|3,FedAvg non_iid_label [3N] {group},group,fl,fedavg,0.0,non_iid_label,3,10,5.0,0.001,selected_round,3,"123,42,456",7.333333333333333,2.0816659994661326,5.171145012542262,2.1621883207910706,12.504478345875595,t_seeds,5.0,9.0
group|fl|fedavg|non_iid_label|3|5|0.001|3,FedAvg non_iid_label [3N] {group},group,fl,fedavg,0.0,non_iid_label,3,3,5.0,0.001,selected_round,5,"1011,123,42,456,789",2.4,0.5477225575051661,0.6800873806582556,1.7199126193417444,3.0800873806582554,t_seeds,2.0,3.0
group|fl|fedavg|non_iid_label|3|1|0.001|3,FedAvg non_iid_label [3N] {group},group,fl,fedavg,0.0,non_iid_label,3,3,1.0,0.001,selected_test_accuracy,3,"123,42,456",0.9272946188756136,0.026763769925028595,0.04924312005014436,0.8690179412428265,0.9675041813431152,cluster_bootstrap_B1000,0.9083078632953598,0.9579049736037788
group|fl|fedavg|non_iid_label|3|2|0.001|3,FedAvg non_iid_label [3N] {group},group,fl,fedavg,0.0,non_iid_label,3,3,2.0,0.001,selected_test_accuracy,3,"123,42,456",0.9247939242382143,0.037327911959253085,0.05382665394453334,0.859650071085023,0.9673033789740897,cluster_bootstrap_B1000,0.8817727146429564,0.9485968324534593
group|fl|fedavg|non_iid_label|3|5|0.0001|3,FedAvg non_iid_label [3N] {group},group,fl,fedavg,0.0,non_iid_label,3,3,5.0,0.0001,selected_test_accuracy,3,"123,42,456",0.9667037139946281,0.004625123727757323,0.01891812932143938,0.9425507074746332,0.980386966117512,cluster_bootstrap_B1000,0.9613781606001667,0.9697138093914976
group|fl|fedavg|non_iid_label|10|5|0.001|3,FedAvg non_iid_label [3N] {group},group,fl,fedavg,0.0,non_iid_label,3,10,5.0,0.001,selected_test_accuracy,3,"123,42,456",0.960127813281467,0.037019416178108035,0.04302899619247286,0.9040401910020145,0.9900981833869602,cluster_bootstrap_B1000,0.9181717143651014,0.9881911642122811
group|fl|fedavg|non_iid_label|3|5|0.001|3,FedAvg non_iid_label [3N] {group},group,fl,fedavg,0.0,non_iid_label,3,3,5.0,0.001,selected_test_accuracy,5,"1011,123,42,456,789",0.9047235343150876,0.04012195792964938,0.052511746911680535,0.8452349543353401,0.9502584481587012,cluster_bootstrap_B1000,0.8449569324812448,0.945262572936927
group|fl|fedavg|non_iid_label|3|1|0.001|3,FedAvg non_iid_label [3N] {group},group,fl,fedavg,0.0,non_iid_label,3,3,1.0,0.001,selected_test_balanced_accuracy,3,"123,42,456",0.9007068435181788,0.022312593946990106,0.05106933779017858,0.8481517111779241,0.9502903867582813,cluster_bootstrap_B1000,0.8749657755230469,0.9145260146938891
group|fl|fedavg|non_iid_label|3|2|0.001|3,FedAvg non_iid_label [3N] {group},group,fl,fedavg,0.0,non_iid_label,3,3,2.0,0.001,selected_test_balanced_accuracy,3,"123,42,456",0.9102953981003381,0.046041597012828464,0.05663605695662982,0.8456171992359983,0.958889313149258,cluster_bootstrap_B1000,0.8573221165215282,0.9406810431947925
group|fl|fedavg|non_iid_label|3|5|0.0001|3,FedAvg non_iid_label [3N] {group},group,fl,fedavg,0.0,non_iid_label,3,3,5.0,0.0001,selected_test_balanced_accuracy,3,"123,42,456",0.9205953159440714,0.01588957395902103,0.03740527259103088,0.881685483064974,0.9564960282470357,cluster_bootstrap_B1000,0.9039806408753548,0.935643795063497
group|fl|fedavg|non_iid_label|10|5|0.001|3,FedAvg non_iid_label [3N] {group},group,fl,fedavg,0.0,non_iid_label,3,10,5.0,0.001,selected_test_balanced_accuracy,3,"123,42,456",0.9547775798861222,0.041161954474879026,0.0392941068828222,0.9063539494956944,0.9849421632613388,cluster_bootstrap_B1000,0.9073106559864912,0.9806264254470101
group|fl|fedavg|non_iid_label|3|5|0.001|3,FedAvg non_iid_label [3N] {group},group,fl,fedavg,0.0,non_iid_label,3,3,5.0,0.001,selected_test_balanced_accuracy,5,"1011,123,42,456,789",0.8939856840535084,0.04631679383829062,0.04645425528024982,0.8422932566306492,0.9352017671911489,cluster_bootstrap_B1000,0.8308581010957332,0.9425605578468623
group|fl|fedavg|non_iid_label|3|1|0.001|3,FedAvg non_iid_label [3N] {group},group,fl,fedavg,0.0,non_iid_label,3,3,1.0,0.001,selected_test_clean_accuracy,3,"123,42,456",0.923927049261572,0.02790902433744481,0.048301308257392095,0.8693617852993524,0.9659644018141366,cluster_bootstrap_B1000,0.9041034790365745,0.955842997323818
group|fl|fedavg|non_iid_label|3|2|0.001|3,FedAvg non_iid_label [3N] {group},group,fl,fedavg,0.0,non_iid_label,3,3,2.0,0.001,selected_test_clean_accuracy,3,"123,42,456",0.9214491029834474,0.039167325320197004,0.05588544623475117,0.8531711743675557,0.9649420668370581,cluster_bootstrap_B1000,0.8763009217960155,0.9463276836158192
group|fl|fedavg|non_iid_label|3|5|0.0001|3,FedAvg non_iid_label [3N] {group},group,fl,fedavg,0.0,non_iid_label,3,3,5.0,0.0001,selected_test_clean_accuracy,3,"123,42,456",0.965060957478442,0.004656693358122435,0.022232017812520155,0.9372295965109072,0.9816936321359475,cluster_bootstrap_B1000,0.9597085935176926,0.968183169788879
group|fl|fedavg|non_iid_label|10|5|0.001|3,FedAvg non_iid_label [3N] {group},group,fl,fedavg,0.0,non_iid_label,3,10,5.0,0.001,selected_test_clean_accuracy,3,"123,42,456",0.9582218257508178,0.039111883959064224,0.04478155777092624,0.9004245571942506,0.9899876727361031,cluster_bootstrap_B1000,0.9139161462979483,0.987957181088314
group|fl|fedavg|non_iid_label|3|5|0.001|3,FedAvg non_iid_label [3N] {group},group,fl,fedavg,0.0,non_iid_label,3,3,5.0,0.001,selected_test_clean_accuracy,5,"1011,123,42,456,789",0.9003865596193874,0.0419093172076853,0.0537091535323887,0.8422325284093624,0.9496508354741398,cluster_bootstrap_B1000,0.8380909901873327,0.9426107641986322
group|fl|fedavg|non_iid_label|3|1|0.001|3,FedAvg non_iid_label [3N] {group},group,fl,fedavg,0.0,non_iid_label,3,3,1.0,0.001,selected_test_clean_balanced_accuracy,3,"123,42,456",0.897590486823118,0.02086463265451712,0.04794615858860679,0.853131912093419,0.9490242292706326,cluster_bootstrap_B1000,0.8735788707808864,0.911303519811329
group|fl|fedavg|non_iid_label|3|2|0.001|3,FedAvg non_iid_label [3N] {group},group,fl,fedavg,0.0,non_iid_label,3,3,2.0,0.001,selected_test_clean_balanced_accuracy,3,"123,42,456",0.9090524179270562,0.04676860370692102,0.051406296760170944,0.850791137459993,0.9536037309803349,cluster_bootstrap_B1000,0.8552287789114356,0.9397805452096852
group|fl|fedavg|non_iid_label|3|5|0.0001|3,FedAvg non_iid_label [3N] {group},group,fl,fedavg,0.0,non_iid_label,3,3,5.0,0.0001,selected_test_clean_balanced_accuracy,3,"123,42,456",0.9159775228448357,0.01663764384300565,0.04021556868266846,0.8748332078373396,0.9552643452026766,cluster_bootstrap_B1000,0.8990631939050535,0.9323239394994614
group|fl|fedavg|non_iid_label|10|5|0.001|3,FedAvg non_iid_label [3N] {group},group,fl,fedavg,0.0,non_iid_label,3,10,5.0,0.001,selected_test_clean_balanced_accuracy,3,"123,42,456",0.9543484891556386,0.04204702743278642,0.04063450364369603,0.9039123815561888,0.9851813888435809,cluster_bootstrap_B1000,0.905881789157667,0.9810691588794413
group|fl|fedavg|non_iid_label|3|5|0.001|3,FedAvg non_iid_label [3N] {group},group,fl,fedavg,0.0,non_iid_label,3,3,5.0,0.001,selected_test_clean_balanced_accuracy,5,"1011,123,42,456,789",0.8924782381206408,0.046938956159581866,0.04603692239849544,0.8450087065850964,0.9370825513820873,cluster_bootstrap_B1000,0.8285701456222154,0.9415309090959685
group|fl|fedavg|non_iid_label|3|1|0.001|3,FedAvg non_iid_label [3N] {group},group,fl,fedavg,0.0,non_iid_label,3,3,1.0,0.001,selected_test_clean_f1,3,"123,42,456",0.8932732007429203,0.060893957520299476,0.0749125529563478,0.8062668399250382,0.9560919458377338,cluster_bootstrap_B1000,0.8304611540026889,0.9520481691184848
group|fl|fedavg|non_iid_label|3|2|0.001|3,FedAvg non_iid_label [3N] {group},group,fl,fedavg,0.0,non_iid_label,3,3,2.0,0.001,selected_test_clean_f1,3,"123,42,456",0.8873734840784647,0.06996697356204219,0.0764751151119839,0.7943626527473732,0.947312882971341,cluster_bootstrap_B1000,0.8067814138442977,0.9325752353471235
group|fl|fedavg|non_iid_label|3|5|0.0001|3,FedAvg non_iid_label [3N] {group},group,fl,fedavg,0.0,non_iid_label,3,3,5.0,0.0001,selected_test_clean_f1,3,"123,42,456",0.9304170240286558,0.01435161523395921,0.04354473971233791,0.8809640771235421,0.9680535565482179,cluster_bootstrap_B1000,0.9160678714799856,0.9447711006807925
group|fl|fedavg|non_iid_label|10|5|0.001|3,FedAvg non_iid_label [3N] {group},group,fl,fedavg,0.0,non_iid_label,3,10,5.0,0.001,selected_test_clean_f1,3,"123,42,456",0.9476030532568268,0.05149922510306781,0.05113823792305089,0.8822544413876235,0.9845309172337253,cluster_bootstrap_B1000,0.8882042898691399,0.9797540399813882
group|fl|fedavg|non_iid_label|3|5|0.001|3,FedAvg non_iid_label [3N] {group},group,fl,fedavg,0.0,non_iid_label,3,3,5.0,0.001,selected_test_clean_f1,5,"1011,123,42,456,789",0.8645852456283182,0.07038689178547979,0.06855354234498534,0.7883353279965484,0.9254424126865191,cluster_bootstrap_B1000,0.7652459898931656,0.9352937242836313
group|fl|fedavg|non_iid_label|3|1|0.001|3,FedAvg non_iid_label [3N] {group},group,fl,fedavg,0.0,non_iid_label,3,3,1.0,0.001,selected_test_clean_loss,3,"123,42,456",0.18375699922937336,0.08127637669690836,0.12072414896669674,0.08186834890418851,0.323316646837582,cluster_bootstrap_B1000,0.09041858479514105,0.23889997197046803
group|fl|fedavg|non_iid_label|3|2|0.001|3,FedAvg non_iid_label [3N] {group},group,fl,fedavg,0.0,non_iid_label,3,3,2.0,0.001,selected_test_clean_loss,3,"123,42,456",0.21865459011679889,0.13235880261784116,0.16788892907487243,0.0926164176115609,0.4283942757613058,cluster_bootstrap_B1000,0.13324653994845395,0.3711217754837353
group|fl|fedavg|non_iid_label|3|5|0.0001|3,FedAvg non_iid_label [3N] {group},group,fl,fedavg,0.0,non_iid_label,3,3,5.0,0.0001,selected_test_clean_loss,3,"123,42,456",0.11577678993795315,0.02680358999185997,0.08019421706020378,0.057019707704246775,0.21740814182465434,cluster_bootstrap_B1000,0.08511873351327971,0.13477938843652243
group|fl|fedavg|non_iid_label|10|5|0.001|3,FedAvg non_iid_label [3N] {group},group,fl,fedavg,0.0,non_iid_label,3,10,5.0,0.001,selected_test_clean_loss,3,"123,42,456",0.12521922231461066,0.09138463611457931,0.11503256567365269,0.04434936137145957,0.27441449271876495,cluster_bootstrap_B1000,0.05016438603980265,0.22698238113907607
group|fl|fedavg|non_iid_label|3|5|0.001|3,FedAvg non_iid_label [3N] {group},group,fl,fedavg,0.0,non_iid_label,3,3,5.0,0.001,selected_test_clean_loss,5,"1011,123,42,456,789",0.2440904420375991,0.08665227797528197,0.10653983917582278,0.14297085040914723,0.3560505287607928,cluster_bootstrap_B1000,0.14008918653732286,0.36268159943882256
group|fl|fedavg|non_iid_label|3|1|0.001|3,FedAvg non_iid_label [3N] {group},group,fl,fedavg,0.0,non_iid_label,3,3,1.0,0.001,selected_test_clean_macro_f1,3,"123,42,456",0.8632114417157443,0.03932883528861752,0.07604049276796082,0.7806695372078931,0.9327505227438148,cluster_bootstrap_B1000,0.8272144149260958,0.9051873993423503
group|fl|fedavg|non_iid_label|3|2|0.001|3,FedAvg non_iid_label [3N] {group},group,fl,fedavg,0.0,non_iid_label,3,3,2.0,0.001,selected_test_clean_macro_f1,3,"123,42,456",0.8640539393818495,0.061925214742967465,0.0864436601349508,0.761131198811154,0.9340185190810556,cluster_bootstrap_B1000,0.792696803125323,0.9037139080065801
group|fl|fedavg|non_iid_label|3|5|0.0001|3,FedAvg non_iid_label [3N] {group},group,fl,fedavg,0.0,non_iid_label,3,3,5.0,0.0001,selected_test_clean_macro_f1,3,"123,42,456",0.9302797201708416,0.011519723176888225,0.03133299294930175,0.8931374643282184,0.9558034502268219,cluster_bootstrap_B1000,0.9174463097666157,0.9397265582280725
group|fl|fedavg|non_iid_label|10|5|0.001|3,FedAvg non_iid_label [3N] {group},group,fl,fedavg,0.0,non_iid_label,3,10,5.0,0.001,selected_test_clean_macro_f1,3,"123,42,456",0.9270400102138044,0.06214305588495886,0.0757188904936994,0.8293234004937815,0.9807611814811803,cluster_bootstrap_B1000,0.8575383057047195,0.9772470650249258
group|fl|fedavg|non_iid_label|3|5|0.001|3,FedAvg non_iid_label [3N] {group},group,fl,fedavg,0.0,non_iid_label,3,3,5.0,0.001,selected_test_clean_macro_f1,5,"1011,123,42,456,789",0.8373293097672818,0.059598928273392436,0.0731890909106484,0.7603170245180171,0.9066952063393139,cluster_bootstrap_B1000,0.7533310756890005,0.8997566806674878
group|fl|fedavg|non_iid_label|3|1|0.001|3,FedAvg non_iid_label [3N] {group},group,fl,fedavg,0.0,non_iid_label,3,3,1.0,0.001,selected_test_clean_mcc,3,"123,42,456",0.7617992890762902,0.050567420683022245,0.11565384219545233,0.6466257998293459,0.8779334842202505,cluster_bootstrap_B1000,0.7126948388561929,0.81371259532306
group|fl|fedavg|non_iid_label|3|2|0.001|3,FedAvg non_iid_label [3N] {group},group,fl,fedavg,0.0,non_iid_label,3,3,2.0,0.001,selected_test_clean_mcc,3,"123,42,456",0.7693731192199281,0.09399697049207141,0.12845938892142034,0.6242601597930799,0.8811789376359206,cluster_bootstrap_B1000,0.6611370271683943,0.8305012825589976
group|fl|fedavg|non_iid_label|3|5|0.0001|3,FedAvg non_iid_label [3N] {group},group,fl,fedavg,0.0,non_iid_label,3,3,5.0,0.0001,selected_test_clean_mcc,3,"123,42,456",0.8648307165075755,0.01982141375251003,0.05695478116384056,0.8015438815184623,0.9154534438461435,cluster_bootstrap_B1000,0.8428037096376865,0.8812290755035905
group|fl|fedavg|non_iid_label|10|5|0.001|3,FedAvg non_iid_label [3N] {group},group,fl,fedavg,0.0,non_iid_label,3,10,5.0,0.001,selected_test_clean_mcc,3,"123,42,456",0.8730316214090464,0.10061697696361693,0.1184907176659395,0.7254863127489337,0.9624677480808127,cluster_bootstrap_B1000,0.7609824223113354,0.955655258336502
group|fl|fedavg|non_iid_label|3|5|0.001|3,FedAvg non_iid_label [3N] {group},group,fl,fedavg,0.0,non_iid_label,3,3,5.0,0.001,selected_test_clean_mcc,5,"1011,123,42,456,789",0.7308741764024062,0.08712250645222468,0.1080226402050693,0.6223261341155156,0.8383714145256542,cluster_bootstrap_B1000,0.6133686862665848,0.8257283997190257
group|fl|fedavg|non_iid_label|3|1|0.001|3,FedAvg non_iid_label [3N] {group},group,fl,fedavg,0.0,non_iid_label,3,3,1.0,0.001,selected_test_clean_precision,3,"123,42,456",0.992407857430932,0.007393775970396703,0.01084910700406827,0.9770026986801812,0.9987009126883177,cluster_bootstrap_B1000,0.983873237253813,0.9968704030814493
group|fl|fedavg|non_iid_label|3|2|0.001|3,FedAvg non_iid_label [3N] {group},group,fl,fedavg,0.0,non_iid_label,3,3,2.0,0.001,selected_test_clean_precision,3,"123,42,456",0.9980847754552955,7.620259429516108e-05,0.0023490381481936495,0.9953019237036127,1.0,cluster_bootstrap_B1000,0.9979997073663444,0.9981467877070542
group|fl|fedavg|non_iid_label|3|5|0.0001|3,FedAvg non_iid_label [3N] {group},group,fl,fedavg,0.0,non_iid_label,3,3,5.0,0.0001,selected_test_clean_precision,3,"123,42,456",0.9670435923156063,0.009363271026376347,0.0329438736035812,0.9249853431407411,0.9908730903479035,cluster_bootstrap_B1000,0.9565109238041802,0.9744236944948835
group|fl|fedavg|non_iid_label|10|5|0.001|3,FedAvg non_iid_label [3N] {group},group,fl,fedavg,0.0,non_iid_label,3,10,5.0,0.001,selected_test_clean_precision,3,"123,42,456",0.9973173637851686,0.00048064246968159563,0.002982398655859697,0.9933244159712202,0.9992892132829396,cluster_bootstrap_B1000,0.9967840488899709,0.9977170573202843
group|fl|fedavg|non_iid_label|3|5|0.001|3,FedAvg non_iid_label [3N] {group},group,fl,fedavg,0.0,non_iid_label,3,3,5.0,0.001,selected_test_clean_precision,5,"1011,123,42,456,789",0.9977016857733487,0.0005528110059820301,0.00206485009213514,0.9952252382308008,0.9993549384150711,cluster_bootstrap_B1000,0.9969113128450905,0.998184172393079
group|fl|fedavg|non_iid_label|3|1|0.001|3,FedAvg non_iid_label [3N] {group},group,fl,fedavg,0.0,non_iid_label,3,3,1.0,0.001,selected_test_clean_recall,3,"123,42,456",0.8317477536047838,0.08881484583492624,0.10498120149299506,0.7214784439842361,0.9314408469702262,cluster_bootstrap_B1000,0.7475330198104931,0.9245402840081198
group|fl|fedavg|non_iid_label|3|2|0.001|3,FedAvg non_iid_label [3N] {group},group,fl,fedavg,0.0,non_iid_label,3,3,2.0,0.001,selected_test_clean_recall,3,"123,42,456",0.8184175677280461,0.09364518005704663,0.10312857673585091,0.7017455774794581,0.9080027309511599,cluster_bootstrap_B1000,0.710645196947231,0.879936368668091
group|fl|fedavg|non_iid_label|3|5|0.0001|3,FedAvg non_iid_label [3N] {group},group,fl,fedavg,0.0,non_iid_label,3,3,5.0,0.0001,selected_test_clean_recall,3,"123,42,456",0.9036496562111226,0.023731411988263507,0.06627180292630158,0.8372633362153834,0.9698069420679866,cluster_bootstrap_B1000,0.8777589038019371,0.9243688101152246
group|fl|fedavg|non_iid_label|10|5|0.001|3,FedAvg non_iid_label [3N] {group},group,fl,fedavg,0.0,non_iid_label,3,10,5.0,0.001,selected_test_clean_recall,3,"123,42,456",0.9099646580816306,0.08484270994729427,0.08195436742137652,0.8083893781576071,0.9722981130003602,cluster_bootstrap_B1000,0.8121388565640544,0.9634459118569372
group|fl|fedavg|non_iid_label|3|5|0.001|3,FedAvg non_iid_label [3N] {group},group,fl,fedavg,0.0,non_iid_label,3,3,5.0,0.001,selected_test_clean_recall,5,"1011,123,42,456,789",0.7852942266651298,0.09394179645721465,0.09233104855541835,0.6902953629369003,0.874957460047737,cluster_bootstrap_B1000,0.657327930368791,0.8834370964406575
group|fl|fedavg|non_iid_label|3|1|0.001|3,FedAvg non_iid_label [3N] {group},group,fl,fedavg,0.0,non_iid_label,3,3,1.0,0.001,selected_test_clean_roc_auc,3,"123,42,456",0.9710835089025335,0.023128289950371105,0.026136466749915377,0.9422136242725112,0.994486557772342,cluster_bootstrap_B1000,0.9447509365901403,0.9881052486750869
group|fl|fedavg|non_iid_label|3|2|0.001|3,FedAvg non_iid_label [3N] {group},group,fl,fedavg,0.0,non_iid_label,3,3,2.0,0.001,selected_test_clean_roc_auc,3,"123,42,456",0.9873373003827682,0.004736123378234188,0.011331586233105762,0.9739095832269604,0.9965727556931719,cluster_bootstrap_B1000,0.9820311511593538,0.9911368696381612
group|fl|fedavg|non_iid_label|3|5|0.0001|3,FedAvg non_iid_label [3N] {group},group,fl,fedavg,0.0,non_iid_label,3,3,5.0,0.0001,selected_test_clean_roc_auc,3,"123,42,456",0.9894286584909042,0.004096636708237563,0.009448313932787111,0.9773662369012762,0.9962628647668504,cluster_bootstrap_B1000,0.9866013951227464,0.9941267031673737
group|fl|fedavg|non_iid_label|10|5|0.001|3,FedAvg non_iid_label [3N] {group},group,fl,fedavg,0.0,non_iid_label,3,10,5.0,0.001,selected_test_clean_roc_auc,3,"123,42,456",0.985546702156929,0.011405109771547453,0.016784270271321067,0.9631671642578743,0.9967357048005164,cluster_bootstrap_B1000,0.9725976630772384,0.994099278261339
group|fl|fedavg|non_iid_label|3|5|0.001|3,FedAvg non_iid_label [3N] {group},group,fl,fedavg,0.0,non_iid_label,3,3,5.0,0.001,selected_test_clean_roc_auc,5,"1011,123,42,456,789",0.9554034339962854,0.0488111556385731,0.039292483775490106,0.9085547244160971,0.9871396919670773,cluster_bootstrap_B1000,0.870088594927228,0.994690461356998
group|fl|fedavg|non_iid_label|3|1|0.001|3,FedAvg non_iid_label [3N] {group},group,fl,fedavg,0.0,non_iid_label,3,3,1.0,0.001,selected_test_clean_specificity,3,"123,42,456",0.9634332200414524,0.06252308990611329,0.06412668261245469,0.8715313620989383,0.9997847273238477,cluster_bootstrap_B1000,0.8912378557461582,0.9996247217512796
group|fl|fedavg|non_iid_label|3|2|0.001|3,FedAvg non_iid_label [3N] {group},group,fl,fedavg,0.0,non_iid_label,3,3,2.0,0.001,selected_test_clean_specificity,3,"123,42,456",0.9996872681260663,0.00010833349895983856,0.0004612204347541615,0.9990775591304917,1.0,cluster_bootstrap_B1000,0.9996247217512796,0.9998123608756397
group|fl|fedavg|non_iid_label|3|5|0.0001|3,FedAvg non_iid_label [3N] {group},group,fl,fedavg,0.0,non_iid_label,3,3,5.0,0.0001,selected_test_clean_specificity,3,"123,42,456",0.9283053894785486,0.024535031039296214,0.05436567513714613,0.8671292260344903,0.9758605763087825,cluster_bootstrap_B1000,0.9087220601447593,0.9558266242827165
group|fl|fedavg|non_iid_label|10|5|0.001|3,FedAvg non_iid_label [3N] {group},group,fl,fedavg,0.0,non_iid_label,3,10,5.0,0.001,selected_test_clean_specificity,3,"123,42,456",0.9987323202296464,0.0008731288694080409,0.00162017431090955,0.9963857101442674,0.9996260587660865,cluster_bootstrap_B1000,0.9978798330357141,0.9996247217512796
group|fl|fedavg|non_iid_label|3|5|0.001|3,FedAvg non_iid_label [3N] {group},group,fl,fedavg,0.0,non_iid_label,3,3,5.0,0.001,selected_test_clean_specificity,5,"1011,123,42,456,789",0.9996622495761516,8.391476746156665e-05,0.00035603781331233764,0.9991793543786388,0.9998914300052635,cluster_bootstrap_B1000,0.9996247217512796,0.9998123608756397
group|fl|fedavg|non_iid_label|3|1|0.001|3,FedAvg non_iid_label [3N] {group},group,fl,fedavg,0.0,non_iid_label,3,3,1.0,0.001,selected_test_f1,3,"123,42,456",0.8957510739513248,0.05890891737642508,0.08068852042968927,0.7967789077307443,0.9581559485901229,cluster_bootstrap_B1000,0.8351088806540186,0.9527583812813689
group|fl|fedavg|non_iid_label|3|2|0.001|3,FedAvg non_iid_label [3N] {group},group,fl,fedavg,0.0,non_iid_label,3,3,2.0,0.001,selected_test_f1,3,"123,42,456",0.8901989031240616,0.06735236258959916,0.08307196882180767,0.7880762655046764,0.9542202031482917,cluster_bootstrap_B1000,0.8126364509283664,0.9339187781711374
group|fl|fedavg|non_iid_label|3|5|0.0001|3,FedAvg non_iid_label [3N] {group},group,fl,fedavg,0.0,non_iid_label,3,3,5.0,0.0001,selected_test_f1,3,"123,42,456",0.9320895946834461,0.014115905595928433,0.03773968688347751,0.8911678111564806,0.9666471849234356,cluster_bootstrap_B1000,0.9177688250629328,0.9459913042077557
group|fl|fedavg|non_iid_label|10|5|0.001|3,FedAvg non_iid_label [3N] {group},group,fl,fedavg,0.0,non_iid_label,3,10,5.0,0.001,selected_test_f1,3,"123,42,456",0.9483533266012939,0.050009946686380743,0.04843420536130427,0.8872193729076084,0.984087783630217,cluster_bootstrap_B1000,0.8906572025602616,0.9792901012770123
group|fl|fedavg|non_iid_label|3|5|0.001|3,FedAvg non_iid_label [3N] {group},group,fl,fedavg,0.0,non_iid_label,3,3,5.0,0.001,selected_test_f1,5,"1011,123,42,456,789",0.8679589294416278,0.06807059582999352,0.06830521701022224,0.7889095953886877,0.9255200294091321,cluster_bootstrap_B1000,0.7718842774732089,0.9366661390001289
group|fl|fedavg|non_iid_label|3|1|0.001|3,FedAvg non_iid_label [3N] {group},group,fl,fedavg,0.0,non_iid_label,3,3,1.0,0.001,selected_test_fn,3,"123,42,456",494.3333333333333,238.24846973975158,591.8420084473242,-97.50867511399093,1086.1753417806576,t_seeds,221.0,658.0
group|fl|fedavg|non_iid_label|3|2|0.001|3,FedAvg non_iid_label [3N] {group},group,fl,fedavg,0.0,non_iid_label,3,3,2.0,0.001,selected_test_fn,3,"123,42,456",539.6666666666666,269.26257321308753,668.885312481565,-129.21864581489842,1208.5519791482316,t_seeds,368.0,850.0
group|fl|fedavg|non_iid_label|3|5|0.0001|3,FedAvg non_iid_label [3N] {group},group,fl,fedavg,0.0,non_iid_label,3,3,5.0,0.0001,selected_test_fn,3,"123,42,456",162.66666666666666,38.83726732577014,96.4771203852745,66.18954628139215,259.14378705194116,t_seeds,131.0,206.0
group|fl|fedavg|non_iid_label|10|5|0.001|3,FedAvg non_iid_label [3N] {group},group,fl,fedavg,0.0,non_iid_label,3,10,5.0,0.001,selected_test_fn,3,"123,42,456",283.3333333333333,267.78785135501073,665.2219002995739,-381.8885669662406,948.5552336329072,t_seeds,81.0,587.0
group|fl|fedavg|non_iid_label|3|5|0.001|3,FedAvg non_iid_label [3N] {group},group,fl,fedavg,0.0,non_iid_label,3,3,5.0,0.001,selected_test_fn,5,"1011,123,42,456,789",684.0,289.17036500997125,359.0524315803228,324.9475684196772,1043.0524315803227,t_seeds,392.0,1115.0
group|fl|fedavg|non_iid_label|3|1|0.001|3,FedAvg non_iid_label [3N] {group},group,fl,fedavg,0.0,non_iid_label,3,3,1.0,0.001,selected_test_fp,3,"123,42,456",29.0,45.902069670114,114.02706231492122,-85.02706231492122,143.02706231492124,t_seeds,2.0,82.0
group|fl|fedavg|non_iid_label|3|2|0.001|3,FedAvg non_iid_label [3N] {group},group,fl,fedavg,0.0,non_iid_label,3,3,2.0,0.001,selected_test_fp,3,"123,42,456",1.6666666666666667,0.5773502691896257,1.434217576583154,0.23244909008351278,3.100884243249821,t_seeds,1.0,2.0
group|fl|fedavg|non_iid_label|3|5|0.0001|3,FedAvg non_iid_label [3N] {group},group,fl,fedavg,0.0,non_iid_label,3,3,5.0,0.0001,selected_test_fp,3,"123,42,456",77.0,8.660254037844387,21.513263648747316,55.48673635125269,98.51326364874731,t_seeds,72.0,87.0
group|fl|fedavg|non_iid_label|10|5|0.001|3,FedAvg non_iid_label [3N] {group},group,fl,fedavg,0.0,non_iid_label,3,10,5.0,0.001,selected_test_fp,3,"123,42,456",3.6666666666666665,1.5275252316519465,3.7945830335967594,-0.1279163669300929,7.461249700263426,t_seeds,2.0,5.0
group|fl|fedavg|non_iid_label|3|5|0.001|3,FedAvg non_iid_label [3N] {group},group,fl,fedavg,0.0,non_iid_label,3,3,5.0,0.001,selected_test_fp,5,"1011,123,42,456,789",1.8,0.4472135954999579,0.5552890210395586,1.2447109789604416,2.3552890210395585,t_seeds,1.0,2.0
group|fl|fedavg|non_iid_label|3|1|0.001|3,FedAvg non_iid_label [3N] {group},group,fl,fedavg,0.0,non_iid_label,3,3,1.0,0.001,selected_test_loss,3,"123,42,456",0.1766041547488637,0.07677683116238886,0.12358680269609491,0.07760811398545472,0.32478171937764455,cluster_bootstrap_B1000,0.08845321851407345,0.2288491475792039
group|fl|fedavg|non_iid_label|3|2|0.001|3,FedAvg non_iid_label [3N] {group},group,fl,fedavg,0.0,non_iid_label,3,3,2.0,0.001,selected_test_loss,3,"123,42,456",0.209733412904846,0.12559223579473933,0.16007649201168775,0.09070085319683054,0.410853837220206,cluster_bootstrap_B1000,0.12850340045357156,0.3543901102922274
group|fl|fedavg|non_iid_label|3|5|0.0001|3,FedAvg non_iid_label [3N] {group},group,fl,fedavg,0.0,non_iid_label,3,3,5.0,0.0001,selected_test_loss,3,"123,42,456",0.1102583657555707,0.025501452647850753,0.06848467988428447,0.06089963425903254,0.19786899402760147,cluster_bootstrap_B1000,0.0811509010338155,0.12867094642318522
group|fl|fedavg|non_iid_label|10|5|0.001|3,FedAvg non_iid_label [3N] {group},group,fl,fedavg,0.0,non_iid_label,3,10,5.0,0.001,selected_test_loss,3,"123,42,456",0.11960831585805613,0.08623937278227055,0.10808280867964012,0.043103538075984896,0.25926915543526513,cluster_bootstrap_B1000,0.048851311875889335,0.21566889270226358
group|fl|fedavg|non_iid_label|3|5|0.001|3,FedAvg non_iid_label [3N] {group},group,fl,fedavg,0.0,non_iid_label,3,3,5.0,0.001,selected_test_loss,5,"1011,123,42,456,789",0.23636802322378472,0.08389321106094615,0.10708668024300232,0.1393942572037288,0.35356761768973344,cluster_bootstrap_B1000,0.13599243264391223,0.34976928568724364
group|fl|fedavg|non_iid_label|3|1|0.001|3,FedAvg non_iid_label [3N] {group},group,fl,fedavg,0.0,non_iid_label,3,3,1.0,0.001,selected_test_macro_f1,3,"123,42,456",0.8706891992620996,0.03897216014062073,0.0750667698196597,0.786600346648141,0.9367338862874605,cluster_bootstrap_B1000,0.835378357005006,0.9125042474644895
group|fl|fedavg|non_iid_label|3|2|0.001|3,FedAvg non_iid_label [3N] {group},group,fl,fedavg,0.0,non_iid_label,3,3,2.0,0.001,selected_test_macro_f1,3,"123,42,456",0.8707165668889738,0.059343723096213455,0.08193530603426091,0.7789101068385261,0.942780718907048,cluster_bootstrap_B1000,0.8023478337943534,0.9088965212775741
group|fl|fedavg|non_iid_label|3|5|0.0001|3,FedAvg non_iid_label [3N] {group},group,fl,fedavg,0.0,non_iid_label,3,3,5.0,0.0001,selected_test_macro_f1,3,"123,42,456",0.9342673833059291,0.011009735876459693,0.028755114488752398,0.9002299980115853,0.9577402269890901,cluster_bootstrap_B1000,0.9218443770950628,0.9428168281520793
group|fl|fedavg|non_iid_label|10|5|0.001|3,FedAvg non_iid_label [3N] {group},group,fl,fedavg,0.0,non_iid_label,3,10,5.0,0.001,selected_test_macro_f1,3,"123,42,456",0.9309716060708678,0.058841890309533934,0.066440344038734,0.8465415234272134,0.9794222115046815,cluster_bootstrap_B1000,0.8649612131747196,0.977917357653919
group|fl|fedavg|non_iid_label|3|5|0.001|3,FedAvg non_iid_label [3N] {group},group,fl,fedavg,0.0,non_iid_label,3,3,5.0,0.001,selected_test_macro_f1,5,"1011,123,42,456,789",0.8449975494435578,0.057601428770094186,0.07136547242278285,0.7665141599434663,0.909245104789032,cluster_bootstrap_B1000,0.7635842061778053,0.905504455841372
group|fl|fedavg|non_iid_label|3|1|0.001|3,FedAvg non_iid_label [3N] {group},group,fl,fedavg,0.0,non_iid_label,3,3,1.0,0.001,selected_test_macro_precision,3,"123,42,456",0.8858516243607001,0.025253449322813898,0.06273304581457784,0.8231185785461222,0.9485846701752779,t_seeds,0.8708943133216371,0.915008514069401
group|fl|fedavg|non_iid_label|3|2|0.001|3,FedAvg non_iid_label [3N] {group},group,fl,fedavg,0.0,non_iid_label,3,3,2.0,0.001,selected_test_macro_precision,3,"123,42,456",0.8838271265547091,0.034927956395964396,0.08676585367758631,0.7970612728771228,0.9705929802322953,t_seeds,0.8436273198514376,0.9067455035647454
group|fl|fedavg|non_iid_label|3|5|0.0001|3,FedAvg non_iid_label [3N] {group},group,fl,fedavg,0.0,non_iid_label,3,3,5.0,0.0001,selected_test_macro_precision,3,"123,42,456",0.9533358887221061,0.004163057439010399,0.010341607980428482,0.9429942807416776,0.9636774967025346,t_seeds,0.9498665172980559,0.9579521787931624
group|fl|fedavg|non_iid_label|10|5|0.001|3,FedAvg non_iid_label [3N] {group},group,fl,fedavg,0.0,non_iid_label,3,10,5.0,0.001,selected_test_macro_precision,3,"123,42,456",0.93093819164651,0.048823487698873784,0.1212842670119507,0.8096539246345593,1.0522224586584608,t_seeds,0.879618943810296,0.9768088039676124
group|fl|fedavg|non_iid_label|3|5|0.001|3,FedAvg non_iid_label [3N] {group},group,fl,fedavg,0.0,non_iid_label,3,3,5.0,0.001,selected_test_macro_precision,5,"1011,123,42,456,789",0.8660257974787328,0.030186883559395916,0.03748196653367101,0.8285438309450618,0.9035077640124037,t_seeds,0.8264842358997678,0.9017148058753491
group|fl|fedavg|non_iid_label|3|1|0.001|3,FedAvg non_iid_label [3N] {group},group,fl,fedavg,0.0,non_iid_label,3,3,1.0,0.001,selected_test_macro_recall,3,"123,42,456",0.9007068435181788,0.022312593946990106,0.05542755607069027,0.8452792874474885,0.956134399588869,t_seeds,0.8749657755230469,0.9145260146938891
group|fl|fedavg|non_iid_label|3|2|0.001|3,FedAvg non_iid_label [3N] {group},group,fl,fedavg,0.0,non_iid_label,3,3,2.0,0.001,selected_test_macro_recall,3,"123,42,456",0.9102953981003381,0.046041597012828464,0.11437366744877853,0.7959217306515596,1.0246690655491166,t_seeds,0.8573221165215282,0.9406810431947925
group|fl|fedavg|non_iid_label|3|5|0.0001|3,FedAvg non_iid_label [3N] {group},group,fl,fedavg,0.0,non_iid_label,3,3,5.0,0.0001,selected_test_macro_recall,3,"123,42,456",0.9205953159440714,0.01588957395902103,0.039471889895250134,0.8811234260488212,0.9600672058393216,t_seeds,0.9039806408753548,0.935643795063497
group|fl|fedavg|non_iid_label|10|5|0.001|3,FedAvg non_iid_label [3N] {group},group,fl,fedavg,0.0,non_iid_label,3,10,5.0,0.001,selected_test_macro_recall,3,"123,42,456",0.9547775798861222,0.041161954474879026,0.10225196340039724,0.852525616485725,1.0570295432865195,t_seeds,0.9073106559864912,0.9806264254470101
group|fl|fedavg|non_iid_label|3|5|0.001|3,FedAvg non_iid_label [3N] {group},group,fl,fedavg,0.0,non_iid_label,3,3,5.0,0.001,selected_test_macro_recall,5,"1011,123,42,456,789",0.8939856840535084,0.04631679383829062,0.057509895421231395,0.836475788632277,0.9514955794747398,t_seeds,0.8308581010957332,0.9425605578468623
group|fl|fedavg|non_iid_label|3|1|0.001|3,FedAvg non_iid_label [3N] {group},group,fl,fedavg,0.0,non_iid_label,3,3,1.0,0.001,selected_test_macro_specificity,3,"123,42,456",0.9007068435181788,0.022312593946990106,0.05542755607069027,0.8452792874474885,0.956134399588869,t_seeds,0.8749657755230469,0.9145260146938891
group|fl|fedavg|non_iid_label|3|2|0.001|3,FedAvg non_iid_label [3N] {group},group,fl,fedavg,0.0,non_iid_label,3,3,2.0,0.001,selected_test_macro_specificity,3,"123,42,456",0.9102953981003381,0.046041597012828464,0.11437366744877853,0.7959217306515596,1.0246690655491166,t_seeds,0.8573221165215282,0.9406810431947925
group|fl|fedavg|non_iid_label|3|5|0.0001|3,FedAvg non_iid_label [3N] {group},group,fl,fedavg,0.0,non_iid_label,3,3,5.0,0.0001,selected_test_macro_specificity,3,"123,42,456",0.9205953159440714,0.01588957395902103,0.039471889895250134,0.8811234260488212,0.9600672058393216,t_seeds,0.9039806408753548,0.935643795063497
group|fl|fedavg|non_iid_label|10|5|0.001|3,FedAvg non_iid_label [3N] {group},group,fl,fedavg,0.0,non_iid_label,3,10,5.0,0.001,selected_test_macro_specificity,3,"123,42,456",0.9547775798861222,0.041161954474879026,0.10225196340039724,0.852525616485725,1.0570295432865195,t_seeds,0.9073106559864912,0.9806264254470101
group|fl|fedavg|non_iid_label|3|5|0.001|3,FedAvg non_iid_label [3N] {group},group,fl,fedavg,0.0,non_iid_label,3,3,5.0,0.001,selected_test_macro_specificity,5,"1011,123,42,456,789",0.8939856840535084,0.04631679383829062,0.057509895421231395,0.836475788632277,0.9514955794747398,t_seeds,0.8308581010957332,0.9425605578468623
group|fl|fedavg|non_iid_label|3|1|0.001|3,FedAvg non_iid_label [3N] {group},group,fl,fedavg,0.0,non_iid_label,3,3,1.0,0.001,selected_test_mcc,3,"123,42,456",0.7737261597041161,0.052294129738876316,0.11665748635197426,0.6497614431255663,0.8830764158295148,cluster_bootstrap_B1000,0.7238766667619985,0.8281627181359263
group|fl|fedavg|non_iid_label|3|2|0.001|3,FedAvg non_iid_label [3N] {group},group,fl,fedavg,0.0,non_iid_label,3,3,2.0,0.001,selected_test_mcc,3,"123,42,456",0.7790805334832168,0.0910991891366594,0.12493571042391444,0.6445339045728764,0.8944053254207053,cluster_bootstrap_B1000,0.6742072283996297,0.8386062389935297
group|fl|fedavg|non_iid_label|3|5|0.0001|3,FedAvg non_iid_label [3N] {group},group,fl,fedavg,0.0,non_iid_label,3,3,5.0,0.0001,selected_test_mcc,3,"123,42,456",0.8723390781617262,0.019066734351813948,0.052491216543452235,0.8129965980587567,0.9179790311456612,cluster_bootstrap_B1000,0.8508522954635863,0.8872392694584518
group|fl|fedavg|non_iid_label|10|5|0.001|3,FedAvg non_iid_label [3N] {group},group,fl,fedavg,0.0,non_iid_label,3,10,5.0,0.001,selected_test_mcc,3,"123,42,456",0.879078707746816,0.09610753083264602,0.1054117560412598,0.7492371266790372,0.9600606387615568,cluster_bootstrap_B1000,0.7716592224597407,0.9569224123162967
group|fl|fedavg|non_iid_label|3|5|0.001|3,FedAvg non_iid_label [3N] {group},group,fl,fedavg,0.0,non_iid_label,3,3,5.0,0.001,selected_test_mcc,5,"1011,123,42,456,789",0.7416657521985399,0.08517664087006192,0.10576245350185659,0.6303116705943085,0.8418365775980217,cluster_bootstrap_B1000,0.6263607972452081,0.8346678644084184
group|fl|fedavg|non_iid_label|3|1|0.001|3,FedAvg non_iid_label [3N] {group},group,fl,fedavg,0.0,non_iid_label,3,3,1.0,0.001,selected_test_n_examples,3,"123,42,456",7198.0,0.0,0.0,7198.0,7198.0,t_seeds,7198.0,7198.0
group|fl|fedavg|non_iid_label|3|2|0.001|3,FedAvg non_iid_label [3N] {group},group,fl,fedavg,0.0,non_iid_label,3,3,2.0,0.001,selected_test_n_examples,3,"123,42,456",7198.0,0.0,0.0,7198.0,7198.0,t_seeds,7198.0,7198.0
group|fl|fedavg|non_iid_label|3|5|0.0001|3,FedAvg non_iid_label [3N] {group},group,fl,fedavg,0.0,non_iid_label,3,3,5.0,0.0001,selected_test_n_examples,3,"123,42,456",7198.0,0.0,0.0,7198.0,7198.0,t_seeds,7198.0,7198.0
group|fl|fedavg|non_iid_label|10|5|0.001|3,FedAvg non_iid_label [3N] {group},group,fl,fedavg,0.0,non_iid_label,3,10,5.0,0.001,selected_test_n_examples,3,"123,42,456",7198.0,0.0,0.0,7198.0,7198.0,t_seeds,7198.0,7198.0
group|fl|fedavg|non_iid_label|3|5|0.001|3,FedAvg non_iid_label [3N] {group},group,fl,fedavg,0.0,non_iid_label,3,3,5.0,0.001,selected_test_n_examples,5,"1011,123,42,456,789",7198.0,0.0,0.0,7198.0,7198.0,t_seeds,7198.0,7198.0
group|fl|fedavg|non_iid_label|3|1|0.001|3,FedAvg non_iid_label [3N] {group},group,fl,fedavg,0.0,non_iid_label,3,3,1.0,0.001,selected_test_precision,3,"123,42,456",0.9928770785649058,0.007030379181153937,0.0106032393206269,0.9775627360934214,0.9987692147346752,cluster_bootstrap_B1000,0.9847598548012864,0.9970318164541254
group|fl|fedavg|non_iid_label|3|2|0.001|3,FedAvg non_iid_label [3N] {group},group,fl,fedavg,0.0,non_iid_label,3,3,2.0,0.001,selected_test_precision,3,"123,42,456",0.9982157370210706,0.00012559515289832783,0.0022102422533262223,0.9953884814895291,0.9998089659961815,cluster_bootstrap_B1000,0.9981001370276169,0.9983493764769641
group|fl|fedavg|non_iid_label|3|5|0.0001|3,FedAvg non_iid_label [3N] {group},group,fl,fedavg,0.0,non_iid_label,3,3,5.0,0.0001,selected_test_precision,3,"123,42,456",0.9686665934420201,0.009066602725182074,0.030668877638043324,0.9282922587740631,0.9896300140501497,cluster_bootstrap_B1000,0.9584928624161602,0.9758923097530122
group|fl|fedavg|non_iid_label|10|5|0.001|3,FedAvg non_iid_label [3N] {group},group,fl,fedavg,0.0,non_iid_label,3,10,5.0,0.001,selected_test_precision,3,"123,42,456",0.9974243739536771,0.0004906059002996357,0.003008181684961253,0.9933427831526046,0.9993591465225271,cluster_bootstrap_B1000,0.9968872442715796,0.9978488648280436
group|fl|fedavg|non_iid_label|3|5|0.001|3,FedAvg non_iid_label [3N] {group},group,fl,fedavg,0.0,non_iid_label,3,3,5.0,0.001,selected_test_precision,5,"1011,123,42,456,789",0.9978746605269844,0.00048513719414193215,0.0019114980518026292,0.9955519461058108,0.999374942209416,cluster_bootstrap_B1000,0.9971862788890022,0.998263406501806
group|fl|fedavg|non_iid_label|3|1|0.001|3,FedAvg non_iid_label [3N] {group},group,fl,fedavg,0.0,non_iid_label,3,3,1.0,0.001,selected_test_recall,3,"123,42,456",0.8336626477648476,0.08759239888455109,0.11018011895729946,0.7134565466616621,0.933816784576261,cluster_bootstrap_B1000,0.7502788697457327,0.9249306148241513
group|fl|fedavg|non_iid_label|3|2|0.001|3,FedAvg non_iid_label [3N] {group},group,fl,fedavg,0.0,non_iid_label,3,3,2.0,0.001,selected_test_recall,3,"123,42,456",0.820880228450375,0.09218309652948085,0.1133868425078226,0.6914915251075167,0.9182652101231619,cluster_bootstrap_B1000,0.714817892392876,0.8817094050892239
group|fl|fedavg|non_iid_label|3|5|0.0001|3,FedAvg non_iid_label [3N] {group},group,fl,fedavg,0.0,non_iid_label,3,3,5.0,0.0001,selected_test_recall,3,"123,42,456",0.9046922352589127,0.02392706928170963,0.06093726752976314,0.8451838241034245,0.9670583591629508,cluster_bootstrap_B1000,0.87834365447099,0.9250650576044922
group|fl|fedavg|non_iid_label|10|5|0.001|3,FedAvg non_iid_label [3N] {group},group,fl,fedavg,0.0,non_iid_label,3,10,5.0,0.001,selected_test_recall,3,"123,42,456",0.9107100363952462,0.08300558414471258,0.07938906168993493,0.8133127757577907,0.9720908991376606,cluster_bootstrap_B1000,0.8149686306726212,0.9624684663427556
group|fl|fedavg|non_iid_label|3|5|0.001|3,FedAvg non_iid_label [3N] {group},group,fl,fedavg,0.0,non_iid_label,3,3,5.0,0.001,selected_test_recall,5,"1011,123,42,456,789",0.7882839549366917,0.09269277367929463,0.09291107912264573,0.6848598076022554,0.8706819658475469,cluster_bootstrap_B1000,0.6618898615412858,0.8854684343933635
group|fl|fedavg|non_iid_label|3|1|0.001|3,FedAvg non_iid_label [3N] {group},group,fl,fedavg,0.0,non_iid_label,3,3,1.0,0.001,selected_test_roc_auc,3,"123,42,456",0.973388626083821,0.02202145822266651,0.026582388605242424,0.94194357201019,0.9951083492206748,cluster_bootstrap_B1000,0.948306218910875,0.9895491196642784
group|fl|fedavg|non_iid_label|3|2|0.001|3,FedAvg non_iid_label [3N] {group},group,fl,fedavg,0.0,non_iid_label,3,3,2.0,0.001,selected_test_roc_auc,3,"123,42,456",0.9885631673654401,0.004525827314471852,0.010226118875307832,0.9762318498498742,0.9966840876004899,cluster_bootstrap_B1000,0.9834495412118238,0.992053379366186
group|fl|fedavg|non_iid_label|3|5|0.0001|3,FedAvg non_iid_label [3N] {group},group,fl,fedavg,0.0,non_iid_label,3,3,5.0,0.0001,selected_test_roc_auc,3,"123,42,456",0.9896931808018395,0.004250646402029121,0.008498380715343645,0.9794599170528469,0.9964566784835341,cluster_bootstrap_B1000,0.9868181096966829,0.9945757808589378
group|fl|fedavg|non_iid_label|10|5|0.001|3,FedAvg non_iid_label [3N] {group},group,fl,fedavg,0.0,non_iid_label,3,10,5.0,0.001,selected_test_roc_auc,3,"123,42,456",0.9872434155995248,0.009980352166038943,0.014367199474819792,0.9681193990226108,0.9968537979722504,cluster_bootstrap_B1000,0.9758958395936711,0.9946584153792577
group|fl|fedavg|non_iid_label|3|5|0.001|3,FedAvg non_iid_label [3N] {group},group,fl,fedavg,0.0,non_iid_label,3,3,5.0,0.001,selected_test_roc_auc,5,"1011,123,42,456,789",0.9566373512550465,0.04724768610244445,0.041279630736084705,0.9056073207965669,0.9881665822687363,cluster_bootstrap_B1000,0.8741732826581881,0.9951528455393749
group|fl|fedavg|non_iid_label|3|1|0.001|3,FedAvg non_iid_label [3N] {group},group,fl,fedavg,0.0,non_iid_label,3,3,1.0,0.001,selected_test_specificity,3,"123,42,456",0.96775103927151,0.05510493983974562,0.05995411954751023,0.8799103759551364,0.9998186150501569,cluster_bootstrap_B1000,0.9041214145636268,0.9996526813003612
group|fl|fedavg|non_iid_label|3|2|0.001|3,FedAvg non_iid_label [3N] {group},group,fl,fedavg,0.0,non_iid_label,3,3,2.0,0.001,selected_test_specificity,3,"123,42,456",0.999710567750301,0.00010026227236551925,0.0004203178658496731,0.9991207339198483,0.9999613696515477,cluster_bootstrap_B1000,0.9996526813003612,0.9998263406501806
group|fl|fedavg|non_iid_label|3|5|0.0001|3,FedAvg non_iid_label [3N] {group},group,fl,fedavg,0.0,non_iid_label,3,3,5.0,0.0001,selected_test_specificity,3,"123,42,456",0.9364983966292301,0.021522194456676465,0.04898744376252473,0.8791897578966565,0.977164645421706,cluster_bootstrap_B1000,0.9192579661822325,0.9606195964257382
group|fl|fedavg|non_iid_label|10|5|0.001|3,FedAvg non_iid_label [3N] {group},group,fl,fedavg,0.0,non_iid_label,3,10,5.0,0.001,selected_test_specificity,3,"123,42,456",0.9988451233769982,0.0007789665490641045,0.0013287135757055202,0.9970352984695231,0.9996927256209341,cluster_bootstrap_B1000,0.998098304279369,0.9996526813003612
group|fl|fedavg|non_iid_label|3|5|0.001|3,FedAvg non_iid_label [3N] {group},group,fl,fedavg,0.0,non_iid_label,3,3,5.0,0.001,selected_test_specificity,5,"1011,123,42,456,789",0.9996874131703251,7.766282222491363e-05,0.0003397102149779174,0.9992268183758297,0.9999062388057856,cluster_bootstrap_B1000,0.9996526813003612,0.9998263406501806
group|fl|fedavg|non_iid_label|3|1|0.001|3,FedAvg non_iid_label [3N] {group},group,fl,fedavg,0.0,non_iid_label,3,3,1.0,0.001,selected_test_tn,3,"123,42,456",2647.0,45.902069670114,114.02706231492122,2532.9729376850787,2761.0270623149213,t_seeds,2594.0,2674.0
group|fl|fedavg|non_iid_label|3|2|0.001|3,FedAvg non_iid_label [3N] {group},group,fl,fedavg,0.0,non_iid_label,3,3,2.0,0.001,selected_test_tn,3,"123,42,456",2674.3333333333335,0.5773502691896258,1.4342175765831542,2672.8991157567502,2675.7675509099167,t_seeds,2674.0,2675.0
group|fl|fedavg|non_iid_label|3|5|0.0001|3,FedAvg non_iid_label [3N] {group},group,fl,fedavg,0.0,non_iid_label,3,3,5.0,0.0001,selected_test_tn,3,"123,42,456",2599.0,8.660254037844387,21.513263648747316,2577.4867363512526,2620.5132636487474,t_seeds,2589.0,2604.0
group|fl|fedavg|non_iid_label|10|5|0.001|3,FedAvg non_iid_label [3N] {group},group,fl,fedavg,0.0,non_iid_label,3,10,5.0,0.001,selected_test_tn,3,"123,42,456",2672.3333333333335,1.5275252316519465,3.7945830335967594,2668.538750299737,2676.12791636693,t_seeds,2671.0,2674.0
group|fl|fedavg|non_iid_label|3|5|0.001|3,FedAvg non_iid_label [3N] {group},group,fl,fedavg,0.0,non_iid_label,3,3,5.0,0.001,selected_test_tn,5,"1011,123,42,456,789",2674.2,0.4472135954999579,0.5552890210395586,2673.64471097896,2674.7552890210395,t_seeds,2674.0,2675.0
group|fl|fedavg|non_iid_label|3|1|0.001|3,FedAvg non_iid_label [3N] {group},group,fl,fedavg,0.0,non_iid_label,3,3,1.0,0.001,selected_test_tp,3,"123,42,456",4027.6666666666665,238.24846973975158,591.8420084473242,3435.8246582193424,4619.508675113991,t_seeds,3864.0,4301.0
group|fl|fedavg|non_iid_label|3|2|0.001|3,FedAvg non_iid_label [3N] {group},group,fl,fedavg,0.0,non_iid_label,3,3,2.0,0.001,selected_test_tp,3,"123,42,456",3982.3333333333335,269.26257321308753,668.885312481565,3313.4480208517684,4651.218645814899,t_seeds,3672.0,4154.0
group|fl|fedavg|non_iid_label|3|5|0.0001|3,FedAvg non_iid_label [3N] {group},group,fl,fedavg,0.0,non_iid_label,3,3,5.0,0.0001,selected_test_tp,3,"123,42,456",4359.333333333333,38.83726732577014,96.4771203852745,4262.856212948059,4455.810453718607,t_seeds,4316.0,4391.0
group|fl|fedavg|non_iid_label|10|5|0.001|3,FedAvg non_iid_label [3N] {group},group,fl,fedavg,0.0,non_iid_label,3,10,5.0,0.001,selected_test_tp,3,"123,42,456",4238.666666666667,267.7878513550108,665.221900299574,3573.444766367093,4903.888566966241,t_seeds,3935.0,4441.0
group|fl|fedavg|non_iid_label|3|5|0.001|3,FedAvg non_iid_label [3N] {group},group,fl,fedavg,0.0,non_iid_label,3,3,5.0,0.001,selected_test_tp,5,"1011,123,42,456,789",3838.0,289.17036500997125,359.0524315803228,3478.9475684196773,4197.052431580323,t_seeds,3407.0,4130.0
group|fl|fedavg|non_iid_label|3|1|0.001|3,FedAvg non_iid_label [3N] {group},group,fl,fedavg,0.0,non_iid_label,3,3,1.0,0.001,selected_val_loss,3,"123,42,456",0.24929221196007467,0.1265731919012611,0.31442523929853416,-0.06513302733845949,0.5637174512586088,t_seeds,0.15237938595233166,0.39249407880985987
group|fl|fedavg|non_iid_label|3|2|0.001|3,FedAvg non_iid_label [3N] {group},group,fl,fedavg,0.0,non_iid_label,3,3,2.0,0.001,selected_val_loss,3,"123,42,456",0.33676962325808685,0.17203220544567163,0.4273516891831734,-0.09058206592508655,0.7641213124412602,t_seeds,0.19788928444639334,0.5292108834280552
group|fl|fedavg|non_iid_label|3|5|0.0001|3,FedAvg non_iid_label [3N] {group},group,fl,fedavg,0.0,non_iid_label,3,3,5.0,0.0001,selected_val_loss,3,"123,42,456",0.07619711800326275,0.018390939774648937,0.045685627048734544,0.030511490954528202,0.12188274505199728,t_seeds,0.062361134525073025,0.09706684213257388
group|fl|fedavg|non_iid_label|10|5|0.001|3,FedAvg non_iid_label [3N] {group},group,fl,fedavg,0.0,non_iid_label,3,10,5.0,0.001,selected_val_loss,3,"123,42,456",0.1824830474074668,0.06752867997216816,0.16775054054358216,0.014732506863884637,0.350233587951049,t_seeds,0.10848002550565941,0.2407633548664902
group|fl|fedavg|non_iid_label|3|5|0.001|3,FedAvg non_iid_label [3N] {group},group,fl,fedavg,0.0,non_iid_label,3,3,5.0,0.001,selected_val_loss,5,"1011,123,42,456,789",0.3742986334547759,0.0713268260535315,0.08856395201681232,0.28573468143796354,0.4628625854715882,t_seeds,0.2791441398944304,0.476081633511095
group|fl|fedavg|non_iid_label|3|1|0.001|3,FedAvg non_iid_label [3N] {group},group,fl,fedavg,0.0,non_iid_label,3,3,1.0,0.001,total_time_s,3,"123,42,456",882.4799999999999,2.574237751257642,6.3947610769104735,876.0852389230894,888.8747610769104,t_seeds,880.5,885.39
group|fl|fedavg|non_iid_label|3|2|0.001|3,FedAvg non_iid_label [3N] {group},group,fl,fedavg,0.0,non_iid_label,3,3,2.0,0.001,total_time_s,3,"123,42,456",1687.87,2.601787846846856,6.463199308325967,1681.4068006916739,1694.333199308326,t_seeds,1685.83,1690.8
group|fl|fedavg|non_iid_label|3|5|0.0001|3,FedAvg non_iid_label [3N] {group},group,fl,fedavg,0.0,non_iid_label,3,3,5.0,0.0001,total_time_s,3,"123,42,456",4088.133333333333,14.734674524173501,36.60296065586624,4051.530372677467,4124.736293989199,t_seeds,4071.13,4097.16
group|fl|fedavg|non_iid_label|10|5|0.001|3,FedAvg non_iid_label [3N] {group},group,fl,fedavg,0.0,non_iid_label,3,10,5.0,0.001,total_time_s,3,"123,42,456",13660.873333333331,19.640571105070524,48.789883362419545,13612.08344997091,13709.663216695752,t_seeds,13638.91,13676.75
group|fl|fedavg|non_iid_label|3|5|0.001|3,FedAvg non_iid_label [3N] {group},group,fl,fedavg,0.0,non_iid_label,3,3,5.0,0.001,total_time_s,5,"1011,123,42,456,789",4110.201999999999,1.594826009318878,1.9802380391702314,4108.221761960829,4112.1822380391695,t_seeds,4107.42,4111.17
image|fl|fedavg|non_iid_label|3|||3,FedAvg non_iid_label [3N] {image},image,fl,fedavg,,non_iid_label,3,3,,,final_cumulative_mb,3,"123,456,NA",110.31019199999999,1.7404671430534633e-14,4.323560066121465e-14,110.31019199999994,110.31019200000003,t_seeds,110.310192,110.310192
image|fl|fedavg|non_iid_label|3|||3,FedAvg non_iid_label [3N] {image},image,fl,fedavg,,non_iid_label,3,3,,,round1_accuracy,3,"123,456,NA",0.49794357457248,0.0979731583401498,0.2433788173720525,0.2545647572004275,0.7413223919445325,t_seeds,0.38653582509560575,0.5706760949563461
image|fl|fedavg|non_iid_label|3|||3,FedAvg non_iid_label [3N] {image},image,fl,fedavg,,non_iid_label,3,3,,,total_time_s,3,"123,456,NA",6146.88,409.6401358509688,1017.6025097139201,5129.27749028608,7164.48250971392,t_seeds,5720.95,6538.01
image|fl|fedavg|non_iid_label|3|||3,FedAvg non_iid_label [3N] {image},image,fl,fedavg,,non_iid_label,3,3,,,v1_final_round_accuracy,3,"123,456,NA",0.9931452485749332,0.0039382506815773665,0.009783157036432776,0.9833620915385005,1.002928405611366,t_seeds,0.9907641243956995,0.9976910310989249
image|fl|fedavg|non_iid_label|3|||3,FedAvg non_iid_label [3N] {image},image,fl,fedavg,,non_iid_label,3,3,,,v1_final_round_loss,3,"123,456,NA",0.05133095118921537,0.041326114835846264,0.1026597603438505,-0.051328809154635134,0.15399071153306587,t_seeds,0.015486431406538452,0.09653370903399146
group|fl|fedbn|non_iid_label|10|5|0.001|3,FedBN non_iid_label [3N] {group},group,fl,fedbn,0.0,non_iid_label,3,10,5.0,0.001,final_cumulative_mb,3,"123,42,456",551.55096,0.0,0.0,551.55096,551.55096,t_seeds,551.55096,551.55096
group|fl|fedbn|non_iid_label|10|5|0.001|3,FedBN non_iid_label [3N] {group},group,fl,fedbn,0.0,non_iid_label,3,10,5.0,0.001,round1_accuracy,3,"123,42,456",0.4182062323470852,0.023976185259637118,0.059560145987376946,0.35864608635970824,0.47776637833446217,t_seeds,0.39088762328101123,0.43575496596749547
group|fl|fedbn|non_iid_label|10|5|0.001|3,FedBN non_iid_label [3N] {group},group,fl,fedbn,0.0,non_iid_label,3,10,5.0,0.001,selected_round,3,"123,42,456",8.0,1.0,2.4841377117503303,5.51586228824967,10.48413771175033,t_seeds,7.0,9.0
group|fl|fedbn|non_iid_label|10|5|0.001|3,FedBN non_iid_label [3N] {group},group,fl,fedbn,0.0,non_iid_label,3,10,5.0,0.001,selected_test_accuracy,3,"123,42,456",0.9307678058720015,0.023735601706436113,0.04902201158151542,0.8690033549034012,0.967047378066432,cluster_bootstrap_B1000,0.9126146151708808,0.9576271186440678
group|fl|fedbn|non_iid_label|10|5|0.001|3,FedBN non_iid_label [3N] {group},group,fl,fedbn,0.0,non_iid_label,3,10,5.0,0.001,selected_test_balanced_accuracy,3,"123,42,456",0.8978787009787047,0.057294296181106284,0.06543364405103558,0.8205963889494837,0.9514636770515549,cluster_bootstrap_B1000,0.8317354291557697,0.9321491151458713
group|fl|fedbn|non_iid_label|10|5|0.001|3,FedBN non_iid_label [3N] {group},group,fl,fedbn,0.0,non_iid_label,3,10,5.0,0.001,selected_test_clean_accuracy,3,"123,42,456",0.928139557934384,0.0247073487279933,0.04621057850737326,0.8739895197139469,0.9664106767286934,cluster_bootstrap_B1000,0.9088611358905739,0.9559916741005055
group|fl|fedbn|non_iid_label|10|5|0.001|3,FedBN non_iid_label [3N] {group},group,fl,fedbn,0.0,non_iid_label,3,10,5.0,0.001,selected_test_clean_balanced_accuracy,3,"123,42,456",0.8952360304718291,0.05896629125415949,0.06880516504320078,0.8133735838202445,0.950983913906646,cluster_bootstrap_B1000,0.8271786504386289,0.9310446844017697
group|fl|fedbn|non_iid_label|10|5|0.001|3,FedBN non_iid_label [3N] {group},group,fl,fedbn,0.0,non_iid_label,3,10,5.0,0.001,selected_test_clean_f1,3,"123,42,456",0.8893001620179927,0.0753369579005506,0.09670546923103329,0.7621767066393242,0.9555876451013908,cluster_bootstrap_B1000,0.8029720910576731,0.9417515732799251
group|fl|fedbn|non_iid_label|10|5|0.001|3,FedBN non_iid_label [3N] {group},group,fl,fedbn,0.0,non_iid_label,3,10,5.0,0.001,selected_test_clean_loss,3,"123,42,456",0.1878555578111214,0.08839128390100073,0.12837406515339583,0.0787913237051042,0.33553945401189583,cluster_bootstrap_B1000,0.08751415072473961,0.2542040420306309
group|fl|fedbn|non_iid_label|10|5|0.001|3,FedBN non_iid_label [3N] {group},group,fl,fedbn,0.0,non_iid_label,3,10,5.0,0.001,selected_test_clean_macro_f1,3,"123,42,456",0.8692148698320562,0.04153262776165698,0.07751803984955874,0.7764603795829672,0.9314964592820847,cluster_bootstrap_B1000,0.8317007503513872,0.9138461889527272
group|fl|fedbn|non_iid_label|10|5|0.001|3,FedBN non_iid_label [3N] {group},group,fl,fedbn,0.0,non_iid_label,3,10,5.0,0.001,selected_test_clean_mcc,3,"123,42,456",0.7725819607332579,0.06323971326998234,0.11706702384312245,0.6379017539048604,0.8720358015911053,cluster_bootstrap_B1000,0.7098739452522672,0.8363402880977857
group|fl|fedbn|non_iid_label|10|5|0.001|3,FedBN non_iid_label [3N] {group},group,fl,fedbn,0.0,non_iid_label,3,10,5.0,0.001,selected_test_clean_precision,3,"123,42,456",0.9919085738868381,0.005032141067497649,0.008779139231659905,0.9797834361093174,0.9973417145726372,cluster_bootstrap_B1000,0.986666917069659,0.9967010880649133
group|fl|fedbn|non_iid_label|10|5|0.001|3,FedBN non_iid_label [3N] {group},group,fl,fedbn,0.0,non_iid_label,3,10,5.0,0.001,selected_test_clean_recall,3,"123,42,456",0.8361070309730528,0.08117287882859626,0.1167870088277147,0.6921279975303075,0.9257020151857369,cluster_bootstrap_B1000,0.7449392308133933,0.900541936804785
group|fl|fedbn|non_iid_label|10|5|0.001|3,FedBN non_iid_label [3N] {group},group,fl,fedbn,0.0,non_iid_label,3,10,5.0,0.001,selected_test_clean_roc_auc,3,"123,42,456",0.9830230662629321,0.005954777417294349,0.013260182463005032,0.9663151859501261,0.9928355508761362,cluster_bootstrap_B1000,0.9780773365153853,0.9896328614041492
group|fl|fedbn|non_iid_label|10|5|0.001|3,FedBN non_iid_label [3N] {group},group,fl,fedbn,0.0,non_iid_label,3,10,5.0,0.001,selected_test_clean_specificity,3,"123,42,456",0.9543650299706053,0.044915719380939474,0.05906222873615691,0.8811334529077717,0.9992579103800855,cluster_bootstrap_B1000,0.9094180700638645,0.9992494435025592
group|fl|fedbn|non_iid_label|10|5|0.001|3,FedBN non_iid_label [3N] {group},group,fl,fedbn,0.0,non_iid_label,3,10,5.0,0.001,selected_test_f1,3,"123,42,456",0.8907980322593446,0.07368614194970971,0.09496555509627458,0.7677841889483338,0.9577152991408829,cluster_bootstrap_B1000,0.8062794018390629,0.9415484221566288
group|fl|fedbn|non_iid_label|10|5|0.001|3,FedBN non_iid_label [3N] {group},group,fl,fedbn,0.0,non_iid_label,3,10,5.0,0.001,selected_test_fn,3,"123,42,456",463.0,179.51880124376945,445.94942413785975,17.05057586214025,908.9494241378598,t_seeds,270.0,625.0
group|fl|fedbn|non_iid_label|10|5|0.001|3,FedBN non_iid_label [3N] {group},group,fl,fedbn,0.0,non_iid_label,3,10,5.0,0.001,selected_test_fp,3,"123,42,456",35.333333333333336,31.50132272355136,78.25362374759156,-42.920290414258226,113.58695708092489,t_seeds,4.0,67.0
group|fl|fedbn|non_iid_label|10|5|0.001|3,FedBN non_iid_label [3N] {group},group,fl,fedbn,0.0,non_iid_label,3,10,5.0,0.001,selected_test_loss,3,"123,42,456",0.18136939128813903,0.08551360927790796,0.12544319352088415,0.07776512800315029,0.3286515150449186,cluster_bootstrap_B1000,0.08440663745888345,0.24601386348554277
group|fl|fedbn|non_iid_label|10|5|0.001|3,FedBN non_iid_label [3N] {group},group,fl,fedbn,0.0,non_iid_label,3,10,5.0,0.001,selected_test_macro_f1,3,"123,42,456",0.8752639596837968,0.04046647610618556,0.07621998533255786,0.7850922322971228,0.9375322029622385,cluster_bootstrap_B1000,0.8383960818794791,0.9185596237494859
group|fl|fedbn|non_iid_label|10|5|0.001|3,FedBN non_iid_label [3N] {group},group,fl,fedbn,0.0,non_iid_label,3,10,5.0,0.001,selected_test_macro_precision,3,"123,42,456",0.8978947334832141,0.030709907067726243,0.07628763827128676,0.8216070952119274,0.9741823717545008,t_seeds,0.8626671546902208,0.9190244383218061
group|fl|fedbn|non_iid_label|10|5|0.001|3,FedBN non_iid_label [3N] {group},group,fl,fedbn,0.0,non_iid_label,3,10,5.0,0.001,selected_test_macro_recall,3,"123,42,456",0.8978787009787047,0.057294296181106284,0.14232692181167902,0.7555517791670256,1.0402056227903838,t_seeds,0.8317354291557697,0.9321491151458713
group|fl|fedbn|non_iid_label|10|5|0.001|3,FedBN non_iid_label [3N] {group},group,fl,fedbn,0.0,non_iid_label,3,10,5.0,0.001,selected_test_macro_specificity,3,"123,42,456",0.8978787009787047,0.057294296181106284,0.14232692181167902,0.7555517791670256,1.0402056227903838,t_seeds,0.8317354291557697,0.9321491151458713
group|fl|fedbn|non_iid_label|10|5|0.001|3,FedBN non_iid_label [3N] {group},group,fl,fedbn,0.0,non_iid_label,3,10,5.0,0.001,selected_test_mcc,3,"123,42,456",0.7823351923533949,0.062318237824251284,0.11615068323650007,0.651412675709574,0.8837140421825741,cluster_bootstrap_B1000,0.7205409338527039,0.8451645150420602
group|fl|fedbn|non_iid_label|10|5|0.001|3,FedBN non_iid_label [3N] {group},group,fl,fedbn,0.0,non_iid_label,3,10,5.0,0.001,selected_test_n_examples,3,"123,42,456",7198.0,0.0,0.0,7198.0,7198.0,t_seeds,7198.0,7198.0
group|fl|fedbn|non_iid_label|10|5|0.001|3,FedBN non_iid_label [3N] {group},group,fl,fedbn,0.0,non_iid_label,3,10,5.0,0.001,selected_test_precision,3,"123,42,456",0.9923983936833616,0.004607093819279613,0.008025858102231498,0.9814948373491218,0.9975465535535848,cluster_bootstrap_B1000,0.9876174488143957,0.9968093210368111
group|fl|fedbn|non_iid_label|10|5|0.001|3,FedBN non_iid_label [3N] {group},group,fl,fedbn,0.0,non_iid_label,3,10,5.0,0.001,selected_test_recall,3,"123,42,456",0.8359955317116485,0.08212041408992685,0.11233666722570756,0.7028851226197547,0.9275584570711698,cluster_bootstrap_B1000,0.7433103668706801,0.8996833605732455
group|fl|fedbn|non_iid_label|10|5|0.001|3,FedBN non_iid_label [3N] {group},group,fl,fedbn,0.0,non_iid_label,3,10,5.0,0.001,selected_test_roc_auc,3,"123,42,456",0.9836410355455657,0.006463293181956176,0.014234107078557268,0.9654061486445158,0.9938743628016303,cluster_bootstrap_B1000,0.9783959919533076,0.9908615239621049
group|fl|fedbn|non_iid_label|10|5|0.001|3,FedBN non_iid_label [3N] {group},group,fl,fedbn,0.0,non_iid_label,3,10,5.0,0.001,selected_test_specificity,3,"123,42,456",0.9597618702457607,0.039572467333471355,0.05201691515031909,0.8951636652805672,0.9991974955812054,cluster_bootstrap_B1000,0.9201604914408591,0.9993053626007224
group|fl|fedbn|non_iid_label|10|5|0.001|3,FedBN non_iid_label [3N] {group},group,fl,fedbn,0.0,non_iid_label,3,10,5.0,0.001,selected_test_tn,3,"123,42,456",2640.6666666666665,31.50132272355136,78.25362374759156,2562.413042919075,2718.920290414258,t_seeds,2609.0,2672.0
group|fl|fedbn|non_iid_label|10|5|0.001|3,FedBN non_iid_label [3N] {group},group,fl,fedbn,0.0,non_iid_label,3,10,5.0,0.001,selected_test_tp,3,"123,42,456",4059.0,179.51880124376945,445.94942413785975,3613.0505758621402,4504.94942413786,t_seeds,3897.0,4252.0
group|fl|fedbn|non_iid_label|10|5|0.001|3,FedBN non_iid_label [3N] {group},group,fl,fedbn,0.0,non_iid_label,3,10,5.0,0.001,selected_val_loss,3,"123,42,456",0.27652803400403436,0.0457788282277508,0.11372091360029629,0.16280712040373807,0.39024894760433065,t_seeds,0.24452587719000235,0.32896532493847275
group|fl|fedbn|non_iid_label|10|5|0.001|3,FedBN non_iid_label [3N] {group},group,fl,fedbn,0.0,non_iid_label,3,10,5.0,0.001,total_time_s,3,"123,42,456",13605.163333333332,49.10620870453489,121.98658492401745,13483.176748409314,13727.14991825735,t_seeds,13558.71,13656.55
image|fl|fedbn|non_iid_label|3|||3,FedBN non_iid_label [3N] {image},image,fl,fedbn,,non_iid_label,3,3,,,final_cumulative_mb,3,"123,42,456",110.31019199999999,1.7404671430534633e-14,4.323560066121465e-14,110.31019199999994,110.31019200000003,t_seeds,110.310192,110.310192
image|fl|fedbn|non_iid_label|3|||3,FedBN non_iid_label [3N] {image},image,fl,fedbn,,non_iid_label,3,3,,,round1_accuracy,3,"123,42,456",0.37590494744690567,0.013613147081815342,0.033816932041541445,0.3420880154053642,0.4097218794884471,t_seeds,0.36712605527094305,0.3915866945667075
image|fl|fedbn|non_iid_label|3|||3,FedBN non_iid_label [3N] {image},image,fl,fedbn,,non_iid_label,3,3,,,total_time_s,3,"123,42,456",6162.759999999999,170.03144503297014,422.3815247898045,5740.378475210195,6585.141524789804,t_seeds,6020.93,6351.25
image|fl|fedbn|non_iid_label|3|||3,FedBN non_iid_label [3N] {image},image,fl,fedbn,,non_iid_label,3,3,,,v1_final_round_accuracy,3,"123,42,456",0.7506313586838876,0.08358210290011901,0.20762945384158227,0.5430019048423054,0.9582608125254699,t_seeds,0.6631791615556678,0.8297135435457104
image|fl|fedbn|non_iid_label|3|||3,FedBN non_iid_label [3N] {image},image,fl,fedbn,,non_iid_label,3,3,,,v1_final_round_loss,3,"123,42,456",0.5774176179406493,0.12013806802682298,0.2984395054022575,0.2789781125383918,0.8758571233429068,t_seeds,0.46233769160808874,0.7020441915868672
group|fl|fedprox_0.001|non_iid_label|3|5|0.001|3,FedProx(mu=0.001) non_iid_label [3N] {group},group,fl,fedprox_0.001,0.001,non_iid_label,3,3,5.0,0.001,final_cumulative_mb,3,"123,42,456",165.465288,0.0,0.0,165.465288,165.465288,t_seeds,165.465288,165.465288
group|fl|fedprox_0.001|non_iid_label|3|5|0.001|3,FedProx(mu=0.001) non_iid_label [3N] {group},group,fl,fedprox_0.001,0.001,non_iid_label,3,3,5.0,0.001,round1_accuracy,3,"123,42,456",0.643469000324119,0.09404651553477267,0.23362449589864204,0.409844504425477,0.877093496222761,t_seeds,0.5778580358383109,0.7512154465898041
group|fl|fedprox_0.001|non_iid_label|3|5|0.001|3,FedProx(mu=0.001) non_iid_label [3N] {group},group,fl,fedprox_0.001,0.001,non_iid_label,3,3,5.0,0.001,selected_round,3,"123,42,456",2.6666666666666665,0.5773502691896258,1.4342175765831542,1.2324490900835123,4.100884243249821,t_seeds,2.0,3.0
group|fl|fedprox_0.001|non_iid_label|3|5|0.001|3,FedProx(mu=0.001) non_iid_label [3N] {group},group,fl,fedprox_0.001,0.001,non_iid_label,3,3,5.0,0.001,selected_test_accuracy,3,"123,42,456",0.940400111141984,0.004868412188923379,0.03625562238292096,0.9024659650738348,0.9749772098396767,cluster_bootstrap_B1000,0.9353987218671853,0.9451236454570714
group|fl|fedprox_0.001|non_iid_label|3|5|0.001|3,FedProx(mu=0.001) non_iid_label [3N] {group},group,fl,fedprox_0.001,0.001,non_iid_label,3,3,5.0,0.001,selected_test_balanced_accuracy,3,"123,42,456",0.9430167314427499,0.00470403135700094,0.02899379024456855,0.9089384415511662,0.9669260220403033,cluster_bootstrap_B1000,0.9376269955603438,0.9462955269017809
group|fl|fedprox_0.001|non_iid_label|3|5|0.001|3,FedProx(mu=0.001) non_iid_label [3N] {group},group,fl,fedprox_0.001,0.001,non_iid_label,3,3,5.0,0.001,selected_test_clean_accuracy,3,"123,42,456",0.9377044305679453,0.004847410165596497,0.04012319074123727,0.8955787111242866,0.9758250926067611,cluster_bootstrap_B1000,0.932649420160571,0.9423134106452572
group|fl|fedprox_0.001|non_iid_label|3|5|0.001|3,FedProx(mu=0.001) non_iid_label [3N] {group},group,fl,fedprox_0.001,0.001,non_iid_label,3,3,5.0,0.001,selected_test_clean_balanced_accuracy,3,"123,42,456",0.9424215773094727,0.004573481007900316,0.027418746732983557,0.9130603334913847,0.9678978269573518,cluster_bootstrap_B1000,0.9371459525116271,0.9452657044531225
group|fl|fedprox_0.001|non_iid_label|3|5|0.001|3,FedProx(mu=0.001) non_iid_label [3N] {group},group,fl,fedprox_0.001,0.001,non_iid_label,3,3,5.0,0.001,selected_test_clean_f1,3,"123,42,456",0.9366809283378353,0.005274079117794088,0.032364369912722235,0.8995335919758385,0.964262331801283,cluster_bootstrap_B1000,0.9305954069250777,0.939925511718617
group|fl|fedprox_0.001|non_iid_label|3|5|0.001|3,FedProx(mu=0.001) non_iid_label [3N] {group},group,fl,fedprox_0.001,0.001,non_iid_label,3,3,5.0,0.001,selected_test_clean_loss,3,"123,42,456",0.19238026023319688,0.01031155882654247,0.11133141553067288,0.08722771016215557,0.30989054122350135,cluster_bootstrap_B1000,0.18408679748880435,0.2039257821966841
group|fl|fedprox_0.001|non_iid_label|3|5|0.001|3,FedProx(mu=0.001) non_iid_label [3N] {group},group,fl,fedprox_0.001,0.001,non_iid_label,3,3,5.0,0.001,selected_test_clean_macro_f1,3,"123,42,456",0.894714516704553,0.006878138393837382,0.06957922495563146,0.8183353681013774,0.9574938180126403,cluster_bootstrap_B1000,0.8871995627987974,0.9006975022758271
group|fl|fedprox_0.001|non_iid_label|3|5|0.001|3,FedProx(mu=0.001) non_iid_label [3N] {group},group,fl,fedprox_0.001,0.001,non_iid_label,3,3,5.0,0.001,selected_test_clean_mcc,3,"123,42,456",0.8197615096658598,0.011807118845685175,0.10838217584240922,0.7064362371247579,0.9232005888095763,cluster_bootstrap_B1000,0.8064932080576619,0.8291108372158731
group|fl|fedprox_0.001|non_iid_label|3|5|0.001|3,FedProx(mu=0.001) non_iid_label [3N] {group},group,fl,fedprox_0.001,0.001,non_iid_label,3,3,5.0,0.001,selected_test_clean_precision,3,"123,42,456",0.998250783563115,3.90533398449258e-05,0.0023874268177980773,0.9949920710002563,0.9997669246358525,cluster_bootstrap_B1000,0.9982099653988592,0.9982877929902132
group|fl|fedprox_0.001|non_iid_label|3|5|0.001|3,FedProx(mu=0.001) non_iid_label [3N] {group},group,fl,fedprox_0.001,0.001,non_iid_label,3,3,5.0,0.001,selected_test_clean_recall,3,"123,42,456",0.8852184328676659,0.009146962015800597,0.055020176079779326,0.8263272411091278,0.9363675932686865,cluster_bootstrap_B1000,0.8746671832719747,0.8909066871549653
group|fl|fedprox_0.001|non_iid_label|3|5|0.001|3,FedProx(mu=0.001) non_iid_label [3N] {group},group,fl,fedprox_0.001,0.001,non_iid_label,3,3,5.0,0.001,selected_test_clean_roc_auc,3,"123,42,456",0.9873514513234204,0.0021464870838754434,0.009715882771579032,0.9757229048946944,0.9951546704378524,cluster_bootstrap_B1000,0.9850018810660705,0.9892096444602254
group|fl|fedprox_0.001|non_iid_label|3|5|0.001|3,FedProx(mu=0.001) non_iid_label [3N] {group},group,fl,fedprox_0.001,0.001,non_iid_label,3,3,5.0,0.001,selected_test_clean_specificity,3,"123,42,456",0.9996247217512796,0.0,0.0004419685538594176,0.9990300277456388,0.9999139648533576,cluster_bootstrap_B1000,0.9996247217512796,0.9996247217512796
group|fl|fedprox_0.001|non_iid_label|3|5|0.001|3,FedProx(mu=0.001) non_iid_label [3N] {group},group,fl,fedprox_0.001,0.001,non_iid_label,3,3,5.0,0.001,selected_test_f1,3,"123,42,456",0.9374710104245022,0.005406007571438111,0.03550575983132548,0.8933416034634489,0.9643531231260999,cluster_bootstrap_B1000,0.9312751601999444,0.9412273410794222
group|fl|fedprox_0.001|non_iid_label|3|5|0.001|3,FedProx(mu=0.001) non_iid_label [3N] {group},group,fl,fedprox_0.001,0.001,non_iid_label,3,3,5.0,0.001,selected_test_fn,3,"123,42,456",427.0,35.04283093587046,87.05121785428693,339.94878214571304,514.051217854287,t_seeds,393.0,463.0
group|fl|fedprox_0.001|non_iid_label|3|5|0.001|3,FedProx(mu=0.001) non_iid_label [3N] {group},group,fl,fedprox_0.001,0.001,non_iid_label,3,3,5.0,0.001,selected_test_fp,3,"123,42,456",2.0,0.0,0.0,2.0,2.0,t_seeds,2.0,2.0
group|fl|fedprox_0.001|non_iid_label|3|5|0.001|3,FedProx(mu=0.001) non_iid_label [3N] {group},group,fl,fedprox_0.001,0.001,non_iid_label,3,3,5.0,0.001,selected_test_loss,3,"123,42,456",0.184043366623062,0.01046525415199556,0.10195457087490267,0.08769821587337656,0.2916073576231819,cluster_bootstrap_B1000,0.17562566668758914,0.1957607644073283
group|fl|fedprox_0.001|non_iid_label|3|5|0.001|3,FedProx(mu=0.001) non_iid_label [3N] {group},group,fl,fedprox_0.001,0.001,non_iid_label,3,3,5.0,0.001,selected_test_macro_f1,3,"123,42,456",0.9003794068290641,0.006975020015389298,0.06403288551864667,0.8287141957645634,0.9567799668018567,cluster_bootstrap_B1000,0.8928545079418777,0.906628385333074
group|fl|fedprox_0.001|non_iid_label|3|5|0.001|3,FedProx(mu=0.001) non_iid_label [3N] {group},group,fl,fedprox_0.001,0.001,non_iid_label,3,3,5.0,0.001,selected_test_macro_precision,3,"123,42,456",0.8957997177459024,0.00684019070331054,0.016991975681657726,0.8788077420642446,0.9127916934275602,t_seeds,0.8883321584891416,0.9017616979751558
group|fl|fedprox_0.001|non_iid_label|3|5|0.001|3,FedProx(mu=0.001) non_iid_label [3N] {group},group,fl,fedprox_0.001,0.001,non_iid_label,3,3,5.0,0.001,selected_test_macro_recall,3,"123,42,456",0.9430167314427499,0.00470403135700094,0.011685461691182116,0.9313312697515678,0.954702193133932,t_seeds,0.9376269955603438,0.9462955269017809
group|fl|fedprox_0.001|non_iid_label|3|5|0.001|3,FedProx(mu=0.001) non_iid_label [3N] {group},group,fl,fedprox_0.001,0.001,non_iid_label,3,3,5.0,0.001,selected_test_macro_specificity,3,"123,42,456",0.9430167314427499,0.00470403135700094,0.011685461691182116,0.9313312697515678,0.954702193133932,t_seeds,0.9376269955603438,0.9462955269017809
group|fl|fedprox_0.001|non_iid_label|3|5|0.001|3,FedProx(mu=0.001) non_iid_label [3N] {group},group,fl,fedprox_0.001,0.001,non_iid_label,3,3,5.0,0.001,selected_test_mcc,3,"123,42,456",0.8282622290239147,0.012030953367365933,0.09801346545910972,0.7232262563145113,0.9192531872327308,cluster_bootstrap_B1000,0.8148828037270521,0.838190316723508
group|fl|fedprox_0.001|non_iid_label|3|5|0.001|3,FedProx(mu=0.001) non_iid_label [3N] {group},group,fl,fedprox_0.001,0.001,non_iid_label,3,3,5.0,0.001,selected_test_n_examples,3,"123,42,456",7198.0,0.0,0.0,7198.0,7198.0,t_seeds,7198.0,7198.0
group|fl|fedprox_0.001|non_iid_label|3|5|0.001|3,FedProx(mu=0.001) non_iid_label [3N] {group},group,fl,fedprox_0.001,0.001,non_iid_label,3,3,5.0,0.001,selected_test_precision,3,"123,42,456",0.9983155472697084,3.5072380380959063e-05,0.0022786148179777532,0.9954427703640445,1.0,cluster_bootstrap_B1000,0.9982768684669083,0.9983452806369566
group|fl|fedprox_0.001|non_iid_label|3|5|0.001|3,FedProx(mu=0.001) non_iid_label [3N] {group},group,fl,fedprox_0.001,0.001,non_iid_label,3,3,5.0,0.001,selected_test_recall,3,"123,42,456",0.8863807815851384,0.009408062714001846,0.05819662309701962,0.8179432233182924,0.9343364695123316,cluster_bootstrap_B1000,0.8756013098203266,0.8929383725032009
group|fl|fedprox_0.001|non_iid_label|3|5|0.001|3,FedProx(mu=0.001) non_iid_label [3N] {group},group,fl,fedprox_0.001,0.001,non_iid_label,3,3,5.0,0.001,selected_test_roc_auc,3,"123,42,456",0.9885092516542416,0.0021254685083847056,0.008045882071899046,0.9794858051838422,0.9955775693276403,cluster_bootstrap_B1000,0.9863463906220777,0.9905952420225949
group|fl|fedprox_0.001|non_iid_label|3|5|0.001|3,FedProx(mu=0.001) non_iid_label [3N] {group},group,fl,fedprox_0.001,0.001,non_iid_label,3,3,5.0,0.001,selected_test_specificity,3,"123,42,456",0.9996526813003612,0.0,0.00048708956386761537,0.9990258208722648,1.0,cluster_bootstrap_B1000,0.9996526813003612,0.9996526813003612
group|fl|fedprox_0.001|non_iid_label|3|5|0.001|3,FedProx(mu=0.001) non_iid_label [3N] {group},group,fl,fedprox_0.001,0.001,non_iid_label,3,3,5.0,0.001,selected_test_tn,3,"123,42,456",2674.0,0.0,0.0,2674.0,2674.0,t_seeds,2674.0,2674.0
group|fl|fedprox_0.001|non_iid_label|3|5|0.001|3,FedProx(mu=0.001) non_iid_label [3N] {group},group,fl,fedprox_0.001,0.001,non_iid_label,3,3,5.0,0.001,selected_test_tp,3,"123,42,456",4095.0,35.04283093587046,87.05121785428693,4007.9487821457133,4182.051217854287,t_seeds,4059.0,4129.0
group|fl|fedprox_0.001|non_iid_label|3|5|0.001|3,FedProx(mu=0.001) non_iid_label [3N] {group},group,fl,fedprox_0.001,0.001,non_iid_label,3,3,5.0,0.001,selected_val_loss,3,"123,42,456",0.29944839997047706,0.058045565501617546,0.1441931782624421,0.15525522170803496,0.44364157823291916,t_seeds,0.24246632754796882,0.3585019989216192
group|fl|fedprox_0.001|non_iid_label|3|5|0.001|3,FedProx(mu=0.001) non_iid_label [3N] {group},group,fl,fedprox_0.001,0.001,non_iid_label,3,3,5.0,0.001,total_time_s,3,"123,42,456",6436.77,67.51217075461271,167.70952937366118,6269.060470626339,6604.4795293736615,t_seeds,6359.89,6486.39
group|fl|fedprox_0.01|non_iid_label|3|1|0.001|3,FedProx(mu=0.01) non_iid_label [3N] {group},group,fl,fedprox_0.01,0.01,non_iid_label,3,3,1.0,0.001,final_cumulative_mb,3,"123,42,456",165.465288,0.0,0.0,165.465288,165.465288,t_seeds,165.465288,165.465288
group|fl|fedprox_0.01|non_iid_label|3|2|0.001|3,FedProx(mu=0.01) non_iid_label [3N] {group},group,fl,fedprox_0.01,0.01,non_iid_label,3,3,2.0,0.001,final_cumulative_mb,3,"123,42,456",165.465288,0.0,0.0,165.465288,165.465288,t_seeds,165.465288,165.465288
group|fl|fedprox_0.01|non_iid_label|3|5|0.0001|3,FedProx(mu=0.01) non_iid_label [3N] {group},group,fl,fedprox_0.01,0.01,non_iid_label,3,3,5.0,0.0001,final_cumulative_mb,3,"123,42,456",165.465288,0.0,0.0,165.465288,165.465288,t_seeds,165.465288,165.465288
group|fl|fedprox_0.01|non_iid_label|3|5|0.001|3,FedProx(mu=0.01) non_iid_label [3N] {group},group,fl,fedprox_0.01,0.01,non_iid_label,3,3,5.0,0.001,final_cumulative_mb,5,"1011,123,42,456,789",165.465288,0.0,0.0,165.465288,165.465288,t_seeds,165.465288,165.465288
group|fl|fedprox_0.01|non_iid_label|3|1|0.001|3,FedProx(mu=0.01) non_iid_label [3N] {group},group,fl,fedprox_0.01,0.01,non_iid_label,3,3,1.0,0.001,round1_accuracy,3,"123,42,456",0.8816039264712692,0.02722257793923614,0.06762463246991908,0.81397929400135,0.9492285589411883,t_seeds,0.8585914710376441,0.9116543964439505
group|fl|fedprox_0.01|non_iid_label|3|2|0.001|3,FedProx(mu=0.01) non_iid_label [3N] {group},group,fl,fedprox_0.01,0.01,non_iid_label,3,3,2.0,0.001,round1_accuracy,3,"123,42,456",0.8634995601240912,0.018479139412690325,0.04590472709575588,0.8175948330283354,0.9094042872198471,t_seeds,0.8452562855952216,0.8822058619252674
group|fl|fedprox_0.01|non_iid_label|3|5|0.0001|3,FedProx(mu=0.01) non_iid_label [3N] {group},group,fl,fedprox_0.01,0.01,non_iid_label,3,3,5.0,0.0001,round1_accuracy,3,"123,42,456",0.9428624345973978,0.02750814589971408,0.06833402260980995,0.8745284119875879,1.0111964572072079,t_seeds,0.9110987637171829,0.9587442700375052
group|fl|fedprox_0.01|non_iid_label|3|5|0.001|3,FedProx(mu=0.01) non_iid_label [3N] {group},group,fl,fedprox_0.01,0.01,non_iid_label,3,3,5.0,0.001,round1_accuracy,5,"1011,123,42,456,789",0.788387276010557,0.0557431800559331,0.06921429982084222,0.7191729761897148,0.8576015758313993,t_seeds,0.7382969856924573,0.861647451034866
group|fl|fedprox_0.01|non_iid_label|3|1|0.001|3,FedProx(mu=0.01) non_iid_label [3N] {group},group,fl,fedprox_0.01,0.01,non_iid_label,3,3,1.0,0.001,selected_round,3,"123,42,456",2.0,1.0,2.4841377117503303,-0.48413771175033027,4.48413771175033,t_seeds,1.0,3.0
group|fl|fedprox_0.01|non_iid_label|3|2|0.001|3,FedProx(mu=0.01) non_iid_label [3N] {group},group,fl,fedprox_0.01,0.01,non_iid_label,3,3,2.0,0.001,selected_round,3,"123,42,456",2.3333333333333335,1.1547005383792515,2.868435153166308,-0.5351018198329744,5.201768486499642,t_seeds,1.0,3.0
group|fl|fedprox_0.01|non_iid_label|3|5|0.0001|3,FedProx(mu=0.01) non_iid_label [3N] {group},group,fl,fedprox_0.01,0.01,non_iid_label,3,3,5.0,0.0001,selected_round,3,"123,42,456",2.3333333333333335,0.5773502691896258,1.4342175765831542,0.8991157567501793,3.767550909916488,t_seeds,2.0,3.0
group|fl|fedprox_0.01|non_iid_label|3|5|0.001|3,FedProx(mu=0.01) non_iid_label [3N] {group},group,fl,fedprox_0.01,0.01,non_iid_label,3,3,5.0,0.001,selected_round,5,"1011,123,42,456,789",2.8,0.4472135954999579,0.5552890210395586,2.244710978960441,3.3552890210395585,t_seeds,2.0,3.0
group|fl|fedprox_0.01|non_iid_label|3|1|0.001|3,FedProx(mu=0.01) non_iid_label [3N] {group},group,fl,fedprox_0.01,0.01,non_iid_label,3,3,1.0,0.001,selected_test_accuracy,3,"123,42,456",0.9317402982309901,0.043741716545551056,0.0600706312106743,0.8603923737851968,0.9805336362065454,cluster_bootstrap_B1000,0.8905251458738539,0.9776326757432621
group|fl|fedprox_0.01|non_iid_label|3|2|0.001|3,FedProx(mu=0.01) non_iid_label [3N] {group},group,fl,fedprox_0.01,0.01,non_iid_label,3,3,2.0,0.001,selected_test_accuracy,3,"123,42,456",0.9479021950541817,0.0017407563331677748,0.03172936909844015,0.9159349633142153,0.9793937015110956,cluster_bootstrap_B1000,0.9462350652959155,0.9497082522923034
group|fl|fedprox_0.01|non_iid_label|3|5|0.0001|3,FedProx(mu=0.01) non_iid_label [3N] {group},group,fl,fedprox_0.01,0.01,non_iid_label,3,3,5.0,0.0001,selected_test_accuracy,3,"123,42,456",0.9613318514402148,0.008485197946599368,0.01892244345554761,0.9383689508491927,0.9762138377602879,cluster_bootstrap_B1000,0.9516532370102806,0.9674909697138094
group|fl|fedprox_0.01|non_iid_label|3|5|0.001|3,FedProx(mu=0.01) non_iid_label [3N] {group},group,fl,fedprox_0.01,0.01,non_iid_label,3,3,5.0,0.001,selected_test_accuracy,5,"1011,123,42,456,789",0.9474576271186441,0.0257704670818806,0.03617786586222105,0.9051446647792034,0.9775003965036455,cluster_bootstrap_B1000,0.9037232564601279,0.9665184773548208
group|fl|fedprox_0.01|non_iid_label|3|1|0.001|3,FedProx(mu=0.01) non_iid_label [3N] {group},group,fl,fedprox_0.01,0.01,non_iid_label,3,3,1.0,0.001,selected_test_balanced_accuracy,3,"123,42,456",0.9179224545636572,0.05506271781694552,0.059157166535185324,0.8603142982667503,0.978628631337121,cluster_bootstrap_B1000,0.8727115102137231,0.9792433083928058
group|fl|fedprox_0.01|non_iid_label|3|2|0.001|3,FedProx(mu=0.01) non_iid_label [3N] {group},group,fl,fedprox_0.01,0.01,non_iid_label,3,3,2.0,0.001,selected_test_balanced_accuracy,3,"123,42,456",0.9473536694465814,0.005465705854783172,0.022920490061353382,0.9239810850783355,0.9698220652010423,cluster_bootstrap_B1000,0.9416952466276549,0.9526037544365317
group|fl|fedprox_0.01|non_iid_label|3|5|0.0001|3,FedProx(mu=0.01) non_iid_label [3N] {group},group,fl,fedprox_0.01,0.01,non_iid_label,3,3,5.0,0.0001,selected_test_balanced_accuracy,3,"123,42,456",0.9307208228764196,0.0032626005488752465,0.02799996016295303,0.8998015747859696,0.9558014951118756,cluster_bootstrap_B1000,0.9279708563398466,0.9343257894131002
group|fl|fedprox_0.01|non_iid_label|3|5|0.001|3,FedProx(mu=0.01) non_iid_label [3N] {group},group,fl,fedprox_0.01,0.01,non_iid_label,3,3,5.0,0.001,selected_test_balanced_accuracy,5,"1011,123,42,456,789",0.9492826543083626,0.012746520514221659,0.020862360638976674,0.9283723342912963,0.9700970555692496,cluster_bootstrap_B1000,0.9296401058101017,0.9619289602646457
group|fl|fedprox_0.01|non_iid_label|3|1|0.001|3,FedProx(mu=0.01) non_iid_label [3N] {group},group,fl,fedprox_0.01,0.01,non_iid_label,3,3,1.0,0.001,selected_test_clean_accuracy,3,"123,42,456",0.928436911487759,0.04611049896698995,0.06243387409865586,0.8559833991335896,0.9808511473309013,cluster_bootstrap_B1000,0.8847754980672019,0.9766577460600654
group|fl|fedprox_0.01|non_iid_label|3|2|0.001|3,FedProx(mu=0.01) non_iid_label [3N] {group},group,fl,fedprox_0.01,0.01,non_iid_label,3,3,2.0,0.001,selected_test_clean_accuracy,3,"123,42,456",0.9455347408068193,0.0016376956726988103,0.03366143864367216,0.9099776738277643,0.9773005511151086,cluster_bootstrap_B1000,0.9439488551888195,0.9472197442759441
group|fl|fedprox_0.01|non_iid_label|3|5|0.0001|3,FedProx(mu=0.01) non_iid_label [3N] {group},group,fl,fedprox_0.01,0.01,non_iid_label,3,3,5.0,0.0001,selected_test_clean_accuracy,3,"123,42,456",0.9596094756665675,0.008911102744562232,0.020513679345210645,0.9348254774930107,0.975852836183432,cluster_bootstrap_B1000,0.9494498959262563,0.9661016949152542
group|fl|fedprox_0.01|non_iid_label|3|5|0.001|3,FedProx(mu=0.01) non_iid_label [3N] {group},group,fl,fedprox_0.01,0.01,non_iid_label,3,3,5.0,0.001,selected_test_clean_accuracy,5,"1011,123,42,456,789",0.9450193279809694,0.02749021137483369,0.03844297668317603,0.8990141823932897,0.9759001357596417,cluster_bootstrap_B1000,0.8983050847457628,0.9653583110318168
group|fl|fedprox_0.01|non_iid_label|3|1|0.001|3,FedProx(mu=0.01) non_iid_label [3N] {group},group,fl,fedprox_0.01,0.01,non_iid_label,3,3,1.0,0.001,selected_test_clean_balanced_accuracy,3,"123,42,456",0.9159987660824909,0.05630498771451378,0.06392692807746975,0.8511749389168219,0.9790287950717614,cluster_bootstrap_B1000,0.8704478873126841,0.9789499409803295
group|fl|fedprox_0.01|non_iid_label|3|2|0.001|3,FedProx(mu=0.01) non_iid_label [3N] {group},group,fl,fedprox_0.01,0.01,non_iid_label,3,3,2.0,0.001,selected_test_clean_balanced_accuracy,3,"123,42,456",0.9464949391201919,0.00523059349609414,0.024940940820380286,0.9214920868071124,0.9713739684478729,cluster_bootstrap_B1000,0.941031021292531,0.9514558686037718
group|fl|fedprox_0.01|non_iid_label|3|5|0.0001|3,FedProx(mu=0.01) non_iid_label [3N] {group},group,fl,fedprox_0.01,0.01,non_iid_label,3,3,5.0,0.0001,selected_test_clean_balanced_accuracy,3,"123,42,456",0.9262836527260694,0.004665675357068404,0.032250884712803185,0.8899963097953554,0.9544980792209617,cluster_bootstrap_B1000,0.9213242681864556,0.9305859544654926
group|fl|fedprox_0.01|non_iid_label|3|5|0.001|3,FedProx(mu=0.01) non_iid_label [3N] {group},group,fl,fedprox_0.01,0.01,non_iid_label,3,3,5.0,0.001,selected_test_clean_balanced_accuracy,5,"1011,123,42,456,789",0.9484953414305552,0.013541781474242271,0.0225220077617706,0.9239988528147818,0.969042868338323,cluster_bootstrap_B1000,0.9274759069124093,0.9618173020883817
group|fl|fedprox_0.01|non_iid_label|3|1|0.001|3,FedProx(mu=0.01) non_iid_label [3N] {group},group,fl,fedprox_0.01,0.01,non_iid_label,3,3,1.0,0.001,selected_test_clean_f1,3,"123,42,456",0.9051242880963085,0.07268498836083058,0.08571508645436549,0.8063740289002611,0.9778042018089921,cluster_bootstrap_B1000,0.8327960688586051,0.9781608679258894
group|fl|fedprox_0.01|non_iid_label|3|2|0.001|3,FedProx(mu=0.01) non_iid_label [3N] {group},group,fl,fedprox_0.01,0.01,non_iid_label,3,3,2.0,0.001,selected_test_clean_f1,3,"123,42,456",0.9407600504233327,0.0044678838831671615,0.02845420218647321,0.9090808020013507,0.9659892063742971,cluster_bootstrap_B1000,0.9358179060159688,0.9445130714895035
group|fl|fedprox_0.01|non_iid_label|3|5|0.0001|3,FedProx(mu=0.01) non_iid_label [3N] {group},group,fl,fedprox_0.01,0.01,non_iid_label,3,3,5.0,0.0001,selected_test_clean_f1,3,"123,42,456",0.9499612027606824,0.014608613650672028,0.024013344974683826,0.9225021592462713,0.970528849195639,cluster_bootstrap_B1000,0.9371910028807594,0.9658910965205602
group|fl|fedprox_0.01|non_iid_label|3|5|0.001|3,FedProx(mu=0.01) non_iid_label [3N] {group},group,fl,fedprox_0.01,0.01,non_iid_label,3,3,5.0,0.001,selected_test_clean_f1,5,"1011,123,42,456,789",0.9428232233507752,0.016564523354678798,0.028798345523381397,0.9083538467337416,0.9659505377805044,cluster_bootstrap_B1000,0.9164891375913198,0.9584763564251394
group|fl|fedprox_0.01|non_iid_label|3|1|0.001|3,FedProx(mu=0.01) non_iid_label [3N] {group},group,fl,fedprox_0.01,0.01,non_iid_label,3,3,1.0,0.001,selected_test_clean_loss,3,"123,42,456",0.1879963223622405,0.09281923439121624,0.11994732737491218,0.07652080326701717,0.3164154580168415,cluster_bootstrap_B1000,0.08094258890160015,0.24599911213425457
group|fl|fedprox_0.01|non_iid_label|3|2|0.001|3,FedProx(mu=0.01) non_iid_label [3N] {group},group,fl,fedprox_0.01,0.01,non_iid_label,3,3,2.0,0.001,selected_test_clean_loss,3,"123,42,456",0.15639399381328792,0.04005995365661058,0.07917790406460584,0.07874156225896498,0.23709737038817666,cluster_bootstrap_B1000,0.13135346734382278,0.2025970258262667
group|fl|fedprox_0.01|non_iid_label|3|5|0.0001|3,FedProx(mu=0.01) non_iid_label [3N] {group},group,fl,fedprox_0.01,0.01,non_iid_label,3,3,5.0,0.0001,selected_test_clean_loss,3,"123,42,456",0.11295920930100027,0.013783814783854847,0.052529071101650636,0.06986930159519793,0.1749274437984992,cluster_bootstrap_B1000,0.10054985990633952,0.12779519824915828
group|fl|fedprox_0.01|non_iid_label|3|5|0.001|3,FedProx(mu=0.01) non_iid_label [3N] {group},group,fl,fedprox_0.01,0.01,non_iid_label,3,3,5.0,0.001,selected_test_clean_loss,5,"1011,123,42,456,789",0.14201840697992868,0.057100663644203395,0.08325379577944662,0.075461637356604,0.24196922891549724,cluster_bootstrap_B1000,0.09640842536517455,0.23570282563878395
group|fl|fedprox_0.01|non_iid_label|3|1|0.001|3,FedProx(mu=0.01) non_iid_label [3N] {group},group,fl,fedprox_0.01,0.01,non_iid_label,3,3,1.0,0.001,selected_test_clean_macro_f1,3,"123,42,456",0.8778679568370432,0.06926445131243585,0.09719946592453915,0.7673073374477453,0.9617062692968236,cluster_bootstrap_B1000,0.8161327890686314,0.9527712195631534
group|fl|fedprox_0.01|non_iid_label|3|2|0.001|3,FedProx(mu=0.01) non_iid_label [3N] {group},group,fl,fedprox_0.01,0.01,non_iid_label,3,3,2.0,0.001,selected_test_clean_macro_f1,3,"123,42,456",0.9044032424166667,0.003326600756205896,0.06416702879425856,0.830209091973644,0.9585431495621611,cluster_bootstrap_B1000,0.9009956413264373,0.9076424463936488
group|fl|fedprox_0.01|non_iid_label|3|5|0.0001|3,FedProx(mu=0.01) non_iid_label [3N] {group},group,fl,fedprox_0.01,0.01,non_iid_label,3,3,5.0,0.0001,selected_test_clean_macro_f1,3,"123,42,456",0.9176601258665543,0.013446755354236126,0.04684338569845348,0.8579017592144538,0.9515885306113607,cluster_bootstrap_B1000,0.9047712837213184,0.9316027827765591
group|fl|fedprox_0.01|non_iid_label|3|5|0.001|3,FedProx(mu=0.01) non_iid_label [3N] {group},group,fl,fedprox_0.01,0.01,non_iid_label,3,3,5.0,0.001,selected_test_clean_macro_f1,5,"1011,123,42,456,789",0.9085577708501045,0.03044016094845171,0.053074618754553216,0.8471422132088653,0.9532914507179717,cluster_bootstrap_B1000,0.8593406892047318,0.9341338953936729
group|fl|fedprox_0.01|non_iid_label|3|1|0.001|3,FedProx(mu=0.01) non_iid_label [3N] {group},group,fl,fedprox_0.01,0.01,non_iid_label,3,3,1.0,0.001,selected_test_clean_mcc,3,"123,42,456",0.7903946473020366,0.10857562695949985,0.15072762163040837,0.6267834981275757,0.9282387413883925,cluster_bootstrap_B1000,0.7051332791498764,0.9126277251566006
group|fl|fedprox_0.01|non_iid_label|3|2|0.001|3,FedProx(mu=0.01) non_iid_label [3N] {group},group,fl,fedprox_0.01,0.01,non_iid_label,3,3,2.0,0.001,selected_test_clean_mcc,3,"123,42,456",0.832953384029862,0.006466003534324948,0.09905466670914698,0.7245369035400422,0.9226462369583361,cluster_bootstrap_B1000,0.8259022491048438,0.8386050568302587
group|fl|fedprox_0.01|non_iid_label|3|5|0.0001|3,FedProx(mu=0.01) non_iid_label [3N] {group},group,fl,fedprox_0.01,0.01,non_iid_label,3,3,5.0,0.0001,selected_test_clean_mcc,3,"123,42,456",0.8404596325750767,0.021424054225628444,0.08408576504128051,0.7372482687654319,0.905419798847993,cluster_bootstrap_B1000,0.8234250106023242,0.864512590961762
group|fl|fedprox_0.01|non_iid_label|3|5|0.001|3,FedProx(mu=0.01) non_iid_label [3N] {group},group,fl,fedprox_0.01,0.01,non_iid_label,3,3,5.0,0.001,selected_test_clean_mcc,5,"1011,123,42,456,789",0.84347676485453,0.040665244157298545,0.07799153957663563,0.7591217370111646,0.9151048161644358,cluster_bootstrap_B1000,0.7807409039661594,0.8806258945599347
group|fl|fedprox_0.01|non_iid_label|3|1|0.001|3,FedProx(mu=0.01) non_iid_label [3N] {group},group,fl,fedprox_0.01,0.01,non_iid_label,3,3,1.0,0.001,selected_test_clean_precision,3,"123,42,456",0.9922665745678624,0.006929828751950478,0.010310637453898874,0.9781070905329871,0.9987283654407848,cluster_bootstrap_B1000,0.9847837491617436,0.9984631898058498
group|fl|fedprox_0.01|non_iid_label|3|2|0.001|3,FedProx(mu=0.01) non_iid_label [3N] {group},group,fl,fedprox_0.01,0.01,non_iid_label,3,3,2.0,0.001,selected_test_clean_precision,3,"123,42,456",0.9943129057981485,0.006438120567993292,0.010852670308459711,0.9780106420493442,0.9997159826662636,cluster_bootstrap_B1000,0.9868834247053491,0.9982545923002727
group|fl|fedprox_0.01|non_iid_label|3|5|0.0001|3,FedProx(mu=0.01) non_iid_label [3N] {group},group,fl,fedprox_0.01,0.01,non_iid_label,3,3,5.0,0.0001,selected_test_clean_precision,3,"123,42,456",0.9741405814284874,0.01190156176323914,0.025890322578255853,0.9397987277097862,0.9915793728662979,cluster_bootstrap_B1000,0.9661966067483991,0.9878242690375773
group|fl|fedprox_0.01|non_iid_label|3|5|0.001|3,FedProx(mu=0.01) non_iid_label [3N] {group},group,fl,fedprox_0.01,0.01,non_iid_label,3,3,5.0,0.001,selected_test_clean_precision,5,"1011,123,42,456,789",0.9981151644314494,0.00036006769418908295,0.001793464372228215,0.9957666305272437,0.9993535592717001,cluster_bootstrap_B1000,0.9974796312815938,0.9983676368404105
group|fl|fedprox_0.01|non_iid_label|3|1|0.001|3,FedProx(mu=0.01) non_iid_label [3N] {group},group,fl,fedprox_0.01,0.01,non_iid_label,3,3,1.0,0.001,selected_test_clean_recall,3,"123,42,456",0.8491021556910022,0.11135075690766821,0.12290884494667298,0.7182339631860812,0.9640516530794272,cluster_bootstrap_B1000,0.7410834137497283,0.9635098263560757
group|fl|fedprox_0.01|non_iid_label|3|2|0.001|3,FedProx(mu=0.01) non_iid_label [3N] {group},group,fl,fedprox_0.01,0.01,non_iid_label,3,3,2.0,0.001,selected_test_clean_recall,3,"123,42,456",0.895402104955673,0.011400997436801974,0.05010260483623691,0.8443307459581952,0.944535955630669,cluster_bootstrap_B1000,0.8845516080256012,0.9072835736641518
group|fl|fedprox_0.01|non_iid_label|3|5|0.0001|3,FedProx(mu=0.01) non_iid_label [3N] {group},group,fl,fedprox_0.01,0.01,non_iid_label,3,3,5.0,0.0001,selected_test_clean_recall,3,"123,42,456",0.929544879019988,0.035208764270573276,0.04423468431385169,0.8820718643433767,0.9705412329710801,cluster_bootstrap_B1000,0.8952728774108567,0.965621035862416
group|fl|fedprox_0.01|non_iid_label|3|5|0.001|3,FedProx(mu=0.01) non_iid_label [3N] {group},group,fl,fedprox_0.01,0.01,non_iid_label,3,3,5.0,0.001,selected_test_clean_recall,5,"1011,123,42,456,789",0.8974034889347031,0.027129801781533885,0.04513230546066149,0.8484040344625521,0.9386686453838751,cluster_bootstrap_B1000,0.8553270920735391,0.924197521549844
group|fl|fedprox_0.01|non_iid_label|3|1|0.001|3,FedProx(mu=0.01) non_iid_label [3N] {group},group,fl,fedprox_0.01,0.01,non_iid_label,3,3,1.0,0.001,selected_test_clean_roc_auc,3,"123,42,456",0.9780330931334257,0.014983247379547641,0.020989277342346457,0.953601397745573,0.9955799524302659,cluster_bootstrap_B1000,0.9635862853872316,0.9935005864950655
group|fl|fedprox_0.01|non_iid_label|3|2|0.001|3,FedProx(mu=0.01) non_iid_label [3N] {group},group,fl,fedprox_0.01,0.01,non_iid_label,3,3,2.0,0.001,selected_test_clean_roc_auc,3,"123,42,456",0.9854750676534895,0.005476614780216019,0.010883436797330337,0.9730150227100304,0.994781896304691,cluster_bootstrap_B1000,0.9791564504836033,0.9888571255284322
group|fl|fedprox_0.01|non_iid_label|3|5|0.0001|3,FedProx(mu=0.01) non_iid_label [3N] {group},group,fl,fedprox_0.01,0.01,non_iid_label,3,3,5.0,0.0001,selected_test_clean_roc_auc,3,"123,42,456",0.98316783463176,0.007491045089472993,0.0170799975955766,0.9603582900272774,0.9945182852184306,cluster_bootstrap_B1000,0.9745568762079343,0.9881834566461264
group|fl|fedprox_0.01|non_iid_label|3|5|0.001|3,FedProx(mu=0.01) non_iid_label [3N] {group},group,fl,fedprox_0.01,0.01,non_iid_label,3,3,5.0,0.001,selected_test_clean_roc_auc,5,"1011,123,42,456,789",0.9880739671092081,0.004518004173600818,0.00891097152060022,0.9767340372249628,0.9945559802661632,cluster_bootstrap_B1000,0.9811490039067123,0.9920112771739072
group|fl|fedprox_0.01|non_iid_label|3|1|0.001|3,FedProx(mu=0.01) non_iid_label [3N] {group},group,fl,fedprox_0.01,0.01,non_iid_label,3,3,1.0,0.001,selected_test_clean_specificity,3,"123,42,456",0.9828953764739796,0.024754137373700982,0.02920205317853014,0.9413224724338288,0.9997265787908891,cluster_bootstrap_B1000,0.9544837129417157,0.9998123608756397
group|fl|fedprox_0.01|non_iid_label|3|2|0.001|3,FedProx(mu=0.01) non_iid_label [3N] {group},group,fl,fedprox_0.01,0.01,non_iid_label,3,3,2.0,0.001,selected_test_clean_specificity,3,"123,42,456",0.9975877732847107,0.0019994012443920067,0.003272894627728229,0.9931688395495607,0.9997146288050172,cluster_bootstrap_B1000,0.9956281635433918,0.9996247217512796
group|fl|fedprox_0.01|non_iid_label|3|5|0.0001|3,FedProx(mu=0.01) non_iid_label [3N] {group},group,fl,fedprox_0.01,0.01,non_iid_label,3,3,5.0,0.0001,selected_test_clean_specificity,3,"123,42,456",0.923022426432151,0.04177469787520678,0.058353131802222125,0.8504194630280328,0.9671257266324771,cluster_bootstrap_B1000,0.8770275005104953,0.9586085936416636
group|fl|fedprox_0.01|non_iid_label|3|5|0.001|3,FedProx(mu=0.01) non_iid_label [3N] {group},group,fl,fedprox_0.01,0.01,non_iid_label,3,3,5.0,0.001,selected_test_clean_specificity,5,"1011,123,42,456,789",0.9995871939264076,8.391476746161631e-05,0.00042059557568785433,0.9989973196710522,0.9998385108224279,cluster_bootstrap_B1000,0.9994370826269193,0.9996247217512796
group|fl|fedprox_0.01|non_iid_label|3|1|0.001|3,FedProx(mu=0.01) non_iid_label [3N] {group},group,fl,fedprox_0.01,0.01,non_iid_label,3,3,1.0,0.001,selected_test_f1,3,"123,42,456",0.9072805263392208,0.07019304749661744,0.0772503401855194,0.8223438498909134,0.9768445302619522,cluster_bootstrap_B1000,0.8378992392225614,0.9782581050862537
group|fl|fedprox_0.01|non_iid_label|3|2|0.001|3,FedProx(mu=0.01) non_iid_label [3N] {group},group,fl,fedprox_0.01,0.01,non_iid_label,3,3,2.0,0.001,selected_test_f1,3,"123,42,456",0.9418045011547216,0.004702322087483401,0.026233263925500072,0.9126625711609391,0.9651290990119392,cluster_bootstrap_B1000,0.936635078537745,0.9458278351968522
group|fl|fedprox_0.01|non_iid_label|3|5|0.0001|3,FedProx(mu=0.01) non_iid_label [3N] {group},group,fl,fedprox_0.01,0.01,non_iid_label,3,3,5.0,0.0001,selected_test_f1,3,"123,42,456",0.9504419700143062,0.01409488540820369,0.024405822486083195,0.9223568008145601,0.9711684457867265,cluster_bootstrap_B1000,0.9381053070040021,0.9658038239128632
group|fl|fedprox_0.01|non_iid_label|3|5|0.001|3,FedProx(mu=0.01) non_iid_label [3N] {group},group,fl,fedprox_0.01,0.01,non_iid_label,3,3,5.0,0.001,selected_test_f1,5,"1011,123,42,456,789",0.9439098561192178,0.015510610205060088,0.025666951521679415,0.9155369268766821,0.9668708299200409,cluster_bootstrap_B1000,0.9193946801514057,0.95868293023006
group|fl|fedprox_0.01|non_iid_label|3|1|0.001|3,FedProx(mu=0.01) non_iid_label [3N] {group},group,fl,fedprox_0.01,0.01,non_iid_label,3,3,1.0,0.001,selected_test_fn,3,"123,42,456",473.6666666666667,318.62569471612505,791.5101041769741,-317.8434375103074,1265.1767708436407,t_seeds,150.0,787.0
group|fl|fedprox_0.01|non_iid_label|3|2|0.001|3,FedProx(mu=0.01) non_iid_label [3N] {group},group,fl,fedprox_0.01,0.01,non_iid_label,3,3,2.0,0.001,selected_test_fn,3,"123,42,456",367.3333333333333,19.857828011475306,49.32957943675787,318.00375389657546,416.66291277009117,t_seeds,345.0,383.0
group|fl|fedprox_0.01|non_iid_label|3|5|0.0001|3,FedProx(mu=0.01) non_iid_label [3N] {group},group,fl,fedprox_0.01,0.01,non_iid_label,3,3,5.0,0.0001,selected_test_fn,3,"123,42,456",201.66666666666666,92.68405112711321,230.2399466826576,-28.573280015990946,431.9066133493243,t_seeds,138.0,308.0
group|fl|fedprox_0.01|non_iid_label|3|5|0.001|3,FedProx(mu=0.01) non_iid_label [3N] {group},group,fl,fedprox_0.01,0.01,non_iid_label,3,3,5.0,0.001,selected_test_fn,5,"1011,123,42,456,789",376.0,185.68117836765254,230.5536343231657,145.4463656768343,606.5536343231657,t_seeds,238.0,691.0
group|fl|fedprox_0.01|non_iid_label|3|1|0.001|3,FedProx(mu=0.01) non_iid_label [3N] {group},group,fl,fedprox_0.01,0.01,non_iid_label,3,3,1.0,0.001,selected_test_fp,3,"123,42,456",17.666666666666668,20.816659994661325,51.71145012542262,-34.04478345875596,69.37811679208929,t_seeds,1.0,41.0
group|fl|fedprox_0.01|non_iid_label|3|2|0.001|3,FedProx(mu=0.01) non_iid_label [3N] {group},group,fl,fedprox_0.01,0.01,non_iid_label,3,3,2.0,0.001,selected_test_fp,3,"123,42,456",7.666666666666667,8.144527815247077,20.23212869025479,-12.565462023588122,27.898795356921458,t_seeds,2.0,17.0
group|fl|fedprox_0.01|non_iid_label|3|5|0.0001|3,FedProx(mu=0.01) non_iid_label [3N] {group},group,fl,fedprox_0.01,0.01,non_iid_label,3,3,5.0,0.0001,selected_test_fp,3,"123,42,456",76.66666666666667,37.52776749732568,93.22414247790502,-16.557475811238348,169.89080914457168,t_seeds,40.0,115.0
group|fl|fedprox_0.01|non_iid_label|3|5|0.001|3,FedProx(mu=0.01) non_iid_label [3N] {group},group,fl,fedprox_0.01,0.01,non_iid_label,3,3,5.0,0.001,selected_test_fp,5,"1011,123,42,456,789",2.2,0.44721359549995787,0.5552890210395586,1.6447109789604415,2.755289021039559,t_seeds,2.0,3.0
group|fl|fedprox_0.01|non_iid_label|3|1|0.001|3,FedProx(mu=0.01) non_iid_label [3N] {group},group,fl,fedprox_0.01,0.01,non_iid_label,3,3,1.0,0.001,selected_test_loss,3,"123,42,456",0.1829994303320351,0.08943771005006904,0.11403579794144116,0.07919006379626695,0.30726165967914926,cluster_bootstrap_B1000,0.07974835829232245,0.2365000852781924
group|fl|fedprox_0.01|non_iid_label|3|2|0.001|3,FedProx(mu=0.01) non_iid_label [3N] {group},group,fl,fedprox_0.01,0.01,non_iid_label,3,3,2.0,0.001,selected_test_loss,3,"123,42,456",0.1517584476529561,0.042126674111417,0.0769651964282139,0.07681254575839931,0.23074293861482711,cluster_bootstrap_B1000,0.12572862145208366,0.20036117865016442
group|fl|fedprox_0.01|non_iid_label|3|5|0.0001|3,FedProx(mu=0.01) non_iid_label [3N] {group},group,fl,fedprox_0.01,0.01,non_iid_label,3,3,5.0,0.0001,selected_test_loss,3,"123,42,456",0.10795595732953177,0.013430393650462396,0.048398345388512315,0.06554462530373956,0.1623413160807642,cluster_bootstrap_B1000,0.09560360272236179,0.12225247793561485
group|fl|fedprox_0.01|non_iid_label|3|5|0.001|3,FedProx(mu=0.01) non_iid_label [3N] {group},group,fl,fedprox_0.01,0.01,non_iid_label,3,3,5.0,0.001,selected_test_loss,5,"1011,123,42,456,789",0.1365867729835764,0.05345555663141717,0.07752218125271063,0.07424813888694982,0.22929250139237106,cluster_bootstrap_B1000,0.09368882594440911,0.2242548535009947
group|fl|fedprox_0.01|non_iid_label|3|1|0.001|3,FedProx(mu=0.01) non_iid_label [3N] {group},group,fl,fedprox_0.01,0.01,non_iid_label,3,3,1.0,0.001,selected_test_macro_f1,3,"123,42,456",0.8842861088352402,0.0663123963321241,0.08618900712391164,0.7888028643689108,0.9611808786167341,cluster_bootstrap_B1000,0.8251758666872784,0.9559935532403934
group|fl|fedprox_0.01|non_iid_label|3|2|0.001|3,FedProx(mu=0.01) non_iid_label [3N] {group},group,fl,fedprox_0.01,0.01,non_iid_label,3,3,2.0,0.001,selected_test_macro_f1,3,"123,42,456",0.9097519408004859,0.0035028562575014567,0.0587082358142641,0.8426654230650383,0.9600818946935665,cluster_bootstrap_B1000,0.9061941789747379,0.9131971800344165
group|fl|fedprox_0.01|non_iid_label|3|5|0.0001|3,FedProx(mu=0.01) non_iid_label [3N] {group},group,fl,fedprox_0.01,0.01,non_iid_label,3,3,5.0,0.0001,selected_test_macro_f1,3,"123,42,456",0.9231816293277184,0.01259844663781043,0.03931462707697392,0.8739533708607365,0.9525826250146844,cluster_bootstrap_B1000,0.9104282330508215,0.9356191871608869
group|fl|fedprox_0.01|non_iid_label|3|5|0.001|3,FedProx(mu=0.01) non_iid_label [3N] {group},group,fl,fedprox_0.01,0.01,non_iid_label,3,3,5.0,0.001,selected_test_macro_f1,5,"1011,123,42,456,789",0.9135120078856858,0.028692926388971456,0.05174296320536992,0.8536719701071682,0.9571578965179081,cluster_bootstrap_B1000,0.867116049587218,0.9375267591337637
group|fl|fedprox_0.01|non_iid_label|3|1|0.001|3,FedProx(mu=0.01) non_iid_label [3N] {group},group,fl,fedprox_0.01,0.01,non_iid_label,3,3,1.0,0.001,selected_test_macro_precision,3,"123,42,456",0.8938272127129685,0.04184991646699683,0.10396095572926796,0.7898662569837005,0.9977881684422365,t_seeds,0.8668205030310187,0.9420349438256872
group|fl|fedprox_0.01|non_iid_label|3|2|0.001|3,FedProx(mu=0.01) non_iid_label [3N] {group},group,fl,fedprox_0.01,0.01,non_iid_label,3,3,2.0,0.001,selected_test_macro_precision,3,"123,42,456",0.9028990292998182,0.0013851605349346988,0.003440929521659546,0.8994580997781587,0.9063399588214778,t_seeds,0.9013374736899832,0.9039795199099094
group|fl|fedprox_0.01|non_iid_label|3|5|0.0001|3,FedProx(mu=0.01) non_iid_label [3N] {group},group,fl,fedprox_0.01,0.01,non_iid_label,3,3,5.0,0.0001,selected_test_macro_precision,3,"123,42,456",0.922364655804453,0.015115068285407205,0.03754791114346144,0.8848167446609916,0.9599125669479145,t_seeds,0.9089722405827946,0.9387535255970846
group|fl|fedprox_0.01|non_iid_label|3|5|0.001|3,FedProx(mu=0.01) non_iid_label [3N] {group},group,fl,fedprox_0.01,0.01,non_iid_label,3,3,5.0,0.001,selected_test_macro_precision,5,"1011,123,42,456,789",0.9099479394767231,0.022448970613893914,0.027874078608006326,0.8820738608687169,0.9378220180847294,t_seeds,0.8754566349741962,0.929854897247969
group|fl|fedprox_0.01|non_iid_label|3|1|0.001|3,FedProx(mu=0.01) non_iid_label [3N] {group},group,fl,fedprox_0.01,0.01,non_iid_label,3,3,1.0,0.001,selected_test_macro_recall,3,"123,42,456",0.9179224545636572,0.05506271781694552,0.13678337384054118,0.781139080723116,1.0547058284041984,t_seeds,0.8727115102137231,0.9792433083928058
group|fl|fedprox_0.01|non_iid_label|3|2|0.001|3,FedProx(mu=0.01) non_iid_label [3N] {group},group,fl,fedprox_0.01,0.01,non_iid_label,3,3,2.0,0.001,selected_test_macro_recall,3,"123,42,456",0.9473536694465814,0.005465705854783172,0.01357756603520145,0.93377610341138,0.9609312354817828,t_seeds,0.9416952466276549,0.9526037544365317
group|fl|fedprox_0.01|non_iid_label|3|5|0.0001|3,FedProx(mu=0.01) non_iid_label [3N] {group},group,fl,fedprox_0.01,0.01,non_iid_label,3,3,5.0,0.0001,selected_test_macro_recall,3,"123,42,456",0.9307208228764196,0.0032626005488752465,0.008104749061838326,0.9226160738145812,0.9388255719382579,t_seeds,0.9279708563398466,0.9343257894131002
group|fl|fedprox_0.01|non_iid_label|3|5|0.001|3,FedProx(mu=0.01) non_iid_label [3N] {group},group,fl,fedprox_0.01,0.01,non_iid_label,3,3,5.0,0.001,selected_test_macro_recall,5,"1011,123,42,456,789",0.9492826543083626,0.012746520514221659,0.015826895624874764,0.9334557586834878,0.9651095499332373,t_seeds,0.9296401058101017,0.9619289602646457
group|fl|fedprox_0.01|non_iid_label|3|1|0.001|3,FedProx(mu=0.01) non_iid_label [3N] {group},group,fl,fedprox_0.01,0.01,non_iid_label,3,3,1.0,0.001,selected_test_macro_specificity,3,"123,42,456",0.9179224545636572,0.05506271781694552,0.13678337384054118,0.781139080723116,1.0547058284041984,t_seeds,0.8727115102137231,0.9792433083928058
group|fl|fedprox_0.01|non_iid_label|3|2|0.001|3,FedProx(mu=0.01) non_iid_label [3N] {group},group,fl,fedprox_0.01,0.01,non_iid_label,3,3,2.0,0.001,selected_test_macro_specificity,3,"123,42,456",0.9473536694465814,0.005465705854783172,0.01357756603520145,0.93377610341138,0.9609312354817828,t_seeds,0.9416952466276549,0.9526037544365317
group|fl|fedprox_0.01|non_iid_label|3|5|0.0001|3,FedProx(mu=0.01) non_iid_label [3N] {group},group,fl,fedprox_0.01,0.01,non_iid_label,3,3,5.0,0.0001,selected_test_macro_specificity,3,"123,42,456",0.9307208228764196,0.0032626005488752465,0.008104749061838326,0.9226160738145812,0.9388255719382579,t_seeds,0.9279708563398466,0.9343257894131002
group|fl|fedprox_0.01|non_iid_label|3|5|0.001|3,FedProx(mu=0.01) non_iid_label [3N] {group},group,fl,fedprox_0.01,0.01,non_iid_label,3,3,5.0,0.001,selected_test_macro_specificity,5,"1011,123,42,456,789",0.9492826543083626,0.012746520514221659,0.015826895624874764,0.9334557586834878,0.9651095499332373,t_seeds,0.9296401058101017,0.9619289602646457
group|fl|fedprox_0.01|non_iid_label|3|1|0.001|3,FedProx(mu=0.01) non_iid_label [3N] {group},group,fl,fedprox_0.01,0.01,non_iid_label,3,3,1.0,0.001,selected_test_mcc,3,"123,42,456",0.8002171383142732,0.10501528052660138,0.13309033126215325,0.6625715123125737,0.9287521748368802,cluster_bootstrap_B1000,0.716938813596333,0.9181894495550414
group|fl|fedprox_0.01|non_iid_label|3|2|0.001|3,FedProx(mu=0.01) non_iid_label [3N] {group},group,fl,fedprox_0.01,0.01,non_iid_label,3,3,2.0,0.001,selected_test_mcc,3,"123,42,456",0.8413100895981963,0.006760550331246256,0.0913979170099829,0.7417246300168441,0.9245204640368099,cluster_bootstrap_B1000,0.834037494380398,0.8474034301208144
group|fl|fedprox_0.01|non_iid_label|3|5|0.0001|3,FedProx(mu=0.01) non_iid_label [3N] {group},group,fl,fedprox_0.01,0.01,non_iid_label,3,3,5.0,0.0001,selected_test_mcc,3,"123,42,456",0.8510419099451584,0.01986494730187041,0.07064789116670206,0.7660601838538315,0.9073559661872356,cluster_bootstrap_B1000,0.833363604496402,0.8725390352027443
group|fl|fedprox_0.01|non_iid_label|3|5|0.001|3,FedProx(mu=0.01) non_iid_label [3N] {group},group,fl,fedprox_0.01,0.01,non_iid_label,3,3,5.0,0.001,selected_test_mcc,5,"1011,123,42,456,789",0.8509645796035799,0.03881244664735064,0.07689236865070914,0.7675437968791968,0.9213285341806151,cluster_bootstrap_B1000,0.7910646807913249,0.8862468748687955
group|fl|fedprox_0.01|non_iid_label|3|1|0.001|3,FedProx(mu=0.01) non_iid_label [3N] {group},group,fl,fedprox_0.01,0.01,non_iid_label,3,3,1.0,0.001,selected_test_n_examples,3,"123,42,456",7198.0,0.0,0.0,7198.0,7198.0,t_seeds,7198.0,7198.0
group|fl|fedprox_0.01|non_iid_label|3|2|0.001|3,FedProx(mu=0.01) non_iid_label [3N] {group},group,fl,fedprox_0.01,0.01,non_iid_label,3,3,2.0,0.001,selected_test_n_examples,3,"123,42,456",7198.0,0.0,0.0,7198.0,7198.0,t_seeds,7198.0,7198.0
group|fl|fedprox_0.01|non_iid_label|3|5|0.0001|3,FedProx(mu=0.01) non_iid_label [3N] {group},group,fl,fedprox_0.01,0.01,non_iid_label,3,3,5.0,0.0001,selected_test_n_examples,3,"123,42,456",7198.0,0.0,0.0,7198.0,7198.0,t_seeds,7198.0,7198.0
group|fl|fedprox_0.01|non_iid_label|3|5|0.001|3,FedProx(mu=0.01) non_iid_label [3N] {group},group,fl,fedprox_0.01,0.01,non_iid_label,3,3,5.0,0.001,selected_test_n_examples,5,"1011,123,42,456,789",7198.0,0.0,0.0,7198.0,7198.0,t_seeds,7198.0,7198.0
group|fl|fedprox_0.01|non_iid_label|3|1|0.001|3,FedProx(mu=0.01) non_iid_label [3N] {group},group,fl,fedprox_0.01,0.01,non_iid_label,3,3,1.0,0.001,selected_test_precision,3,"123,42,456",0.9926423889936197,0.006582026383305899,0.009559812519385591,0.979818488136019,0.9989381131747902,cluster_bootstrap_B1000,0.9855760625840378,0.9985990506233058
group|fl|fedprox_0.01|non_iid_label|3|2|0.001|3,FedProx(mu=0.01) non_iid_label [3N] {group},group,fl,fedprox_0.01,0.01,non_iid_label,3,3,2.0,0.001,selected_test_precision,3,"123,42,456",0.9945266072338409,0.006213993450457003,0.010836047874218269,0.9778968070174069,0.9995689027658434,cluster_bootstrap_B1000,0.9873554956785837,0.9983244927052601
group|fl|fedprox_0.01|non_iid_label|3|5|0.0001|3,FedProx(mu=0.01) non_iid_label [3N] {group},group,fl,fedprox_0.01,0.01,non_iid_label,3,3,5.0,0.0001,selected_test_precision,3,"123,42,456",0.9747076752270019,0.011259078998325898,0.024967338546745377,0.9413969570890262,0.9913316341825169,cluster_bootstrap_B1000,0.9668383497150328,0.9876046003581096
group|fl|fedprox_0.01|non_iid_label|3|5|0.001|3,FedProx(mu=0.01) non_iid_label [3N] {group},group,fl,fedprox_0.01,0.01,non_iid_label,3,3,5.0,0.001,selected_test_precision,5,"1011,123,42,456,789",0.9981877163619325,0.00034790527829695517,0.0017012598656617195,0.9960077815831834,0.9994103013145068,cluster_bootstrap_B1000,0.9975721411287386,0.9984235179590863
group|fl|fedprox_0.01|non_iid_label|3|1|0.001|3,FedProx(mu=0.01) non_iid_label [3N] {group},group,fl,fedprox_0.01,0.01,non_iid_label,3,3,1.0,0.001,selected_test_recall,3,"123,42,456",0.8509692123086866,0.10912627369379767,0.1159327293271104,0.7317315138826763,0.9635969725368971,cluster_bootstrap_B1000,0.7455966797772656,0.9634970665482269
group|fl|fedprox_0.01|non_iid_label|3|2|0.001|3,FedProx(mu=0.01) non_iid_label [3N] {group},group,fl,fedprox_0.01,0.01,non_iid_label,3,3,2.0,0.001,selected_test_recall,3,"123,42,456",0.8969013192392866,0.011810536776503344,0.046668828341349,0.8491306167932259,0.9424682734759239,cluster_bootstrap_B1000,0.8856395076755795,0.9091931167915267
group|fl|fedprox_0.01|non_iid_label|3|5|0.0001|3,FedProx(mu=0.01) non_iid_label [3N] {group},group,fl,fedprox_0.01,0.01,non_iid_label,3,3,5.0,0.0001,selected_test_recall,3,"123,42,456",0.9297135959590829,0.03410629189742423,0.04456744730923268,0.8827478807939265,0.9718827754123919,cluster_bootstrap_B1000,0.896672261302032,0.9647934065882265
group|fl|fedprox_0.01|non_iid_label|3|5|0.001|3,FedProx(mu=0.01) non_iid_label [3N] {group},group,fl,fedprox_0.01,0.01,non_iid_label,3,3,5.0,0.001,selected_test_recall,5,"1011,123,42,456,789",0.8989473591863275,0.025536196303714346,0.041897191433041825,0.8571337583881239,0.9409281412542075,cluster_bootstrap_B1000,0.8596275303198422,0.9243788985787496
group|fl|fedprox_0.01|non_iid_label|3|1|0.001|3,FedProx(mu=0.01) non_iid_label [3N] {group},group,fl,fedprox_0.01,0.01,non_iid_label,3,3,1.0,0.001,selected_test_roc_auc,3,"123,42,456",0.979514524703648,0.014799808762017617,0.019677198661390394,0.9564525581618014,0.9958069554845822,cluster_bootstrap_B1000,0.9645502605780262,0.9941442045121032
group|fl|fedprox_0.01|non_iid_label|3|2|0.001|3,FedProx(mu=0.01) non_iid_label [3N] {group},group,fl,fedprox_0.01,0.01,non_iid_label,3,3,2.0,0.001,selected_test_roc_auc,3,"123,42,456",0.9862973055224359,0.005581474497790341,0.009938088943429013,0.9750860668958699,0.9949622447827279,cluster_bootstrap_B1000,0.9798541263762458,0.9896490466881407
group|fl|fedprox_0.01|non_iid_label|3|5|0.0001|3,FedProx(mu=0.01) non_iid_label [3N] {group},group,fl,fedprox_0.01,0.01,non_iid_label,3,3,5.0,0.0001,selected_test_roc_auc,3,"123,42,456",0.9851963995001269,0.006302224121757179,0.01307747571037643,0.9686770509380952,0.994832002358848,cluster_bootstrap_B1000,0.9779416216900598,0.9893179321856294
group|fl|fedprox_0.01|non_iid_label|3|5|0.001|3,FedProx(mu=0.01) non_iid_label [3N] {group},group,fl,fedprox_0.01,0.01,non_iid_label,3,3,5.0,0.001,selected_test_roc_auc,5,"1011,123,42,456,789",0.9886703275891955,0.0037381266212401275,0.007636595484144526,0.9796909346492131,0.9949641256175021,cluster_bootstrap_B1000,0.9830708857751407,0.9921080981531383
group|fl|fedprox_0.01|non_iid_label|3|1|0.001|3,FedProx(mu=0.01) non_iid_label [3N] {group},group,fl,fedprox_0.01,0.01,non_iid_label,3,3,1.0,0.001,selected_test_specificity,3,"123,42,456",0.9848756968186279,0.02184079673872761,0.023812879932082642,0.9521754271384474,0.9998011870026127,cluster_bootstrap_B1000,0.9598111995683182,0.9998263406501806
group|fl|fedprox_0.01|non_iid_label|3|2|0.001|3,FedProx(mu=0.01) non_iid_label [3N] {group},group,fl,fedprox_0.01,0.01,non_iid_label,3,3,2.0,0.001,selected_test_specificity,3,"123,42,456",0.9978060196538759,0.001819768851239689,0.0033879331947570535,0.9929117638761181,0.9996876302656322,cluster_bootstrap_B1000,0.9960143920815363,0.9996526813003612
group|fl|fedprox_0.01|non_iid_label|3|5|0.0001|3,FedProx(mu=0.01) non_iid_label [3N] {group},group,fl,fedprox_0.01,0.01,non_iid_label,3,3,5.0,0.0001,selected_test_specificity,3,"123,42,456",0.9317280497937565,0.03683681039527038,0.05329554708735568,0.8650505167267836,0.9716416109014949,cluster_bootstrap_B1000,0.8911483060914667,0.9630593844505921
group|fl|fedprox_0.01|non_iid_label|3|5|0.001|3,FedProx(mu=0.01) non_iid_label [3N] {group},group,fl,fedprox_0.01,0.01,non_iid_label,3,3,5.0,0.001,selected_test_specificity,5,"1011,123,42,456,789",0.9996179494303974,7.766282222491363e-05,0.00038297720235141997,0.9990961410055189,0.9998620954102218,cluster_bootstrap_B1000,0.9994790219505418,0.9996526813003612
group|fl|fedprox_0.01|non_iid_label|3|1|0.001|3,FedProx(mu=0.01) non_iid_label [3N] {group},group,fl,fedprox_0.01,0.01,non_iid_label,3,3,1.0,0.001,selected_test_tn,3,"123,42,456",2658.3333333333335,20.816659994661325,51.71145012542262,2606.6218832079107,2710.0447834587562,t_seeds,2635.0,2675.0
group|fl|fedprox_0.01|non_iid_label|3|2|0.001|3,FedProx(mu=0.01) non_iid_label [3N] {group},group,fl,fedprox_0.01,0.01,non_iid_label,3,3,2.0,0.001,selected_test_tn,3,"123,42,456",2668.3333333333335,8.144527815247079,20.232128690254793,2648.1012046430787,2688.565462023588,t_seeds,2659.0,2674.0
group|fl|fedprox_0.01|non_iid_label|3|5|0.0001|3,FedProx(mu=0.01) non_iid_label [3N] {group},group,fl,fedprox_0.01,0.01,non_iid_label,3,3,5.0,0.0001,selected_test_tn,3,"123,42,456",2599.3333333333335,37.52776749732568,93.22414247790502,2506.1091908554286,2692.5574758112384,t_seeds,2561.0,2636.0
group|fl|fedprox_0.01|non_iid_label|3|5|0.001|3,FedProx(mu=0.01) non_iid_label [3N] {group},group,fl,fedprox_0.01,0.01,non_iid_label,3,3,5.0,0.001,selected_test_tn,5,"1011,123,42,456,789",2673.8,0.44721359549995787,0.5552890210395586,2673.2447109789605,2674.35528902104,t_seeds,2673.0,2674.0
group|fl|fedprox_0.01|non_iid_label|3|1|0.001|3,FedProx(mu=0.01) non_iid_label [3N] {group},group,fl,fedprox_0.01,0.01,non_iid_label,3,3,1.0,0.001,selected_test_tp,3,"123,42,456",4048.3333333333335,318.62569471612505,791.5101041769741,3256.8232291563595,4839.843437510308,t_seeds,3735.0,4372.0
group|fl|fedprox_0.01|non_iid_label|3|2|0.001|3,FedProx(mu=0.01) non_iid_label [3N] {group},group,fl,fedprox_0.01,0.01,non_iid_label,3,3,2.0,0.001,selected_test_tp,3,"123,42,456",4154.666666666667,19.857828011475306,49.32957943675787,4105.337087229909,4203.996246103425,t_seeds,4139.0,4177.0
group|fl|fedprox_0.01|non_iid_label|3|5|0.0001|3,FedProx(mu=0.01) non_iid_label [3N] {group},group,fl,fedprox_0.01,0.01,non_iid_label,3,3,5.0,0.0001,selected_test_tp,3,"123,42,456",4320.333333333333,92.68405112711321,230.2399466826576,4090.0933866506753,4550.57328001599,t_seeds,4214.0,4384.0
group|fl|fedprox_0.01|non_iid_label|3|5|0.001|3,FedProx(mu=0.01) non_iid_label [3N] {group},group,fl,fedprox_0.01,0.01,non_iid_label,3,3,5.0,0.001,selected_test_tp,5,"1011,123,42,456,789",4146.0,185.68117836765254,230.5536343231657,3915.4463656768344,4376.553634323166,t_seeds,3831.0,4284.0
group|fl|fedprox_0.01|non_iid_label|3|1|0.001|3,FedProx(mu=0.01) non_iid_label [3N] {group},group,fl,fedprox_0.01,0.01,non_iid_label,3,3,1.0,0.001,selected_val_loss,3,"123,42,456",0.20615989803346693,0.09094614191259226,0.22592274086326775,-0.019762842829800814,0.4320826388967347,t_seeds,0.10785611797872414,0.28730359715311904
group|fl|fedprox_0.01|non_iid_label|3|2|0.001|3,FedProx(mu=0.01) non_iid_label [3N] {group},group,fl,fedprox_0.01,0.01,non_iid_label,3,3,2.0,0.001,selected_val_loss,3,"123,42,456",0.18869965847292983,0.052476977453114936,0.1303600386899546,0.05833961978297522,0.3190596971628844,t_seeds,0.14692127682019715,0.2475988253907605
group|fl|fedprox_0.01|non_iid_label|3|5|0.0001|3,FedProx(mu=0.01) non_iid_label [3N] {group},group,fl,fedprox_0.01,0.01,non_iid_label,3,3,5.0,0.0001,selected_val_loss,3,"123,42,456",0.10752776370551335,0.03851278368644641,0.09567105833998443,0.011856705365528922,0.20319882204549777,t_seeds,0.0849521066196364,0.15199675087250658
group|fl|fedprox_0.01|non_iid_label|3|5|0.001|3,FedProx(mu=0.01) non_iid_label [3N] {group},group,fl,fedprox_0.01,0.01,non_iid_label,3,3,5.0,0.001,selected_val_loss,5,"1011,123,42,456,789",0.18465247190951928,0.03732715065182409,0.04634777911989814,0.13830469278962115,0.2310002510294174,t_seeds,0.1506371363361049,0.23874415305063024
group|fl|fedprox_0.01|non_iid_label|3|1|0.001|3,FedProx(mu=0.01) non_iid_label [3N] {group},group,fl,fedprox_0.01,0.01,non_iid_label,3,3,1.0,0.001,total_time_s,3,"123,42,456",1337.2266666666667,7.475355064030873,18.569811423282893,1318.6568552433837,1355.7964780899497,t_seeds,1329.92,1344.86
group|fl|fedprox_0.01|non_iid_label|3|2|0.001|3,FedProx(mu=0.01) non_iid_label [3N] {group},group,fl,fedprox_0.01,0.01,non_iid_label,3,3,2.0,0.001,total_time_s,3,"123,42,456",2591.7299999999996,2.62520475391925,6.521370130277054,2585.2086298697227,2598.2513701302764,t_seeds,2589.45,2594.6
group|fl|fedprox_0.01|non_iid_label|3|5|0.0001|3,FedProx(mu=0.01) non_iid_label [3N] {group},group,fl,fedprox_0.01,0.01,non_iid_label,3,3,5.0,0.0001,total_time_s,3,"123,42,456",6385.5199999999995,45.27378822232546,112.46632467687661,6273.053675323123,6497.986324676876,t_seeds,6335.59,6423.9
group|fl|fedprox_0.01|non_iid_label|3|5|0.001|3,FedProx(mu=0.01) non_iid_label [3N] {group},group,fl,fedprox_0.01,0.01,non_iid_label,3,3,5.0,0.001,total_time_s,5,"1011,123,42,456,789",6338.614,30.22232006315838,37.52596676461507,6301.0880332353845,6376.139966764615,t_seeds,6312.37,6378.69
image|fl|fedprox_0.01|non_iid_label|3|||3,FedProx(mu=0.01) non_iid_label [3N] {image},image,fl,fedprox_0.01,0.01,non_iid_label,3,3,,,final_cumulative_mb,3,"123,456,NA",110.31019199999999,1.7404671430534633e-14,4.323560066121465e-14,110.31019199999994,110.31019200000003,t_seeds,110.310192,110.310192
image|fl|fedprox_0.01|non_iid_label|3|||3,FedProx(mu=0.01) non_iid_label [3N] {image},image,fl,fedprox_0.01,0.01,non_iid_label,3,3,,,round1_accuracy,3,"123,456,NA",0.9701517666017269,0.019636092636716725,0.04877875823029099,0.9213730083714359,1.018930524832018,t_seeds,0.9479038891694928,0.9850638574211703
image|fl|fedprox_0.01|non_iid_label|3|||3,FedProx(mu=0.01) non_iid_label [3N] {image},image,fl,fedprox_0.01,0.01,non_iid_label,3,3,,,total_time_s,3,"123,456,NA",10499.906666666668,494.1405489669238,1227.513172593746,9272.393494072921,11727.419839260414,t_seeds,10098.52,11051.8
image|fl|fedprox_0.01|non_iid_label|3|||3,FedProx(mu=0.01) non_iid_label [3N] {image},image,fl,fedprox_0.01,0.01,non_iid_label,3,3,,,v1_final_round_accuracy,3,"123,456,NA",0.9922312817182576,0.002399999239405014,0.005961928618778104,0.9862693530994795,0.9981932103370357,t_seeds,0.9904033480049066,0.9949491305288982
image|fl|fedprox_0.01|non_iid_label|3|||3,FedProx(mu=0.01) non_iid_label [3N] {image},image,fl,fedprox_0.01,0.01,non_iid_label,3,3,,,v1_final_round_loss,3,"123,456,NA",0.024818889796823455,0.0035856444137939833,0.00890723450923254,0.015911655287590913,0.033726124306055996,t_seeds,0.02068222185754206,0.027038318545536927
group|fl|fedprox_0.05|non_iid_label|3|5|0.001|3,FedProx(mu=0.05) non_iid_label [3N] {group},group,fl,fedprox_0.05,0.05,non_iid_label,3,3,5.0,0.001,final_cumulative_mb,3,"123,42,456",165.465288,0.0,0.0,165.465288,165.465288,t_seeds,165.465288,165.465288
group|fl|fedprox_0.05|non_iid_label|3|5|0.001|3,FedProx(mu=0.05) non_iid_label [3N] {group},group,fl,fedprox_0.05,0.05,non_iid_label,3,3,5.0,0.001,round1_accuracy,3,"123,42,456",0.7639023938509979,0.12308529534958841,0.3057608239398401,0.4581415699111578,1.069663217790838,t_seeds,0.6398110848728991,0.8859563828309488
group|fl|fedprox_0.05|non_iid_label|3|5|0.001|3,FedProx(mu=0.05) non_iid_label [3N] {group},group,fl,fedprox_0.05,0.05,non_iid_label,3,3,5.0,0.001,selected_round,3,"123,42,456",3.0,0.0,0.0,3.0,3.0,t_seeds,3.0,3.0
group|fl|fedprox_0.05|non_iid_label|3|5|0.001|3,FedProx(mu=0.05) non_iid_label [3N] {group},group,fl,fedprox_0.05,0.05,non_iid_label,3,3,5.0,0.001,selected_test_accuracy,3,"123,42,456",0.9512827637306659,0.010799172979658754,0.028180955166435984,0.9208690468435083,0.9772309571763803,cluster_bootstrap_B1000,0.9445679355376494,0.9637399277577104
group|fl|fedprox_0.05|non_iid_label|3|5|0.001|3,FedProx(mu=0.05) non_iid_label [3N] {group},group,fl,fedprox_0.05,0.05,non_iid_label,3,3,5.0,0.001,selected_test_balanced_accuracy,3,"123,42,456",0.9384317575639841,0.010602367205720291,0.031017267514649338,0.9018465191560412,0.9638810541853399,cluster_bootstrap_B1000,0.926239709192063,0.9454898928337
group|fl|fedprox_0.05|non_iid_label|3|5|0.001|3,FedProx(mu=0.05) non_iid_label [3N] {group},group,fl,fedprox_0.05,0.05,non_iid_label,3,3,5.0,0.001,selected_test_clean_accuracy,3,"123,42,456",0.9489047477450688,0.011174850901031985,0.03088247106789982,0.9140720573882428,0.9758369995240425,cluster_bootstrap_B1000,0.9418673803151948,0.9617900683913173
group|fl|fedprox_0.05|non_iid_label|3|5|0.001|3,FedProx(mu=0.05) non_iid_label [3N] {group},group,fl,fedprox_0.05,0.05,non_iid_label,3,3,5.0,0.001,selected_test_clean_balanced_accuracy,3,"123,42,456",0.9359861322483979,0.010152334400360378,0.033661493812912224,0.8971734207900536,0.964496408415878,cluster_bootstrap_B1000,0.9243315589500208,0.9429079894532423
group|fl|fedprox_0.05|non_iid_label|3|5|0.001|3,FedProx(mu=0.05) non_iid_label [3N] {group},group,fl,fedprox_0.05,0.05,non_iid_label,3,3,5.0,0.001,selected_test_clean_f1,3,"123,42,456",0.9325923427272409,0.013585432736095847,0.04084664772767993,0.8854407071374397,0.9671340025927996,cluster_bootstrap_B1000,0.9176124912387412,0.9441155078226643
group|fl|fedprox_0.05|non_iid_label|3|5|0.001|3,FedProx(mu=0.05) non_iid_label [3N] {group},group,fl,fedprox_0.05,0.05,non_iid_label,3,3,5.0,0.001,selected_test_clean_loss,3,"123,42,456",0.12847107104864494,0.01703927005230586,0.057553053558884106,0.07707744512237945,0.19218355224014766,cluster_bootstrap_B1000,0.10923998779625814,0.1416867240092603
group|fl|fedprox_0.05|non_iid_label|3|5|0.001|3,FedProx(mu=0.05) non_iid_label [3N] {group},group,fl,fedprox_0.05,0.05,non_iid_label,3,3,5.0,0.001,selected_test_clean_macro_f1,3,"123,42,456",0.9076579691158333,0.01780089539360048,0.05560822883760397,0.8425896798972673,0.9538061375724752,cluster_bootstrap_B1000,0.8942352950809007,0.9278506170164396
group|fl|fedprox_0.05|non_iid_label|3|5|0.001|3,FedProx(mu=0.05) non_iid_label [3N] {group},group,fl,fedprox_0.05,0.05,non_iid_label,3,3,5.0,0.001,selected_test_clean_mcc,3,"123,42,456",0.8329262813355619,0.022933234373908755,0.0896457938501734,0.7336994355754922,0.912991023275839,cluster_bootstrap_B1000,0.8129169189058887,0.8579526901546761
group|fl|fedprox_0.05|non_iid_label|3|5|0.001|3,FedProx(mu=0.05) non_iid_label [3N] {group},group,fl,fedprox_0.05,0.05,non_iid_label,3,3,5.0,0.001,selected_test_clean_precision,3,"123,42,456",0.9698807972633499,0.041780278284037436,0.051835471660149346,0.8928575522181981,0.9965284955384968,cluster_bootstrap_B1000,0.9216389342882777,0.9943673050252483
group|fl|fedprox_0.05|non_iid_label|3|5|0.001|3,FedProx(mu=0.05) non_iid_label [3N] {group},group,fl,fedprox_0.05,0.05,non_iid_label,3,3,5.0,0.001,selected_test_clean_recall,3,"123,42,456",0.9065997111920242,0.0579089784432231,0.0695092314012472,0.8325153586397264,0.9715338214422208,cluster_bootstrap_B1000,0.8603705581322433,0.9715544459418496
group|fl|fedprox_0.05|non_iid_label|3|5|0.001|3,FedProx(mu=0.05) non_iid_label [3N] {group},group,fl,fedprox_0.05,0.05,non_iid_label,3,3,5.0,0.001,selected_test_clean_roc_auc,3,"123,42,456",0.9836865477595995,0.006214857965496475,0.012695672891382459,0.9690052404043551,0.99439658618712,cluster_bootstrap_B1000,0.9771858300846227,0.9895693886604604
group|fl|fedprox_0.05|non_iid_label|3|5|0.001|3,FedProx(mu=0.05) non_iid_label [3N] {group},group,fl,fedprox_0.05,0.05,non_iid_label,3,3,5.0,0.001,selected_test_clean_specificity,3,"123,42,456",0.9653725533047716,0.04829673096390083,0.06315183885258269,0.8719281652994856,0.998231843004651,cluster_bootstrap_B1000,0.9098832507420114,0.9979418494045047
group|fl|fedprox_0.05|non_iid_label|3|5|0.001|3,FedProx(mu=0.05) non_iid_label [3N] {group},group,fl,fedprox_0.05,0.05,non_iid_label,3,3,5.0,0.001,selected_test_f1,3,"123,42,456",0.9338256402419702,0.01280972343632791,0.03774977082457709,0.8892534007325649,0.964752942381719,cluster_bootstrap_B1000,0.9197490834509641,0.9447979911072422
group|fl|fedprox_0.05|non_iid_label|3|5|0.001|3,FedProx(mu=0.05) non_iid_label [3N] {group},group,fl,fedprox_0.05,0.05,non_iid_label,3,3,5.0,0.001,selected_test_fn,3,"123,42,456",286.3333333333333,171.7682547309989,426.6959992588114,-140.3626659254781,713.0293325921448,t_seeds,88.0,387.0
group|fl|fedprox_0.05|non_iid_label|3|5|0.001|3,FedProx(mu=0.05) non_iid_label [3N] {group},group,fl,fedprox_0.05,0.05,non_iid_label,3,3,5.0,0.001,selected_test_fp,3,"123,42,456",64.33333333333333,94.1293436359424,233.83025230835045,-169.49691897501714,298.16358564168377,t_seeds,8.0,173.0
group|fl|fedprox_0.05|non_iid_label|3|5|0.001|3,FedProx(mu=0.05) non_iid_label [3N] {group},group,fl,fedprox_0.05,0.05,non_iid_label,3,3,5.0,0.001,selected_test_loss,3,"123,42,456",0.1251692691327085,0.016075888612260954,0.05099920937754365,0.07889415255125737,0.18089257130634467,cluster_bootstrap_B1000,0.10693553154525044,0.13729982418542513
group|fl|fedprox_0.05|non_iid_label|3|5|0.001|3,FedProx(mu=0.05) non_iid_label [3N] {group},group,fl,fedprox_0.05,0.05,non_iid_label,3,3,5.0,0.001,selected_test_macro_f1,3,"123,42,456",0.9130824807861453,0.01727419945554601,0.054414890242512226,0.8472497567257425,0.956079537210767,cluster_bootstrap_B1000,0.9002272465584231,0.932718246201066
group|fl|fedprox_0.05|non_iid_label|3|5|0.001|3,FedProx(mu=0.05) non_iid_label [3N] {group},group,fl,fedprox_0.05,0.05,non_iid_label,3,3,5.0,0.001,selected_test_macro_precision,3,"123,42,456",0.9101692230347691,0.010981825291458183,0.027280366350364835,0.8828888566844043,0.9374495893851339,t_seeds,0.9022140339674775,0.9226988180308707
group|fl|fedprox_0.05|non_iid_label|3|5|0.001|3,FedProx(mu=0.05) non_iid_label [3N] {group},group,fl,fedprox_0.05,0.05,non_iid_label,3,3,5.0,0.001,selected_test_macro_recall,3,"123,42,456",0.9384317575639841,0.010602367205720291,0.026337740209554743,0.9120940173544294,0.9647694977735388,t_seeds,0.926239709192063,0.9454898928337
group|fl|fedprox_0.05|non_iid_label|3|5|0.001|3,FedProx(mu=0.05) non_iid_label [3N] {group},group,fl,fedprox_0.05,0.05,non_iid_label,3,3,5.0,0.001,selected_test_macro_specificity,3,"123,42,456",0.9384317575639841,0.010602367205720291,0.026337740209554743,0.9120940173544294,0.9647694977735388,t_seeds,0.926239709192063,0.9454898928337
group|fl|fedprox_0.05|non_iid_label|3|5|0.001|3,FedProx(mu=0.05) non_iid_label [3N] {group},group,fl,fedprox_0.05,0.05,non_iid_label,3,3,5.0,0.001,selected_test_mcc,3,"123,42,456",0.8421017723690506,0.023078819153427715,0.08748381659435789,0.7408232438142296,0.9157908770029454,cluster_bootstrap_B1000,0.8225123326475245,0.8675432900512257
group|fl|fedprox_0.05|non_iid_label|3|5|0.001|3,FedProx(mu=0.05) non_iid_label [3N] {group},group,fl,fedprox_0.05,0.05,non_iid_label,3,3,5.0,0.001,selected_test_n_examples,3,"123,42,456",7198.0,0.0,0.0,7198.0,7198.0,t_seeds,7198.0,7198.0
group|fl|fedprox_0.05|non_iid_label|3|5|0.001|3,FedProx(mu=0.05) non_iid_label [3N] {group},group,fl,fedprox_0.05,0.05,non_iid_label,3,3,5.0,0.001,selected_test_precision,3,"123,42,456",0.9700857892211151,0.04192155657835822,0.04808708240720655,0.900860964818333,0.9970351296327461,cluster_bootstrap_B1000,0.9216811630110658,0.9946893840869341
group|fl|fedprox_0.05|non_iid_label|3|5|0.001|3,FedProx(mu=0.05) non_iid_label [3N] {group},group,fl,fedprox_0.05,0.05,non_iid_label,3,3,5.0,0.001,selected_test_recall,3,"123,42,456",0.9081940108507468,0.05738886291080011,0.0667406646683873,0.8388298666781692,0.9723111960149438,cluster_bootstrap_B1000,0.8628305223542302,0.9727099160176181
group|fl|fedprox_0.05|non_iid_label|3|5|0.001|3,FedProx(mu=0.05) non_iid_label [3N] {group},group,fl,fedprox_0.05,0.05,non_iid_label,3,3,5.0,0.001,selected_test_roc_auc,3,"123,42,456",0.9849222309034422,0.005995212626618155,0.011486769341374325,0.9710962325864727,0.9940697712692214,cluster_bootstrap_B1000,0.9787625299423077,0.990738162064547
group|fl|fedprox_0.05|non_iid_label|3|5|0.001|3,FedProx(mu=0.05) non_iid_label [3N] {group},group,fl,fedprox_0.05,0.05,non_iid_label,3,3,5.0,0.001,selected_test_specificity,3,"123,42,456",0.9686695042772214,0.0438509335117381,0.05202960395094591,0.8945025932357035,0.9985618011375953,cluster_bootstrap_B1000,0.9182698696497819,0.9980897471519866
group|fl|fedprox_0.05|non_iid_label|3|5|0.001|3,FedProx(mu=0.05) non_iid_label [3N] {group},group,fl,fedprox_0.05,0.05,non_iid_label,3,3,5.0,0.001,selected_test_tn,3,"123,42,456",2611.6666666666665,94.1293436359424,233.83025230835045,2377.8364143583162,2845.496918975017,t_seeds,2503.0,2668.0
group|fl|fedprox_0.05|non_iid_label|3|5|0.001|3,FedProx(mu=0.05) non_iid_label [3N] {group},group,fl,fedprox_0.05,0.05,non_iid_label,3,3,5.0,0.001,selected_test_tp,3,"123,42,456",4235.666666666667,171.76825473099893,426.69599925881147,3808.9706674078557,4662.362665925479,t_seeds,4135.0,4434.0
group|fl|fedprox_0.05|non_iid_label|3|5|0.001|3,FedProx(mu=0.05) non_iid_label [3N] {group},group,fl,fedprox_0.05,0.05,non_iid_label,3,3,5.0,0.001,selected_val_loss,3,"123,42,456",0.16813744129843533,0.01414463866565307,0.035137230328430656,0.13300021097000467,0.203274671626866,t_seeds,0.1526279197261604,0.18032637150299177
group|fl|fedprox_0.05|non_iid_label|3|5|0.001|3,FedProx(mu=0.05) non_iid_label [3N] {group},group,fl,fedprox_0.05,0.05,non_iid_label,3,3,5.0,0.001,total_time_s,3,"123,42,456",6423.656666666667,64.89651480113054,161.21187977865182,6262.444786888015,6584.868546445318,t_seeds,6360.38,6490.06
group|fl|fedprox_0.1|non_iid_label|3|5|0.001|3,FedProx(mu=0.1) non_iid_label [3N] {group},group,fl,fedprox_0.1,0.1,non_iid_label,3,3,5.0,0.001,final_cumulative_mb,3,"123,42,456",165.465288,0.0,0.0,165.465288,165.465288,t_seeds,165.465288,165.465288
group|fl|fedprox_0.1|non_iid_label|3|5|0.001|3,FedProx(mu=0.1) non_iid_label [3N] {group},group,fl,fedprox_0.1,0.1,non_iid_label,3,3,5.0,0.001,round1_accuracy,3,"123,42,456",0.9125341482613325,0.028551066602686432,0.07092478125842874,0.8416093670029038,0.9834589295197612,t_seeds,0.8795666064731212,0.9291568273371301
group|fl|fedprox_0.1|non_iid_label|3|5|0.001|3,FedProx(mu=0.1) non_iid_label [3N] {group},group,fl,fedprox_0.1,0.1,non_iid_label,3,3,5.0,0.001,selected_round,3,"123,42,456",3.0,0.0,0.0,3.0,3.0,t_seeds,3.0,3.0
group|fl|fedprox_0.1|non_iid_label|3|5|0.001|3,FedProx(mu=0.1) non_iid_label [3N] {group},group,fl,fedprox_0.1,0.1,non_iid_label,3,3,5.0,0.001,selected_test_accuracy,3,"123,42,456",0.9318329165508938,0.024511679399931815,0.04330574267629045,0.8822242791399115,0.9688357644924924,cluster_bootstrap_B1000,0.9035843289802723,0.9474854126146152
group|fl|fedprox_0.1|non_iid_label|3|5|0.001|3,FedProx(mu=0.1) non_iid_label [3N] {group},group,fl,fedprox_0.1,0.1,non_iid_label,3,3,5.0,0.001,selected_test_balanced_accuracy,3,"123,42,456",0.9194215729513404,0.03134826714893166,0.04566973267700469,0.8659078210713341,0.9572472864253435,cluster_bootstrap_B1000,0.8890227153175827,0.9516399895219808
group|fl|fedprox_0.1|non_iid_label|3|5|0.001|3,FedProx(mu=0.1) non_iid_label [3N] {group},group,fl,fedprox_0.1,0.1,non_iid_label,3,3,5.0,0.001,selected_test_clean_accuracy,3,"123,42,456",0.928337793636634,0.02631746938364276,0.04930951330880262,0.8679462500156173,0.9665652766332226,cluster_bootstrap_B1000,0.8980077311923877,0.9451382694023194
group|fl|fedprox_0.1|non_iid_label|3|5|0.001|3,FedProx(mu=0.1) non_iid_label [3N] {group},group,fl,fedprox_0.1,0.1,non_iid_label,3,3,5.0,0.001,selected_test_clean_balanced_accuracy,3,"123,42,456",0.9157194621774295,0.034832919611251144,0.05201256497381679,0.851933872655524,0.9559590026031576,cluster_bootstrap_B1000,0.8817943902941405,0.9513942778286428
group|fl|fedprox_0.1|non_iid_label|3|5|0.001|3,FedProx(mu=0.1) non_iid_label [3N] {group},group,fl,fedprox_0.1,0.1,non_iid_label,3,3,5.0,0.001,selected_test_clean_f1,3,"123,42,456",0.9232829894410889,0.022238835110293446,0.04150174304744736,0.8735669885230087,0.9565704746179035,cluster_bootstrap_B1000,0.8982123544615701,0.9406311266195149
group|fl|fedprox_0.1|non_iid_label|3|5|0.001|3,FedProx(mu=0.1) non_iid_label [3N] {group},group,fl,fedprox_0.1,0.1,non_iid_label,3,3,5.0,0.001,selected_test_clean_loss,3,"123,42,456",0.1808469203566855,0.04194172792820457,0.09752997051394474,0.10233213804149262,0.2973920790693821,cluster_bootstrap_B1000,0.1516445913699543,0.228907411321404
group|fl|fedprox_0.1|non_iid_label|3|5|0.001|3,FedProx(mu=0.1) non_iid_label [3N] {group},group,fl,fedprox_0.1,0.1,non_iid_label,3,3,5.0,0.001,selected_test_clean_macro_f1,3,"123,42,456",0.8779596788135661,0.03545154057375846,0.07805161200114286,0.7856458947102989,0.9417491187125846,cluster_bootstrap_B1000,0.837705442196076,0.9045295492369109
group|fl|fedprox_0.1|non_iid_label|3|5|0.001|3,FedProx(mu=0.1) non_iid_label [3N] {group},group,fl,fedprox_0.1,0.1,non_iid_label,3,3,5.0,0.001,selected_test_clean_mcc,3,"123,42,456",0.7772643304593281,0.06565098221904814,0.12993589835445113,0.6286277422368948,0.888499538945797,cluster_bootstrap_B1000,0.7037154892696125,0.8299440154676836
group|fl|fedprox_0.1|non_iid_label|3|5|0.001|3,FedProx(mu=0.1) non_iid_label [3N] {group},group,fl,fedprox_0.1,0.1,non_iid_label,3,3,5.0,0.001,selected_test_clean_precision,3,"123,42,456",0.9587732837863578,0.025526492850449875,0.044753060994852656,0.8999940159948093,0.9895001379845146,cluster_bootstrap_B1000,0.9307985954284541,0.980802048592456
group|fl|fedprox_0.1|non_iid_label|3|5|0.001|3,FedProx(mu=0.1) non_iid_label [3N] {group},group,fl,fedprox_0.1,0.1,non_iid_label,3,3,5.0,0.001,selected_test_clean_recall,3,"123,42,456",0.893550871562531,0.023980820472411343,0.05905785588968582,0.8317542862956934,0.949869998075065,cluster_bootstrap_B1000,0.8718889628080971,0.9193200665445166
group|fl|fedprox_0.1|non_iid_label|3|5|0.001|3,FedProx(mu=0.1) non_iid_label [3N] {group},group,fl,fedprox_0.1,0.1,non_iid_label,3,3,5.0,0.001,selected_test_clean_roc_auc,3,"123,42,456",0.966227078651177,0.015379392165210056,0.030159311740811046,0.9289966245293308,0.9893152480109529,cluster_bootstrap_B1000,0.9484895807284833,0.9758452133297313
group|fl|fedprox_0.1|non_iid_label|3|5|0.001|3,FedProx(mu=0.1) non_iid_label [3N] {group},group,fl,fedprox_0.1,0.1,non_iid_label,3,3,5.0,0.001,selected_test_clean_specificity,3,"123,42,456",0.9378880527923282,0.045887354728445844,0.06640187536106373,0.8481466218274617,0.9809503725495892,cluster_bootstrap_B1000,0.891699817780184,0.9834684891127689
group|fl|fedprox_0.1|non_iid_label|3|5|0.001|3,FedProx(mu=0.1) non_iid_label [3N] {group},group,fl,fedprox_0.1,0.1,non_iid_label,3,3,5.0,0.001,selected_test_f1,3,"123,42,456",0.9243512112953832,0.020488850975049273,0.038238352125723574,0.8794130128876717,0.9558897171391189,cluster_bootstrap_B1000,0.9012587240395575,0.9403523161481181
group|fl|fedprox_0.1|non_iid_label|3|5|0.001|3,FedProx(mu=0.1) non_iid_label [3N] {group},group,fl,fedprox_0.1,0.1,non_iid_label,3,3,5.0,0.001,selected_test_fn,3,"123,42,456",401.6666666666667,121.00137740262849,300.58408477960364,101.08258188706304,702.2507514462703,t_seeds,323.0,541.0
group|fl|fedprox_0.1|non_iid_label|3|5|0.001|3,FedProx(mu=0.1) non_iid_label [3N] {group},group,fl,fedprox_0.1,0.1,non_iid_label,3,3,5.0,0.001,selected_test_fp,3,"123,42,456",89.0,55.46169849544819,137.77449679026938,-48.77449679026938,226.77449679026938,t_seeds,55.0,153.0
group|fl|fedprox_0.1|non_iid_label|3|5|0.001|3,FedProx(mu=0.1) non_iid_label [3N] {group},group,fl,fedprox_0.1,0.1,non_iid_label,3,3,5.0,0.001,selected_test_loss,3,"123,42,456",0.17478231777942244,0.040299440094949866,0.08714265076875574,0.10079375495936621,0.2750790564968777,cluster_bootstrap_B1000,0.14696547742901983,0.22099727625040239
group|fl|fedprox_0.1|non_iid_label|3|5|0.001|3,FedProx(mu=0.1) non_iid_label [3N] {group},group,fl,fedprox_0.1,0.1,non_iid_label,3,3,5.0,0.001,selected_test_macro_f1,3,"123,42,456",0.8850170215180264,0.033074083690817484,0.07113307143854297,0.8039532588926024,0.9462194017696883,cluster_bootstrap_B1000,0.8474173057823052,0.909612657541745
group|fl|fedprox_0.1|non_iid_label|3|5|0.001|3,FedProx(mu=0.1) non_iid_label [3N] {group},group,fl,fedprox_0.1,0.1,non_iid_label,3,3,5.0,0.001,selected_test_macro_precision,3,"123,42,456",0.8768661672455852,0.03254444189013105,0.08084487540714175,0.7960212918384435,0.9577110426527269,t_seeds,0.8393458540386263,0.8974457387492155
group|fl|fedprox_0.1|non_iid_label|3|5|0.001|3,FedProx(mu=0.1) non_iid_label [3N] {group},group,fl,fedprox_0.1,0.1,non_iid_label,3,3,5.0,0.001,selected_test_macro_recall,3,"123,42,456",0.9194215729513404,0.03134826714893166,0.07787341262268514,0.8415481603286553,0.9972949855740255,t_seeds,0.8890227153175827,0.9516399895219808
group|fl|fedprox_0.1|non_iid_label|3|5|0.001|3,FedProx(mu=0.1) non_iid_label [3N] {group},group,fl,fedprox_0.1,0.1,non_iid_label,3,3,5.0,0.001,selected_test_macro_specificity,3,"123,42,456",0.9194215729513404,0.03134826714893166,0.07787341262268514,0.8415481603286553,0.9972949855740255,t_seeds,0.8890227153175827,0.9516399895219808
group|fl|fedprox_0.1|non_iid_label|3|5|0.001|3,FedProx(mu=0.1) non_iid_label [3N] {group},group,fl,fedprox_0.1,0.1,non_iid_label,3,3,5.0,0.001,selected_test_mcc,3,"123,42,456",0.7893046486497667,0.06103417375020527,0.11882395783350735,0.6576461141428754,0.8952940298098901,cluster_bootstrap_B1000,0.7207501311183678,0.8377374349541378
group|fl|fedprox_0.1|non_iid_label|3|5|0.001|3,FedProx(mu=0.1) non_iid_label [3N] {group},group,fl,fedprox_0.1,0.1,non_iid_label,3,3,5.0,0.001,selected_test_n_examples,3,"123,42,456",7198.0,0.0,0.0,7198.0,7198.0,t_seeds,7198.0,7198.0
group|fl|fedprox_0.1|non_iid_label|3|5|0.001|3,FedProx(mu=0.1) non_iid_label [3N] {group},group,fl,fedprox_0.1,0.1,non_iid_label,3,3,5.0,0.001,selected_test_precision,3,"123,42,456",0.9593318719204773,0.024738359673033415,0.04299111158847507,0.9015688343580461,0.9875510575349963,cluster_bootstrap_B1000,0.9323220778789423,0.9808890797082086
group|fl|fedprox_0.1|non_iid_label|3|5|0.001|3,FedProx(mu=0.1) non_iid_label [3N] {group},group,fl,fedprox_0.1,0.1,non_iid_label,3,3,5.0,0.001,selected_test_recall,3,"123,42,456",0.8948035710341923,0.021695926587002364,0.05490799869169993,0.8410153780886309,0.9508313754720308,cluster_bootstrap_B1000,0.8759711829576705,0.9185277733185389
group|fl|fedprox_0.1|non_iid_label|3|5|0.001|3,FedProx(mu=0.1) non_iid_label [3N] {group},group,fl,fedprox_0.1,0.1,non_iid_label,3,3,5.0,0.001,selected_test_roc_auc,3,"123,42,456",0.9692975043724216,0.013287389996942912,0.02479899148809478,0.940005466480431,0.9896034494566206,cluster_bootstrap_B1000,0.9539630237671929,0.9774063455771635
group|fl|fedprox_0.1|non_iid_label|3|5|0.001|3,FedProx(mu=0.1) non_iid_label [3N] {group},group,fl,fedprox_0.1,0.1,non_iid_label,3,3,5.0,0.001,selected_test_specificity,3,"123,42,456",0.9440395748684888,0.041353211759460176,0.05417256667110493,0.8738167002720898,0.9821618336142997,cluster_bootstrap_B1000,0.902074247677495,0.9847522057254229
group|fl|fedprox_0.1|non_iid_label|3|5|0.001|3,FedProx(mu=0.1) non_iid_label [3N] {group},group,fl,fedprox_0.1,0.1,non_iid_label,3,3,5.0,0.001,selected_test_tn,3,"123,42,456",2587.0,55.46169849544819,137.77449679026938,2449.2255032097305,2724.7744967902695,t_seeds,2523.0,2621.0
group|fl|fedprox_0.1|non_iid_label|3|5|0.001|3,FedProx(mu=0.1) non_iid_label [3N] {group},group,fl,fedprox_0.1,0.1,non_iid_label,3,3,5.0,0.001,selected_test_tp,3,"123,42,456",4120.333333333333,121.00137740262849,300.58408477960364,3819.7492485537296,4420.9174181129365,t_seeds,3981.0,4199.0
group|fl|fedprox_0.1|non_iid_label|3|5|0.001|3,FedProx(mu=0.1) non_iid_label [3N] {group},group,fl,fedprox_0.1,0.1,non_iid_label,3,3,5.0,0.001,selected_val_loss,3,"123,42,456",0.18093944807895757,0.03890089532508152,0.09663518109788712,0.08430426698107045,0.27757462917684467,t_seeds,0.15067238847562317,0.22481682042679632
group|fl|fedprox_0.1|non_iid_label|3|5|0.001|3,FedProx(mu=0.1) non_iid_label [3N] {group},group,fl,fedprox_0.1,0.1,non_iid_label,3,3,5.0,0.001,total_time_s,3,"123,42,456",6456.643333333333,127.35593795867302,316.369688298475,6140.273645034858,6773.013021631808,t_seeds,6331.07,6585.71
image|fl|fedprox_0.1|non_iid_label|3|||3,FedProx(mu=0.1) non_iid_label [3N] {image},image,fl,fedprox_0.1,0.1,non_iid_label,3,3,,,final_cumulative_mb,3,"123,456,NA",110.31019199999999,1.7404671430534633e-14,4.323560066121465e-14,110.31019199999994,110.31019200000003,t_seeds,110.310192,110.310192
image|fl|fedprox_0.1|non_iid_label|3|||3,FedProx(mu=0.1) non_iid_label [3N] {image},image,fl,fedprox_0.1,0.1,non_iid_label,3,3,,,round1_accuracy,3,"123,456,NA",0.9702720253986579,0.007641990002063838,0.018983755556945762,0.9512882698417121,0.9892557809556036,t_seeds,0.963272963417274,0.9784255718305794
image|fl|fedprox_0.1|non_iid_label|3|||3,FedProx(mu=0.1) non_iid_label [3N] {image},image,fl,fedprox_0.1,0.1,non_iid_label,3,3,,,total_time_s,3,"123,456,NA",9850.39,483.27598833378875,1200.5241078033773,8649.865892196622,11050.914107803377,t_seeds,9297.99,10195.12
image|fl|fedprox_0.1|non_iid_label|3|||3,FedProx(mu=0.1) non_iid_label [3N] {image},image,fl,fedprox_0.1,0.1,non_iid_label,3,3,,,v1_final_round_accuracy,3,"123,456,NA",0.9833321307453641,0.0019212824815201869,0.004772730267269553,0.9785594004780945,0.9881048610126336,t_seeds,0.9813117829569233,0.9851360126993289
image|fl|fedprox_0.1|non_iid_label|3|||3,FedProx(mu=0.1) non_iid_label [3N] {image},image,fl,fedprox_0.1,0.1,non_iid_label,3,3,,,v1_final_round_loss,3,"123,456,NA",0.04653065046220484,0.0031536362163529104,0.007834066654183888,0.03869658380802095,0.054364717116388725,t_seeds,0.043278998571330225,0.04957615643163395
group|fl|fedprox_0.5|non_iid_label|3|5|0.001|3,FedProx(mu=0.5) non_iid_label [3N] {group},group,fl,fedprox_0.5,0.5,non_iid_label,3,3,5.0,0.001,final_cumulative_mb,3,"123,42,456",165.465288,0.0,0.0,165.465288,165.465288,t_seeds,165.465288,165.465288
group|fl|fedprox_0.5|non_iid_label|3|5|0.001|3,FedProx(mu=0.5) non_iid_label [3N] {group},group,fl,fedprox_0.5,0.5,non_iid_label,3,3,5.0,0.001,round1_accuracy,3,"123,42,456",0.8845673010140297,0.025035863633073117,0.062192532997155554,0.8223747680168741,0.9467598340111852,t_seeds,0.8692874010279206,0.9134602028059453
group|fl|fedprox_0.5|non_iid_label|3|5|0.001|3,FedProx(mu=0.5) non_iid_label [3N] {group},group,fl,fedprox_0.5,0.5,non_iid_label,3,3,5.0,0.001,selected_round,3,"123,42,456",3.0,0.0,0.0,3.0,3.0,t_seeds,3.0,3.0
group|fl|fedprox_0.5|non_iid_label|3|5|0.001|3,FedProx(mu=0.5) non_iid_label [3N] {group},group,fl,fedprox_0.5,0.5,non_iid_label,3,3,5.0,0.001,selected_test_accuracy,3,"123,42,456",0.9067333518569972,0.0054983230489748045,0.04558534755534549,0.852538734514041,0.943709429624732,cluster_bootstrap_B1000,0.9003889969435954,0.9101139205334815
group|fl|fedprox_0.5|non_iid_label|3|5|0.001|3,FedProx(mu=0.5) non_iid_label [3N] {group},group,fl,fedprox_0.5,0.5,non_iid_label,3,3,5.0,0.001,selected_test_balanced_accuracy,3,"123,42,456",0.862516456675953,0.02378975827422386,0.051648108987486174,0.7970973256242522,0.9003935435992245,cluster_bootstrap_B1000,0.8356340325752708,0.8808519566826057
group|fl|fedprox_0.5|non_iid_label|3|5|0.001|3,FedProx(mu=0.5) non_iid_label [3N] {group},group,fl,fedprox_0.5,0.5,non_iid_label,3,3,5.0,0.001,selected_test_clean_accuracy,3,"123,42,456",0.910793933987511,0.006587236966064727,0.04346854309960485,0.8587895917309377,0.9457266779301474,cluster_bootstrap_B1000,0.9038061254831995,0.9168896818316978
group|fl|fedprox_0.5|non_iid_label|3|5|0.001|3,FedProx(mu=0.5) non_iid_label [3N] {group},group,fl,fedprox_0.5,0.5,non_iid_label,3,3,5.0,0.001,selected_test_clean_balanced_accuracy,3,"123,42,456",0.858472303320965,0.024292508753702105,0.05354575249155569,0.7924123327095421,0.8995038376926535,cluster_bootstrap_B1000,0.8306826973685026,0.8756730603658196
group|fl|fedprox_0.5|non_iid_label|3|5|0.001|3,FedProx(mu=0.5) non_iid_label [3N] {group},group,fl,fedprox_0.5,0.5,non_iid_label,3,3,5.0,0.001,selected_test_clean_f1,3,"123,42,456",0.8736670093782948,0.022799887878061573,0.07443331175426388,0.7829338691667586,0.9318004926752863,cluster_bootstrap_B1000,0.8476195002118218,0.8900044231049943
group|fl|fedprox_0.5|non_iid_label|3|5|0.001|3,FedProx(mu=0.5) non_iid_label [3N] {group},group,fl,fedprox_0.5,0.5,non_iid_label,3,3,5.0,0.001,selected_test_clean_loss,3,"123,42,456",0.2192502325058292,0.022913539866626698,0.0671320692790969,0.16221736860343805,0.29648150716163185,cluster_bootstrap_B1000,0.19695909296248265,0.24273918644124703
group|fl|fedprox_0.5|non_iid_label|3|5|0.001|3,FedProx(mu=0.5) non_iid_label [3N] {group},group,fl,fedprox_0.5,0.5,non_iid_label,3,3,5.0,0.001,selected_test_clean_macro_f1,3,"123,42,456",0.8471575129296206,0.01275748432711816,0.05600470574926758,0.7732306683643622,0.8852400798628973,cluster_bootstrap_B1000,0.8349058223306081,0.8603668223856125
group|fl|fedprox_0.5|non_iid_label|3|5|0.001|3,FedProx(mu=0.5) non_iid_label [3N] {group},group,fl,fedprox_0.5,0.5,non_iid_label,3,3,5.0,0.001,selected_test_clean_mcc,3,"123,42,456",0.712022143681181,0.03149580452783155,0.10206971432096573,0.5839907921855466,0.7881302208274781,cluster_bootstrap_B1000,0.6824151239261408,0.7451164706201084
group|fl|fedprox_0.5|non_iid_label|3|5|0.001|3,FedProx(mu=0.5) non_iid_label [3N] {group},group,fl,fedprox_0.5,0.5,non_iid_label,3,3,5.0,0.001,selected_test_clean_precision,3,"123,42,456",0.8290424529611332,0.017082609526022256,0.09550713885006856,0.7186651268470773,0.9096794045472144,cluster_bootstrap_B1000,0.811744892128974,0.8459016743009307
group|fl|fedprox_0.5|non_iid_label|3|5|0.001|3,FedProx(mu=0.5) non_iid_label [3N] {group},group,fl,fedprox_0.5,0.5,non_iid_label,3,3,5.0,0.001,selected_test_clean_recall,3,"123,42,456",0.9448830699822864,0.04159197895761179,0.05681238363996888,0.8774108875791636,0.9910356548591014,cluster_bootstrap_B1000,0.8970722937467771,0.9727241880741331
group|fl|fedprox_0.5|non_iid_label|3|5|0.001|3,FedProx(mu=0.5) non_iid_label [3N] {group},group,fl,fedprox_0.5,0.5,non_iid_label,3,3,5.0,0.001,selected_test_clean_roc_auc,3,"123,42,456",0.9538811374273113,0.013232662265964056,0.03577028470716459,0.9127144466100412,0.9842550160243704,cluster_bootstrap_B1000,0.9449617774211526,0.969084983915301
group|fl|fedprox_0.5|non_iid_label|3|5|0.001|3,FedProx(mu=0.5) non_iid_label [3N] {group},group,fl,fedprox_0.5,0.5,non_iid_label,3,3,5.0,0.001,selected_test_clean_specificity,3,"123,42,456",0.7720615366596434,0.012510560110968499,0.0927891997557641,0.6462645649545923,0.8318429644661205,cluster_bootstrap_B1000,0.7642931009902281,0.7864933926056902
group|fl|fedprox_0.5|non_iid_label|3|5|0.001|3,FedProx(mu=0.5) non_iid_label [3N] {group},group,fl,fedprox_0.5,0.5,non_iid_label,3,3,5.0,0.001,selected_test_f1,3,"123,42,456",0.8638835916258628,0.022091777205402004,0.07946298076981084,0.7692859461244027,0.9282119076640244,cluster_bootstrap_B1000,0.8393484043899773,0.8821980902842498
group|fl|fedprox_0.5|non_iid_label|3|5|0.001|3,FedProx(mu=0.5) non_iid_label [3N] {group},group,fl,fedprox_0.5,0.5,non_iid_label,3,3,5.0,0.001,selected_test_fn,3,"123,42,456",134.66666666666666,62.30837289910027,154.78257887645725,-20.115912209790594,289.4492455431239,t_seeds,63.0,176.0
group|fl|fedprox_0.5|non_iid_label|3|5|0.001|3,FedProx(mu=0.5) non_iid_label [3N] {group},group,fl,fedprox_0.5,0.5,non_iid_label,3,3,5.0,0.001,selected_test_fp,3,"123,42,456",536.6666666666666,52.63395608666836,130.7499952335037,405.91667143316295,667.4166619001703,t_seeds,482.0,587.0
group|fl|fedprox_0.5|non_iid_label|3|5|0.001|3,FedProx(mu=0.5) non_iid_label [3N] {group},group,fl,fedprox_0.5,0.5,non_iid_label,3,3,5.0,0.001,selected_test_loss,3,"123,42,456",0.2229522577010532,0.021281542369603678,0.06620177223232339,0.16891290833707365,0.3013164528017204,cluster_bootstrap_B1000,0.2007671634895118,0.24319741327370428
group|fl|fedprox_0.5|non_iid_label|3|5|0.001|3,FedProx(mu=0.5) non_iid_label [3N] {group},group,fl,fedprox_0.5,0.5,non_iid_label,3,3,5.0,0.001,selected_test_macro_f1,3,"123,42,456",0.8471843703024667,0.010709066044109894,0.05758724119048736,0.7715225459704446,0.8866970283514193,cluster_bootstrap_B1000,0.8356238856911962,0.8567659929102476
group|fl|fedprox_0.5|non_iid_label|3|5|0.001|3,FedProx(mu=0.5) non_iid_label [3N] {group},group,fl,fedprox_0.5,0.5,non_iid_label,3,3,5.0,0.001,selected_test_macro_precision,3,"123,42,456",0.8568622700275794,0.019640516489859053,0.04878974769071309,0.8080725223368663,0.9056520177182925,t_seeds,0.838531965048998,0.8775924485666708
group|fl|fedprox_0.5|non_iid_label|3|5|0.001|3,FedProx(mu=0.5) non_iid_label [3N] {group},group,fl,fedprox_0.5,0.5,non_iid_label,3,3,5.0,0.001,selected_test_macro_recall,3,"123,42,456",0.862516456675953,0.02378975827422386,0.059097035682423936,0.803419420993529,0.921613492358377,t_seeds,0.8356340325752708,0.8808519566826057
group|fl|fedprox_0.5|non_iid_label|3|5|0.001|3,FedProx(mu=0.5) non_iid_label [3N] {group},group,fl,fedprox_0.5,0.5,non_iid_label,3,3,5.0,0.001,selected_test_macro_specificity,3,"123,42,456",0.862516456675953,0.02378975827422386,0.059097035682423936,0.803419420993529,0.921613492358377,t_seeds,0.8356340325752708,0.8808519566826057
group|fl|fedprox_0.5|non_iid_label|3|5|0.001|3,FedProx(mu=0.5) non_iid_label [3N] {group},group,fl,fedprox_0.5,0.5,non_iid_label,3,3,5.0,0.001,selected_test_mcc,3,"123,42,456",0.714409360287472,0.02820175930953476,0.10189263794309522,0.5888835426522414,0.7926688185384319,cluster_bootstrap_B1000,0.685493639041618,0.7418383437136485
group|fl|fedprox_0.5|non_iid_label|3|5|0.001|3,FedProx(mu=0.5) non_iid_label [3N] {group},group,fl,fedprox_0.5,0.5,non_iid_label,3,3,5.0,0.001,selected_test_n_examples,3,"123,42,456",7198.0,0.0,0.0,7198.0,7198.0,t_seeds,7198.0,7198.0
group|fl|fedprox_0.5|non_iid_label|3|5|0.001|3,FedProx(mu=0.5) non_iid_label [3N] {group},group,fl,fedprox_0.5,0.5,non_iid_label,3,3,5.0,0.001,selected_test_precision,3,"123,42,456",0.814975843176303,0.018135674674873054,0.10121738683091908,0.7039308242178174,0.9063655978796555,cluster_bootstrap_B1000,0.7986812140594234,0.8345146673963433
group|fl|fedprox_0.5|non_iid_label|3|5|0.001|3,FedProx(mu=0.5) non_iid_label [3N] {group},group,fl,fedprox_0.5,0.5,non_iid_label,3,3,5.0,0.001,selected_test_recall,3,"123,42,456",0.9452614926808395,0.04062117850590667,0.055272889861468,0.8779690258030574,0.9885148055259934,cluster_bootstrap_B1000,0.8986118120045389,0.9728213788048257
group|fl|fedprox_0.5|non_iid_label|3|5|0.001|3,FedProx(mu=0.5) non_iid_label [3N] {group},group,fl,fedprox_0.5,0.5,non_iid_label,3,3,5.0,0.001,selected_test_roc_auc,3,"123,42,456",0.9554412036091305,0.011972294342910462,0.036283130580948064,0.912836856577797,0.9854031177396931,cluster_bootstrap_B1000,0.9474258853804511,0.9692034430375092
group|fl|fedprox_0.5|non_iid_label|3|5|0.001|3,FedProx(mu=0.5) non_iid_label [3N] {group},group,fl,fedprox_0.5,0.5,non_iid_label,3,3,5.0,0.001,selected_test_specificity,3,"123,42,456",0.7797714206710668,0.015317675157274486,0.08525585290016091,0.6687898788138946,0.8393015846142164,cluster_bootstrap_B1000,0.7693053827351397,0.7973526261320577
group|fl|fedprox_0.5|non_iid_label|3|5|0.001|3,FedProx(mu=0.5) non_iid_label [3N] {group},group,fl,fedprox_0.5,0.5,non_iid_label,3,3,5.0,0.001,selected_test_tn,3,"123,42,456",2139.3333333333335,52.63395608666836,130.7499952335037,2008.5833380998297,2270.0833285668373,t_seeds,2089.0,2194.0
group|fl|fedprox_0.5|non_iid_label|3|5|0.001|3,FedProx(mu=0.5) non_iid_label [3N] {group},group,fl,fedprox_0.5,0.5,non_iid_label,3,3,5.0,0.001,selected_test_tp,3,"123,42,456",4387.333333333333,62.30837289910028,154.78257887645725,4232.550754456875,4542.115912209791,t_seeds,4346.0,4459.0
group|fl|fedprox_0.5|non_iid_label|3|5|0.001|3,FedProx(mu=0.5) non_iid_label [3N] {group},group,fl,fedprox_0.5,0.5,non_iid_label,3,3,5.0,0.001,selected_val_loss,3,"123,42,456",0.23028833437485038,0.026020525742710084,0.06463856927703639,0.16564976509781398,0.2949269036518868,t_seeds,0.21452152238676722,0.26032176271033364
group|fl|fedprox_0.5|non_iid_label|3|5|0.001|3,FedProx(mu=0.5) non_iid_label [3N] {group},group,fl,fedprox_0.5,0.5,non_iid_label,3,3,5.0,0.001,total_time_s,3,"123,42,456",6349.573333333334,24.542596303841897,60.96718902263792,6288.6061443106955,6410.540522355972,t_seeds,6326.73,6375.52
group_final_epoch|local|local_only|non_iid_label|3|15||3,Local-only non_iid_label {group_final_epoch},group_final_epoch,local,local_only,,non_iid_label,3,3,15.0,,final_accuracy,5,"1011,123,42,456,789",0.9414804,0.020081122884440496,0.02493400732911549,0.9165463926708846,0.9664144073291154,t_seeds,0.911915,0.959842
group_final_epoch|local|local_only|non_iid_label|3|15||3,Local-only non_iid_label {group_final_epoch},group_final_epoch,local,local_only,,non_iid_label,3,3,15.0,,final_balanced_accuracy,5,"1011,123,42,456,789",0.8789714,0.023165626330837644,0.02876392421084226,0.8502074757891577,0.9077353242108422,t_seeds,0.855303,0.9099543333333333
group_final_epoch|local|local_only|non_iid_label|3|15||3,Local-only non_iid_label {group_final_epoch},group_final_epoch,local,local_only,,non_iid_label,3,3,15.0,,final_cumulative_mb,5,"1011,123,42,456,789",0.0,0.0,0.0,0.0,0.0,t_seeds,0.0,0.0
group_final_epoch|local|local_only|non_iid_label|3|15||3,Local-only non_iid_label {group_final_epoch},group_final_epoch,local,local_only,,non_iid_label,3,3,15.0,,final_elapsed_s,5,"1011,123,42,456,789",884.6800000000001,4.133172039863704,5.132010920281175,879.547989079719,889.8120109202812,t_seeds,880.4000000000001,890.3666666666667
group_final_epoch|local|local_only|non_iid_label|3|15||3,Local-only non_iid_label {group_final_epoch},group_final_epoch,local,local_only,,non_iid_label,3,3,15.0,,final_f1,5,"1011,123,42,456,789",0.9219118,0.0265495366297711,0.03296560380217887,0.8889461961978211,0.9548774038021788,t_seeds,0.8929489999999999,0.952439
group_final_epoch|local|local_only|non_iid_label|3|15||3,Local-only non_iid_label {group_final_epoch},group_final_epoch,local,local_only,,non_iid_label,3,3,15.0,,final_fn,5,"1011,123,42,456,789",230.0,100.06747723411438,124.2501838726746,105.7498161273254,354.2501838726746,t_seeds,132.0,386.0
group_final_epoch|local|local_only|non_iid_label|3|15||3,Local-only non_iid_label {group_final_epoch},group_final_epoch,local,local_only,,non_iid_label,3,3,15.0,,final_fp,5,"1011,123,42,456,789",191.2,54.874402046856055,68.13556944454011,123.06443055545988,259.3355694445401,t_seeds,136.0,252.0
group_final_epoch|local|local_only|non_iid_label|3|15||3,Local-only non_iid_label {group_final_epoch},group_final_epoch,local,local_only,,non_iid_label,3,3,15.0,,final_loss,5,"1011,123,42,456,789",0.827936,0.2288682005780474,0.2841774049914394,0.5437585950085606,1.1121134049914394,t_seeds,0.4428396666666666,1.0261166666666666
group_final_epoch|local|local_only|non_iid_label|3|15||3,Local-only non_iid_label {group_final_epoch},group_final_epoch,local,local_only,,non_iid_label,3,3,15.0,,final_macro_f1,5,"1011,123,42,456,789",0.8835842666666667,0.02887111985608534,0.035848230113127,0.8477360365535397,0.9194324967797937,t_seeds,0.8467563333333333,0.9162933333333334
group_final_epoch|local|local_only|non_iid_label|3|15||3,Local-only non_iid_label {group_final_epoch},group_final_epoch,local,local_only,,non_iid_label,3,3,15.0,,final_macro_precision,5,"1011,123,42,456,789",0.8997288000000001,0.04718717526075161,0.05859061669820659,0.8411381833017935,0.9583194166982067,t_seeds,0.822165,0.9317350000000001
group_final_epoch|local|local_only|non_iid_label|3|15||3,Local-only non_iid_label {group_final_epoch},group_final_epoch,local,local_only,,non_iid_label,3,3,15.0,,final_macro_recall,5,"1011,123,42,456,789",0.8789714,0.023165626330837644,0.02876392421084226,0.8502074757891577,0.9077353242108422,t_seeds,0.855303,0.9099543333333333
group_final_epoch|local|local_only|non_iid_label|3|15||3,Local-only non_iid_label {group_final_epoch},group_final_epoch,local,local_only,,non_iid_label,3,3,15.0,,final_macro_specificity,5,"1011,123,42,456,789",0.8789714,0.023165626330837644,0.02876392421084226,0.8502074757891577,0.9077353242108422,t_seeds,0.855303,0.9099543333333333
group_final_epoch|local|local_only|non_iid_label|3|15||3,Local-only non_iid_label {group_final_epoch},group_final_epoch,local,local_only,,non_iid_label,3,3,15.0,,final_mcc,5,"1011,123,42,456,789",0.7748968,0.05568897884910044,0.0691470001336589,0.7057497998663411,0.844043800133659,t_seeds,0.701798,0.8354370000000001
group_final_epoch|local|local_only|non_iid_label|3|15||3,Local-only non_iid_label {group_final_epoch},group_final_epoch,local,local_only,,non_iid_label,3,3,15.0,,final_n_examples,5,"1011,123,42,456,789",7198.0,0.0,0.0,7198.0,7198.0,t_seeds,7198.0,7198.0
group_final_epoch|local|local_only|non_iid_label|3|15||3,Local-only non_iid_label {group_final_epoch},group_final_epoch,local,local_only,,non_iid_label,3,3,15.0,,final_precision,5,"1011,123,42,456,789",0.9370032,0.038328579491172333,0.047591217256479836,0.8894119827435202,0.9845944172564799,t_seeds,0.8921326666666666,0.9740353333333335
group_final_epoch|local|local_only|non_iid_label|3|15||3,Local-only non_iid_label {group_final_epoch},group_final_epoch,local,local_only,,non_iid_label,3,3,15.0,,final_recall,5,"1011,123,42,456,789",0.9124928000000001,0.02887307521781034,0.03585065801538441,0.8766421419846157,0.9483434580153846,t_seeds,0.880985,0.9504793333333333
group_final_epoch|local|local_only|non_iid_label|3|15||3,Local-only non_iid_label {group_final_epoch},group_final_epoch,local,local_only,,non_iid_label,3,3,15.0,,final_roc_auc,5,"1011,123,42,456,789",0.9425785333333334,0.023723910260185447,0.02945712526668916,0.9131214080666442,0.9720356586000226,t_seeds,0.9071363333333334,0.9701626666666666
group_final_epoch|local|local_only|non_iid_label|3|15||3,Local-only non_iid_label {group_final_epoch},group_final_epoch,local,local_only,,non_iid_label,3,3,15.0,,final_specificity,5,"1011,123,42,456,789",0.8454498666666665,0.02350671049414516,0.02918743613677866,0.8162624305298879,0.8746373028034452,t_seeds,0.8129376666666667,0.8694293333333333
group_final_epoch|local|local_only|non_iid_label|3|15||3,Local-only non_iid_label {group_final_epoch},group_final_epoch,local,local_only,,non_iid_label,3,3,15.0,,final_tn,5,"1011,123,42,456,789",2484.8,54.874402046856055,68.13556944454011,2416.66443055546,2552.9355694445403,t_seeds,2424.0,2540.0
group_final_epoch|local|local_only|non_iid_label|3|15||3,Local-only non_iid_label {group_final_epoch},group_final_epoch,local,local_only,,non_iid_label,3,3,15.0,,final_tp,5,"1011,123,42,456,789",4292.0,100.06747723411438,124.2501838726746,4167.749816127325,4416.250183872675,t_seeds,4136.0,4390.0
group_final_epoch|local|local_only|non_iid_label|3|15||3,Local-only non_iid_label {group_final_epoch},group_final_epoch,local,local_only,,non_iid_label,3,3,15.0,,round1_accuracy,5,"1011,123,42,456,789",0.8455215333333335,0.11971311039745532,0.14864345929351297,0.6968780740398205,0.9941649926268464,t_seeds,0.6390473333333334,0.9498503333333334
group_final_epoch|local|local_only|non_iid_label|3|15||3,Local-only non_iid_label {group_final_epoch},group_final_epoch,local,local_only,,non_iid_label,3,3,15.0,,total_time_s,5,"1011,123,42,456,789",2704.916,9.713929688854055,12.061436775732773,2692.8545632242676,2716.9774367757327,t_seeds,2693.9,2717.3
group|local|local_only|non_iid_label|3|15||3,Local-only non_iid_label {group},group,local,local_only,,non_iid_label,3,3,15.0,,final_cumulative_mb,5,"1011,123,42,456,789",0.0,0.0,0.0,0.0,0.0,t_seeds,0.0,0.0
group|local|local_only|non_iid_label|3|15||3,Local-only non_iid_label {group},group,local,local_only,,non_iid_label,3,3,15.0,,round1_accuracy,5,"1011,123,42,456,789",0.8455215333333335,0.11971311039745532,0.14864345929351297,0.6968780740398205,0.9941649926268464,t_seeds,0.6390473333333334,0.9498503333333334
group|local|local_only|non_iid_label|3|15||3,Local-only non_iid_label {group},group,local,local_only,,non_iid_label,3,3,15.0,,selected_test_accuracy,5,"1011,123,42,456,789",0.9553981333333332,0.008314782310239228,0.028223143613299417,0.9065802968991556,0.9630265841257545,cluster_bootstrap_B1000,0.9415049999999999,0.9616503333333334
group|local|local_only|non_iid_label|3|15||3,Local-only non_iid_label {group},group,local,local_only,,non_iid_label,3,3,15.0,,selected_test_balanced_accuracy,5,"1011,123,42,456,789",0.8863967333333334,0.01765042330842705,0.03311715862905007,0.8362542738888471,0.9024885911469472,cluster_bootstrap_B1000,0.8612696666666668,0.9017023333333333
group|local|local_only|non_iid_label|3|15||3,Local-only non_iid_label {group},group,local,local_only,,non_iid_label,3,3,15.0,,selected_test_clean_accuracy,5,"1011,123,42,456,789",0.9536582512744385,0.008863029124778175,0.032124782133465535,0.8981749575917316,0.9624245218586627,cluster_bootstrap_B1000,0.9387911141801877,0.9606300732368874
group|local|local_only|non_iid_label|3|15||3,Local-only non_iid_label {group},group,local,local_only,,non_iid_label,3,3,15.0,,selected_test_clean_balanced_accuracy,5,"1011,123,42,456,789",0.8778551092784024,0.0183438382001839,0.0384398916015401,0.8185466981107433,0.8954264813138235,cluster_bootstrap_B1000,0.852434721642274,0.8936697972351859
group|local|local_only|non_iid_label|3|15||3,Local-only non_iid_label {group},group,local,local_only,,non_iid_label,3,3,15.0,,selected_test_clean_f1,5,"1011,123,42,456,789",0.9471984418547559,0.01225237488325661,0.04193067641201509,0.8742081947497424,0.9580695475737726,cluster_bootstrap_B1000,0.9296846224653216,0.9594830183479903
group|local|local_only|non_iid_label|3|15||3,Local-only non_iid_label {group},group,local,local_only,,non_iid_label,3,3,15.0,,selected_test_clean_loss,5,"1011,123,42,456,789",0.4345632622656764,0.0896529752838212,0.5160193002027791,0.2780958871489742,1.3101344875545324,cluster_bootstrap_B1000,0.33334797476755423,0.5792739940908972
group|local|local_only|non_iid_label|3|15||3,Local-only non_iid_label {group},group,local,local_only,,non_iid_label,3,3,15.0,,selected_test_clean_macro_f1,5,"1011,123,42,456,789",0.8935490579047529,0.01745257232664181,0.039587538682833545,0.825815063256375,0.9049901406220421,cluster_bootstrap_B1000,0.8712126844368887,0.9086979461458656
group|local|local_only|non_iid_label|3|15||3,Local-only non_iid_label {group},group,local,local_only,,non_iid_label,3,3,15.0,,selected_test_clean_mcc,5,"1011,123,42,456,789",0.7966870150560605,0.03320368164245257,0.07105264994271704,0.679280689567721,0.8213859894531551,cluster_bootstrap_B1000,0.7484950818660415,0.8243448537122674
group|local|local_only|non_iid_label|3|15||3,Local-only non_iid_label {group},group,local,local_only,,non_iid_label,3,3,15.0,,selected_test_clean_precision,5,"1011,123,42,456,789",0.9661410210641345,0.012884504112678694,0.03835536771654896,0.89889747096329,0.9756082063963879,cluster_bootstrap_B1000,0.9441790323979067,0.9758585491851371
group|local|local_only|non_iid_label|3|15||3,Local-only non_iid_label {group},group,local,local_only,,non_iid_label,3,3,15.0,,selected_test_clean_recall,5,"1011,123,42,456,789",0.932231084151405,0.023758955012093696,0.05028832404819167,0.8537580738787045,0.9543347219750878,cluster_bootstrap_B1000,0.892959086348106,0.9517960891371106
group|local|local_only|non_iid_label|3|15||3,Local-only non_iid_label {group},group,local,local_only,,non_iid_label,3,3,15.0,,selected_test_clean_roc_auc,5,"1011,123,42,456,789",0.9474316044640219,0.01845953569390753,0.03826508961177599,0.9044062448266584,0.9809364240502104,cluster_bootstrap_B1000,0.9311745584410538,0.9765316395321683
group|local|local_only|non_iid_label|3|15||3,Local-only non_iid_label {group},group,local,local_only,,non_iid_label,3,3,15.0,,selected_test_clean_specificity,5,"1011,123,42,456,789",0.8234791344054001,0.026407669474967733,0.05551219330231438,0.7503368522329485,0.8613612388375773,cluster_bootstrap_B1000,0.7774869962279135,0.8408465356362914
group|local|local_only|non_iid_label|3|15||3,Local-only non_iid_label {group},group,local,local_only,,non_iid_label,3,3,15.0,,selected_test_f1,5,"1011,123,42,456,789",0.9490883333333334,0.011139107771470955,0.03584977166569181,0.8868544194334124,0.958553962764796,cluster_bootstrap_B1000,0.9334196666666666,0.9602203333333333
group|local|local_only|non_iid_label|3|15||3,Local-only non_iid_label {group},group,local,local_only,,non_iid_label,3,3,15.0,,selected_test_fn,5,"1011,123,42,456,789",167.2,68.71098893190229,85.31596123772039,81.8840387622796,252.51596123772038,t_seeds,116.0,288.0
group|local|local_only|non_iid_label|3|15||3,Local-only non_iid_label {group},group,local,local_only,,non_iid_label,3,3,15.0,,selected_test_fp,5,"1011,123,42,456,789",153.8,23.99374918598592,29.792174546169587,124.00782545383042,183.5921745461696,t_seeds,130.0,184.0
group|local|local_only|non_iid_label|3|15||3,Local-only non_iid_label {group},group,local,local_only,,non_iid_label,3,3,15.0,,selected_test_loss,5,"1011,123,42,456,789",0.41915540000000007,0.08579267945181701,0.43155199092962737,0.26600568988270107,1.1291096717419558,cluster_bootstrap_B1000,0.319151,0.5554113333333334
group|local|local_only|non_iid_label|3|15||3,Local-only non_iid_label {group},group,local,local_only,,non_iid_label,3,3,15.0,,selected_test_macro_f1,5,"1011,123,42,456,789",0.9012086,0.016286256028047442,0.03483538022271826,0.8424670682219666,0.9121378286674031,cluster_bootstrap_B1000,0.8803043333333332,0.9153426666666666
group|local|local_only|non_iid_label|3|15||3,Local-only non_iid_label {group},group,local,local_only,,non_iid_label,3,3,15.0,,selected_test_macro_precision,5,"1011,123,42,456,789",0.9285456666666667,0.019854705055309497,0.024652872462132075,0.9038927942045346,0.9531985391287988,t_seeds,0.8932493333333333,0.9394523333333332
group|local|local_only|non_iid_label|3|15||3,Local-only non_iid_label {group},group,local,local_only,,non_iid_label,3,3,15.0,,selected_test_macro_recall,5,"1011,123,42,456,789",0.8863967333333334,0.01765042330842705,0.02191589517513044,0.8644808381582029,0.9083126285084638,t_seeds,0.8612696666666668,0.9017023333333333
group|local|local_only|non_iid_label|3|15||3,Local-only non_iid_label {group},group,local,local_only,,non_iid_label,3,3,15.0,,selected_test_macro_specificity,5,"1011,123,42,456,789",0.8863967333333334,0.01765042330842705,0.02191589517513044,0.8644808381582029,0.9083126285084638,t_seeds,0.8612696666666668,0.9017023333333333
group|local|local_only|non_iid_label|3|15||3,Local-only non_iid_label {group},group,local,local_only,,non_iid_label,3,3,15.0,,selected_test_mcc,5,"1011,123,42,456,789",0.8104101333333334,0.03092204042390765,0.06268747381956685,0.7075540894773731,0.8329290371165068,cluster_bootstrap_B1000,0.7657636666666666,0.835835
group|local|local_only|non_iid_label|3|15||3,Local-only non_iid_label {group},group,local,local_only,,non_iid_label,3,3,15.0,,selected_test_n_examples,5,"1011,123,42,456,789",7198.0,0.0,0.0,7198.0,7198.0,t_seeds,7198.0,7198.0
group|local|local_only|non_iid_label|3|15||3,Local-only non_iid_label {group},group,local,local_only,,non_iid_label,3,3,15.0,,selected_test_precision,5,"1011,123,42,456,789",0.9672440666666666,0.011862589862439205,0.03277166447357632,0.9112500691693636,0.9767933981165162,cluster_bootstrap_B1000,0.9469789999999999,0.9768159999999999
group|local|local_only|non_iid_label|3|15||3,Local-only non_iid_label {group},group,local,local_only,,non_iid_label,3,3,15.0,,selected_test_recall,5,"1011,123,42,456,789",0.9345070666666665,0.021976597515438005,0.0452555099433718,0.8632629322836767,0.9537739521704203,cluster_bootstrap_B1000,0.8982466666666666,0.9525463333333334
group|local|local_only|non_iid_label|3|15||3,Local-only non_iid_label {group},group,local,local_only,,non_iid_label,3,3,15.0,,selected_test_roc_auc,5,"1011,123,42,456,789",0.9514164666666666,0.01670681165406626,0.03154290088140721,0.9189544960047985,0.9820402977676129,cluster_bootstrap_B1000,0.93702,0.9782723333333333
group|local|local_only|non_iid_label|3|15||3,Local-only non_iid_label {group},group,local,local_only,,non_iid_label,3,3,15.0,,selected_test_specificity,5,"1011,123,42,456,789",0.8382864666666666,0.02613239223071627,0.050285885155220034,0.7704767260647005,0.8710484963751406,cluster_bootstrap_B1000,0.792678,0.8553896666666666
group|local|local_only|non_iid_label|3|15||3,Local-only non_iid_label {group},group,local,local_only,,non_iid_label,3,3,15.0,,selected_test_tn,5,"1011,123,42,456,789",2522.2,23.99374918598592,29.792174546169587,2492.4078254538304,2551.9921745461693,t_seeds,2492.0,2546.0
group|local|local_only|non_iid_label|3|15||3,Local-only non_iid_label {group},group,local,local_only,,non_iid_label,3,3,15.0,,selected_test_tp,5,"1011,123,42,456,789",4354.8,68.71098893190229,85.31596123772039,4269.48403876228,4440.1159612377205,t_seeds,4234.0,4406.0
group|local|local_only|non_iid_label|3|15||3,Local-only non_iid_label {group},group,local,local_only,,non_iid_label,3,3,15.0,,total_time_s,5,"1011,123,42,456,789",3959.8120000000004,66.33774167093718,82.36918555494431,3877.4428144450562,4042.1811855549445,t_seeds,3902.37,4041.64
image|local|local_only|non_iid_label|3|15||3,Local-only non_iid_label {image},image,local,local_only,,non_iid_label,3,3,15.0,,final_accuracy,3,"123,42,456",0.9950333333333333,0.0002583356989139167,0.0006417414519634393,0.9943915918813699,0.9956750747852967,t_seeds,0.994858,0.99533
image|local|local_only|non_iid_label|3|15||3,Local-only non_iid_label {image},image,local,local_only,,non_iid_label,3,3,15.0,,final_cumulative_mb,3,"123,42,456",0.0,0.0,0.0,0.0,0.0,t_seeds,0.0,0.0
image|local|local_only|non_iid_label|3|15||3,Local-only non_iid_label {image},image,local,local_only,,non_iid_label,3,3,15.0,,final_elapsed_s,3,"123,42,456",5453.466666666667,100.98202810401476,250.85326422221476,5202.613402444453,5704.319930888882,t_seeds,5383.066666666667,5569.166666666667
image|local|local_only|non_iid_label|3|15||3,Local-only non_iid_label {image},image,local,local_only,,non_iid_label,3,3,15.0,,final_loss,3,"123,42,456",0.015795555555555556,0.004582548591405509,0.01138368177183878,0.004411873783716776,0.027179237327394336,t_seeds,0.012685,0.021058000000000004
image|local|local_only|non_iid_label|3|15||3,Local-only non_iid_label {image},image,local,local_only,,non_iid_label,3,3,15.0,,round1_accuracy,3,"123,42,456",0.9938016666666667,0.0011706736427278726,0.0029081145440524405,0.9908935521226142,0.9967097812107192,t_seeds,0.9926333333333334,0.9949746666666667
image|local|local_only|non_iid_label|3|15||3,Local-only non_iid_label {image},image,local,local_only,,non_iid_label,3,3,15.0,,total_time_s,3,"123,42,456",16710.34,340.0092570798612,844.6298178562961,15865.710182143705,17554.969817856298,t_seeds,16466.22,17098.69
group_final_epoch|centralized|centralized|non_iid_label_sub0.01|3|15|0.001|3,Centralized non_iid_label_sub0.01 {group_final_epoch},group_final_epoch,centralized,centralized,,non_iid_label_sub0.01,3,3,15.0,0.001,final_accuracy,3,"123,42,456",0.8935813333333334,0.056327996700870984,0.1399265008319818,0.7536548325013517,1.0335078341653152,t_seeds,0.828841,0.93137
group_final_epoch|centralized|centralized|non_iid_label_sub0.01|3|15|0.001|3,Centralized non_iid_label_sub0.01 {group_final_epoch},group_final_epoch,centralized,centralized,,non_iid_label_sub0.01,3,3,15.0,0.001,final_balanced_accuracy,3,"123,42,456",0.9078026666666666,0.03914580723823856,0.09724357601741744,0.8105590906492492,1.005046242684084,t_seeds,0.863701,0.938437
group_final_epoch|centralized|centralized|non_iid_label_sub0.01|3|15|0.001|3,Centralized non_iid_label_sub0.01 {group_final_epoch},group_final_epoch,centralized,centralized,,non_iid_label_sub0.01,3,3,15.0,0.001,final_cumulative_mb,3,"123,42,456",0.0,0.0,0.0,0.0,0.0,t_seeds,0.0,0.0
group_final_epoch|centralized|centralized|non_iid_label_sub0.01|3|15|0.001|3,Centralized non_iid_label_sub0.01 {group_final_epoch},group_final_epoch,centralized,centralized,,non_iid_label_sub0.01,3,3,15.0,0.001,final_elapsed_s,3,"123,42,456",234.5333333333334,44.398348317627,110.29161139524405,124.24172193808934,344.8249447285774,t_seeds,208.8,285.8
group_final_epoch|centralized|centralized|non_iid_label_sub0.01|3|15|0.001|3,Centralized non_iid_label_sub0.01 {group_final_epoch},group_final_epoch,centralized,centralized,,non_iid_label_sub0.01,3,3,15.0,0.001,final_f1,3,"123,42,456",0.9071103333333334,0.05623526719357998,0.13969614796592816,0.7674141853674052,1.0468064812992615,t_seeds,0.842334,0.943426
group_final_epoch|centralized|centralized|non_iid_label_sub0.01|3|15|0.001|3,Centralized non_iid_label_sub0.01 {group_final_epoch},group_final_epoch,centralized,centralized,,non_iid_label_sub0.01,3,3,15.0,0.001,final_fn,3,"123,42,456",667.6666666666666,488.15707854473783,1212.6494080708512,-544.9827414041846,1880.3160747375177,t_seeds,369.0,1231.0
group_final_epoch|centralized|centralized|non_iid_label_sub0.01|3|15|0.001|3,Centralized non_iid_label_sub0.01 {group_final_epoch},group_final_epoch,centralized,centralized,,non_iid_label_sub0.01,3,3,15.0,0.001,final_fp,3,"123,42,456",98.33333333333333,101.1994729894051,251.3934272622401,-153.06009392890678,349.7267605955734,t_seeds,1.0,203.0
group_final_epoch|centralized|centralized|non_iid_label_sub0.01|3|15|0.001|3,Centralized non_iid_label_sub0.01 {group_final_epoch},group_final_epoch,centralized,centralized,,non_iid_label_sub0.01,3,3,15.0,0.001,final_loss,3,"123,42,456",0.288499,0.15620598824308882,0.3880371861958856,-0.09953818619588561,0.6765361861958856,t_seeds,0.184502,0.468125
group_final_epoch|centralized|centralized|non_iid_label_sub0.01|3|15|0.001|3,Centralized non_iid_label_sub0.01 {group_final_epoch},group_final_epoch,centralized,centralized,,non_iid_label_sub0.01,3,3,15.0,0.001,final_macro_f1,3,"123,42,456",0.8905460000000001,0.05486831387057564,0.13630044766605068,0.7542455523339494,1.0268464476660508,t_seeds,0.827579,0.928104
group_final_epoch|centralized|centralized|non_iid_label_sub0.01|3|15|0.001|3,Centralized non_iid_label_sub0.01 {group_final_epoch},group_final_epoch,centralized,centralized,,non_iid_label_sub0.01,3,3,15.0,0.001,final_macro_precision,3,"123,42,456",0.8919353333333334,0.0432997014462379,0.10756242127012987,0.7843729120632036,0.9994977546034632,t_seeds,0.84227,0.921756
group_final_epoch|centralized|centralized|non_iid_label_sub0.01|3|15|0.001|3,Centralized non_iid_label_sub0.01 {group_final_epoch},group_final_epoch,centralized,centralized,,non_iid_label_sub0.01,3,3,15.0,0.001,final_macro_recall,3,"123,42,456",0.9078026666666666,0.03914580723823856,0.09724357601741744,0.8105590906492492,1.005046242684084,t_seeds,0.863701,0.938437
group_final_epoch|centralized|centralized|non_iid_label_sub0.01|3|15|0.001|3,Centralized non_iid_label_sub0.01 {group_final_epoch},group_final_epoch,centralized,centralized,,non_iid_label_sub0.01,3,3,15.0,0.001,final_macro_specificity,3,"123,42,456",0.9078026666666666,0.03914580723823856,0.09724357601741744,0.8105590906492492,1.005046242684084,t_seeds,0.863701,0.938437
group_final_epoch|centralized|centralized|non_iid_label_sub0.01|3|15|0.001|3,Centralized non_iid_label_sub0.01 {group_final_epoch},group_final_epoch,centralized,centralized,,non_iid_label_sub0.01,3,3,15.0,0.001,final_mcc,3,"123,42,456",0.7995570000000001,0.08244594672875073,0.20480708544984846,0.5947499145501516,1.0043640854498486,t_seeds,0.705645,0.860031
group_final_epoch|centralized|centralized|non_iid_label_sub0.01|3|15|0.001|3,Centralized non_iid_label_sub0.01 {group_final_epoch},group_final_epoch,centralized,centralized,,non_iid_label_sub0.01,3,3,15.0,0.001,final_n_examples,3,"123,42,456",7198.0,0.0,0.0,7198.0,7198.0,t_seeds,7198.0,7198.0
group_final_epoch|centralized|centralized|non_iid_label_sub0.01|3|15|0.001|3,Centralized non_iid_label_sub0.01 {group_final_epoch},group_final_epoch,centralized,centralized,,non_iid_label_sub0.01,3,3,15.0,0.001,final_precision,3,"123,42,456",0.9771596666666666,0.02317330969743715,0.05756569252547326,0.9195939741411934,1.03472535919214,t_seeds,0.953398,0.999696
group_final_epoch|centralized|centralized|non_iid_label_sub0.01|3|15|0.001|3,Centralized non_iid_label_sub0.01 {group_final_epoch},group_final_epoch,centralized,centralized,,non_iid_label_sub0.01,3,3,15.0,0.001,final_recall,3,"123,42,456",0.8523513333333333,0.1079517529284881,0.26816702049921143,0.584184312834122,1.1205183538325447,t_seeds,0.727775,0.918399
group_final_epoch|centralized|centralized|non_iid_label_sub0.01|3|15|0.001|3,Centralized non_iid_label_sub0.01 {group_final_epoch},group_final_epoch,centralized,centralized,,non_iid_label_sub0.01,3,3,15.0,0.001,final_roc_auc,3,"123,42,456",0.9797143333333334,0.006381105886390944,0.01585154577505576,0.9638627875582776,0.9955658791083891,t_seeds,0.972584,0.984888
group_final_epoch|centralized|centralized|non_iid_label_sub0.01|3|15|0.001|3,Centralized non_iid_label_sub0.01 {group_final_epoch},group_final_epoch,centralized,centralized,,non_iid_label_sub0.01,3,3,15.0,0.001,final_specificity,3,"123,42,456",0.9632536666666667,0.03781703817505192,0.09394273067734836,0.8693109359893183,1.057196397344015,t_seeds,0.924141,0.999626
group_final_epoch|centralized|centralized|non_iid_label_sub0.01|3|15|0.001|3,Centralized non_iid_label_sub0.01 {group_final_epoch},group_final_epoch,centralized,centralized,,non_iid_label_sub0.01,3,3,15.0,0.001,final_tn,3,"123,42,456",2577.6666666666665,101.1994729894051,251.3934272622401,2326.2732394044265,2829.0600939289066,t_seeds,2473.0,2675.0
group_final_epoch|centralized|centralized|non_iid_label_sub0.01|3|15|0.001|3,Centralized non_iid_label_sub0.01 {group_final_epoch},group_final_epoch,centralized,centralized,,non_iid_label_sub0.01,3,3,15.0,0.001,final_tp,3,"123,42,456",3854.3333333333335,488.15707854473783,1212.6494080708512,2641.6839252624823,5066.982741404185,t_seeds,3291.0,4153.0
group_final_epoch|centralized|centralized|non_iid_label_sub0.01|3|15|0.001|3,Centralized non_iid_label_sub0.01 {group_final_epoch},group_final_epoch,centralized,centralized,,non_iid_label_sub0.01,3,3,15.0,0.001,round1_accuracy,3,"123,42,456",0.8912810000000001,0.025858031266900422,0.06423491062172651,0.8270460893782736,0.9555159106217266,t_seeds,0.864842,0.916516
group_final_epoch|centralized|centralized|non_iid_label_sub0.01|3|15|0.001|3,Centralized non_iid_label_sub0.01 {group_final_epoch},group_final_epoch,centralized,centralized,,non_iid_label_sub0.01,3,3,15.0,0.001,total_time_s,3,"123,42,456",234.49666666666667,44.300340104036806,110.04814549580338,124.44852117086329,344.54481216247007,t_seeds,208.77,285.65
group|centralized|centralized|non_iid_label_sub0.01|3|15|0.001|3,Centralized non_iid_label_sub0.01 {group},group,centralized,centralized,,non_iid_label_sub0.01,3,3,15.0,0.001,final_cumulative_mb,3,"123,42,456",0.0,0.0,0.0,0.0,0.0,t_seeds,0.0,0.0
group|centralized|centralized|non_iid_label_sub0.01|3|15|0.001|3,Centralized non_iid_label_sub0.01 {group},group,centralized,centralized,,non_iid_label_sub0.01,3,3,15.0,0.001,round1_accuracy,3,"123,42,456",0.8912810000000001,0.025858031266900422,0.06423491062172651,0.8270460893782736,0.9555159106217266,t_seeds,0.864842,0.916516
group|centralized|centralized|non_iid_label_sub0.01|3|15|0.001|3,Centralized non_iid_label_sub0.01 {group},group,centralized,centralized,,non_iid_label_sub0.01,3,3,15.0,0.001,selected_epoch,3,"123,42,456",9.0,5.5677643628300215,13.831093423845603,-4.831093423845603,22.8310934238456,t_seeds,3.0,14.0
group|centralized|centralized|non_iid_label_sub0.01|3|15|0.001|3,Centralized non_iid_label_sub0.01 {group},group,centralized,centralized,,non_iid_label_sub0.01,3,3,15.0,0.001,selected_test_accuracy,3,"123,42,456",0.9393353333333333,0.0023012623347487974,0.034869678706484,0.9009274166914283,0.9706667741043963,cluster_bootstrap_B1000,0.936927,0.941512
group|centralized|centralized|non_iid_label_sub0.01|3|15|0.001|3,Centralized non_iid_label_sub0.01 {group},group,centralized,centralized,,non_iid_label_sub0.01,3,3,15.0,0.001,selected_test_balanced_accuracy,3,"123,42,456",0.9421066666666666,0.003065714000576893,0.033079984715223776,0.9018073667536138,0.9679673361840614,cluster_bootstrap_B1000,0.938652,0.944503
group|centralized|centralized|non_iid_label_sub0.01|3|15|0.001|3,Centralized non_iid_label_sub0.01 {group},group,centralized,centralized,,non_iid_label_sub0.01,3,3,15.0,0.001,selected_test_clean_accuracy,3,"123,42,456",0.9389618861243129,0.0023152098124694883,0.03311311454584548,0.9038480426279741,0.9700742717196651,cluster_bootstrap_B1000,0.9365389991613083,0.9411518031870283
group|centralized|centralized|non_iid_label_sub0.01|3|15|0.001|3,Centralized non_iid_label_sub0.01 {group},group,centralized,centralized,,non_iid_label_sub0.01,3,3,15.0,0.001,selected_test_clean_balanced_accuracy,3,"123,42,456",0.941768237931392,0.0029979425770967757,0.03063604687670496,0.906237073906647,0.9675091676600569,cluster_bootstrap_B1000,0.9383978399717894,0.9441375223524944
group|centralized|centralized|non_iid_label_sub0.01|3|15|0.001|3,Centralized non_iid_label_sub0.01 {group},group,centralized,centralized,,non_iid_label_sub0.01,3,3,15.0,0.001,selected_test_clean_f1,3,"123,42,456",0.9502034801247579,0.0025743031035992776,0.03001778033882857,0.9140993729644025,0.9741349336420596,cluster_bootstrap_B1000,0.9476837981101636,0.9528291316526611
group|centralized|centralized|non_iid_label_sub0.01|3|15|0.001|3,Centralized non_iid_label_sub0.01 {group},group,centralized,centralized,,non_iid_label_sub0.01,3,3,15.0,0.001,selected_test_clean_loss,3,"123,42,456",0.15429765214908406,0.03570855095844153,0.08190291675264043,0.08012918191807944,0.2439350154233603,cluster_bootstrap_B1000,0.1219471651461078,0.19261301996265123
group|centralized|centralized|non_iid_label_sub0.01|3|15|0.001|3,Centralized non_iid_label_sub0.01 {group},group,centralized,centralized,,non_iid_label_sub0.01,3,3,15.0,0.001,selected_test_clean_macro_f1,3,"123,42,456",0.9356597031282873,0.0019403356001959711,0.04096976980084471,0.883563857613651,0.9655033972153404,cluster_bootstrap_B1000,0.9335221832469113,0.9373099773069176
group|centralized|centralized|non_iid_label_sub0.01|3|15|0.001|3,Centralized non_iid_label_sub0.01 {group},group,centralized,centralized,,non_iid_label_sub0.01,3,3,15.0,0.001,selected_test_clean_mcc,3,"123,42,456",0.8731586664583356,0.002581050210644619,0.07536148633926776,0.780577810973488,0.9313007836520235,cluster_bootstrap_B1000,0.8701783853093418,0.874665036468515
group|centralized|centralized|non_iid_label_sub0.01|3|15|0.001|3,Centralized non_iid_label_sub0.01 {group},group,centralized,centralized,,non_iid_label_sub0.01,3,3,15.0,0.001,selected_test_clean_precision,3,"123,42,456",0.970919299501039,0.01265072546389413,0.029208446981834557,0.9296564785641392,0.9880733725278084,cluster_bootstrap_B1000,0.9563652721547459,0.9792807811383663
group|centralized|centralized|non_iid_label_sub0.01|3|15|0.001|3,Centralized non_iid_label_sub0.01 {group},group,centralized,centralized,,non_iid_label_sub0.01,3,3,15.0,0.001,selected_test_clean_recall,3,"123,42,456",0.9306392796011015,0.01649789424493454,0.05256971667570176,0.8724282029341436,0.9775676362855471,cluster_bootstrap_B1000,0.9180620674257647,0.9493190444295602
group|centralized|centralized|non_iid_label_sub0.01|3|15|0.001|3,Centralized non_iid_label_sub0.01 {group},group,centralized,centralized,,non_iid_label_sub0.01,3,3,15.0,0.001,selected_test_clean_roc_auc,3,"123,42,456",0.9897975112657962,0.004617812790634233,0.011831868530423617,0.9733283857871556,0.9969921228480029,cluster_bootstrap_B1000,0.984559220286571,0.9932794578229036
group|centralized|centralized|non_iid_label_sub0.01|3|15|0.001|3,Centralized non_iid_label_sub0.01 {group},group,centralized,centralized,,non_iid_label_sub0.01,3,3,15.0,0.001,selected_test_clean_specificity,3,"123,42,456",0.9528971962616822,0.02209405884977527,0.04357839679609482,0.8934991358596373,0.9806559294518269,cluster_bootstrap_B1000,0.9274766355140187,0.9674766355140187
group|centralized|centralized|non_iid_label_sub0.01|3|15|0.001|3,Centralized non_iid_label_sub0.01 {group},group,centralized,centralized,,non_iid_label_sub0.01,3,3,15.0,0.001,selected_test_f1,3,"123,42,456",0.950687,0.0025425349555119343,0.027901985275871788,0.9185987557821242,0.9744027263338678,cluster_bootstrap_B1000,0.948197,0.953279
group|centralized|centralized|non_iid_label_sub0.01|3|15|0.001|3,Centralized non_iid_label_sub0.01 {group},group,centralized,centralized,,non_iid_label_sub0.01,3,3,15.0,0.001,selected_test_fn,3,"123,42,456",310.6666666666667,73.89406832306186,183.56304179597342,127.10362487069327,494.22970846264013,t_seeds,227.0,367.0
group|centralized|centralized|non_iid_label_sub0.01|3|15|0.001|3,Centralized non_iid_label_sub0.01 {group},group,centralized,centralized,,non_iid_label_sub0.01,3,3,15.0,0.001,selected_test_fp,3,"123,42,456",126.0,59.10160742314882,146.81653182490723,-20.81653182490723,272.8165318249072,t_seeds,87.0,194.0
group|centralized|centralized|non_iid_label_sub0.01|3|15|0.001|3,Centralized non_iid_label_sub0.01 {group},group,centralized,centralized,,non_iid_label_sub0.01,3,3,15.0,0.001,selected_test_loss,3,"123,42,456",0.15342233333333333,0.03547050517448735,0.08184569218883954,0.08173556049025127,0.24542694486793035,cluster_bootstrap_B1000,0.121319,0.191501
group|centralized|centralized|non_iid_label_sub0.01|3|15|0.001|3,Centralized non_iid_label_sub0.01 {group},group,centralized,centralized,,non_iid_label_sub0.01,3,3,15.0,0.001,selected_test_macro_f1,3,"123,42,456",0.9359160000000001,0.0019256435287975928,0.04472996698424808,0.8781306824521649,0.967590616420661,cluster_bootstrap_B1000,0.933793,0.93755
group|centralized|centralized|non_iid_label_sub0.01|3|15|0.001|3,Centralized non_iid_label_sub0.01 {group},group,centralized,centralized,,non_iid_label_sub0.01,3,3,15.0,0.001,selected_test_macro_precision,3,"123,42,456",0.9316323333333334,0.004480901062658425,0.011131175312371922,0.9205011580209614,0.9427635086457054,t_seeds,0.927668,0.936494
group|centralized|centralized|non_iid_label_sub0.01|3|15|0.001|3,Centralized non_iid_label_sub0.01 {group},group,centralized,centralized,,non_iid_label_sub0.01,3,3,15.0,0.001,selected_test_macro_recall,3,"123,42,456",0.9421066666666666,0.003065714000576893,0.007615655762274033,0.9344910109043926,0.9497223224289407,t_seeds,0.938652,0.944503
group|centralized|centralized|non_iid_label_sub0.01|3|15|0.001|3,Centralized non_iid_label_sub0.01 {group},group,centralized,centralized,,non_iid_label_sub0.01,3,3,15.0,0.001,selected_test_macro_specificity,3,"123,42,456",0.9421066666666666,0.003065714000576893,0.007615655762274033,0.9344910109043926,0.9497223224289407,t_seeds,0.938652,0.944503
group|centralized|centralized|non_iid_label_sub0.01|3|15|0.001|3,Centralized non_iid_label_sub0.01 {group},group,centralized,centralized,,non_iid_label_sub0.01,3,3,15.0,0.001,selected_test_mcc,3,"123,42,456",0.873656,0.0025643121884825425,0.08387984272601035,0.7685603017112046,0.9363199871632253,cluster_bootstrap_B1000,0.870695,0.875144
group|centralized|centralized|non_iid_label_sub0.01|3|15|0.001|3,Centralized non_iid_label_sub0.01 {group},group,centralized,centralized,,non_iid_label_sub0.01,3,3,15.0,0.001,selected_test_n_examples,3,"123,42,456",7198.0,0.0,0.0,7198.0,7198.0,t_seeds,7198.0,7198.0
group|centralized|centralized|non_iid_label_sub0.01|3|15|0.001|3,Centralized non_iid_label_sub0.01 {group},group,centralized,centralized,,non_iid_label_sub0.01,3,3,15.0,0.001,selected_test_precision,3,"123,42,456",0.9712053333333334,0.01253624043855784,0.02761417646003228,0.9329631831754045,0.9881915360954691,cluster_bootstrap_B1000,0.956783,0.979491
group|centralized|centralized|non_iid_label_sub0.01|3|15|0.001|3,Centralized non_iid_label_sub0.01 {group},group,centralized,centralized,,non_iid_label_sub0.01,3,3,15.0,0.001,selected_test_recall,3,"123,42,456",0.9312986666666667,0.016341171816406957,0.0515896536591578,0.8752685709022822,0.9784478782205978,cluster_bootstrap_B1000,0.918841,0.949801
group|centralized|centralized|non_iid_label_sub0.01|3|15|0.001|3,Centralized non_iid_label_sub0.01 {group},group,centralized,centralized,,non_iid_label_sub0.01,3,3,15.0,0.001,selected_test_roc_auc,3,"123,42,456",0.9898870000000001,0.004578300558067365,0.011463364269591048,0.9741515562267197,0.9970782847659018,cluster_bootstrap_B1000,0.984693,0.993337
group|centralized|centralized|non_iid_label_sub0.01|3|15|0.001|3,Centralized non_iid_label_sub0.01 {group},group,centralized,centralized,,non_iid_label_sub0.01,3,3,15.0,0.001,selected_test_specificity,3,"123,42,456",0.952915,0.02208575294165905,0.04637943533510014,0.8875145825474666,0.9802734532176669,cluster_bootstrap_B1000,0.927504,0.967489
group|centralized|centralized|non_iid_label_sub0.01|3|15|0.001|3,Centralized non_iid_label_sub0.01 {group},group,centralized,centralized,,non_iid_label_sub0.01,3,3,15.0,0.001,selected_test_tn,3,"123,42,456",2550.0,59.10160742314882,146.81653182490723,2403.183468175093,2696.816531824907,t_seeds,2482.0,2589.0
group|centralized|centralized|non_iid_label_sub0.01|3|15|0.001|3,Centralized non_iid_label_sub0.01 {group},group,centralized,centralized,,non_iid_label_sub0.01,3,3,15.0,0.001,selected_test_tp,3,"123,42,456",4211.333333333333,73.89406832306186,183.56304179597342,4027.7702915373598,4394.896375129307,t_seeds,4155.0,4295.0
group|centralized|centralized|non_iid_label_sub0.01|3|15|0.001|3,Centralized non_iid_label_sub0.01 {group},group,centralized,centralized,,non_iid_label_sub0.01,3,3,15.0,0.001,selected_val_loss,3,"123,42,456",0.15792607031272146,0.021941842530575597,0.05450655849549014,0.10341951181723133,0.2124326288082116,t_seeds,0.13270806946779193,0.17265256422406086
group|centralized|centralized|non_iid_label_sub0.01|3|15|0.001|3,Centralized non_iid_label_sub0.01 {group},group,centralized,centralized,,non_iid_label_sub0.01,3,3,15.0,0.001,total_time_s,3,"123,42,456",507.3833333333334,15.913586438428439,39.531540200898704,467.8517931324347,546.9148735342321,t_seeds,493.25,524.62
group|fl|fedavg|non_iid_label_sub0.01|3|5|0.001|3,FedAvg non_iid_label_sub0.01 [3N] {group},group,fl,fedavg,0.0,non_iid_label_sub0.01,3,3,5.0,0.001,final_cumulative_mb,3,"123,42,456",165.465288,0.0,0.0,165.465288,165.465288,t_seeds,165.465288,165.465288
group|fl|fedavg|non_iid_label_sub0.01|3|5|0.001|3,FedAvg non_iid_label_sub0.01 [3N] {group},group,fl,fedavg,0.0,non_iid_label_sub0.01,3,3,5.0,0.001,round1_accuracy,3,"123,42,456",0.8161318701671528,0.0519784566259861,0.1291216443031909,0.6870102258639619,0.9452535144703438,t_seeds,0.7562161411307126,0.8491457146825948
group|fl|fedavg|non_iid_label_sub0.01|3|5|0.001|3,FedAvg non_iid_label_sub0.01 [3N] {group},group,fl,fedavg,0.0,non_iid_label_sub0.01,3,3,5.0,0.001,selected_round,3,"123,42,456",2.0,1.0,2.4841377117503303,-0.48413771175033027,4.48413771175033,t_seeds,1.0,3.0
group|fl|fedavg|non_iid_label_sub0.01|3|5|0.001|3,FedAvg non_iid_label_sub0.01 [3N] {group},group,fl,fedavg,0.0,non_iid_label_sub0.01,3,3,5.0,0.001,selected_test_accuracy,3,"123,42,456",0.872140409372974,0.0843353122590812,0.09858645007814965,0.7433077106724413,0.9404806108287406,cluster_bootstrap_B1000,0.7760489024729091,0.9338705195887747
group|fl|fedavg|non_iid_label_sub0.01|3|5|0.001|3,FedAvg non_iid_label_sub0.01 [3N] {group},group,fl,fedavg,0.0,non_iid_label_sub0.01,3,3,5.0,0.001,selected_test_balanced_accuracy,3,"123,42,456",0.7928573732855687,0.0799207056286692,0.09037174478842513,0.6945372890240956,0.8752807786009459,cluster_bootstrap_B1000,0.7055130349458982,0.8623276840200258
group|fl|fedavg|non_iid_label_sub0.01|3|5|0.001|3,FedAvg non_iid_label_sub0.01 [3N] {group},group,fl,fedavg,0.0,non_iid_label_sub0.01,3,3,5.0,0.001,selected_test_clean_accuracy,3,"123,42,456",0.8716335849408257,0.08502607310987875,0.10051112329778333,0.7413796777221946,0.9424019243177613,cluster_bootstrap_B1000,0.7746715124405926,0.9334637964774951
group|fl|fedavg|non_iid_label_sub0.01|3|5|0.001|3,FedAvg non_iid_label_sub0.01 [3N] {group},group,fl,fedavg,0.0,non_iid_label_sub0.01,3,3,5.0,0.001,selected_test_clean_balanced_accuracy,3,"123,42,456",0.7928404114103311,0.0799968762714877,0.09494919184509304,0.6889590286355627,0.8788574123257488,cluster_bootstrap_B1000,0.7052242867020974,0.8619874009621241
group|fl|fedavg|non_iid_label_sub0.01|3|5|0.001|3,FedAvg non_iid_label_sub0.01 [3N] {group},group,fl,fedavg,0.0,non_iid_label_sub0.01,3,3,5.0,0.001,selected_test_clean_f1,3,"123,42,456",0.8369910523910199,0.06411813617222774,0.1139134553291391,0.6965862032962274,0.9244131139545056,cluster_bootstrap_B1000,0.7805874399132701,0.9067272992881631
group|fl|fedavg|non_iid_label_sub0.01|3|5|0.001|3,FedAvg non_iid_label_sub0.01 [3N] {group},group,fl,fedavg,0.0,non_iid_label_sub0.01,3,3,5.0,0.001,selected_test_clean_loss,3,"123,42,456",0.3306747944678567,0.16370316683855404,0.2137352109003314,0.17757721116984898,0.6050476329705118,cluster_bootstrap_B1000,0.203090809217183,0.5152578126854881
group|fl|fedavg|non_iid_label_sub0.01|3|5|0.001|3,FedAvg non_iid_label_sub0.01 [3N] {group},group,fl,fedavg,0.0,non_iid_label_sub0.01,3,3,5.0,0.001,selected_test_clean_macro_f1,3,"123,42,456",0.7880371010918159,0.10351144093444636,0.11515017898697999,0.640935876051214,0.871236234025174,cluster_bootstrap_B1000,0.6705628875606032,0.8658654433004902
group|fl|fedavg|non_iid_label_sub0.01|3|5|0.001|3,FedAvg non_iid_label_sub0.01 [3N] {group},group,fl,fedavg,0.0,non_iid_label_sub0.01,3,3,5.0,0.001,selected_test_clean_mcc,3,"123,42,456",0.6393494281752905,0.12831228033647085,0.15175110951390594,0.4604505584399898,0.7639527774678017,cluster_bootstrap_B1000,0.4999005215384688,0.7524275793001322
group|fl|fedavg|non_iid_label_sub0.01|3|5|0.001|3,FedAvg non_iid_label_sub0.01 [3N] {group},group,fl,fedavg,0.0,non_iid_label_sub0.01,3,3,5.0,0.001,selected_test_clean_precision,3,"123,42,456",0.7872750485784957,0.07883699856947479,0.13359714455422472,0.6307571428605038,0.8979514319689532,cluster_bootstrap_B1000,0.7008451776545701,0.8552423657945147
group|fl|fedavg|non_iid_label_sub0.01|3|5|0.001|3,FedAvg non_iid_label_sub0.01 [3N] {group},group,fl,fedavg,0.0,non_iid_label_sub0.01,3,3,5.0,0.001,selected_test_clean_recall,3,"123,42,456",0.9388773057961602,0.08373693643218152,0.08045115390013419,0.8367514500512062,0.9976537578514746,cluster_bootstrap_B1000,0.8430716113881033,0.9980861784861718
group|fl|fedavg|non_iid_label_sub0.01|3|5|0.001|3,FedAvg non_iid_label_sub0.01 [3N] {group},group,fl,fedavg,0.0,non_iid_label_sub0.01,3,3,5.0,0.001,selected_test_clean_roc_auc,3,"123,42,456",0.906701981142115,0.06461454425157587,0.08067849386108805,0.8177847237577505,0.9791417114799266,cluster_bootstrap_B1000,0.8434541895999109,0.9726016260314242
group|fl|fedavg|non_iid_label_sub0.01|3|5|0.001|3,FedAvg non_iid_label_sub0.01 [3N] {group},group,fl,fedavg,0.0,non_iid_label_sub0.01,3,3,5.0,0.001,selected_test_clean_specificity,3,"123,42,456",0.646803517024502,0.2036245463158582,0.2031861634808885,0.4054317112545221,0.8118040382162991,cluster_bootstrap_B1000,0.41236239491802307,0.779547481745441
group|fl|fedavg|non_iid_label_sub0.01|3|5|0.001|3,FedAvg non_iid_label_sub0.01 [3N] {group},group,fl,fedavg,0.0,non_iid_label_sub0.01,3,3,5.0,0.001,selected_test_f1,3,"123,42,456",0.8380106858701893,0.06395985403196103,0.11384446933444681,0.6967789240411681,0.9244678627100618,cluster_bootstrap_B1000,0.7825470741594281,0.9079764088987164
group|fl|fedavg|non_iid_label_sub0.01|3|5|0.001|3,FedAvg non_iid_label_sub0.01 [3N] {group},group,fl,fedavg,0.0,non_iid_label_sub0.01,3,3,5.0,0.001,selected_test_fn,3,"123,42,456",104.66666666666667,128.2198632557894,318.5157977091769,-213.84913104251024,423.1824643758436,t_seeds,12.0,251.0
group|fl|fedavg|non_iid_label_sub0.01|3|5|0.001|3,FedAvg non_iid_label_sub0.01 [3N] {group},group,fl,fedavg,0.0,non_iid_label_sub0.01,3,3,5.0,0.001,selected_test_fp,3,"123,42,456",815.6666666666666,679.2542479317544,1687.3610931538797,-871.694426487213,2503.027759820546,t_seeds,422.0,1600.0
group|fl|fedavg|non_iid_label_sub0.01|3|5|0.001|3,FedAvg non_iid_label_sub0.01 [3N] {group},group,fl,fedavg,0.0,non_iid_label_sub0.01,3,3,5.0,0.001,selected_test_loss,3,"123,42,456",0.32949763150242734,0.1623443792516669,0.21127897454932767,0.18615906513419028,0.6087170142328456,cluster_bootstrap_B1000,0.20186728866680148,0.5122185183646818
group|fl|fedavg|non_iid_label_sub0.01|3|5|0.001|3,FedAvg non_iid_label_sub0.01 [3N] {group},group,fl,fedavg,0.0,non_iid_label_sub0.01,3,3,5.0,0.001,selected_test_macro_f1,3,"123,42,456",0.7886438352108581,0.10304577228026529,0.1113134932687439,0.6456932454957003,0.8683202320331881,cluster_bootstrap_B1000,0.6718167599930108,0.8666023736350512
group|fl|fedavg|non_iid_label_sub0.01|3|5|0.001|3,FedAvg non_iid_label_sub0.01 [3N] {group},group,fl,fedavg,0.0,non_iid_label_sub0.01,3,3,5.0,0.001,selected_test_macro_precision,3,"123,42,456",0.8631038024979721,0.037447346049550814,0.09302436452665393,0.7700794379713182,0.9561281670246261,t_seeds,0.8268023033869217,0.9016004262758701
group|fl|fedavg|non_iid_label_sub0.01|3|5|0.001|3,FedAvg non_iid_label_sub0.01 [3N] {group},group,fl,fedavg,0.0,non_iid_label_sub0.01,3,3,5.0,0.001,selected_test_macro_recall,3,"123,42,456",0.7928573732855687,0.0799207056286692,0.198534038801874,0.5943233344836947,0.9913914120874427,t_seeds,0.7055130349458982,0.8623276840200258
group|fl|fedavg|non_iid_label_sub0.01|3|5|0.001|3,FedAvg non_iid_label_sub0.01 [3N] {group},group,fl,fedavg,0.0,non_iid_label_sub0.01,3,3,5.0,0.001,selected_test_macro_specificity,3,"123,42,456",0.7928573732855687,0.0799207056286692,0.198534038801874,0.5943233344836947,0.9913914120874427,t_seeds,0.7055130349458982,0.8623276840200258
group|fl|fedavg|non_iid_label_sub0.01|3|5|0.001|3,FedAvg non_iid_label_sub0.01 [3N] {group},group,fl,fedavg,0.0,non_iid_label_sub0.01,3,3,5.0,0.001,selected_test_mcc,3,"123,42,456",0.6400882540334011,0.12808616697043268,0.14255321343865565,0.47196455750420524,0.7570709843815165,cluster_bootstrap_B1000,0.5012892490456952,0.7537279343071257
group|fl|fedavg|non_iid_label_sub0.01|3|5|0.001|3,FedAvg non_iid_label_sub0.01 [3N] {group},group,fl,fedavg,0.0,non_iid_label_sub0.01,3,3,5.0,0.001,selected_test_n_examples,3,"123,42,456",7198.0,0.0,0.0,7198.0,7198.0,t_seeds,7198.0,7198.0
group|fl|fedavg|non_iid_label_sub0.01|3|5|0.001|3,FedAvg non_iid_label_sub0.01 [3N] {group},group,fl,fedavg,0.0,non_iid_label_sub0.01,3,3,5.0,0.001,selected_test_precision,3,"123,42,456",0.7888509160577536,0.07855106224239408,0.12858650443188818,0.6318177086456789,0.8889907175094552,cluster_bootstrap_B1000,0.7029130375356277,0.8569451444862216
group|fl|fedavg|non_iid_label_sub0.01|3|5|0.001|3,FedAvg non_iid_label_sub0.01 [3N] {group},group,fl,fedavg,0.0,non_iid_label_sub0.01,3,3,5.0,0.001,selected_test_recall,3,"123,42,456",0.9385128601104594,0.08468338407956758,0.08288986032384343,0.8317398098061636,0.9975195304538504,cluster_bootstrap_B1000,0.8415752726369955,0.9980993712516751
group|fl|fedavg|non_iid_label_sub0.01|3|5|0.001|3,FedAvg non_iid_label_sub0.01 [3N] {group},group,fl,fedavg,0.0,non_iid_label_sub0.01,3,3,5.0,0.001,selected_test_roc_auc,3,"123,42,456",0.9065943568166595,0.06502554004557655,0.08086244173567608,0.8176183576047548,0.9793432410761069,cluster_bootstrap_B1000,0.84284904624534,0.9728286534097916
group|fl|fedavg|non_iid_label_sub0.01|3|5|0.001|3,FedAvg non_iid_label_sub0.01 [3N] {group},group,fl,fedavg,0.0,non_iid_label_sub0.01,3,3,5.0,0.001,selected_test_specificity,3,"123,42,456",0.6472018864606781,0.2034831431395104,0.19886924998513153,0.4142604804870084,0.8119989804572715,cluster_bootstrap_B1000,0.41292669864012144,0.7798875291445692
group|fl|fedavg|non_iid_label_sub0.01|3|5|0.001|3,FedAvg non_iid_label_sub0.01 [3N] {group},group,fl,fedavg,0.0,non_iid_label_sub0.01,3,3,5.0,0.001,selected_test_tn,3,"123,42,456",1860.3333333333333,679.2542479317544,1687.3610931538797,172.9722401794536,3547.6944264872127,t_seeds,1076.0,2254.0
group|fl|fedavg|non_iid_label_sub0.01|3|5|0.001|3,FedAvg non_iid_label_sub0.01 [3N] {group},group,fl,fedavg,0.0,non_iid_label_sub0.01,3,3,5.0,0.001,selected_test_tp,3,"123,42,456",4417.333333333333,128.2198632557894,318.5157977091769,4098.817535624156,4735.84913104251,t_seeds,4271.0,4510.0
group|fl|fedavg|non_iid_label_sub0.01|3|5|0.001|3,FedAvg non_iid_label_sub0.01 [3N] {group},group,fl,fedavg,0.0,non_iid_label_sub0.01,3,3,5.0,0.001,selected_val_loss,3,"123,42,456",0.4102530071842385,0.1256564860706139,0.312148015774042,0.09810499141019652,0.7224010229582805,t_seeds,0.27090715592110515,0.5149488223800447
group|fl|fedavg|non_iid_label_sub0.01|3|5|0.001|3,FedAvg non_iid_label_sub0.01 [3N] {group},group,fl,fedavg,0.0,non_iid_label_sub0.01,3,3,5.0,0.001,total_time_s,3,"123,42,456",119.04666666666667,0.4764801499887853,1.183642309487595,117.86302435717907,120.23030897615426,t_seeds,118.7,119.59
group|fl|fedprox_0.01|non_iid_label_sub0.01|3|5|0.001|3,FedProx(mu=0.01) non_iid_label_sub0.01 [3N] {group},group,fl,fedprox_0.01,0.01,non_iid_label_sub0.01,3,3,5.0,0.001,final_cumulative_mb,3,"123,42,456",165.465288,0.0,0.0,165.465288,165.465288,t_seeds,165.465288,165.465288
group|fl|fedprox_0.01|non_iid_label_sub0.01|3|5|0.001|3,FedProx(mu=0.01) non_iid_label_sub0.01 [3N] {group},group,fl,fedprox_0.01,0.01,non_iid_label_sub0.01,3,3,5.0,0.001,round1_accuracy,3,"123,42,456",0.8592397092188729,0.02124720100893578,0.05278097329543703,0.8064587359234359,0.91202068251431,t_seeds,0.8365050701486317,0.8785942492012779
group|fl|fedprox_0.01|non_iid_label_sub0.01|3|5|0.001|3,FedProx(mu=0.01) non_iid_label_sub0.01 [3N] {group},group,fl,fedprox_0.01,0.01,non_iid_label_sub0.01,3,3,5.0,0.001,selected_round,3,"123,42,456",1.6666666666666667,1.1547005383792517,2.8684351531663084,-1.2017684864996416,4.535101819832975,t_seeds,1.0,3.0
group|fl|fedprox_0.01|non_iid_label_sub0.01|3|5|0.001|3,FedProx(mu=0.01) non_iid_label_sub0.01 [3N] {group},group,fl,fedprox_0.01,0.01,non_iid_label_sub0.01,3,3,5.0,0.001,selected_test_accuracy,3,"123,42,456",0.9057145503380569,0.046169582188326924,0.07608872357436436,0.808814172668335,0.9609916198170637,cluster_bootstrap_B1000,0.8781606001667129,0.9590163934426229
group|fl|fedprox_0.01|non_iid_label_sub0.01|3|5|0.001|3,FedProx(mu=0.01) non_iid_label_sub0.01 [3N] {group},group,fl,fedprox_0.01,0.01,non_iid_label_sub0.01,3,3,5.0,0.001,selected_test_balanced_accuracy,3,"123,42,456",0.852668755917047,0.039652110069573414,0.07156753649693959,0.7673815237490376,0.9105165967429167,cluster_bootstrap_B1000,0.8210038781582565,0.897141925764073
group|fl|fedprox_0.01|non_iid_label_sub0.01|3|5|0.001|3,FedProx(mu=0.01) non_iid_label_sub0.01 [3N] {group},group,fl,fedprox_0.01,0.01,non_iid_label_sub0.01,3,3,5.0,0.001,selected_test_clean_accuracy,3,"123,42,456",0.9053210325225981,0.046298499301277246,0.07243266021231409,0.8131214566704188,0.957986777095047,cluster_bootstrap_B1000,0.87741123846799,0.9587643276488678
group|fl|fedprox_0.01|non_iid_label_sub0.01|3|5|0.001|3,FedProx(mu=0.01) non_iid_label_sub0.01 [3N] {group},group,fl,fedprox_0.01,0.01,non_iid_label_sub0.01,3,3,5.0,0.001,selected_test_clean_balanced_accuracy,3,"123,42,456",0.8526440072185465,0.03921372390262278,0.06401369062868156,0.7756029402565765,0.9036303215139396,cluster_bootstrap_B1000,0.8216884132707158,0.8967404964199887
group|fl|fedprox_0.01|non_iid_label_sub0.01|3|5|0.001|3,FedProx(mu=0.01) non_iid_label_sub0.01 [3N] {group},group,fl,fedprox_0.01,0.01,non_iid_label_sub0.01,3,3,5.0,0.001,selected_test_clean_f1,3,"123,42,456",0.8715638232257752,0.05947089961376813,0.09920727933882623,0.7473603187191756,0.9457748773968281,cluster_bootstrap_B1000,0.8331697474583015,0.9400681537784673
group|fl|fedprox_0.01|non_iid_label_sub0.01|3|5|0.001|3,FedProx(mu=0.01) non_iid_label_sub0.01 [3N] {group},group,fl,fedprox_0.01,0.01,non_iid_label_sub0.01,3,3,5.0,0.001,selected_test_clean_loss,3,"123,42,456",0.2717029692306919,0.09481189404552305,0.11697125546640876,0.17432551646185127,0.4082680273946688,cluster_bootstrap_B1000,0.1637293035122122,0.3413601845353281
group|fl|fedprox_0.01|non_iid_label_sub0.01|3|5|0.001|3,FedProx(mu=0.01) non_iid_label_sub0.01 [3N] {group},group,fl,fedprox_0.01,0.01,non_iid_label_sub0.01,3,3,5.0,0.001,selected_test_clean_macro_f1,3,"123,42,456",0.8477984889135657,0.05378824175020061,0.08066308169665026,0.7426729017315588,0.9039990651248593,cluster_bootstrap_B1000,0.8131353824998508,0.9097621689002623
group|fl|fedprox_0.01|non_iid_label_sub0.01|3|5|0.001|3,FedProx(mu=0.01) non_iid_label_sub0.01 [3N] {group},group,fl,fedprox_0.01,0.01,non_iid_label_sub0.01,3,3,5.0,0.001,selected_test_clean_mcc,3,"123,42,456",0.7328798589690941,0.08493582291414616,0.12360922641197308,0.5806046524339753,0.8278231052579215,cluster_bootstrap_B1000,0.6701288629709357,0.8295303781480438
group|fl|fedprox_0.01|non_iid_label_sub0.01|3|5|0.001|3,FedProx(mu=0.01) non_iid_label_sub0.01 [3N] {group},group,fl,fedprox_0.01,0.01,non_iid_label_sub0.01,3,3,5.0,0.001,selected_test_clean_precision,3,"123,42,456",0.8208275755581028,0.08212940357418096,0.12695887849953347,0.671959734415881,0.9258774914149479,cluster_bootstrap_B1000,0.7730886217493876,0.9156617137269778
group|fl|fedprox_0.01|non_iid_label_sub0.01|3|5|0.001|3,FedProx(mu=0.01) non_iid_label_sub0.01 [3N] {group},group,fl,fedprox_0.01,0.01,non_iid_label_sub0.01,3,3,5.0,0.001,selected_test_clean_recall,3,"123,42,456",0.9666747116242261,0.02003921862807036,0.030642797981898395,0.9341603444437767,0.9954459404075735,cluster_bootstrap_B1000,0.9465408240134086,0.986617900185605
group|fl|fedprox_0.01|non_iid_label_sub0.01|3|5|0.001|3,FedProx(mu=0.01) non_iid_label_sub0.01 [3N] {group},group,fl,fedprox_0.01,0.01,non_iid_label_sub0.01,3,3,5.0,0.001,selected_test_clean_roc_auc,3,"123,42,456",0.926600383410319,0.0488117107001298,0.06425991162810779,0.8541749698947331,0.9826947931509487,cluster_bootstrap_B1000,0.8853703206603128,0.9804967090164075
group|fl|fedprox_0.01|non_iid_label_sub0.01|3|5|0.001|3,FedProx(mu=0.01) non_iid_label_sub0.01 [3N] {group},group,fl,fedprox_0.01,0.01,non_iid_label_sub0.01,3,3,5.0,0.001,selected_test_clean_specificity,3,"123,42,456",0.7386133028128671,0.07624464794457574,0.12607243628627912,0.5827540250088362,0.8348988975813945,cluster_bootstrap_B1000,0.6923883237442654,0.8266155821663128
group|fl|fedprox_0.01|non_iid_label_sub0.01|3|5|0.001|3,FedProx(mu=0.01) non_iid_label_sub0.01 [3N] {group},group,fl,fedprox_0.01,0.01,non_iid_label_sub0.01,3,3,5.0,0.001,selected_test_f1,3,"123,42,456",0.8726541110265772,0.05932559997512993,0.09601953567499916,0.7596856809703331,0.9517247523203314,cluster_bootstrap_B1000,0.8338189557727184,0.940942946563608
group|fl|fedprox_0.01|non_iid_label_sub0.01|3|5|0.001|3,FedProx(mu=0.01) non_iid_label_sub0.01 [3N] {group},group,fl,fedprox_0.01,0.01,non_iid_label_sub0.01,3,3,5.0,0.001,selected_test_fn,3,"123,42,456",60.333333333333336,31.50132272355136,78.25362374759156,-17.920290414258226,138.5869570809249,t_seeds,29.0,92.0
group|fl|fedprox_0.01|non_iid_label_sub0.01|3|5|0.001|3,FedProx(mu=0.01) non_iid_label_sub0.01 [3N] {group},group,fl,fedprox_0.01,0.01,non_iid_label_sub0.01,3,3,5.0,0.001,selected_test_fp,3,"123,42,456",618.3333333333334,334.14418045707953,830.0601598353389,-211.72682650200557,1448.3934931686722,t_seeds,235.0,848.0
group|fl|fedprox_0.01|non_iid_label_sub0.01|3|5|0.001|3,FedProx(mu=0.01) non_iid_label_sub0.01 [3N] {group},group,fl,fedprox_0.01,0.01,non_iid_label_sub0.01,3,3,5.0,0.001,selected_test_loss,3,"123,42,456",0.2705610515331424,0.09461339640145883,0.11952620096841539,0.1620727994601859,0.4011252013970167,cluster_bootstrap_B1000,0.16287320756219573,0.34034834123959506
group|fl|fedprox_0.01|non_iid_label_sub0.01|3|5|0.001|3,FedProx(mu=0.01) non_iid_label_sub0.01 [3N] {group},group,fl,fedprox_0.01,0.01,non_iid_label_sub0.01,3,3,5.0,0.001,selected_test_macro_f1,3,"123,42,456",0.8484395253153209,0.05371567481055063,0.08604841334044816,0.7403776641485028,0.9124744908293991,cluster_bootstrap_B1000,0.813482294841503,0.9102900657815131
group|fl|fedprox_0.01|non_iid_label_sub0.01|3|5|0.001|3,FedProx(mu=0.01) non_iid_label_sub0.01 [3N] {group},group,fl,fedprox_0.01,0.01,non_iid_label_sub0.01,3,3,5.0,0.001,selected_test_macro_precision,3,"123,42,456",0.8910816475129274,0.042329304688494954,0.10515182208886037,0.785929825424067,0.9962334696017878,t_seeds,0.8612528184755276,0.9395288930201469
group|fl|fedprox_0.01|non_iid_label_sub0.01|3|5|0.001|3,FedProx(mu=0.01) non_iid_label_sub0.01 [3N] {group},group,fl,fedprox_0.01,0.01,non_iid_label_sub0.01,3,3,5.0,0.001,selected_test_macro_recall,3,"123,42,456",0.852668755917047,0.039652110069573414,0.09850130197430232,0.7541674539427448,0.9511700578913493,t_seeds,0.8210038781582565,0.897141925764073
group|fl|fedprox_0.01|non_iid_label_sub0.01|3|5|0.001|3,FedProx(mu=0.01) non_iid_label_sub0.01 [3N] {group},group,fl,fedprox_0.01,0.01,non_iid_label_sub0.01,3,3,5.0,0.001,selected_test_macro_specificity,3,"123,42,456",0.852668755917047,0.039652110069573414,0.09850130197430232,0.7541674539427448,0.9511700578913493,t_seeds,0.8210038781582565,0.897141925764073
group|fl|fedprox_0.01|non_iid_label_sub0.01|3|5|0.001|3,FedProx(mu=0.01) non_iid_label_sub0.01 [3N] {group},group,fl,fedprox_0.01,0.01,non_iid_label_sub0.01,3,3,5.0,0.001,selected_test_mcc,3,"123,42,456",0.7336386348323529,0.08530643195650166,0.12939841070231722,0.580131922804708,0.8389287442093425,cluster_bootstrap_B1000,0.6698821213081656,0.8305439442001071
group|fl|fedprox_0.01|non_iid_label_sub0.01|3|5|0.001|3,FedProx(mu=0.01) non_iid_label_sub0.01 [3N] {group},group,fl,fedprox_0.01,0.01,non_iid_label_sub0.01,3,3,5.0,0.001,selected_test_n_examples,3,"123,42,456",7198.0,0.0,0.0,7198.0,7198.0,t_seeds,7198.0,7198.0
group|fl|fedprox_0.01|non_iid_label_sub0.01|3|5|0.001|3,FedProx(mu=0.01) non_iid_label_sub0.01 [3N] {group},group,fl,fedprox_0.01,0.01,non_iid_label_sub0.01,3,3,5.0,0.001,selected_test_precision,3,"123,42,456",0.8223126189447472,0.08183544407087837,0.12344898654340236,0.6918769073660397,0.9387748804528444,cluster_bootstrap_B1000,0.7744322421910806,0.9168052137137302
group|fl|fedprox_0.01|non_iid_label_sub0.01|3|5|0.001|3,FedProx(mu=0.01) non_iid_label_sub0.01 [3N] {group},group,fl,fedprox_0.01,0.01,non_iid_label_sub0.01,3,3,5.0,0.001,selected_test_recall,3,"123,42,456",0.9663007020922575,0.021104890229447507,0.030534002054832865,0.9337535997448542,0.9948216038545199,cluster_bootstrap_B1000,0.9446622779026219,0.9868281756451879
group|fl|fedprox_0.01|non_iid_label_sub0.01|3|5|0.001|3,FedProx(mu=0.01) non_iid_label_sub0.01 [3N] {group},group,fl,fedprox_0.01,0.01,non_iid_label_sub0.01,3,3,5.0,0.001,selected_test_roc_auc,3,"123,42,456",0.9266438523062767,0.04892542306277413,0.06737600495114032,0.8497569514213977,0.9845089613236784,cluster_bootstrap_B1000,0.8851208708629575,0.980580311466727
group|fl|fedprox_0.01|non_iid_label_sub0.01|3|5|0.001|3,FedProx(mu=0.01) non_iid_label_sub0.01 [3N] {group},group,fl,fedprox_0.01,0.01,non_iid_label_sub0.01,3,3,5.0,0.001,selected_test_specificity,3,"123,42,456",0.7390368097418364,0.07610025211024718,0.13823484468347313,0.5678757109353143,0.8443454003022606,cluster_bootstrap_B1000,0.6928927520124349,0.8268721987991834
group|fl|fedprox_0.01|non_iid_label_sub0.01|3|5|0.001|3,FedProx(mu=0.01) non_iid_label_sub0.01 [3N] {group},group,fl,fedprox_0.01,0.01,non_iid_label_sub0.01,3,3,5.0,0.001,selected_test_tn,3,"123,42,456",2057.6666666666665,334.14418045707953,830.0601598353389,1227.6065068313276,2887.7268265020057,t_seeds,1828.0,2441.0
group|fl|fedprox_0.01|non_iid_label_sub0.01|3|5|0.001|3,FedProx(mu=0.01) non_iid_label_sub0.01 [3N] {group},group,fl,fedprox_0.01,0.01,non_iid_label_sub0.01,3,3,5.0,0.001,selected_test_tp,3,"123,42,456",4461.666666666667,31.50132272355136,78.25362374759156,4383.413042919075,4539.9202904142585,t_seeds,4430.0,4493.0
group|fl|fedprox_0.01|non_iid_label_sub0.01|3|5|0.001|3,FedProx(mu=0.01) non_iid_label_sub0.01 [3N] {group},group,fl,fedprox_0.01,0.01,non_iid_label_sub0.01,3,3,5.0,0.001,selected_val_loss,3,"123,42,456",0.3333998189134764,0.02984322386758426,0.0741346778496736,0.25926514106380283,0.40753449676315,t_seeds,0.3007298473383311,0.3592281038520369
group|fl|fedprox_0.01|non_iid_label_sub0.01|3|5|0.001|3,FedProx(mu=0.01) non_iid_label_sub0.01 [3N] {group},group,fl,fedprox_0.01,0.01,non_iid_label_sub0.01,3,3,5.0,0.001,total_time_s,3,"123,42,456",143.2566666666667,1.8439179302054904,4.580546067796072,138.67612059887063,147.83721273446275,t_seeds,141.77,145.32
group_final_epoch|local|local_only|non_iid_label_sub0.01|3|15||3,Local-only non_iid_label_sub0.01 {group_final_epoch},group_final_epoch,local,local_only,,non_iid_label_sub0.01,3,3,15.0,,final_accuracy,3,"123,42,456",0.8889176666666666,0.032008598225060324,0.07951376595113703,0.8094039007155296,0.9684314326178036,t_seeds,0.858733,0.922482
group_final_epoch|local|local_only|non_iid_label_sub0.01|3|15||3,Local-only non_iid_label_sub0.01 {group_final_epoch},group_final_epoch,local,local_only,,non_iid_label_sub0.01,3,3,15.0,,final_balanced_accuracy,3,"123,42,456",0.7980073333333334,0.08171470295349413,0.20299057521125086,0.5950167581220825,1.0009979085445844,t_seeds,0.7207046666666667,0.883515
group_final_epoch|local|local_only|non_iid_label_sub0.01|3|15||3,Local-only non_iid_label_sub0.01 {group_final_epoch},group_final_epoch,local,local_only,,non_iid_label_sub0.01,3,3,15.0,,final_cumulative_mb,3,"123,42,456",0.0,0.0,0.0,0.0,0.0,t_seeds,0.0,0.0
group_final_epoch|local|local_only|non_iid_label_sub0.01|3|15||3,Local-only non_iid_label_sub0.01 {group_final_epoch},group_final_epoch,local,local_only,,non_iid_label_sub0.01,3,3,15.0,,final_elapsed_s,3,"123,42,456",76.8888888888889,16.027834584917624,39.81534833009007,37.07354055879883,116.70423721897896,t_seeds,65.23333333333333,95.16666666666667
group_final_epoch|local|local_only|non_iid_label_sub0.01|3|15||3,Local-only non_iid_label_sub0.01 {group_final_epoch},group_final_epoch,local,local_only,,non_iid_label_sub0.01,3,3,15.0,,final_f1,3,"123,42,456",0.8333757777777778,0.0837504730184542,0.20804770840207057,0.6253280693757073,1.0414234861798484,t_seeds,0.751694,0.9190520000000001
group_final_epoch|local|local_only|non_iid_label_sub0.01|3|15||3,Local-only non_iid_label_sub0.01 {group_final_epoch},group_final_epoch,local,local_only,,non_iid_label_sub0.01,3,3,15.0,,final_fn,3,"123,42,456",400.3333333333333,173.22336255059054,430.31068746812184,-29.977354134788527,830.6440208014551,t_seeds,275.0,598.0
group_final_epoch|local|local_only|non_iid_label_sub0.01|3|15||3,Local-only non_iid_label_sub0.01 {group_final_epoch},group_final_epoch,local,local_only,,non_iid_label_sub0.01,3,3,15.0,,final_fp,3,"123,42,456",399.3333333333333,252.47244074023868,627.1763112204773,-227.84297788714395,1026.5096445538106,t_seeds,226.0,689.0
group_final_epoch|local|local_only|non_iid_label_sub0.01|3|15||3,Local-only non_iid_label_sub0.01 {group_final_epoch},group_final_epoch,local,local_only,,non_iid_label_sub0.01,3,3,15.0,,final_loss,3,"123,42,456",0.8270017777777777,0.04588984073037571,0.11399668394454263,0.7130050938332351,0.9409984617223204,t_seeds,0.7743243333333334,0.8583096666666665
group_final_epoch|local|local_only|non_iid_label_sub0.01|3|15||3,Local-only non_iid_label_sub0.01 {group_final_epoch},group_final_epoch,local,local_only,,non_iid_label_sub0.01,3,3,15.0,,final_macro_f1,3,"123,42,456",0.8023744444444444,0.054622687908692055,0.1356902789511507,0.6666841654932937,0.9380647233955951,t_seeds,0.7526233333333333,0.8608246666666667
group_final_epoch|local|local_only|non_iid_label_sub0.01|3|15||3,Local-only non_iid_label_sub0.01 {group_final_epoch},group_final_epoch,local,local_only,,non_iid_label_sub0.01,3,3,15.0,,final_macro_precision,3,"123,42,456",0.8420926666666667,0.027391177028378972,0.06804345582542554,0.7740492108412411,0.9101361224920923,t_seeds,0.8130026666666668,0.8673896666666666
group_final_epoch|local|local_only|non_iid_label_sub0.01|3|15||3,Local-only non_iid_label_sub0.01 {group_final_epoch},group_final_epoch,local,local_only,,non_iid_label_sub0.01,3,3,15.0,,final_macro_recall,3,"123,42,456",0.7980073333333334,0.08171470295349413,0.20299057521125086,0.5950167581220825,1.0009979085445844,t_seeds,0.7207046666666667,0.883515
group_final_epoch|local|local_only|non_iid_label_sub0.01|3|15||3,Local-only non_iid_label_sub0.01 {group_final_epoch},group_final_epoch,local,local_only,,non_iid_label_sub0.01,3,3,15.0,,final_macro_specificity,3,"123,42,456",0.7980073333333334,0.08171470295349413,0.20299057521125086,0.5950167581220825,1.0009979085445844,t_seeds,0.7207046666666667,0.883515
group_final_epoch|local|local_only|non_iid_label_sub0.01|3|15||3,Local-only non_iid_label_sub0.01 {group_final_epoch},group_final_epoch,local,local_only,,non_iid_label_sub0.01,3,3,15.0,,final_mcc,3,"123,42,456",0.6297788888888889,0.10964289321871422,0.2723680458700225,0.3574108430188664,0.9021469347589114,t_seeds,0.524116,0.7430096666666667
group_final_epoch|local|local_only|non_iid_label_sub0.01|3|15||3,Local-only non_iid_label_sub0.01 {group_final_epoch},group_final_epoch,local,local_only,,non_iid_label_sub0.01,3,3,15.0,,final_n_examples,3,"123,42,456",7198.0,0.0,0.0,7198.0,7198.0,t_seeds,7198.0,7198.0
group_final_epoch|local|local_only|non_iid_label_sub0.01|3|15||3,Local-only non_iid_label_sub0.01 {group_final_epoch},group_final_epoch,local,local_only,,non_iid_label_sub0.01,3,3,15.0,,final_precision,3,"123,42,456",0.8439836666666668,0.10503990998557541,0.26093360163402796,0.5830500650326389,1.1049172683006947,t_seeds,0.7227983333333333,0.9089316666666667
group_final_epoch|local|local_only|non_iid_label_sub0.01|3|15||3,Local-only non_iid_label_sub0.01 {group_final_epoch},group_final_epoch,local,local_only,,non_iid_label_sub0.01,3,3,15.0,,final_recall,3,"123,42,456",0.8369266666666667,0.09898093136615314,0.24588226435083216,0.5910444023158345,1.0828089310174989,t_seeds,0.7761323333333333,0.9511406666666667
group_final_epoch|local|local_only|non_iid_label_sub0.01|3|15||3,Local-only non_iid_label_sub0.01 {group_final_epoch},group_final_epoch,local,local_only,,non_iid_label_sub0.01,3,3,15.0,,final_roc_auc,3,"123,42,456",0.8815347777777779,0.03317444304536807,0.08240988503531228,0.7991248927424656,0.9639446628130902,t_seeds,0.8451076666666667,0.910012
group_final_epoch|local|local_only|non_iid_label_sub0.01|3|15||3,Local-only non_iid_label_sub0.01 {group_final_epoch},group_final_epoch,local,local_only,,non_iid_label_sub0.01,3,3,15.0,,final_specificity,3,"123,42,456",0.7590883333333333,0.08784844131229644,0.21822762598236123,0.540860707350972,0.9773159593156945,t_seeds,0.6579033333333334,0.8158893333333334
group_final_epoch|local|local_only|non_iid_label_sub0.01|3|15||3,Local-only non_iid_label_sub0.01 {group_final_epoch},group_final_epoch,local,local_only,,non_iid_label_sub0.01,3,3,15.0,,final_tn,3,"123,42,456",2276.6666666666665,252.47244074023868,627.1763112204773,1649.4903554461894,2903.8429778871437,t_seeds,1987.0,2450.0
group_final_epoch|local|local_only|non_iid_label_sub0.01|3|15||3,Local-only non_iid_label_sub0.01 {group_final_epoch},group_final_epoch,local,local_only,,non_iid_label_sub0.01,3,3,15.0,,final_tp,3,"123,42,456",4121.666666666667,173.22336255059054,430.31068746812184,3691.3559791985454,4551.977354134789,t_seeds,3924.0,4247.0
group_final_epoch|local|local_only|non_iid_label_sub0.01|3|15||3,Local-only non_iid_label_sub0.01 {group_final_epoch},group_final_epoch,local,local_only,,non_iid_label_sub0.01,3,3,15.0,,round1_accuracy,3,"123,42,456",0.861748,0.021489975903507506,0.05338405956650887,0.8083639404334911,0.9151320595665088,t_seeds,0.8480446666666667,0.8865156666666666
group_final_epoch|local|local_only|non_iid_label_sub0.01|3|15||3,Local-only non_iid_label_sub0.01 {group_final_epoch},group_final_epoch,local,local_only,,non_iid_label_sub0.01,3,3,15.0,,total_time_s,3,"123,42,456",272.8566666666666,57.27729247558175,142.28468226554605,130.57198440112057,415.1413489322127,t_seeds,230.94,338.12
group|local|local_only|non_iid_label_sub0.01|3|15||3,Local-only non_iid_label_sub0.01 {group},group,local,local_only,,non_iid_label_sub0.01,3,3,15.0,,final_cumulative_mb,3,"123,42,456",0.0,0.0,0.0,0.0,0.0,t_seeds,0.0,0.0
group|local|local_only|non_iid_label_sub0.01|3|15||3,Local-only non_iid_label_sub0.01 {group},group,local,local_only,,non_iid_label_sub0.01,3,3,15.0,,round1_accuracy,3,"123,42,456",0.861748,0.021489975903507506,0.05338405956650887,0.8083639404334911,0.9151320595665088,t_seeds,0.8480446666666667,0.8865156666666666
group|local|local_only|non_iid_label_sub0.01|3|15||3,Local-only non_iid_label_sub0.01 {group},group,local,local_only,,non_iid_label_sub0.01,3,3,15.0,,selected_test_accuracy,3,"123,42,456",0.8635449999999999,0.08945741261876759,0.09703047053045827,0.7328068433804812,0.9268677844413977,cluster_bootstrap_B1000,0.7602596666666667,0.9165043333333333
group|local|local_only|non_iid_label_sub0.01|3|15||3,Local-only non_iid_label_sub0.01 {group},group,local,local_only,,non_iid_label_sub0.01,3,3,15.0,,selected_test_balanced_accuracy,3,"123,42,456",0.7091422222222222,0.09996919331826029,0.10472197695491514,0.5970635752672873,0.8065075291771175,cluster_bootstrap_B1000,0.593817,0.7711533333333334
group|local|local_only|non_iid_label_sub0.01|3|15||3,Local-only non_iid_label_sub0.01 {group},group,local,local_only,,non_iid_label_sub0.01,3,3,15.0,,selected_test_clean_accuracy,3,"123,42,456",0.8635832100201334,0.090240650711626,0.10202894456496353,0.7275216919783234,0.9315795811082505,cluster_bootstrap_B1000,0.7593921197033325,0.9169187409868741
group|local|local_only|non_iid_label_sub0.01|3|15||3,Local-only non_iid_label_sub0.01 {group},group,local,local_only,,non_iid_label_sub0.01,3,3,15.0,,selected_test_clean_balanced_accuracy,3,"123,42,456",0.7096661032172525,0.10043795771393055,0.10172717795077302,0.5973691694641818,0.8008235253657279,cluster_bootstrap_B1000,0.593793258239639,0.7718329154446972
group|local|local_only|non_iid_label_sub0.01|3|15||3,Local-only non_iid_label_sub0.01 {group},group,local,local_only,,non_iid_label_sub0.01,3,3,15.0,,selected_test_clean_f1,3,"123,42,456",0.7768427254876512,0.08381084124623261,0.10572440918588522,0.6595476896396933,0.8709965080114638,cluster_bootstrap_B1000,0.6875542176395091,0.8538123391945677
group|local|local_only|non_iid_label_sub0.01|3|15||3,Local-only non_iid_label_sub0.01 {group},group,local,local_only,,non_iid_label_sub0.01,3,3,15.0,,selected_test_clean_loss,3,"123,42,456",0.688358811034206,0.12145673896844929,0.4696834545969934,0.4454586990157624,1.3848256082097492,cluster_bootstrap_B1000,0.572791159363118,0.8149527222953079
group|local|local_only|non_iid_label_sub0.01|3|15||3,Local-only non_iid_label_sub0.01 {group},group,local,local_only,,non_iid_label_sub0.01,3,3,15.0,,selected_test_clean_macro_f1,3,"123,42,456",0.740271458727814,0.11249782507976136,0.1156171637202178,0.5943319898149219,0.8255663172553575,cluster_bootstrap_B1000,0.610377081857517,0.8063800216867595
group|local|local_only|non_iid_label_sub0.01|3|15||3,Local-only non_iid_label_sub0.01 {group},group,local,local_only,,non_iid_label_sub0.01,3,3,15.0,,selected_test_clean_mcc,3,"123,42,456",0.5089154773828948,0.2400765726019536,0.21241523945123467,0.2575931407198136,0.6824236196222829,cluster_bootstrap_B1000,0.2317212438611366,0.6505586389587522
group|local|local_only|non_iid_label_sub0.01|3|15||3,Local-only non_iid_label_sub0.01 {group},group,local,local_only,,non_iid_label_sub0.01,3,3,15.0,,selected_test_clean_precision,3,"123,42,456",0.8253727038679335,0.13096088190146354,0.12873329231572217,0.6632900369198794,0.9207566215513238,cluster_bootstrap_B1000,0.674658951549337,0.9114429471424591
group|local|local_only|non_iid_label_sub0.01|3|15||3,Local-only non_iid_label_sub0.01 {group},group,local,local_only,,non_iid_label_sub0.01,3,3,15.0,,selected_test_clean_recall,3,"123,42,456",0.7659095038476939,0.0686478928750604,0.11039651908794612,0.6844140460642666,0.9052070842401588,cluster_bootstrap_B1000,0.7025747286872265,0.8388571880319438
group|local|local_only|non_iid_label_sub0.01|3|15||3,Local-only non_iid_label_sub0.01 {group},group,local,local_only,,non_iid_label_sub0.01,3,3,15.0,,selected_test_clean_roc_auc,3,"123,42,456",0.8086383626240728,0.09941634200695637,0.12281924142433148,0.6634230929241323,0.9090615757727952,cluster_bootstrap_B1000,0.69775071902226,0.8898029334493005
group|local|local_only|non_iid_label_sub0.01|3|15||3,Local-only non_iid_label_sub0.01 {group},group,local,local_only,,non_iid_label_sub0.01,3,3,15.0,,selected_test_clean_specificity,3,"123,42,456",0.653422702586811,0.15409689100118376,0.16253537370523455,0.44810185143770037,0.7731725988481695,cluster_bootstrap_B1000,0.4850117877920515,0.787369236065483
group|local|local_only|non_iid_label_sub0.01|3|15||3,Local-only non_iid_label_sub0.01 {group},group,local,local_only,,non_iid_label_sub0.01,3,3,15.0,,selected_test_f1,3,"123,42,456",0.7763037777777777,0.08273263444865532,0.10408109865644061,0.6628016148358463,0.8709638121487275,cluster_bootstrap_B1000,0.6884353333333332,0.852704
group|local|local_only|non_iid_label_sub0.01|3|15||3,Local-only non_iid_label_sub0.01 {group},group,local,local_only,,non_iid_label_sub0.01,3,3,15.0,,selected_test_fn,3,"123,42,456",474.6666666666667,284.7882254120302,707.4531706084779,-232.7865039418112,1182.1198372751446,t_seeds,247.0,794.0
group|local|local_only|non_iid_label_sub0.01|3|15||3,Local-only non_iid_label_sub0.01 {group},group,local,local_only,,non_iid_label_sub0.01,3,3,15.0,,selected_test_fp,3,"123,42,456",507.6666666666667,372.1106466272274,924.3740902304964,-416.70742356382976,1432.0407568971632,t_seeds,237.0,932.0
group|local|local_only|non_iid_label_sub0.01|3|15||3,Local-only non_iid_label_sub0.01 {group},group,local,local_only,,non_iid_label_sub0.01,3,3,15.0,,selected_test_loss,3,"123,42,456",0.6901966666666666,0.12134309320041438,0.516788730487963,0.4539188749513235,1.4874963359272495,cluster_bootstrap_B1000,0.5735306666666666,0.8157303333333333
group|local|local_only|non_iid_label_sub0.01|3|15||3,Local-only non_iid_label_sub0.01 {group},group,local,local_only,,non_iid_label_sub0.01,3,3,15.0,,selected_test_macro_f1,3,"123,42,456",0.7397768888888888,0.11186095383820303,0.11540967203030333,0.5966384747793321,0.8274578188399387,cluster_bootstrap_B1000,0.610617,0.8054363333333333
group|local|local_only|non_iid_label_sub0.01|3|15||3,Local-only non_iid_label_sub0.01 {group},group,local,local_only,,non_iid_label_sub0.01,3,3,15.0,,selected_test_macro_precision,3,"123,42,456",0.8152828888888889,0.1478205638154032,0.36720663714603935,0.44807625174284954,1.1824895260349282,t_seeds,0.6446310000000001,0.9036696666666666
group|local|local_only|non_iid_label_sub0.01|3|15||3,Local-only non_iid_label_sub0.01 {group},group,local,local_only,,non_iid_label_sub0.01,3,3,15.0,,selected_test_macro_recall,3,"123,42,456",0.7091422222222222,0.09996919331826029,0.2483372431351495,0.46080497908707274,0.9574794653573717,t_seeds,0.593817,0.7711533333333334
group|local|local_only|non_iid_label_sub0.01|3|15||3,Local-only non_iid_label_sub0.01 {group},group,local,local_only,,non_iid_label_sub0.01,3,3,15.0,,selected_test_macro_specificity,3,"123,42,456",0.7091422222222222,0.09996919331826029,0.2483372431351495,0.46080497908707274,0.9574794653573717,t_seeds,0.593817,0.7711533333333334
group|local|local_only|non_iid_label_sub0.01|3|15||3,Local-only non_iid_label_sub0.01 {group},group,local,local_only,,non_iid_label_sub0.01,3,3,15.0,,selected_test_mcc,3,"123,42,456",0.5082157777777778,0.23917142392024396,0.21818472335166456,0.25117108373357944,0.6875405304369085,cluster_bootstrap_B1000,0.23206666666666664,0.649327
group|local|local_only|non_iid_label_sub0.01|3|15||3,Local-only non_iid_label_sub0.01 {group},group,local,local_only,,non_iid_label_sub0.01,3,3,15.0,,selected_test_n_examples,3,"123,42,456",7198.0,0.0,0.0,7198.0,7198.0,t_seeds,7198.0,7198.0
group|local|local_only|non_iid_label_sub0.01|3|15||3,Local-only non_iid_label_sub0.01 {group},group,local,local_only,,non_iid_label_sub0.01,3,3,15.0,,selected_test_precision,3,"123,42,456",0.8261542222222222,0.1303212611230558,0.12199598366421954,0.6743857121115938,0.9183776794400329,cluster_bootstrap_B1000,0.6761683333333334,0.911721
group|local|local_only|non_iid_label_sub0.01|3|15||3,Local-only non_iid_label_sub0.01 {group},group,local,local_only,,non_iid_label_sub0.01,3,3,15.0,,selected_test_recall,3,"123,42,456",0.7648476666666667,0.06776231391497127,0.1081403294111618,0.6927021332979535,0.9089827921202771,cluster_bootstrap_B1000,0.7025876666666666,0.8370203333333333
group|local|local_only|non_iid_label_sub0.01|3|15||3,Local-only non_iid_label_sub0.01 {group},group,local,local_only,,non_iid_label_sub0.01,3,3,15.0,,selected_test_roc_auc,3,"123,42,456",0.8088613333333333,0.09869000886276852,0.13232096259442355,0.6534614818752702,0.9181034070641173,cluster_bootstrap_B1000,0.6988086666666667,0.8895006666666667
group|local|local_only|non_iid_label_sub0.01|3|15||3,Local-only non_iid_label_sub0.01 {group},group,local,local_only,,non_iid_label_sub0.01,3,3,15.0,,selected_test_specificity,3,"123,42,456",0.653437,0.15407929294720663,0.16146443533084565,0.457940262743857,0.7808691334055483,cluster_bootstrap_B1000,0.485047,0.7873716666666667
group|local|local_only|non_iid_label_sub0.01|3|15||3,Local-only non_iid_label_sub0.01 {group},group,local,local_only,,non_iid_label_sub0.01,3,3,15.0,,selected_test_tn,3,"123,42,456",2168.3333333333335,372.1106466272274,924.3740902304964,1243.959243102837,3092.70742356383,t_seeds,1744.0,2439.0
group|local|local_only|non_iid_label_sub0.01|3|15||3,Local-only non_iid_label_sub0.01 {group},group,local,local_only,,non_iid_label_sub0.01,3,3,15.0,,selected_test_tp,3,"123,42,456",4047.3333333333335,284.7882254120302,707.4531706084779,3339.880162724856,4754.786503941811,t_seeds,3728.0,4275.0
group|local|local_only|non_iid_label_sub0.01|3|15||3,Local-only non_iid_label_sub0.01 {group},group,local,local_only,,non_iid_label_sub0.01,3,3,15.0,,total_time_s,3,"123,42,456",735.46,34.937252324703465,86.78894604473277,648.6710539552673,822.2489460447327,t_seeds,698.82,768.4
group_final_epoch|centralized|centralized|non_iid_label_sub0.05|3|15|0.001|3,Centralized non_iid_label_sub0.05 {group_final_epoch},group_final_epoch,centralized,centralized,,non_iid_label_sub0.05,3,3,15.0,0.001,final_accuracy,3,"123,42,456",0.9129390000000001,0.051577768709008674,0.1281262803379846,0.7848127196620155,1.0410652803379847,t_seeds,0.855099,0.954154
group_final_epoch|centralized|centralized|non_iid_label_sub0.05|3|15|0.001|3,Centralized non_iid_label_sub0.05 {group_final_epoch},group_final_epoch,centralized,centralized,,non_iid_label_sub0.05,3,3,15.0,0.001,final_balanced_accuracy,3,"123,42,456",0.9158863333333334,0.04374541199181162,0.10866962764491435,0.807216705688419,1.0245559609782477,t_seeds,0.865682,0.945816
group_final_epoch|centralized|centralized|non_iid_label_sub0.05|3|15|0.001|3,Centralized non_iid_label_sub0.05 {group_final_epoch},group_final_epoch,centralized,centralized,,non_iid_label_sub0.05,3,3,15.0,0.001,final_cumulative_mb,3,"123,42,456",0.0,0.0,0.0,0.0,0.0,t_seeds,0.0,0.0
group_final_epoch|centralized|centralized|non_iid_label_sub0.05|3|15|0.001|3,Centralized non_iid_label_sub0.05 {group_final_epoch},group_final_epoch,centralized,centralized,,non_iid_label_sub0.05,3,3,15.0,0.001,final_elapsed_s,3,"123,42,456",318.20000000000005,54.309943840884266,134.91337961818317,183.28662038181687,453.1133796181832,t_seeds,285.8,380.90000000000003
group_final_epoch|centralized|centralized|non_iid_label_sub0.05|3|15|0.001|3,Centralized non_iid_label_sub0.05 {group_final_epoch},group_final_epoch,centralized,centralized,,non_iid_label_sub0.05,3,3,15.0,0.001,final_f1,3,"123,42,456",0.9277736666666666,0.04509684392874224,0.11202677068430753,0.815746895982359,1.0398004373509742,t_seeds,0.87728,0.964044
group_final_epoch|centralized|centralized|non_iid_label_sub0.05|3|15|0.001|3,Centralized non_iid_label_sub0.05 {group_final_epoch},group_final_epoch,centralized,centralized,,non_iid_label_sub0.05,3,3,15.0,0.001,final_fn,3,"123,42,456",432.3333333333333,348.804147528858,866.4775368913618,-434.14420355802844,1298.810870224695,t_seeds,98.0,794.0
group_final_epoch|centralized|centralized|non_iid_label_sub0.05|3|15|0.001|3,Centralized non_iid_label_sub0.05 {group_final_epoch},group_final_epoch,centralized,centralized,,non_iid_label_sub0.05,3,3,15.0,0.001,final_fp,3,"123,42,456",194.33333333333334,80.41351461870904,199.7582441987216,-5.424910865388256,394.09157753205494,t_seeds,102.0,249.0
group_final_epoch|centralized|centralized|non_iid_label_sub0.05|3|15|0.001|3,Centralized non_iid_label_sub0.05 {group_final_epoch},group_final_epoch,centralized,centralized,,non_iid_label_sub0.05,3,3,15.0,0.001,final_loss,3,"123,42,456",0.3065063333333333,0.13776161919901106,0.34221883348405163,-0.03571250015071831,0.648725166817385,t_seeds,0.173859,0.448868
group_final_epoch|centralized|centralized|non_iid_label_sub0.05|3|15|0.001|3,Centralized non_iid_label_sub0.05 {group_final_epoch},group_final_epoch,centralized,centralized,,non_iid_label_sub0.05,3,3,15.0,0.001,final_macro_f1,3,"123,42,456",0.9089256666666666,0.05227677060926139,0.1298626973189875,0.7790629693476792,1.038788363985654,t_seeds,0.850205,0.950401
group_final_epoch|centralized|centralized|non_iid_label_sub0.05|3|15|0.001|3,Centralized non_iid_label_sub0.05 {group_final_epoch},group_final_epoch,centralized,centralized,,non_iid_label_sub0.05,3,3,15.0,0.001,final_macro_precision,3,"123,42,456",0.9070623333333333,0.05629944502686803,0.13985557454185746,0.7672067587914758,1.0469179078751907,t_seeds,0.845441,0.95581
group_final_epoch|centralized|centralized|non_iid_label_sub0.05|3|15|0.001|3,Centralized non_iid_label_sub0.05 {group_final_epoch},group_final_epoch,centralized,centralized,,non_iid_label_sub0.05,3,3,15.0,0.001,final_macro_recall,3,"123,42,456",0.9158863333333334,0.04374541199181162,0.10866962764491435,0.807216705688419,1.0245559609782477,t_seeds,0.865682,0.945816
group_final_epoch|centralized|centralized|non_iid_label_sub0.05|3|15|0.001|3,Centralized non_iid_label_sub0.05 {group_final_epoch},group_final_epoch,centralized,centralized,,non_iid_label_sub0.05,3,3,15.0,0.001,final_macro_specificity,3,"123,42,456",0.9158863333333334,0.04374541199181162,0.10866962764491435,0.807216705688419,1.0245559609782477,t_seeds,0.865682,0.945816
group_final_epoch|centralized|centralized|non_iid_label_sub0.05|3|15|0.001|3,Centralized non_iid_label_sub0.05 {group_final_epoch},group_final_epoch,centralized,centralized,,non_iid_label_sub0.05,3,3,15.0,0.001,final_mcc,3,"123,42,456",0.8227829999999999,0.09959695722761813,0.24741255742471083,0.5753704425752891,1.0701955574247108,t_seeds,0.710836,0.90157
group_final_epoch|centralized|centralized|non_iid_label_sub0.05|3|15|0.001|3,Centralized non_iid_label_sub0.05 {group_final_epoch},group_final_epoch,centralized,centralized,,non_iid_label_sub0.05,3,3,15.0,0.001,final_n_examples,3,"123,42,456",7198.0,0.0,0.0,7198.0,7198.0,t_seeds,7198.0,7198.0
group_final_epoch|centralized|centralized|non_iid_label_sub0.05|3|15|0.001|3,Centralized non_iid_label_sub0.05 {group_final_epoch},group_final_epoch,centralized,centralized,,non_iid_label_sub0.05,3,3,15.0,0.001,final_precision,3,"123,42,456",0.954462,0.019572842512011416,0.04862163621023762,0.9058403637897624,1.0030836362102376,t_seeds,0.93739,0.975824
group_final_epoch|centralized|centralized|non_iid_label_sub0.05|3|15|0.001|3,Centralized non_iid_label_sub0.05 {group_final_epoch},group_final_epoch,centralized,centralized,,non_iid_label_sub0.05,3,3,15.0,0.001,final_recall,3,"123,42,456",0.9043933333333333,0.07713483872630664,0.1916135617697981,0.7127797715635351,1.0960068951031314,t_seeds,0.824414,0.978328
group_final_epoch|centralized|centralized|non_iid_label_sub0.05|3|15|0.001|3,Centralized non_iid_label_sub0.05 {group_final_epoch},group_final_epoch,centralized,centralized,,non_iid_label_sub0.05,3,3,15.0,0.001,final_roc_auc,3,"123,42,456",0.982268,0.008227474217522637,0.02043817897620152,0.9618298210237985,1.0027061789762015,t_seeds,0.97399,0.990444
group_final_epoch|centralized|centralized|non_iid_label_sub0.05|3|15|0.001|3,Centralized non_iid_label_sub0.05 {group_final_epoch},group_final_epoch,centralized,centralized,,non_iid_label_sub0.05,3,3,15.0,0.001,final_specificity,3,"123,42,456",0.9273790000000001,0.030049650380661715,0.07464746973551444,0.8527315302644857,1.0020264697355146,t_seeds,0.906951,0.961883
group_final_epoch|centralized|centralized|non_iid_label_sub0.05|3|15|0.001|3,Centralized non_iid_label_sub0.05 {group_final_epoch},group_final_epoch,centralized,centralized,,non_iid_label_sub0.05,3,3,15.0,0.001,final_tn,3,"123,42,456",2481.6666666666665,80.41351461870904,199.7582441987216,2281.908422467945,2681.424910865388,t_seeds,2427.0,2574.0
group_final_epoch|centralized|centralized|non_iid_label_sub0.05|3|15|0.001|3,Centralized non_iid_label_sub0.05 {group_final_epoch},group_final_epoch,centralized,centralized,,non_iid_label_sub0.05,3,3,15.0,0.001,final_tp,3,"123,42,456",4089.6666666666665,348.804147528858,866.4775368913618,3223.1891297753045,4956.1442035580285,t_seeds,3728.0,4424.0
group_final_epoch|centralized|centralized|non_iid_label_sub0.05|3|15|0.001|3,Centralized non_iid_label_sub0.05 {group_final_epoch},group_final_epoch,centralized,centralized,,non_iid_label_sub0.05,3,3,15.0,0.001,round1_accuracy,3,"123,42,456",0.9029959999999999,0.06191647598983648,0.15380905298503667,0.7491869470149632,1.0568050529850366,t_seeds,0.838589,0.962078
group_final_epoch|centralized|centralized|non_iid_label_sub0.05|3|15|0.001|3,Centralized non_iid_label_sub0.05 {group_final_epoch},group_final_epoch,centralized,centralized,,non_iid_label_sub0.05,3,3,15.0,0.001,total_time_s,3,"123,42,456",318.2333333333333,54.28088920912526,134.84120391172962,183.39212942160367,453.0745372450629,t_seeds,285.86,380.9
group|centralized|centralized|non_iid_label_sub0.05|3|15|0.001|3,Centralized non_iid_label_sub0.05 {group},group,centralized,centralized,,non_iid_label_sub0.05,3,3,15.0,0.001,final_cumulative_mb,3,"123,42,456",0.0,0.0,0.0,0.0,0.0,t_seeds,0.0,0.0
group|centralized|centralized|non_iid_label_sub0.05|3|15|0.001|3,Centralized non_iid_label_sub0.05 {group},group,centralized,centralized,,non_iid_label_sub0.05,3,3,15.0,0.001,round1_accuracy,3,"123,42,456",0.9029959999999999,0.06191647598983648,0.15380905298503667,0.7491869470149632,1.0568050529850366,t_seeds,0.838589,0.962078
group|centralized|centralized|non_iid_label_sub0.05|3|15|0.001|3,Centralized non_iid_label_sub0.05 {group},group,centralized,centralized,,non_iid_label_sub0.05,3,3,15.0,0.001,selected_epoch,3,"123,42,456",6.666666666666667,2.309401076758503,5.736870306332616,0.9297963603340511,12.403536972999284,t_seeds,4.0,8.0
group|centralized|centralized|non_iid_label_sub0.05|3|15|0.001|3,Centralized non_iid_label_sub0.05 {group},group,centralized,centralized,,non_iid_label_sub0.05,3,3,15.0,0.001,selected_test_accuracy,3,"123,42,456",0.9196073333333333,0.02130416781602448,0.054926616768512126,0.8590765073818555,0.9689297409188797,cluster_bootstrap_B1000,0.90289,0.943595
group|centralized|centralized|non_iid_label_sub0.05|3|15|0.001|3,Centralized non_iid_label_sub0.05 {group},group,centralized,centralized,,non_iid_label_sub0.05,3,3,15.0,0.001,selected_test_balanced_accuracy,3,"123,42,456",0.9281346666666668,0.024463725520315477,0.046422988272746546,0.8759506094178493,0.9687965859633424,cluster_bootstrap_B1000,0.903032,0.951905
group|centralized|centralized|non_iid_label_sub0.05|3|15|0.001|3,Centralized non_iid_label_sub0.05 {group},group,centralized,centralized,,non_iid_label_sub0.05,3,3,15.0,0.001,selected_test_clean_accuracy,3,"123,42,456",0.9189315401139441,0.021483659480714165,0.054651127582622305,0.8560246572850827,0.9653269124503273,cluster_bootstrap_B1000,0.9020734099187447,0.9431213224992995
group|centralized|centralized|non_iid_label_sub0.05|3|15|0.001|3,Centralized non_iid_label_sub0.05 {group},group,centralized,centralized,,non_iid_label_sub0.05,3,3,15.0,0.001,selected_test_clean_balanced_accuracy,3,"123,42,456",0.9275292586261101,0.024667025015722495,0.04976592934063362,0.8672780484975449,0.9668099071788121,cluster_bootstrap_B1000,0.902219278190495,0.9514986551866236
group|centralized|centralized|non_iid_label_sub0.05|3|15|0.001|3,Centralized non_iid_label_sub0.05 {group},group,centralized,centralized,,non_iid_label_sub0.05,3,3,15.0,0.001,selected_test_clean_f1,3,"123,42,456",0.9326562867890137,0.017770866374148445,0.04853456404583889,0.8728218378462042,0.9698909659378819,cluster_bootstrap_B1000,0.9204325554923164,0.9530418690724034
group|centralized|centralized|non_iid_label_sub0.05|3|15|0.001|3,Centralized non_iid_label_sub0.05 {group},group,centralized,centralized,,non_iid_label_sub0.05,3,3,15.0,0.001,selected_test_clean_loss,3,"123,42,456",0.1874557209496471,0.053524369608388515,0.12126100188078642,0.08931005206767945,0.3318320558292523,cluster_bootstrap_B1000,0.1261310672518281,0.22477562082536715
group|centralized|centralized|non_iid_label_sub0.05|3|15|0.001|3,Centralized non_iid_label_sub0.05 {group},group,centralized,centralized,,non_iid_label_sub0.05,3,3,15.0,0.001,selected_test_clean_macro_f1,3,"123,42,456",0.9153250201921402,0.022633631192893536,0.06414370866549463,0.8323491961198111,0.9606366134508003,cluster_bootstrap_B1000,0.8965666692959671,0.9404640961703048
group|centralized|centralized|non_iid_label_sub0.05|3|15|0.001|3,Centralized non_iid_label_sub0.05 {group},group,centralized,centralized,,non_iid_label_sub0.05,3,3,15.0,0.001,selected_test_clean_mcc,3,"123,42,456",0.8372190972012882,0.04555603623389126,0.11429927136796403,0.6956720213679589,0.924270564103887,cluster_bootstrap_B1000,0.7944411840470299,0.8851201273859016
group|centralized|centralized|non_iid_label_sub0.05|3|15|0.001|3,Centralized non_iid_label_sub0.05 {group},group,centralized,centralized,,non_iid_label_sub0.05,3,3,15.0,0.001,selected_test_clean_precision,3,"123,42,456",0.9757802233968697,0.031201237313638722,0.04094673663844134,0.9150728580124723,0.996966331289355,cluster_bootstrap_B1000,0.9400139502441293,0.9974180222050091
group|centralized|centralized|non_iid_label_sub0.05|3|15|0.001|3,Centralized non_iid_label_sub0.05 {group},group,centralized,centralized,,non_iid_label_sub0.05,3,3,15.0,0.001,selected_test_clean_recall,3,"123,42,456",0.8939934582218259,0.02941462096037488,0.075270834112731,0.8065549344012077,0.9570966026266697,cluster_bootstrap_B1000,0.8615075825156111,0.9188224799286352
group|centralized|centralized|non_iid_label_sub0.05|3|15|0.001|3,Centralized non_iid_label_sub0.05 {group},group,centralized,centralized,,non_iid_label_sub0.05,3,3,15.0,0.001,selected_test_clean_roc_auc,3,"123,42,456",0.9849973144066788,0.01030809029992899,0.019874767843568453,0.9570256574608496,0.9967751931479865,cluster_bootstrap_B1000,0.9750119658475888,0.9956003662356049
group|centralized|centralized|non_iid_label_sub0.05|3|15|0.001|3,Centralized non_iid_label_sub0.05 {group},group,centralized,centralized,,non_iid_label_sub0.05,3,3,15.0,0.001,selected_test_clean_specificity,3,"123,42,456",0.9610650590303944,0.050827992443875356,0.06205710637950229,0.8714502537751805,0.9955644665341851,cluster_bootstrap_B1000,0.9027882441597589,0.9962321024868124
group|centralized|centralized|non_iid_label_sub0.05|3|15|0.001|3,Centralized non_iid_label_sub0.05 {group},group,centralized,centralized,,non_iid_label_sub0.05,3,3,15.0,0.001,selected_test_f1,3,"123,42,456",0.933247,0.01761454262818087,0.047645386062642126,0.8762998395440379,0.9715906116693221,cluster_bootstrap_B1000,0.921115,0.953451
group|centralized|centralized|non_iid_label_sub0.05|3|15|0.001|3,Centralized non_iid_label_sub0.05 {group},group,centralized,centralized,,non_iid_label_sub0.05,3,3,15.0,0.001,selected_test_fn,3,"123,42,456",475.3333333333333,131.89516038632098,327.6457419130182,147.68759142031513,802.9790752463515,t_seeds,364.0,621.0
group|centralized|centralized|non_iid_label_sub0.05|3|15|0.001|3,Centralized non_iid_label_sub0.05 {group},group,centralized,centralized,,non_iid_label_sub0.05,3,3,15.0,0.001,selected_test_fp,3,"123,42,456",103.33333333333333,134.89749194604522,335.10394696370736,-231.77061363037404,438.4372802970407,t_seeds,10.0,258.0
group|centralized|centralized|non_iid_label_sub0.05|3|15|0.001|3,Centralized non_iid_label_sub0.05 {group},group,centralized,centralized,,non_iid_label_sub0.05,3,3,15.0,0.001,selected_test_loss,3,"123,42,456",0.18597166666666665,0.05315834866070741,0.12048057512808388,0.0839314572780061,0.32489260753417387,cluster_bootstrap_B1000,0.12508,0.223123
group|centralized|centralized|non_iid_label_sub0.05|3|15|0.001|3,Centralized non_iid_label_sub0.05 {group},group,centralized,centralized,,non_iid_label_sub0.05,3,3,15.0,0.001,selected_test_macro_f1,3,"123,42,456",0.9160133333333333,0.02244782005748738,0.06457658996131382,0.8361414938920704,0.965294673814698,cluster_bootstrap_B1000,0.897414,0.940948
group|centralized|centralized|non_iid_label_sub0.05|3|15|0.001|3,Centralized non_iid_label_sub0.05 {group},group,centralized,centralized,,non_iid_label_sub0.05,3,3,15.0,0.001,selected_test_macro_precision,3,"123,42,456",0.9105656666666667,0.021286615732270236,0.05287888489607036,0.8576867817705963,0.9634445515627371,t_seeds,0.893145,0.934293
group|centralized|centralized|non_iid_label_sub0.05|3|15|0.001|3,Centralized non_iid_label_sub0.05 {group},group,centralized,centralized,,non_iid_label_sub0.05,3,3,15.0,0.001,selected_test_macro_recall,3,"123,42,456",0.9281346666666668,0.024463725520315477,0.06077126313492464,0.8673634035317421,0.9889059298015914,t_seeds,0.903032,0.951905
group|centralized|centralized|non_iid_label_sub0.05|3|15|0.001|3,Centralized non_iid_label_sub0.05 {group},group,centralized,centralized,,non_iid_label_sub0.05,3,3,15.0,0.001,selected_test_macro_specificity,3,"123,42,456",0.9281346666666668,0.024463725520315477,0.06077126313492464,0.8673634035317421,0.9889059298015914,t_seeds,0.903032,0.951905
group|centralized|centralized|non_iid_label_sub0.05|3|15|0.001|3,Centralized non_iid_label_sub0.05 {group},group,centralized,centralized,,non_iid_label_sub0.05,3,3,15.0,0.001,selected_test_mcc,3,"123,42,456",0.8384943333333333,0.045174648214826564,0.11364093851564039,0.7061119872838795,0.9333938643151602,cluster_bootstrap_B1000,0.796115,0.886023
group|centralized|centralized|non_iid_label_sub0.05|3|15|0.001|3,Centralized non_iid_label_sub0.05 {group},group,centralized,centralized,,non_iid_label_sub0.05,3,3,15.0,0.001,selected_test_n_examples,3,"123,42,456",7198.0,0.0,0.0,7198.0,7198.0,t_seeds,7198.0,7198.0
group|centralized|centralized|non_iid_label_sub0.05|3|15|0.001|3,Centralized non_iid_label_sub0.05 {group},group,centralized,centralized,,non_iid_label_sub0.05,3,3,15.0,0.001,selected_test_precision,3,"123,42,456",0.975994,0.030929635157886985,0.04004955839841151,0.9171054452369375,0.9972045620337605,cluster_bootstrap_B1000,0.940539,0.997443
group|centralized|centralized|non_iid_label_sub0.05|3|15|0.001|3,Centralized non_iid_label_sub0.05 {group},group,centralized,centralized,,non_iid_label_sub0.05,3,3,15.0,0.001,selected_test_recall,3,"123,42,456",0.8948843333333333,0.029167830384403546,0.07865343758298954,0.8040694990069598,0.9613763741729389,cluster_bootstrap_B1000,0.862671,0.919505
group|centralized|centralized|non_iid_label_sub0.05|3|15|0.001|3,Centralized non_iid_label_sub0.05 {group},group,centralized,centralized,,non_iid_label_sub0.05,3,3,15.0,0.001,selected_test_roc_auc,3,"123,42,456",0.9852313333333332,0.010158004643301442,0.018601074322943223,0.9592947134646381,0.9964968621105246,cluster_bootstrap_B1000,0.975383,0.995673
group|centralized|centralized|non_iid_label_sub0.05|3|15|0.001|3,Centralized non_iid_label_sub0.05 {group},group,centralized,centralized,,non_iid_label_sub0.05,3,3,15.0,0.001,selected_test_specificity,3,"123,42,456",0.9613849999999999,0.050410366433899276,0.057818411295837535,0.880433697047137,0.9960705196388121,cluster_bootstrap_B1000,0.903587,0.996263
group|centralized|centralized|non_iid_label_sub0.05|3|15|0.001|3,Centralized non_iid_label_sub0.05 {group},group,centralized,centralized,,non_iid_label_sub0.05,3,3,15.0,0.001,selected_test_tn,3,"123,42,456",2572.6666666666665,134.89749194604522,335.10394696370736,2237.562719702959,2907.770613630374,t_seeds,2418.0,2666.0
group|centralized|centralized|non_iid_label_sub0.05|3|15|0.001|3,Centralized non_iid_label_sub0.05 {group},group,centralized,centralized,,non_iid_label_sub0.05,3,3,15.0,0.001,selected_test_tp,3,"123,42,456",4046.6666666666665,131.89516038632098,327.6457419130182,3719.020924753648,4374.312408579684,t_seeds,3901.0,4158.0
group|centralized|centralized|non_iid_label_sub0.05|3|15|0.001|3,Centralized non_iid_label_sub0.05 {group},group,centralized,centralized,,non_iid_label_sub0.05,3,3,15.0,0.001,selected_val_loss,3,"123,42,456",0.15102439225653738,0.11286428619418977,0.28037042964476894,-0.12934603738823156,0.4313948219013063,t_seeds,0.052041717051308736,0.27393350430809654
group|centralized|centralized|non_iid_label_sub0.05|3|15|0.001|3,Centralized non_iid_label_sub0.05 {group},group,centralized,centralized,,non_iid_label_sub0.05,3,3,15.0,0.001,total_time_s,3,"123,42,456",679.4266666666667,12.61729897138581,31.34310819524814,648.0835584714185,710.7697748619149,t_seeds,665.23,689.36
group|fl|fedavg|non_iid_label_sub0.05|3|5|0.001|3,FedAvg non_iid_label_sub0.05 [3N] {group},group,fl,fedavg,0.0,non_iid_label_sub0.05,3,3,5.0,0.001,final_cumulative_mb,3,"123,42,456",165.465288,0.0,0.0,165.465288,165.465288,t_seeds,165.465288,165.465288
group|fl|fedavg|non_iid_label_sub0.05|3|5|0.001|3,FedAvg non_iid_label_sub0.05 [3N] {group},group,fl,fedavg,0.0,non_iid_label_sub0.05,3,3,5.0,0.001,round1_accuracy,3,"123,42,456",0.9137380191693291,0.025725030192903033,0.0639045176381063,0.8498335015312227,0.9776425368074354,t_seeds,0.8933185164606195,0.9426309209612446
group|fl|fedavg|non_iid_label_sub0.05|3|5|0.001|3,FedAvg non_iid_label_sub0.05 [3N] {group},group,fl,fedavg,0.0,non_iid_label_sub0.05,3,3,5.0,0.001,selected_round,3,"123,42,456",3.0,0.0,0.0,3.0,3.0,t_seeds,3.0,3.0
group|fl|fedavg|non_iid_label_sub0.05|3|5|0.001|3,FedAvg non_iid_label_sub0.05 [3N] {group},group,fl,fedavg,0.0,non_iid_label_sub0.05,3,3,5.0,0.001,selected_test_accuracy,3,"123,42,456",0.9505418171714366,0.01722700750208389,0.0323493357749115,0.9126875288664152,0.9773862004162382,cluster_bootstrap_B1000,0.9333148096693527,0.9677688246735204
group|fl|fedavg|non_iid_label_sub0.05|3|5|0.001|3,FedAvg non_iid_label_sub0.05 [3N] {group},group,fl,fedavg,0.0,non_iid_label_sub0.05,3,3,5.0,0.001,selected_test_balanced_accuracy,3,"123,42,456",0.9236435082774083,0.029218796411028782,0.04467855402954746,0.8766035967817724,0.9659607048408673,cluster_bootstrap_B1000,0.9045516019991878,0.957280173313573
group|fl|fedavg|non_iid_label_sub0.05|3|5|0.001|3,FedAvg non_iid_label_sub0.05 [3N] {group},group,fl,fedavg,0.0,non_iid_label_sub0.05,3,3,5.0,0.001,selected_test_clean_accuracy,3,"123,42,456",0.950266181003082,0.017162098793253203,0.03341881297404353,0.9131204754282375,0.9799581013763246,cluster_bootstrap_B1000,0.933174558699916,0.9674978985710283
group|fl|fedavg|non_iid_label_sub0.05|3|5|0.001|3,FedAvg non_iid_label_sub0.05 [3N] {group},group,fl,fedavg,0.0,non_iid_label_sub0.05,3,3,5.0,0.001,selected_test_clean_balanced_accuracy,3,"123,42,456",0.9232073216112519,0.02926654050940161,0.04714297176311649,0.8732446897580877,0.9675306332843207,cluster_bootstrap_B1000,0.9048090628613236,0.956955553813335
group|fl|fedavg|non_iid_label_sub0.05|3|5|0.001|3,FedAvg non_iid_label_sub0.05 [3N] {group},group,fl,fedavg,0.0,non_iid_label_sub0.05,3,3,5.0,0.001,selected_test_clean_f1,3,"123,42,456",0.9339985235517854,0.03303651441839323,0.045306127234566285,0.8802251816654627,0.9708374361345953,cluster_bootstrap_B1000,0.8961391358084541,0.9569793104477808
group|fl|fedavg|non_iid_label_sub0.05|3|5|0.001|3,FedAvg non_iid_label_sub0.05 [3N] {group},group,fl,fedavg,0.0,non_iid_label_sub0.05,3,3,5.0,0.001,selected_test_clean_loss,3,"123,42,456",0.1180278819348416,0.044892050954835186,0.07518391599448429,0.05983599884507379,0.21020383083404237,cluster_bootstrap_B1000,0.07569514568872114,0.16510275870600463
group|fl|fedavg|non_iid_label_sub0.05|3|5|0.001|3,FedAvg non_iid_label_sub0.05 [3N] {group},group,fl,fedavg,0.0,non_iid_label_sub0.05,3,3,5.0,0.001,selected_test_clean_macro_f1,3,"123,42,456",0.9057660608124505,0.023216574813388544,0.058680306767718404,0.8378957274608467,0.9552563409962835,cluster_bootstrap_B1000,0.8795632626961605,0.923773514723874
group|fl|fedavg|non_iid_label_sub0.05|3|5|0.001|3,FedAvg non_iid_label_sub0.05 [3N] {group},group,fl,fedavg,0.0,non_iid_label_sub0.05,3,3,5.0,0.001,selected_test_clean_mcc,3,"123,42,456",0.8288035177168708,0.04060813448046074,0.09636466568931856,0.7234893781226303,0.9162187095012674,cluster_bootstrap_B1000,0.7821292996068333,0.856034032587583
group|fl|fedavg|non_iid_label_sub0.05|3|5|0.001|3,FedAvg non_iid_label_sub0.05 [3N] {group},group,fl,fedavg,0.0,non_iid_label_sub0.05,3,3,5.0,0.001,selected_test_clean_precision,3,"123,42,456",0.9648067769956441,0.020263267134139167,0.036450346539665,0.9177498058137548,0.9906504988930848,cluster_bootstrap_B1000,0.9415957649180456,0.9789689769347113
group|fl|fedavg|non_iid_label_sub0.05|3|5|0.001|3,FedAvg non_iid_label_sub0.05 [3N] {group},group,fl,fedavg,0.0,non_iid_label_sub0.05,3,3,5.0,0.001,selected_test_clean_recall,3,"123,42,456",0.9112559785290987,0.06785655352619324,0.07726811073022388,0.8269037783282385,0.9814399997886862,cluster_bootstrap_B1000,0.8386835027648544,0.973124215503146
group|fl|fedavg|non_iid_label_sub0.05|3|5|0.001|3,FedAvg non_iid_label_sub0.05 [3N] {group},group,fl,fedavg,0.0,non_iid_label_sub0.05,3,3,5.0,0.001,selected_test_clean_roc_auc,3,"123,42,456",0.9852038808983418,0.013008980483215658,0.015475575523587803,0.9650354725566127,0.9959866236037883,cluster_bootstrap_B1000,0.9703109995169996,0.994348890496546
group|fl|fedavg|non_iid_label_sub0.05|3|5|0.001|3,FedAvg non_iid_label_sub0.05 [3N] {group},group,fl,fedavg,0.0,non_iid_label_sub0.05,3,3,5.0,0.001,selected_test_clean_specificity,3,"123,42,456",0.9351586646934051,0.08085216368923116,0.09059822651524274,0.8121945533226582,0.9933910063531437,cluster_bootstrap_B1000,0.8425904808150483,0.9919508903073743
group|fl|fedavg|non_iid_label_sub0.05|3|5|0.001|3,FedAvg non_iid_label_sub0.05 [3N] {group},group,fl,fedavg,0.0,non_iid_label_sub0.05,3,3,5.0,0.001,selected_test_f1,3,"123,42,456",0.9340066098849533,0.03360633930055105,0.044516145186489386,0.8812096431318792,0.970241933504858,cluster_bootstrap_B1000,0.895478812021305,0.957282071482018
group|fl|fedavg|non_iid_label_sub0.05|3|5|0.001|3,FedAvg non_iid_label_sub0.05 [3N] {group},group,fl,fedavg,0.0,non_iid_label_sub0.05,3,3,5.0,0.001,selected_test_fn,3,"123,42,456",270.6666666666667,199.13897994449337,494.68864995960865,-224.02198329294197,765.3553166262753,t_seeds,50.0,437.0
group|fl|fedavg|non_iid_label_sub0.05|3|5|0.001|3,FedAvg non_iid_label_sub0.05 [3N] {group},group,fl,fedavg,0.0,non_iid_label_sub0.05,3,3,5.0,0.001,selected_test_fp,3,"123,42,456",85.33333333333333,83.93052682625871,208.49498685618204,-123.16165352284871,293.82832018951535,t_seeds,31.0,182.0
group|fl|fedavg|non_iid_label_sub0.05|3|5|0.001|3,FedAvg non_iid_label_sub0.05 [3N] {group},group,fl,fedavg,0.0,non_iid_label_sub0.05,3,3,5.0,0.001,selected_test_loss,3,"123,42,456",0.1171943495465448,0.04472906205944375,0.07779982493758061,0.06127789358061885,0.2168775434557801,cluster_bootstrap_B1000,0.07507110835668684,0.1641386555984228
group|fl|fedavg|non_iid_label_sub0.05|3|5|0.001|3,FedAvg non_iid_label_sub0.05 [3N] {group},group,fl,fedavg,0.0,non_iid_label_sub0.05,3,3,5.0,0.001,selected_test_macro_f1,3,"123,42,456",0.9065281876712032,0.023597356780661754,0.06010957323503657,0.8366182060290422,0.9568373524991154,cluster_bootstrap_B1000,0.8798992701926651,0.9248437275410627
group|fl|fedavg|non_iid_label_sub0.05|3|5|0.001|3,FedAvg non_iid_label_sub0.05 [3N] {group},group,fl,fedavg,0.0,non_iid_label_sub0.05,3,3,5.0,0.001,selected_test_macro_precision,3,"123,42,456",0.9141126087247611,0.03522588774814224,0.08750595618504405,0.826606652539717,1.001618564909805,t_seeds,0.8876293515860475,0.9540907476523958
group|fl|fedavg|non_iid_label_sub0.05|3|5|0.001|3,FedAvg non_iid_label_sub0.05 [3N] {group},group,fl,fedavg,0.0,non_iid_label_sub0.05,3,3,5.0,0.001,selected_test_macro_recall,3,"123,42,456",0.9236435082774083,0.029218796411028782,0.07258351405659179,0.8510599942208165,0.9962270223340001,t_seeds,0.9045516019991878,0.957280173313573
group|fl|fedavg|non_iid_label_sub0.05|3|5|0.001|3,FedAvg non_iid_label_sub0.05 [3N] {group},group,fl,fedavg,0.0,non_iid_label_sub0.05,3,3,5.0,0.001,selected_test_macro_specificity,3,"123,42,456",0.9236435082774083,0.029218796411028782,0.07258351405659179,0.8510599942208165,0.9962270223340001,t_seeds,0.9045516019991878,0.957280173313573
group|fl|fedavg|non_iid_label_sub0.05|3|5|0.001|3,FedAvg non_iid_label_sub0.05 [3N] {group},group,fl,fedavg,0.0,non_iid_label_sub0.05,3,3,5.0,0.001,selected_test_mcc,3,"123,42,456",0.8301239957716416,0.04126101746370228,0.09664984384537822,0.7241038672827474,0.9174035549735039,cluster_bootstrap_B1000,0.7827200569067815,0.8579637782994626
group|fl|fedavg|non_iid_label_sub0.05|3|5|0.001|3,FedAvg non_iid_label_sub0.05 [3N] {group},group,fl,fedavg,0.0,non_iid_label_sub0.05,3,3,5.0,0.001,selected_test_n_examples,3,"123,42,456",7198.0,0.0,0.0,7198.0,7198.0,t_seeds,7198.0,7198.0
group|fl|fedavg|non_iid_label_sub0.05|3|5|0.001|3,FedAvg non_iid_label_sub0.05 [3N] {group},group,fl,fedavg,0.0,non_iid_label_sub0.05,3,3,5.0,0.001,selected_test_precision,3,"123,42,456",0.9650174758536783,0.02010248632721438,0.036415156009229566,0.9175601023595785,0.9903904143780377,cluster_bootstrap_B1000,0.9420001945345684,0.9791267947023905
group|fl|fedavg|non_iid_label_sub0.05|3|5|0.001|3,FedAvg non_iid_label_sub0.05 [3N] {group},group,fl,fedavg,0.0,non_iid_label_sub0.05,3,3,5.0,0.001,selected_test_recall,3,"123,42,456",0.9112023822025473,0.06848472667238034,0.07593236515608398,0.8278686855445856,0.9797334158567536,cluster_bootstrap_B1000,0.837759513520747,0.973316070622822
group|fl|fedavg|non_iid_label_sub0.05|3|5|0.001|3,FedAvg non_iid_label_sub0.05 [3N] {group},group,fl,fedavg,0.0,non_iid_label_sub0.05,3,3,5.0,0.001,selected_test_roc_auc,3,"123,42,456",0.9854485697889674,0.012800855279766396,0.015787429148152732,0.9646518578069889,0.9962267161032944,cluster_bootstrap_B1000,0.9707940157389175,0.9944476512550522
group|fl|fedavg|non_iid_label_sub0.05|3|5|0.001|3,FedAvg non_iid_label_sub0.05 [3N] {group},group,fl,fedavg,0.0,non_iid_label_sub0.05,3,3,5.0,0.001,selected_test_specificity,3,"123,42,456",0.9360846343522691,0.07965856422864737,0.08554026323742542,0.8223437700675443,0.9934242965423952,cluster_bootstrap_B1000,0.8448814284161059,0.9920287841630726
group|fl|fedavg|non_iid_label_sub0.05|3|5|0.001|3,FedAvg non_iid_label_sub0.05 [3N] {group},group,fl,fedavg,0.0,non_iid_label_sub0.05,3,3,5.0,0.001,selected_test_tn,3,"123,42,456",2590.6666666666665,83.93052682625871,208.49498685618204,2382.1716798104844,2799.1616535228486,t_seeds,2494.0,2645.0
group|fl|fedavg|non_iid_label_sub0.05|3|5|0.001|3,FedAvg non_iid_label_sub0.05 [3N] {group},group,fl,fedavg,0.0,non_iid_label_sub0.05,3,3,5.0,0.001,selected_test_tp,3,"123,42,456",4251.333333333333,199.13897994449337,494.68864995960865,3756.6446833737245,4746.0219832929415,t_seeds,4085.0,4472.0
group|fl|fedavg|non_iid_label_sub0.05|3|5|0.001|3,FedAvg non_iid_label_sub0.05 [3N] {group},group,fl,fedavg,0.0,non_iid_label_sub0.05,3,3,5.0,0.001,selected_val_loss,3,"123,42,456",0.12658196571396216,0.01382303743831079,0.03433832859144451,0.09224363712251765,0.16092029430540666,t_seeds,0.11084519916038668,0.13676162522903104
group|fl|fedavg|non_iid_label_sub0.05|3|5|0.001|3,FedAvg non_iid_label_sub0.05 [3N] {group},group,fl,fedavg,0.0,non_iid_label_sub0.05,3,3,5.0,0.001,total_time_s,3,"123,42,456",281.94000000000005,1.6219432789095825,4.029130465459278,277.9108695345408,285.96913046545933,t_seeds,280.47,283.68
group|fl|fedprox_0.01|non_iid_label_sub0.05|3|5|0.001|3,FedProx(mu=0.01) non_iid_label_sub0.05 [3N] {group},group,fl,fedprox_0.01,0.01,non_iid_label_sub0.05,3,3,5.0,0.001,final_cumulative_mb,3,"123,42,456",165.465288,0.0,0.0,165.465288,165.465288,t_seeds,165.465288,165.465288
group|fl|fedprox_0.01|non_iid_label_sub0.05|3|5|0.001|3,FedProx(mu=0.01) non_iid_label_sub0.05 [3N] {group},group,fl,fedprox_0.01,0.01,non_iid_label_sub0.05,3,3,5.0,0.001,round1_accuracy,3,"123,42,456",0.8966060100939944,0.012117168048902269,0.030100714109894296,0.8665052959841001,0.9267067242038888,t_seeds,0.8826225864703431,0.9040144464508959
group|fl|fedprox_0.01|non_iid_label_sub0.05|3|5|0.001|3,FedProx(mu=0.01) non_iid_label_sub0.05 [3N] {group},group,fl,fedprox_0.01,0.01,non_iid_label_sub0.05,3,3,5.0,0.001,selected_round,3,"123,42,456",2.3333333333333335,0.5773502691896258,1.4342175765831542,0.8991157567501793,3.767550909916488,t_seeds,2.0,3.0
group|fl|fedprox_0.01|non_iid_label_sub0.05|3|5|0.001|3,FedProx(mu=0.01) non_iid_label_sub0.05 [3N] {group},group,fl,fedprox_0.01,0.01,non_iid_label_sub0.05,3,3,5.0,0.001,selected_test_accuracy,3,"123,42,456",0.926599981476336,0.03301050622715394,0.0479796234295477,0.868931941311623,0.9648911881707184,cluster_bootstrap_B1000,0.8930258405112531,0.9590163934426229
group|fl|fedprox_0.01|non_iid_label_sub0.05|3|5|0.001|3,FedProx(mu=0.01) non_iid_label_sub0.05 [3N] {group},group,fl,fedprox_0.01,0.01,non_iid_label_sub0.05,3,3,5.0,0.001,selected_test_balanced_accuracy,3,"123,42,456",0.8860587746567052,0.03375669502123991,0.06093811868111265,0.8244099670517041,0.9462862044139294,cluster_bootstrap_B1000,0.8558365812748377,0.9224883780765062
group|fl|fedprox_0.01|non_iid_label_sub0.05|3|5|0.001|3,FedProx(mu=0.01) non_iid_label_sub0.05 [3N] {group},group,fl,fedprox_0.01,0.01,non_iid_label_sub0.05,3,3,5.0,0.001,selected_test_clean_accuracy,3,"123,42,456",0.9263565891472868,0.03329328916478335,0.0508726214293424,0.8655420020903278,0.9672872449490126,cluster_bootstrap_B1000,0.8924068366489213,0.9589520874194453
group|fl|fedprox_0.01|non_iid_label_sub0.05|3|5|0.001|3,FedProx(mu=0.01) non_iid_label_sub0.05 [3N] {group},group,fl,fedprox_0.01,0.01,non_iid_label_sub0.05,3,3,5.0,0.001,selected_test_clean_balanced_accuracy,3,"123,42,456",0.8859819952011555,0.033768845702510424,0.061153522926750914,0.8309090728579869,0.9532161187114887,cluster_bootstrap_B1000,0.8558274985579506,0.9224686967905592
group|fl|fedprox_0.01|non_iid_label_sub0.05|3|5|0.001|3,FedProx(mu=0.01) non_iid_label_sub0.05 [3N] {group},group,fl,fedprox_0.01,0.01,non_iid_label_sub0.05,3,3,5.0,0.001,selected_test_clean_f1,3,"123,42,456",0.8780255976406295,0.04243495124170203,0.07863368960628964,0.7964556814175076,0.9537230606300868,cluster_bootstrap_B1000,0.8481572907367251,0.92659958267519
group|fl|fedprox_0.01|non_iid_label_sub0.05|3|5|0.001|3,FedProx(mu=0.01) non_iid_label_sub0.05 [3N] {group},group,fl,fedprox_0.01,0.01,non_iid_label_sub0.05,3,3,5.0,0.001,selected_test_clean_loss,3,"123,42,456",0.18306534731767035,0.058706773238658125,0.10330265214390813,0.09581969789689448,0.30242500218471075,cluster_bootstrap_B1000,0.1153726333929239,0.22003541765070553
group|fl|fedprox_0.01|non_iid_label_sub0.05|3|5|0.001|3,FedProx(mu=0.01) non_iid_label_sub0.05 [3N] {group},group,fl,fedprox_0.01,0.01,non_iid_label_sub0.05,3,3,5.0,0.001,selected_test_clean_macro_f1,3,"123,42,456",0.8668582719755232,0.04809718863882482,0.07637100742432368,0.7800809889914457,0.9328230038400931,cluster_bootstrap_B1000,0.8258342154879375,0.9197911214139779
group|fl|fedprox_0.01|non_iid_label_sub0.05|3|5|0.001|3,FedProx(mu=0.01) non_iid_label_sub0.05 [3N] {group},group,fl,fedprox_0.01,0.01,non_iid_label_sub0.05,3,3,5.0,0.001,selected_test_clean_mcc,3,"123,42,456",0.7588159605913715,0.07674871156497577,0.12208399211509258,0.6303231249154522,0.8744911091456373,cluster_bootstrap_B1000,0.7041099673280056,0.846549462791369
group|fl|fedprox_0.01|non_iid_label_sub0.05|3|5|0.001|3,FedProx(mu=0.01) non_iid_label_sub0.05 [3N] {group},group,fl,fedprox_0.01,0.01,non_iid_label_sub0.05,3,3,5.0,0.001,selected_test_clean_precision,3,"123,42,456",0.9685361813114989,0.015588649881165663,0.030155546121804155,0.9329826989721962,0.9932937912158045,cluster_bootstrap_B1000,0.9507513075513625,0.9798327197117976
group|fl|fedprox_0.01|non_iid_label_sub0.05|3|5|0.001|3,FedProx(mu=0.01) non_iid_label_sub0.05 [3N] {group},group,fl,fedprox_0.01,0.01,non_iid_label_sub0.05,3,3,5.0,0.001,selected_test_clean_recall,3,"123,42,456",0.8177896888573475,0.06242988200261122,0.11384976698559074,0.7133709022713967,0.9410704362425781,cluster_bootstrap_B1000,0.7629782419155033,0.8857450008584385
group|fl|fedprox_0.01|non_iid_label_sub0.05|3|5|0.001|3,FedProx(mu=0.01) non_iid_label_sub0.05 [3N] {group},group,fl,fedprox_0.01,0.01,non_iid_label_sub0.05,3,3,5.0,0.001,selected_test_clean_roc_auc,3,"123,42,456",0.96066313855115,0.019891457751539072,0.038069954256876704,0.9140185165959575,0.9901584251097109,cluster_bootstrap_B1000,0.9377039340806811,0.9727139579461935
group|fl|fedprox_0.01|non_iid_label_sub0.05|3|5|0.001|3,FedProx(mu=0.01) non_iid_label_sub0.05 [3N] {group},group,fl,fedprox_0.01,0.01,non_iid_label_sub0.05,3,3,5.0,0.001,selected_test_clean_specificity,3,"123,42,456",0.9541743015449636,0.044867044095862015,0.059302266106818435,0.8781657642354779,0.9967702964491147,cluster_bootstrap_B1000,0.9070091733178005,0.9963213385944104
group|fl|fedprox_0.01|non_iid_label_sub0.05|3|5|0.001|3,FedProx(mu=0.01) non_iid_label_sub0.05 [3N] {group},group,fl,fedprox_0.01,0.01,non_iid_label_sub0.05,3,3,5.0,0.001,selected_test_f1,3,"123,42,456",0.8776040247255561,0.04241839950577193,0.07804067751577953,0.788774668298252,0.9448560233298111,cluster_bootstrap_B1000,0.848367933798542,0.9262552724643677
group|fl|fedprox_0.01|non_iid_label_sub0.05|3|5|0.001|3,FedProx(mu=0.01) non_iid_label_sub0.05 [3N] {group},group,fl,fedprox_0.01,0.01,non_iid_label_sub0.05,3,3,5.0,0.001,selected_test_fn,3,"123,42,456",471.6666666666667,254.77506419061763,632.8963449695243,-161.22967830285762,1104.563011636191,t_seeds,248.0,749.0
group|fl|fedprox_0.01|non_iid_label_sub0.05|3|5|0.001|3,FedProx(mu=0.01) non_iid_label_sub0.05 [3N] {group},group,fl,fedprox_0.01,0.01,non_iid_label_sub0.05,3,3,5.0,0.001,selected_test_fp,3,"123,42,456",56.666666666666664,41.356176483487125,102.73443761643252,-46.06777094976585,159.4011042830992,t_seeds,21.0,102.0
group|fl|fedprox_0.01|non_iid_label_sub0.05|3|5|0.001|3,FedProx(mu=0.01) non_iid_label_sub0.05 [3N] {group},group,fl,fedprox_0.01,0.01,non_iid_label_sub0.05,3,3,5.0,0.001,selected_test_loss,3,"123,42,456",0.1824863525390239,0.058171919398362686,0.09582983505347414,0.10078964378008833,0.2924493138870366,cluster_bootstrap_B1000,0.11539300561768986,0.21883200896851082
group|fl|fedprox_0.01|non_iid_label_sub0.05|3|5|0.001|3,FedProx(mu=0.01) non_iid_label_sub0.05 [3N] {group},group,fl,fedprox_0.01,0.01,non_iid_label_sub0.05,3,3,5.0,0.001,selected_test_macro_f1,3,"123,42,456",0.8673118180309355,0.04787725255044676,0.07221458230135741,0.7850339247077897,0.9294630893105045,cluster_bootstrap_B1000,0.826699162721002,0.920101841339055
group|fl|fedprox_0.01|non_iid_label_sub0.05|3|5|0.001|3,FedProx(mu=0.01) non_iid_label_sub0.05 [3N] {group},group,fl,fedprox_0.01,0.01,non_iid_label_sub0.05,3,3,5.0,0.001,selected_test_macro_precision,3,"123,42,456",0.8829707851401047,0.04241903709058684,0.10537472973286278,0.777596055407242,0.9883455148729675,t_seeds,0.843451184144747,0.9277910237937371
group|fl|fedprox_0.01|non_iid_label_sub0.05|3|5|0.001|3,FedProx(mu=0.01) non_iid_label_sub0.05 [3N] {group},group,fl,fedprox_0.01,0.01,non_iid_label_sub0.05,3,3,5.0,0.001,selected_test_macro_recall,3,"123,42,456",0.8860587746567052,0.03375669502123991,0.08385627912631667,0.8022024955303886,0.9699150537830219,t_seeds,0.8558365812748377,0.9224883780765062
group|fl|fedprox_0.01|non_iid_label_sub0.05|3|5|0.001|3,FedProx(mu=0.01) non_iid_label_sub0.05 [3N] {group},group,fl,fedprox_0.01,0.01,non_iid_label_sub0.05,3,3,5.0,0.001,selected_test_macro_specificity,3,"123,42,456",0.8860587746567052,0.03375669502123991,0.08385627912631667,0.8022024955303886,0.9699150537830219,t_seeds,0.8558365812748377,0.9224883780765062
group|fl|fedprox_0.01|non_iid_label_sub0.05|3|5|0.001|3,FedProx(mu=0.01) non_iid_label_sub0.05 [3N] {group},group,fl,fedprox_0.01,0.01,non_iid_label_sub0.05,3,3,5.0,0.001,selected_test_mcc,3,"123,42,456",0.7596731170935387,0.07653133601250876,0.11649900450589279,0.6347706266503559,0.8677686356621415,cluster_bootstrap_B1000,0.7053771359331042,0.8472032674084725
group|fl|fedprox_0.01|non_iid_label_sub0.05|3|5|0.001|3,FedProx(mu=0.01) non_iid_label_sub0.05 [3N] {group},group,fl,fedprox_0.01,0.01,non_iid_label_sub0.05,3,3,5.0,0.001,selected_test_n_examples,3,"123,42,456",7198.0,0.0,0.0,7198.0,7198.0,t_seeds,7198.0,7198.0
group|fl|fedprox_0.01|non_iid_label_sub0.05|3|5|0.001|3,FedProx(mu=0.01) non_iid_label_sub0.05 [3N] {group},group,fl,fedprox_0.01,0.01,non_iid_label_sub0.05,3,3,5.0,0.001,selected_test_precision,3,"123,42,456",0.9686337406911817,0.01563253412172958,0.03197160768742058,0.9294505277682878,0.993393743143129,cluster_bootstrap_B1000,0.9507938557209664,0.9799369584969683
group|fl|fedprox_0.01|non_iid_label_sub0.05|3|5|0.001|3,FedProx(mu=0.01) non_iid_label_sub0.05 [3N] {group},group,fl,fedprox_0.01,0.01,non_iid_label_sub0.05,3,3,5.0,0.001,selected_test_recall,3,"123,42,456",0.8172674701851502,0.062105300457537996,0.11140595226087813,0.7045724614928158,0.9273843660145721,cluster_bootstrap_B1000,0.7633495755837507,0.8851741137120768
group|fl|fedprox_0.01|non_iid_label_sub0.05|3|5|0.001|3,FedProx(mu=0.01) non_iid_label_sub0.05 [3N] {group},group,fl,fedprox_0.01,0.01,non_iid_label_sub0.05,3,3,5.0,0.001,selected_test_roc_auc,3,"123,42,456",0.9607626708372896,0.019820576315046416,0.03814397312378598,0.9130975457746683,0.9893854920222402,cluster_bootstrap_B1000,0.9378781253604294,0.9724849957114354
group|fl|fedprox_0.01|non_iid_label_sub0.05|3|5|0.001|3,FedProx(mu=0.01) non_iid_label_sub0.05 [3N] {group},group,fl,fedprox_0.01,0.01,non_iid_label_sub0.05,3,3,5.0,0.001,selected_test_specificity,3,"123,42,456",0.9548500791282603,0.04418800383244693,0.06549555288926023,0.8663623782249336,0.997353484003454,cluster_bootstrap_B1000,0.9083944412900524,0.9963531536537927
group|fl|fedprox_0.01|non_iid_label_sub0.05|3|5|0.001|3,FedProx(mu=0.01) non_iid_label_sub0.05 [3N] {group},group,fl,fedprox_0.01,0.01,non_iid_label_sub0.05,3,3,5.0,0.001,selected_test_tn,3,"123,42,456",2619.3333333333335,41.356176483487125,102.73443761643252,2516.598895716901,2722.067770949766,t_seeds,2574.0,2655.0
group|fl|fedprox_0.01|non_iid_label_sub0.05|3|5|0.001|3,FedProx(mu=0.01) non_iid_label_sub0.05 [3N] {group},group,fl,fedprox_0.01,0.01,non_iid_label_sub0.05,3,3,5.0,0.001,selected_test_tp,3,"123,42,456",4050.3333333333335,254.77506419061763,632.8963449695243,3417.436988363809,4683.229678302858,t_seeds,3773.0,4274.0
group|fl|fedprox_0.01|non_iid_label_sub0.05|3|5|0.001|3,FedProx(mu=0.01) non_iid_label_sub0.05 [3N] {group},group,fl,fedprox_0.01,0.01,non_iid_label_sub0.05,3,3,5.0,0.001,selected_val_loss,3,"123,42,456",0.17630799705193992,0.05727423635684978,0.14227709044575237,0.034030906606187544,0.3185850874976923,t_seeds,0.11390437525411148,0.22647501662741465
group|fl|fedprox_0.01|non_iid_label_sub0.05|3|5|0.001|3,FedProx(mu=0.01) non_iid_label_sub0.05 [3N] {group},group,fl,fedprox_0.01,0.01,non_iid_label_sub0.05,3,3,5.0,0.001,total_time_s,3,"123,42,456",397.3033333333333,5.0591040049927045,12.567511046469509,384.73582228686377,409.8708443798028,t_seeds,391.75,401.65
group_final_epoch|local|local_only|non_iid_label_sub0.05|3|15||3,Local-only non_iid_label_sub0.05 {group_final_epoch},group_final_epoch,local,local_only,,non_iid_label_sub0.05,3,3,15.0,,final_accuracy,3,"123,42,456",0.9038926666666667,0.07946450249220294,0.19740076738635942,0.7064918992803073,1.101293434053026,t_seeds,0.812135,0.949843
group_final_epoch|local|local_only|non_iid_label_sub0.05|3|15||3,Local-only non_iid_label_sub0.05 {group_final_epoch},group_final_epoch,local,local_only,,non_iid_label_sub0.05,3,3,15.0,,final_balanced_accuracy,3,"123,42,456",0.8531612222222223,0.03830347046407921,0.0951510954707341,0.7580101267514883,0.9483123176929564,t_seeds,0.8090226666666668,0.8776793333333334
group_final_epoch|local|local_only|non_iid_label_sub0.05|3|15||3,Local-only non_iid_label_sub0.05 {group_final_epoch},group_final_epoch,local,local_only,,non_iid_label_sub0.05,3,3,15.0,,final_cumulative_mb,3,"123,42,456",0.0,0.0,0.0,0.0,0.0,t_seeds,0.0,0.0
group_final_epoch|local|local_only|non_iid_label_sub0.05|3|15||3,Local-only non_iid_label_sub0.05 {group_final_epoch},group_final_epoch,local,local_only,,non_iid_label_sub0.05,3,3,15.0,,final_elapsed_s,3,"123,42,456",105.14444444444445,15.550538873597233,38.62968005394238,66.51476439050207,143.7741244983868,t_seeds,96.03333333333335,123.09999999999998
group_final_epoch|local|local_only|non_iid_label_sub0.05|3|15||3,Local-only non_iid_label_sub0.05 {group_final_epoch},group_final_epoch,local,local_only,,non_iid_label_sub0.05,3,3,15.0,,final_f1,3,"123,42,456",0.8998051111111112,0.05609088844835607,0.13933749128014228,0.7604676198309689,1.0391426023912533,t_seeds,0.835229,0.9364096666666667
group_final_epoch|local|local_only|non_iid_label_sub0.05|3|15||3,Local-only non_iid_label_sub0.05 {group_final_epoch},group_final_epoch,local,local_only,,non_iid_label_sub0.05,3,3,15.0,,final_fn,3,"123,42,456",522.0,575.9088469540992,1430.6368852493272,-908.6368852493272,1952.6368852493272,t_seeds,188.0,1187.0
group_final_epoch|local|local_only|non_iid_label_sub0.05|3|15||3,Local-only non_iid_label_sub0.05 {group_final_epoch},group_final_epoch,local,local_only,,non_iid_label_sub0.05,3,3,15.0,,final_fp,3,"123,42,456",169.66666666666666,4.163331998932266,10.342290025084527,159.32437664158212,180.0089566917512,t_seeds,165.0,173.0
group_final_epoch|local|local_only|non_iid_label_sub0.05|3|15||3,Local-only non_iid_label_sub0.05 {group_final_epoch},group_final_epoch,local,local_only,,non_iid_label_sub0.05,3,3,15.0,,final_loss,3,"123,42,456",0.5494979999999999,0.18118755810332135,0.4500948459844147,0.09940315401558525,0.9995928459844146,t_seeds,0.340281,0.6544476666666666
group_final_epoch|local|local_only|non_iid_label_sub0.05|3|15||3,Local-only non_iid_label_sub0.05 {group_final_epoch},group_final_epoch,local,local_only,,non_iid_label_sub0.05,3,3,15.0,,final_macro_f1,3,"123,42,456",0.8419364444444444,0.08480710773496734,0.2106725345489055,0.6312639098955388,1.05260897899335,t_seeds,0.7440146666666667,0.8917573333333332
group_final_epoch|local|local_only|non_iid_label_sub0.05|3|15||3,Local-only non_iid_label_sub0.05 {group_final_epoch},group_final_epoch,local,local_only,,non_iid_label_sub0.05,3,3,15.0,,final_macro_precision,3,"123,42,456",0.8594773333333333,0.09501738460115842,0.23603626835962274,0.6234410649737105,1.095513601692956,t_seeds,0.7501199999999999,0.9218393333333333
group_final_epoch|local|local_only|non_iid_label_sub0.05|3|15||3,Local-only non_iid_label_sub0.05 {group_final_epoch},group_final_epoch,local,local_only,,non_iid_label_sub0.05,3,3,15.0,,final_macro_recall,3,"123,42,456",0.8531612222222223,0.03830347046407921,0.0951510954707341,0.7580101267514883,0.9483123176929564,t_seeds,0.8090226666666668,0.8776793333333334
group_final_epoch|local|local_only|non_iid_label_sub0.05|3|15||3,Local-only non_iid_label_sub0.05 {group_final_epoch},group_final_epoch,local,local_only,,non_iid_label_sub0.05,3,3,15.0,,final_macro_specificity,3,"123,42,456",0.8531612222222223,0.03830347046407921,0.0951510954707341,0.7580101267514883,0.9483123176929564,t_seeds,0.8090226666666668,0.8776793333333334
group_final_epoch|local|local_only|non_iid_label_sub0.05|3|15||3,Local-only non_iid_label_sub0.05 {group_final_epoch},group_final_epoch,local,local_only,,non_iid_label_sub0.05,3,3,15.0,,final_mcc,3,"123,42,456",0.707396,0.13750407876657494,0.3415790675835367,0.36581693241646335,1.0489750675835368,t_seeds,0.548685,0.7906866666666666
group_final_epoch|local|local_only|non_iid_label_sub0.05|3|15||3,Local-only non_iid_label_sub0.05 {group_final_epoch},group_final_epoch,local,local_only,,non_iid_label_sub0.05,3,3,15.0,,final_n_examples,3,"123,42,456",7198.0,0.0,0.0,7198.0,7198.0,t_seeds,7198.0,7198.0
group_final_epoch|local|local_only|non_iid_label_sub0.05|3|15||3,Local-only non_iid_label_sub0.05 {group_final_epoch},group_final_epoch,local,local_only,,non_iid_label_sub0.05,3,3,15.0,,final_precision,3,"123,42,456",0.9475463333333334,0.007646262798111085,0.01899436977074135,0.9285519635625921,0.9665407031040747,t_seeds,0.9389973333333334,0.9537316666666666
group_final_epoch|local|local_only|non_iid_label_sub0.05|3|15||3,Local-only non_iid_label_sub0.05 {group_final_epoch},group_final_epoch,local,local_only,,non_iid_label_sub0.05,3,3,15.0,,final_recall,3,"123,42,456",0.8620213333333333,0.09341507686307025,0.23205591528160854,0.6299654180517248,1.094077248614942,t_seeds,0.75436,0.9216099999999999
group_final_epoch|local|local_only|non_iid_label_sub0.05|3|15||3,Local-only non_iid_label_sub0.05 {group_final_epoch},group_final_epoch,local,local_only,,non_iid_label_sub0.05,3,3,15.0,,final_roc_auc,3,"123,42,456",0.9264694444444445,0.01682507744850371,0.041795809392948094,0.8846736350514963,0.9682652538373926,t_seeds,0.914019,0.9456106666666667
group_final_epoch|local|local_only|non_iid_label_sub0.05|3|15||3,Local-only non_iid_label_sub0.05 {group_final_epoch},group_final_epoch,local,local_only,,non_iid_label_sub0.05,3,3,15.0,,final_specificity,3,"123,42,456",0.8443009999999999,0.016808788187532488,0.04175534462547293,0.8025456553745269,0.8860563446254728,t_seeds,0.8337486666666667,0.8636846666666665
group_final_epoch|local|local_only|non_iid_label_sub0.05|3|15||3,Local-only non_iid_label_sub0.05 {group_final_epoch},group_final_epoch,local,local_only,,non_iid_label_sub0.05,3,3,15.0,,final_tn,3,"123,42,456",2506.3333333333335,4.163331998932266,10.342290025084527,2495.991043308249,2516.675623358418,t_seeds,2503.0,2511.0
group_final_epoch|local|local_only|non_iid_label_sub0.05|3|15||3,Local-only non_iid_label_sub0.05 {group_final_epoch},group_final_epoch,local,local_only,,non_iid_label_sub0.05,3,3,15.0,,final_tp,3,"123,42,456",4000.0,575.9088469540992,1430.6368852493272,2569.363114750673,5430.636885249327,t_seeds,3335.0,4334.0
group_final_epoch|local|local_only|non_iid_label_sub0.05|3|15||3,Local-only non_iid_label_sub0.05 {group_final_epoch},group_final_epoch,local,local_only,,non_iid_label_sub0.05,3,3,15.0,,round1_accuracy,3,"123,42,456",0.9103568888888889,0.009790884038699406,0.024321904271907575,0.8860349846169813,0.9346787931607965,t_seeds,0.899293,0.9179023333333333
group_final_epoch|local|local_only|non_iid_label_sub0.05|3|15||3,Local-only non_iid_label_sub0.05 {group_final_epoch},group_final_epoch,local,local_only,,non_iid_label_sub0.05,3,3,15.0,,total_time_s,3,"123,42,456",357.73333333333335,53.06075228766865,131.8102157716403,225.92311756169306,489.54354910497364,t_seeds,326.61,419.0
group|local|local_only|non_iid_label_sub0.05|3|15||3,Local-only non_iid_label_sub0.05 {group},group,local,local_only,,non_iid_label_sub0.05,3,3,15.0,,final_cumulative_mb,3,"123,42,456",0.0,0.0,0.0,0.0,0.0,t_seeds,0.0,0.0
group|local|local_only|non_iid_label_sub0.05|3|15||3,Local-only non_iid_label_sub0.05 {group},group,local,local_only,,non_iid_label_sub0.05,3,3,15.0,,round1_accuracy,3,"123,42,456",0.9103568888888889,0.009790884038699406,0.024321904271907575,0.8860349846169813,0.9346787931607965,t_seeds,0.899293,0.9179023333333333
group|local|local_only|non_iid_label_sub0.05|3|15||3,Local-only non_iid_label_sub0.05 {group},group,local,local_only,,non_iid_label_sub0.05,3,3,15.0,,selected_test_accuracy,3,"123,42,456",0.9481303333333333,0.0055666394111107634,0.03424412015372247,0.8899979560438771,0.958486196351322,cluster_bootstrap_B1000,0.9417876666666668,0.9522046666666665
group|local|local_only|non_iid_label_sub0.05|3|15||3,Local-only non_iid_label_sub0.05 {group},group,local,local_only,,non_iid_label_sub0.05,3,3,15.0,,selected_test_balanced_accuracy,3,"123,42,456",0.8815026666666667,0.00480779703537213,0.03759399927110463,0.8272061822283475,0.9023941807705568,cluster_bootstrap_B1000,0.875966,0.8846229999999999
group|local|local_only|non_iid_label_sub0.05|3|15||3,Local-only non_iid_label_sub0.05 {group},group,local,local_only,,non_iid_label_sub0.05,3,3,15.0,,selected_test_clean_accuracy,3,"123,42,456",0.9478222191911837,0.005478301182797443,0.03615085855687927,0.8867720843160884,0.959073801429847,cluster_bootstrap_B1000,0.9415846304242459,0.9518526871074311
group|local|local_only|non_iid_label_sub0.05|3|15||3,Local-only non_iid_label_sub0.05 {group},group,local,local_only,,non_iid_label_sub0.05,3,3,15.0,,selected_test_clean_balanced_accuracy,3,"123,42,456",0.8804363915684741,0.004966764228975584,0.03585820262289713,0.8285333846308793,0.9002497898766736,cluster_bootstrap_B1000,0.8747034360388678,0.8834394803793129
group|local|local_only|non_iid_label_sub0.05|3|15||3,Local-only non_iid_label_sub0.05 {group},group,local,local_only,,non_iid_label_sub0.05,3,3,15.0,,selected_test_clean_f1,3,"123,42,456",0.9335511880380366,0.004082284457803393,0.0433602358146743,0.8580928257001846,0.9448132973295332,cluster_bootstrap_B1000,0.930143635868593,0.9380756887732362
group|local|local_only|non_iid_label_sub0.05|3|15||3,Local-only non_iid_label_sub0.05 {group},group,local,local_only,,non_iid_label_sub0.05,3,3,15.0,,selected_test_clean_loss,3,"123,42,456",0.3026892585926329,0.03402268708523881,0.3675351030942292,0.17613098385045403,0.9112011900389124,cluster_bootstrap_B1000,0.2759760379541168,0.34099273482403597
group|local|local_only|non_iid_label_sub0.05|3|15||3,Local-only non_iid_label_sub0.05 {group},group,local,local_only,,non_iid_label_sub0.05,3,3,15.0,,selected_test_clean_macro_f1,3,"123,42,456",0.890046008733851,0.005718711035190234,0.040097942484365934,0.8231976611343069,0.9033935461030388,cluster_bootstrap_B1000,0.884158370011915,0.8955793142627636
group|local|local_only|non_iid_label_sub0.05|3|15||3,Local-only non_iid_label_sub0.05 {group},group,local,local_only,,non_iid_label_sub0.05,3,3,15.0,,selected_test_clean_mcc,3,"123,42,456",0.7885550014403439,0.01139044174187649,0.07004607294580095,0.674039647284313,0.8141317931759149,cluster_bootstrap_B1000,0.7764638679371663,0.799083372117082
group|local|local_only|non_iid_label_sub0.05|3|15||3,Local-only non_iid_label_sub0.05 {group},group,local,local_only,,non_iid_label_sub0.05,3,3,15.0,,selected_test_clean_precision,3,"123,42,456",0.9419412488166036,0.00995009716831773,0.04951640607822971,0.8641444998679889,0.9631773120244483,cluster_bootstrap_B1000,0.9309438762374356,0.950320522012564
group|local|local_only|non_iid_label_sub0.05|3|15||3,Local-only non_iid_label_sub0.05 {group},group,local,local_only,,non_iid_label_sub0.05,3,3,15.0,,selected_test_clean_recall,3,"123,42,456",0.9265486427995252,0.008155114097802924,0.045958168996779514,0.8562739078820315,0.9481902458755905,cluster_bootstrap_B1000,0.9181109480444363,0.9343882451208821
group|local|local_only|non_iid_label_sub0.05|3|15||3,Local-only non_iid_label_sub0.05 {group},group,local,local_only,,non_iid_label_sub0.05,3,3,15.0,,selected_test_clean_roc_auc,3,"123,42,456",0.9389943158442949,0.02412784089906295,0.04901755869859348,0.8822554191710028,0.9802905365681898,cluster_bootstrap_B1000,0.9160247056993698,0.9641338074306658
group|local|local_only|non_iid_label_sub0.05|3|15||3,Local-only non_iid_label_sub0.05 {group},group,local,local_only,,non_iid_label_sub0.05,3,3,15.0,,selected_test_clean_specificity,3,"123,42,456",0.8343241403374227,0.004252475359353305,0.055438866629136385,0.7638157059727524,0.8746934392310252,cluster_bootstrap_B1000,0.8312959240332991,0.8391857813412259
group|local|local_only|non_iid_label_sub0.05|3|15||3,Local-only non_iid_label_sub0.05 {group},group,local,local_only,,non_iid_label_sub0.05,3,3,15.0,,selected_test_f1,3,"123,42,456",0.933941888888889,0.003810104829898389,0.04617406892397474,0.8531273342066598,0.9454754720546092,cluster_bootstrap_B1000,0.9307176666666667,0.9381463333333334
group|local|local_only|non_iid_label_sub0.05|3|15||3,Local-only non_iid_label_sub0.05 {group},group,local,local_only,,non_iid_label_sub0.05,3,3,15.0,,selected_test_fn,3,"123,42,456",190.66666666666666,51.50080905513362,127.9351019595103,62.73156470715635,318.601768626177,t_seeds,146.0,247.0
group|local|local_only|non_iid_label_sub0.05|3|15||3,Local-only non_iid_label_sub0.05 {group},group,local,local_only,,non_iid_label_sub0.05,3,3,15.0,,selected_test_fp,3,"123,42,456",182.66666666666666,13.613718571108091,33.818351699645426,148.84831496702122,216.4850183663121,t_seeds,172.0,198.0
group|local|local_only|non_iid_label_sub0.05|3|15||3,Local-only non_iid_label_sub0.05 {group},group,local,local_only,,non_iid_label_sub0.05,3,3,15.0,,selected_test_loss,3,"123,42,456",0.3011253333333333,0.03384499621805268,0.32507329887480335,0.18426310004993018,0.8344096977995369,cluster_bootstrap_B1000,0.27451733333333334,0.33921833333333334
group|local|local_only|non_iid_label_sub0.05|3|15||3,Local-only non_iid_label_sub0.05 {group},group,local,local_only,,non_iid_label_sub0.05,3,3,15.0,,selected_test_macro_f1,3,"123,42,456",0.8909893333333333,0.005961638039256535,0.04031379755548942,0.8245902831724694,0.9052178782834482,cluster_bootstrap_B1000,0.8847733333333334,0.896659
group|local|local_only|non_iid_label_sub0.05|3|15||3,Local-only non_iid_label_sub0.05 {group},group,local,local_only,,non_iid_label_sub0.05,3,3,15.0,,selected_test_macro_precision,3,"123,42,456",0.9133653333333333,0.01388772844396572,0.034499029958202976,0.8788663033751303,0.9478643632915362,t_seeds,0.8973306666666666,0.9215726666666667
group|local|local_only|non_iid_label_sub0.05|3|15||3,Local-only non_iid_label_sub0.05 {group},group,local,local_only,,non_iid_label_sub0.05,3,3,15.0,,selected_test_macro_recall,3,"123,42,456",0.8815026666666667,0.00480779703537213,0.011943229926009344,0.8695594367406573,0.893445896592676,t_seeds,0.875966,0.8846229999999999
group|local|local_only|non_iid_label_sub0.05|3|15||3,Local-only non_iid_label_sub0.05 {group},group,local,local_only,,non_iid_label_sub0.05,3,3,15.0,,selected_test_macro_specificity,3,"123,42,456",0.8815026666666667,0.00480779703537213,0.011943229926009344,0.8695594367406573,0.893445896592676,t_seeds,0.875966,0.8846229999999999
group|local|local_only|non_iid_label_sub0.05|3|15||3,Local-only non_iid_label_sub0.05 {group},group,local,local_only,,non_iid_label_sub0.05,3,3,15.0,,selected_test_mcc,3,"123,42,456",0.7903212222222221,0.011839333475671154,0.0727879056986852,0.6724908266768718,0.8180666380742422,cluster_bootstrap_B1000,0.777647,0.8010959999999999
group|local|local_only|non_iid_label_sub0.05|3|15||3,Local-only non_iid_label_sub0.05 {group},group,local,local_only,,non_iid_label_sub0.05,3,3,15.0,,selected_test_n_examples,3,"123,42,456",7198.0,0.0,0.0,7198.0,7198.0,t_seeds,7198.0,7198.0
group|local|local_only|non_iid_label_sub0.05|3|15||3,Local-only non_iid_label_sub0.05 {group},group,local,local_only,,non_iid_label_sub0.05,3,3,15.0,,selected_test_precision,3,"123,42,456",0.9423234444444444,0.00985507215337102,0.0472140120109511,0.8684646686637948,0.962892692685697,cluster_bootstrap_B1000,0.9314209999999999,0.9505986666666667
group|local|local_only|non_iid_label_sub0.05|3|15||3,Local-only non_iid_label_sub0.05 {group},group,local,local_only,,non_iid_label_sub0.05,3,3,15.0,,selected_test_recall,3,"123,42,456",0.9269368888888888,0.00806496260467548,0.05289463184913873,0.8420478971016319,0.9478371607999093,cluster_bootstrap_B1000,0.9188323333333334,0.9349616666666666
group|local|local_only|non_iid_label_sub0.05|3|15||3,Local-only non_iid_label_sub0.05 {group},group,local,local_only,,non_iid_label_sub0.05,3,3,15.0,,selected_test_roc_auc,3,"123,42,456",0.9396626666666666,0.023733304379663908,0.050325059171212605,0.8770212599085434,0.9776713782509686,cluster_bootstrap_B1000,0.9170843333333334,0.9644029999999999
group|local|local_only|non_iid_label_sub0.05|3|15||3,Local-only non_iid_label_sub0.05 {group},group,local,local_only,,non_iid_label_sub0.05,3,3,15.0,,selected_test_specificity,3,"123,42,456",0.8360683333333333,0.0041586431681499255,0.05709932715582422,0.7631187392910517,0.8773173936027001,cluster_bootstrap_B1000,0.8330993333333333,0.8408213333333333
group|local|local_only|non_iid_label_sub0.05|3|15||3,Local-only non_iid_label_sub0.05 {group},group,local,local_only,,non_iid_label_sub0.05,3,3,15.0,,selected_test_tn,3,"123,42,456",2493.3333333333335,13.613718571108091,33.818351699645426,2459.514981633688,2527.151685032979,t_seeds,2478.0,2504.0
group|local|local_only|non_iid_label_sub0.05|3|15||3,Local-only non_iid_label_sub0.05 {group},group,local,local_only,,non_iid_label_sub0.05,3,3,15.0,,selected_test_tp,3,"123,42,456",4331.333333333333,51.50080905513362,127.9351019595103,4203.3982313738225,4459.268435292844,t_seeds,4275.0,4376.0
group|local|local_only|non_iid_label_sub0.05|3|15||3,Local-only non_iid_label_sub0.05 {group},group,local,local_only,,non_iid_label_sub0.05,3,3,15.0,,total_time_s,3,"123,42,456",896.1200000000002,280.6272718393564,697.1167889217567,199.00321107824357,1593.236788921757,t_seeds,572.09,1060.39
